sample_id,s2_lp1,s2_lp2,s2_lp3,s2_lp4,s2_lp5,gt_score,parsed_score
0,-15.627516746520996,-14.025954246520996,-6.143141269683838,-0.0025164387188851833,-7.924391269683838,3.0,4
1,-16.019065856933594,-10.776877403259277,-0.33937764167785645,-1.2456276416778564,-13.386252403259277,2.0,3
2,-15.354564666748047,-15.776439666748047,-11.307689666748047,-0.7998768091201782,-0.5967518091201782,4.0,5
3,-0.034760456532239914,-3.3785104751586914,-9.753510475158691,-12.753510475158691,-13.737885475158691,2.0,1
4,-15.679719924926758,-15.507844924926758,-9.054719924926758,-0.007844948209822178,-4.867219924926758,3.0,4
5,-16.349563598632812,-9.974563598632812,-0.13862651586532593,-2.0448765754699707,-13.763626098632812,4.0,3
6,-15.943437576293945,-16.818437576293945,-12.029375076293945,-0.005938031245023012,-5.1309380531311035,5.0,4
7,-8.07945442199707,-0.0013298486592248082,-6.8919548988342285,-13.18101692199707,-16.54820442199707,3.0,2
8,-5.3969855308532715,-0.0063604069873690605,-6.3188605308532715,-12.365735054016113,-15.639172554016113,2.0,2
9,-15.87192440032959,-11.55161190032959,-0.8797370791435242,-0.5359870791435242,-12.92661190032959,1.0,4
10,-17.297386169433594,-17.328636169433594,-11.172386169433594,-0.00051115796668455,-7.609886169433594,5.0,4
11,-18.375085830688477,-17.242273330688477,-9.65633487701416,-8.511180931236595e-05,-10.85945987701416,1.0,4
12,-15.46466064453125,-5.691222667694092,-0.0037227629218250513,-7.988097667694092,-15.73028564453125,4.0,3
13,-12.01151180267334,-0.027137169614434242,-3.620887279510498,-12.21463680267334,-16.222450256347656,4.0,2
14,-16.574678421020508,-10.691865921020508,-0.004366150591522455,-5.441865921020508,-14.613740921020508,4.0,3
15,-15.019920349121094,-10.121482849121094,-1.4417955875396729,-0.2699205279350281,-11.637107849121094,5.0,4
16,-10.357929229736328,-0.24855418503284454,-1.5141792297363281,-9.936054229736328,-15.264179229736328,3.0,2
17,-16.00455093383789,-16.39517593383789,-11.29361343383789,-0.027988724410533905,-3.5904886722564697,4.0,4
18,-13.566670417785645,-14.433857917785645,-10.879170417785645,-2.0041699409484863,-0.1447950005531311,3.0,5
19,-15.181709289550781,-14.908271789550781,-9.650459289550781,-0.377021849155426,-1.1582717895507812,3.0,4
20,-17.28645133972168,-12.56770133972168,-1.6380137205123901,-0.21613875031471252,-13.47395133972168,4.0,4
21,-17.92583465576172,-16.34770965576172,-5.535210609436035,-0.0039603859186172485,-12.207085609436035,4.0,4
22,-15.390483856201172,-16.445171356201172,-11.992046356201172,-0.9451713562011719,-0.4920463562011719,5.0,5
23,-17.058025360107422,-14.479899406433105,-5.7064619064331055,-0.0033369355369359255,-12.964274406433105,3.0,4
24,-17.24305534362793,-15.48524284362793,-7.6102423667907715,-0.00086758635006845,-7.9071173667907715,3.0,4
25,-16.382905960083008,-17.132905960083008,-11.375093460083008,-0.12509319186210632,-2.1407182216644287,4.0,4
26,-14.65670394897461,-15.39107894897461,-11.20357894897461,-1.6254534721374512,-0.21920351684093475,5.0,5
27,-0.000500196241773665,-7.609875202178955,-12.844249725341797,-15.289562225341797,-15.258312225341797,4.0,1
28,-16.552120208740234,-13.37243366241455,-1.5755583047866821,-0.23180827498435974,-12.32555866241455,3.0,4
29,-16.12468910217285,-16.68718910217285,-11.405939102172852,-0.007501883432269096,-4.89812707901001,5.0,4
30,-15.847033500671387,-15.393908500671387,-9.175158500671387,-0.0032838250044733286,-5.753283977508545,4.0,4
31,-17.165502548217773,-17.165502548217773,-10.50144100189209,-0.001440797932446003,-6.56394100189209,4.0,4
32,-13.675117492675781,-2.3079299926757812,-0.10480508208274841,-10.401679992675781,-15.503242492675781,4.0,3
33,-16.203821182250977,-17.078821182250977,-11.985071182250977,-0.07100876420736313,-2.6803836822509766,5.0,4
34,-17.349464416503906,-11.911965370178223,-0.013527864590287209,-4.310402870178223,-14.615090370178223,4.0,3
35,-16.70747947692871,-17.23091697692871,-11.504354476928711,-0.09029203653335571,-2.449666976928711,4.0,4
36,-16.74308967590332,-9.12590217590332,-0.000902007392141968,-7.14152717590332,-15.50871467590332,4.0,3
37,-16.98888397216797,-18.19982147216797,-13.012321472167969,-0.012321896851062775,-4.402946949005127,5.0,4
38,-17.008676528930664,-16.875864028930664,-9.743050575256348,-0.008675740100443363,-4.758675575256348,3.0,4
39,-16.305496215820312,-7.2351837158203125,-0.0008085080771706998,-9.360183715820312,-15.828933715820312,4.0,3
40,-15.023327827453613,-16.24989128112793,-11.796765327453613,-0.5623906850814819,-0.8436406850814819,3.0,4
41,-15.529208183288574,-16.84170913696289,-12.662020683288574,-2.0448334217071533,-0.13858333230018616,4.0,5
42,-17.633119583129883,-17.297182083129883,-10.250306129455566,-0.00030632095877081156,-8.219056129455566,4.0,4
43,-14.047674179077148,-3.2429866790771484,-0.03986167907714844,-10.500799179077148,-15.938299179077148,3.0,3
44,-16.334375381469727,-12.279688835144043,-2.6078133583068848,-0.07656341791152954,-12.982813835144043,3.0,4
45,-15.162677764892578,-16.131427764892578,-11.545490264892578,-0.7329906225204468,-0.6548656225204468,4.0,5
46,-16.840641021728516,-7.379704475402832,-0.004704359918832779,-5.504704475402832,-15.160954475402832,3.0,3
47,-16.453611373901367,-15.531736373901367,-7.953610897064209,-0.00048601735034026206,-8.937986373901367,2.0,4
48,-16.11037254333496,-8.157247543334961,-0.0009978797752410173,-7.250998020172119,-15.235372543334961,2.0,3
49,-17.0147647857666,-15.952265739440918,-7.991328239440918,-0.006953090894967318,-5.022578239440918,3.0,4
50,-17.492605209350586,-14.38322925567627,-4.805104732513428,-0.008229630999267101,-12.10979175567627,3.0,4
51,-9.89699649810791,-0.006371896713972092,-5.068871974945068,-11.45949649810791,-15.49855899810791,2.0,2
52,-15.401755332946777,-7.143942356109619,-0.01894252933561802,-4.018942356109619,-14.104880332946777,3.0,3
53,-15.821981430053711,-15.361043930053711,-7.876669406890869,-0.0016692051431164145,-6.657919406890869,3.0,4
54,-10.173548698425293,-8.986048698425293,-5.111049175262451,-1.720423936843872,-0.20479899644851685,3.0,5
55,-15.813962936401367,-6.813962936401367,-0.0014627005439251661,-7.923337936401367,-15.274900436401367,3.0,3
56,-12.279146194458008,-0.09164637327194214,-2.435396432876587,-13.068208694458008,-16.482271194458008,4.0,2
57,-13.86530876159668,-14.72468376159668,-11.32624626159668,-4.29499626159668,-0.013746238313615322,4.0,5
58,-13.229999542236328,-0.5424991846084595,-0.8706241846084595,-11.261249542236328,-16.604999542236328,5.0,2
59,-17.697568893432617,-14.752256393432617,-4.033505916595459,-0.01788102649152279,-12.252256393432617,4.0,4
60,-11.512925464970229,-11.512925464970229,-11.512925464970229,-11.512925464970229,-11.512925464970229,3.0,-1
61,-16.108139038085938,-17.139389038085938,-12.115950584411621,-0.022200746461749077,-3.8190758228302,4.0,4
62,-15.416006088256836,-16.361318588256836,-11.634756088256836,-0.25194358825683594,-1.501943588256836,4.0,4
63,-12.110357284545898,-1.3134818077087402,-0.3134818375110626,-8.454107284545898,-15.641607284545898,4.0,3
64,-16.440488815307617,-8.0811128616333,-0.0029879233334213495,-5.924862861633301,-15.1123628616333,4.0,3
65,-14.957240104675293,-13.675990104675293,-5.832240104675293,-0.01974019780755043,-4.097865104675293,5.0,4
66,-14.663443565368652,-15.210318565368652,-10.210318565368652,-0.6400061845779419,-0.7493811845779419,2.0,4
67,-17.642789840698242,-15.642789840698242,-6.1427903175354,-0.0021652367431670427,-11.392789840698242,4.0,4
68,-17.175010681152344,-14.93282413482666,-5.76876163482666,-0.0031364792957901955,-12.34688663482666,3.0,4
69,-13.445242881774902,-4.390554904937744,-0.015555125661194324,-5.796804904937744,-14.867117881774902,4.0,3
70,-15.868819236755371,-16.517255783081055,-11.407881736755371,-0.4860064685344696,-0.954756498336792,4.0,4
71,-14.828143119812012,-4.0234551429748535,-0.02345530316233635,-5.2422051429748535,-15.242205619812012,5.0,3
72,-13.809142112731934,-14.418517112731934,-9.879454612731934,-1.3247672319412231,-0.30914220213890076,4.0,5
73,-14.869159698486328,-15.658222198486328,-11.197284698486328,-1.1582223176956177,-0.3769722878932953,4.0,5
74,-15.300859451293945,-15.964921951293945,-11.378984451293945,-1.5508593320846558,-0.23835933208465576,3.0,5
75,-16.407974243164062,-16.009536743164062,-9.478286743164062,-0.00953689869493246,-4.6657867431640625,4.0,4
76,-14.000081062316895,-12.773518562316895,-11.226643562316895,-8.11782301752828e-05,-9.843831062316895,4.0,4
77,-16.43279457092285,-17.12810707092285,-11.635919570922852,-0.018732424825429916,-3.9874823093414307,5.0,4
78,-16.752532958984375,-17.213470458984375,-11.940033912658691,-0.018158741295337677,-4.018158912658691,4.0,4
79,-16.306156158447266,-12.212406158447266,-0.46240589022636414,-0.9936559200286865,-13.688968658447266,4.0,3
80,-17.093996047973633,-16.078371047973633,-8.343996047973633,-0.00024589852546341717,-12.109621047973633,3.0,4
81,-16.586519241333008,-16.555269241333008,-10.078705787658691,-0.0005808573332615197,-7.531830787658691,5.0,4
82,-15.548311233520508,-6.860811233520508,-0.0014360364293679595,-7.860811233520508,-15.438936233520508,3.0,3
83,-15.798799514770508,-15.634737014770508,-8.962862014770508,-0.009737374261021614,-4.650362491607666,4.0,4
84,-10.496538162231445,-0.012163040228188038,-4.418413162231445,-11.941850662231445,-15.840288162231445,4.0,2
85,-14.237773895263672,-15.292461395263672,-11.854961395263672,-3.9721486568450928,-0.019023705273866653,5.0,5
86,-17.916406631469727,-15.705469131469727,-6.064843654632568,-0.0023438858333975077,-11.119531631469727,4.0,4
87,-15.036467552185059,-5.270843029022217,-0.0052179815247654915,-9.661467552185059,-15.473967552185059,3.0,3
88,-17.368297576904297,-15.672985076904297,-6.891735076904297,-0.0011102947173640132,-9.313610076904297,3.0,4
89,-15.579251289367676,-16.001127243041992,-10.844876289367676,-0.40737634897232056,-1.0948762893676758,4.0,4
90,-17.4095401763916,-9.534540176391602,-0.05016530305147171,-3.0189154148101807,-15.042352676391602,3.0,3
91,-9.805061340332031,-0.05506103113293648,-2.930061101913452,-9.023811340332031,-14.101936340332031,1.0,2
92,-12.043771743774414,-11.410959243774414,-6.692208766937256,-2.239084005355835,-0.11408389359712601,1.0,5
93,-16.68762969970703,-16.07825469970703,-9.156380653381348,-0.00013028726971242577,-10.703255653381348,4.0,4
94,-17.195751190185547,-17.141063690185547,-11.36762523651123,-0.0004379982128739357,-7.766063213348389,4.0,4
95,-17.242427825927734,-16.539302825927734,-9.87524127960205,-0.00024125049822032452,-8.57836627960205,4.0,4
96,-15.583165168762207,-10.106602668762207,-1.301915168762207,-0.31754010915756226,-11.762852668762207,4.0,4
97,-14.39883041381836,-15.47695541381836,-11.74258041381836,-2.4925806522369385,-0.08633071929216385,5.0,5
98,-16.80374526977539,-14.764683723449707,-4.991246223449707,-0.006871166173368692,-9.975621223449707,4.0,4
99,-16.14457130432129,-12.519572257995605,-3.1680092811584473,-0.04300938919186592,-12.519572257995605,4.0,4
100,-16.867963790893555,-16.328901290893555,-9.485152244567871,-0.0007770617958158255,-7.266402244567871,4.0,4
101,-15.459912300109863,-15.608349800109863,-10.545849800109863,-0.33491209149360657,-1.2567870616912842,5.0,4
102,-15.852375984191895,-15.164875984191895,-8.828938484191895,-0.09456388652324677,-2.4070639610290527,4.0,4
103,-17.875932693481445,-16.227495193481445,-6.9853081703186035,-0.0009332115878351033,-12.282183647155762,3.0,4
104,-15.555477142333984,-7.344540119171143,-0.0007899263291619718,-8.860164642333984,-15.242977142333984,3.0,3
105,-16.613040924072266,-17.269290924072266,-12.25366497039795,-0.0036653971765190363,-5.613040447235107,5.0,4
106,-18.094711303710938,-16.180648803710938,-6.954085826873779,-0.0009608419495634735,-12.625961303710938,4.0,4
107,-15.31708812713623,-15.13740062713623,-9.43427562713623,-0.012400549836456776,-4.4030256271362305,3.0,4
108,-17.945402145385742,-17.882902145385742,-10.687589645385742,-8.987976616481319e-05,-9.640714645385742,4.0,4
109,-16.112924575805664,-16.495737075805664,-10.737924575805664,-0.09729966521263123,-2.378549575805664,5.0,4
110,-16.430885314941406,-15.751198768615723,-8.259011268615723,-0.009010841138660908,-4.7433857917785645,4.0,4
111,-15.867172241210938,-6.335922718048096,-0.00779763562604785,-5.117172718048096,-14.570297241210938,2.0,3
112,-16.229398727416992,-13.416897773742676,-4.557523250579834,-0.010648101568222046,-9.229397773742676,4.0,4
113,-16.650190353393555,-13.611127853393555,-4.064252853393555,-0.017377736046910286,-10.033002853393555,4.0,4
114,-6.424558639526367,-0.0026838495396077633,-6.862058639526367,-11.666746139526367,-14.877683639526367,3.0,2
115,-18.610212326049805,-16.821149826049805,-7.094587802886963,-0.0008378094644285738,-12.000838279724121,4.0,4
116,-3.0343399047851562,-0.04996494576334953,-7.378089904785156,-12.596839904785156,-15.229652404785156,3.0,2
117,-17.609575271606445,-16.617387771606445,-8.875200271606445,-0.0002004899288294837,-9.734575271606445,5.0,4
118,-9.964751243591309,-0.13662615418434143,-2.0585012435913086,-11.511626243591309,-16.511625289916992,4.0,2
119,-15.70374870300293,-13.13343620300293,-4.789686679840088,-0.008436516858637333,-9.41468620300293,3.0,4
120,-10.532928466796875,-1.4548033475875854,-0.26730331778526306,-6.829803466796875,-13.884490966796875,2.0,3
121,-13.180685043334961,-1.977560043334961,-0.14943499863147736,-7.836935043334961,-15.375997543334961,2.0,3
122,-17.797075271606445,-15.500201225280762,-2.9298884868621826,-0.054888397455215454,-13.156451225280762,3.0,4
123,-15.370027542114258,-14.276277542114258,-6.9559645652771,-0.034089673310518265,-3.4247145652770996,2.0,4
124,-16.711978912353516,-16.938541412353516,-10.735417366027832,-0.0010419422760605812,-6.891666889190674,4.0,4
125,-15.916433334350586,-16.619558334350586,-11.033620834350586,-0.06487122178077698,-2.767996311187744,4.0,4
126,-14.712496757507324,-15.009371757507324,-9.931246757507324,-1.2124969959259033,-0.3531220257282257,5.0,5
127,-14.812657356262207,-15.211094856262207,-10.453282356262207,-1.2345327138900757,-0.3439076840877533,3.0,5
128,-17.13323974609375,-17.00042724609375,-10.312928199768066,-0.00042775063775479794,-7.844177722930908,5.0,4
129,-10.650655746459961,-11.080343246459961,-8.713155746459961,-3.21315598487854,-0.04128098860383034,5.0,5
130,-15.324054718017578,-16.011554718017578,-10.597492218017578,-0.40218010544776917,-1.1053050756454468,5.0,4
131,-14.999849319458008,-6.726411819458008,-0.1014118641614914,-2.351411819458008,-13.952974319458008,4.0,3
132,-6.467963695526123,-0.06171368435025215,-2.842963695526123,-10.139838218688965,-15.124213218688965,4.0,2
133,-17.30474090576172,-16.53130340576172,-10.093803405761719,-5.364274329622276e-05,-11.570365905761719,4.0,4
134,-18.453224182128906,-17.562599182128906,-9.76572322845459,-9.83428253675811e-05,-10.15634822845459,4.0,4
135,-13.804871559143066,-3.2579965591430664,-0.0392465814948082,-10.976746559143066,-15.250184059143066,3.0,3
136,-17.148616790771484,-10.2658052444458,-0.0001802282058633864,-8.8439302444458,-15.7892427444458,4.0,3
137,-17.109607696533203,-16.133045196533203,-8.968982696533203,-0.0002324311062693596,-9.187732696533203,5.0,4
138,-17.295639038085938,-14.967514991760254,-4.248764991760254,-0.014389908872544765,-13.162827491760254,3.0,4
139,-16.939531326293945,-17.455156326293945,-11.962967872619629,-0.002030455507338047,-6.205155372619629,5.0,4
140,-15.306966781616211,-14.635091781616211,-7.564778804779053,-0.0022788289934396744,-6.346028804779053,4.0,4
141,-16.447717666625977,-17.385217666625977,-12.19771671295166,-0.033654529601335526,-3.4086544513702393,4.0,4
142,-16.8970890045166,-13.311151504516602,-2.3502142429351807,-0.10021434724330902,-13.068964004516602,4.0,4
143,-16.814443588256836,-9.53319263458252,-0.0019427727675065398,-6.2831926345825195,-16.126943588256836,5.0,3
144,-12.176041603088379,-1.136979579925537,-0.38697952032089233,-9.199479103088379,-15.668229103088379,3.0,3
145,-17.52379035949707,-17.41441535949707,-11.45347785949707,-0.00035315475543029606,-7.9847283363342285,4.0,4
146,-13.234981536865234,-11.820919036865234,-5.938106536865234,-0.14123177528381348,-2.0474817752838135,4.0,4
147,-11.512925464970229,-11.512925464970229,-11.512925464970229,-11.512925464970229,-11.512925464970229,3.0,-1
148,-11.779301643371582,-3.865239143371582,-0.021489165723323822,-8.146489143371582,-13.958989143371582,3.0,3
149,-14.706587791442871,-11.753462791442871,-2.753462314605713,-0.06596237421035767,-9.097212791442871,4.0,4
150,-14.751947402954102,-16.6347599029541,-13.306634902954102,-4.634759902954102,-0.009760040789842606,3.0,5
151,-14.117302894592285,-8.390740394592285,-0.8438653945922852,-0.5626153945922852,-12.367302894592285,4.0,4
152,-16.92300796508789,-10.477696418762207,-0.40738388895988464,-1.094883918762207,-13.735508918762207,3.0,3
153,-16.597042083740234,-13.72985553741455,-3.182980537414551,-0.042355433106422424,-12.67516803741455,4.0,4
154,-16.65641975402832,-11.468920707702637,-0.00798273179680109,-4.8361077308654785,-14.484545707702637,2.0,3
155,-10.703559875488281,-0.008247839286923409,-4.8051228523254395,-13.297309875488281,-16.53168487548828,3.0,2
156,-14.232715606689453,-14.685840606689453,-10.974903106689453,-4.279590129852295,-0.013965269550681114,1.0,5
157,-18.062606811523438,-17.046981811523438,-9.234481811523438,-0.00010668662434909493,-11.773544311523438,5.0,4
158,-15.858832359313965,-9.335394859313965,-0.05414528027176857,-2.944770336151123,-14.155707359313965,4.0,3
159,-18.625150680541992,-17.328275680541992,-8.859526634216309,-0.0001515035255579278,-11.781401634216309,4.0,4
160,-10.561962127685547,-0.030712123960256577,-3.499462127685547,-12.515087127685547,-16.554149627685547,4.0,2
161,-17.2203311920166,-15.525019645690918,-6.45470666885376,-0.00158184755127877,-12.368769645690918,5.0,4
162,-16.697433471679688,-9.611496925354004,-0.0021214615553617477,-6.189621448516846,-15.486496925354004,3.0,3
163,-18.35894203186035,-16.79644203186035,-4.91363000869751,-0.0073801265098154545,-12.343317985534668,3.0,4
164,-16.40509033203125,-16.33477783203125,-10.17852783203125,-0.006652944255620241,-5.02227783203125,5.0,4
165,-17.587739944458008,-15.618989944458008,-4.65023946762085,-0.009614472277462482,-11.978364944458008,5.0,4
166,-8.750749588012695,-0.0007500219508074224,-7.4382500648498535,-13.367937088012695,-16.321062088012695,5.0,2
167,-15.656630516052246,-14.641005516052246,-7.445693492889404,-0.008193333633244038,-4.883193492889404,4.0,4
168,-16.173683166503906,-14.673684120178223,-6.408059120178223,-0.0018090326339006424,-8.767434120178223,3.0,4
169,-14.67586612701416,-15.75399112701416,-12.26180362701416,-3.3633663654327393,-0.0352412648499012,4.0,5
170,-16.3990535736084,-15.977178573608398,-9.719366073608398,-0.0006162413046695292,-7.500616073608398,4.0,4
171,-0.1332523673772812,-2.3832523822784424,-3.8207523822784424,-5.180127143859863,-5.539502143859863,3.0,1
172,-16.018901824951172,-15.854840278625488,-9.651715278625488,-0.10484018921852112,-2.3079652786254883,3.0,4
173,-16.01429557800293,-13.233046531677246,-5.068983554840088,-0.006483590696007013,-8.693984031677246,5.0,4
174,-6.474382400512695,-0.005632482469081879,-5.505632400512695,-11.982194900512695,-15.357194900512695,3.0,2
175,-3.443854331970215,-1.9751043319702148,-0.30322936177253723,-2.850104331970215,-3.443854331970215,3.0,3
176,-16.347755432128906,-17.113380432128906,-11.832130432128906,-0.30088022351264954,-1.3477551937103271,4.0,4
177,-14.867197036743164,-10.117197036743164,-1.3593846559524536,-0.2968846559524536,-12.328134536743164,4.0,4
178,-13.699057579040527,-9.909995079040527,-0.027182994410395622,-3.6209330558776855,-12.730307579040527,5.0,3
179,-15.969380378723145,-8.781880378723145,-0.0006302992696873844,-7.6568803787231445,-15.024067878723145,3.0,3
180,-16.664356231689453,-8.922167778015137,-0.0002928543253801763,-8.750292778015137,-15.656542778015137,3.0,3
181,-15.23617172241211,-6.986171245574951,-0.0017963001737371087,-7.048671245574951,-15.04867172241211,3.0,3
182,-17.37286949157715,-10.747869491577148,-0.005682149436324835,-5.177556991577148,-14.997869491577148,5.0,3
183,-15.03746223449707,-9.01402473449707,-0.8890247941017151,-0.5296497941017151,-13.12339973449707,3.0,4
184,-13.404004096984863,-2.8415045738220215,-0.0602545291185379,-8.919629096984863,-14.888379096984863,2.0,3
185,-16.864944458007812,-17.755569458007812,-12.396193504333496,-0.02119358442723751,-3.864943504333496,4.0,4
186,-16.737668991088867,-13.167357444763184,-3.1829819679260254,-0.042357031255960464,-12.682982444763184,2.0,4
187,-17.718048095703125,-10.389923095703125,-0.09304841607809067,-2.421173334121704,-14.343048095703125,5.0,3
188,-17.1334171295166,-7.734979152679443,-0.0006040894077159464,-8.703728675842285,-16.4381046295166,5.0,3
189,-17.485502243041992,-17.883939743041992,-11.719877243041992,-0.0011275607394054532,-6.79800271987915,4.0,4
190,-15.344061851501465,-13.484686851501465,-6.320623874664307,-0.00812404416501522,-5.070623874664307,5.0,4
191,-14.591691017150879,-15.466691017150879,-12.365128517150879,-5.162003040313721,-0.0057531483471393585,4.0,5
192,-15.771295547485352,-16.34942054748535,-10.693170547485352,-0.036920271813869476,-3.3181703090667725,4.0,4
193,-15.231267929077148,-16.02033042907715,-11.254705429077148,-0.5828301310539246,-0.8172051310539246,4.0,4
194,-15.423300743103027,-15.735800743103027,-11.071738243103027,-1.0639259815216064,-0.42330092191696167,3.0,5
195,-6.579928398132324,-0.0018034399254247546,-7.798678398132324,-13.150240898132324,-16.18930435180664,3.0,2
196,-12.839244842529297,-13.104869842529297,-9.331432342529297,-2.307995080947876,-0.10487013310194016,4.0,5
197,-9.789013862609863,-10.460888862609863,-7.8046393394470215,-3.7890141010284424,-0.023389160633087158,5.0,5
198,-3.070444107055664,-0.07044419646263123,-3.836069107055664,-10.289194107055664,-14.515756607055664,5.0,2
199,-17.20465850830078,-9.829658508300781,-0.0015338810626417398,-6.5171589851379395,-15.689033508300781,4.0,3
200,-16.476747512817383,-15.664247512817383,-8.953310012817383,-0.00018523407925385982,-9.843935012817383,5.0,4
201,-16.39634132385254,-17.61899757385254,-12.279153823852539,-0.13071584701538086,-2.099465847015381,4.0,4
202,-18.83088493347168,-13.866042137145996,-0.22541671991348267,-1.600416660308838,-14.795729637145996,2.0,3
203,-15.588376998901367,-15.338376998901367,-9.330564498901367,-0.064939484000206,-2.768064498901367,3.0,4
204,-17.200592041015625,-16.833404541015625,-10.036530494689941,-0.005280476063489914,-5.255280494689941,5.0,4
205,-13.465738296508789,-14.223550796508789,-10.528238296508789,-2.989176034927368,-0.051676150411367416,5.0,5
206,-16.509450912475586,-11.001638412475586,-0.9547633528709412,-0.48601335287094116,-13.056325912475586,4.0,4
207,-7.7350287437438965,-0.0006537684239447117,-8.453779220581055,-13.524091720581055,-16.367841720581055,2.0,2
208,-16.462194442749023,-9.610631942749023,-0.001256867777556181,-6.735631942749023,-15.595006942749023,4.0,3
209,-17.89892578125,-18.10205078125,-12.15673828125,-0.00048780461656861007,-7.641112804412842,5.0,4
210,-10.901727676391602,-2.8861021995544434,-0.05797731131315231,-7.573602199554443,-13.886102676391602,1.0,3
211,-15.666492462158203,-8.658679962158203,-0.0024296308401972055,-6.096179485321045,-14.033679962158203,4.0,3
212,-14.535332679748535,-14.168145179748535,-8.043145179748535,-0.13689503073692322,-2.058769941329956,4.0,4
213,-17.70332145690918,-16.85175895690918,-8.82832145690918,-0.000196556793525815,-9.95332145690918,5.0,4
214,-16.045909881591797,-13.225598335266113,-4.233410358428955,-0.014660371467471123,-10.092785835266113,4.0,4
215,-16.084712982177734,-13.022212028503418,-3.819087266921997,-0.02221217192709446,-11.514399528503418,3.0,4
216,-15.888057708740234,-5.270869731903076,-0.005244900938123465,-9.302120208740234,-16.153682708740234,3.0,3
217,-14.783998489379883,-15.002748489379883,-10.010560989379883,-0.9168106913566589,-0.5105606913566589,3.0,5
218,-10.35653018951416,-0.020592467859387398,-3.895592451095581,-11.04403018951416,-15.78621768951416,1.0,2
219,-17.884601593017578,-15.822101593017578,-6.361164093017578,-0.0017889224691316485,-9.767414093017578,4.0,4
220,-17.565698623657227,-15.136011123657227,-5.753198623657227,-0.0031987475231289864,-11.050073623657227,4.0,4
221,-16.357004165649414,-17.388254165649414,-12.239816665649414,-0.25544196367263794,-1.4898169040679932,4.0,4
222,-15.782422065734863,-16.907421112060547,-12.305859565734863,-0.2042969912290573,-1.6886719465255737,4.0,4
223,-16.688631057739258,-17.055818557739258,-11.344881057739258,-0.0011310139670968056,-6.798006057739258,3.0,4
224,-14.639965057373047,-4.975902557373047,-0.007152546662837267,-8.413402557373047,-15.007152557373047,4.0,3
225,-16.96488380432129,-14.019571304321289,-3.168009042739868,-0.04300893098115921,-12.574258804321289,3.0,4
226,-13.63376522064209,-13.86032772064209,-10.32907772064209,-4.110327243804932,-0.016577359288930893,4.0,5
227,-9.910384178161621,-0.004134441260248423,-5.504134654998779,-12.176009178161621,-16.035385131835938,4.0,2
228,-13.963302612304688,-15.049240112304688,-11.658615112304688,-2.7679901123046875,-0.06486507505178452,3.0,5
229,-16.197052001953125,-15.822052001953125,-9.720489501953125,-0.0017391807632520795,-6.392364025115967,4.0,4
230,-15.406414985656738,-16.125164031982422,-11.359539985656738,-0.2736022472381592,-1.4298522472381592,4.0,4
231,-11.662378311157227,-0.006128211040049791,-5.099878311157227,-13.428003311157227,-16.631128311157227,1.0,2
232,-7.797651290893555,-0.00077622797107324,-7.922651290893555,-13.891401290893555,-16.625776290893555,3.0,2
233,-17.82076644897461,-17.71920394897461,-11.82076644897461,-0.00045372682507149875,-7.719203948974609,4.0,4
234,-15.231114387512207,-10.770176887512207,-2.856114149093628,-0.05923926457762718,-12.949864387512207,4.0,4
235,-8.777009010314941,-0.011383935809135437,-4.495759010314941,-12.027009010314941,-15.370759010314941,2.0,2
236,-9.502898216247559,-0.01852286048233509,-4.0028977394104,-11.237273216247559,-15.471648216247559,4.0,2
237,-15.134098052978516,-14.501285552978516,-8.954410552978516,-0.0012852036161348224,-6.766910076141357,5.0,4
238,-17.116785049438477,-14.01522159576416,-2.5933470726013184,-0.0777219608426094,-13.21834659576416,3.0,4
239,-7.328355312347412,-0.04710523784160614,-3.093980312347412,-10.336167335510254,-15.328354835510254,4.0,2
240,-16.521743774414062,-11.834244728088379,-1.7014319896697998,-0.20143204927444458,-12.849869728088379,4.0,4
241,-14.05310344696045,-14.84997844696045,-11.31872844696045,-3.303103446960449,-0.037478361278772354,4.0,5
242,-15.91057014465332,-16.03557014465332,-10.70744514465332,-0.9261952638626099,-0.5043202638626099,4.0,5
243,-15.852154731750488,-15.250592231750488,-8.297467231750488,-0.0005920564290136099,-7.984967231750488,4.0,4
244,-16.14252471923828,-16.79877471923828,-11.837838172912598,-0.05658794194459915,-2.9003379344940186,5.0,4
245,-16.969432830810547,-8.188183784484863,-0.0006834316882304847,-7.813183307647705,-15.406933784484863,5.0,3
246,-17.415483474731445,-17.602983474731445,-11.688921928405762,-0.0014216327108442783,-6.5639214515686035,5.0,4
247,-12.77718448638916,-8.51155948638916,-1.2459348440170288,-0.3396848440170288,-9.05062198638916,5.0,4
248,-17.90815544128418,-18.48628044128418,-12.31440544128418,-0.0019050560658797622,-6.2675299644470215,4.0,4
249,-16.078866958618164,-8.922616958618164,-0.0007419217727147043,-7.406991958618164,-15.196054458618164,5.0,3
250,-17.365501403808594,-17.732688903808594,-11.623313903808594,-0.006126789376139641,-5.099876880645752,5.0,4
251,-17.851865768432617,-16.429990768432617,-8.1565523147583,-0.00030250742565840483,-11.2815523147583,5.0,4
252,-15.673327445983887,-16.24363899230957,-11.181139945983887,-0.017077187076210976,-4.0795769691467285,4.0,4
253,-9.426437377929688,-0.0045623257756233215,-5.4108123779296875,-13.238937377929688,-16.738937377929688,3.0,2
254,-15.824196815490723,-13.738259315490723,-5.707009315490723,-0.0038845096714794636,-7.503884315490723,4.0,4
255,-14.135485649108887,-14.674548149108887,-10.713610649108887,-1.7917354106903076,-0.18236044049263,4.0,5
256,-15.477571487426758,-16.680696487426758,-12.149446487426758,-0.8525716066360474,-0.5556966066360474,5.0,5
257,-16.30649757385254,-16.90806007385254,-11.267434120178223,-0.11118445545434952,-2.2518093585968018,4.0,4
258,-12.695897102355957,-12.750584602355957,-6.524022579193115,-0.02402246743440628,-3.8052725791931152,4.0,4
259,-14.166382789611816,-5.322633266448975,-0.0257580429315567,-3.8851330280303955,-14.400757789611816,4.0,3
260,-15.776628494262695,-15.565690994262695,-8.768815994262695,-0.003191023599356413,-5.800065994262695,4.0,4
261,-15.815913200378418,-7.57372522354126,-0.011225401423871517,-4.54247522354126,-14.839350700378418,4.0,3
262,-16.180858612060547,-12.094921112060547,-1.6886709928512573,-0.20429600775241852,-12.493358612060547,3.0,4
263,-15.166094779968262,-14.361407279968262,-8.361407279968262,-0.11140746623277664,-2.252032518386841,4.0,4
264,-14.752362251281738,-15.721112251281738,-11.525799751281738,-2.7679874897003174,-0.06486240029335022,5.0,5
265,-16.395160675048828,-16.981098175048828,-11.988910675048828,-0.03578602895140648,-3.3482859134674072,4.0,4
266,-15.5281400680542,-16.270328521728516,-11.2390775680542,-0.5828279256820679,-0.8172029256820679,5.0,4
267,-13.385519981384277,-13.877707481384277,-9.791769981384277,-1.7917702198028564,-0.18239520490169525,1.0,5
268,-15.618719100952148,-15.860906600952148,-10.704656600952148,-0.3530943989753723,-1.2124693393707275,5.0,4
269,-14.791297912597656,-14.588172912597656,-9.900672912597656,-0.8616105318069458,-0.5491105318069458,4.0,5
270,-16.77361297607422,-17.35173797607422,-11.968925476074219,-0.015800045803189278,-4.1564249992370605,4.0,4
271,-17.303632736206055,-12.030194282531738,-0.7411321997642517,-0.6473821997642517,-13.420819282531738,4.0,4
272,-16.236879348754883,-15.893129348754883,-9.205629348754883,-0.03375422954559326,-3.408754348754883,4.0,4
273,-15.126016616821289,-6.938516616821289,-0.001016576774418354,-10.032266616821289,-15.227579116821289,3.0,3
274,-14.858170509338379,-14.733170509338379,-8.850358009338379,-0.10035765916109085,-2.3503577709198,5.0,4
275,-15.27917194366455,-14.69323444366455,-8.67760944366455,-0.05260898172855377,-2.9744839668273926,5.0,4
276,-11.357627868652344,-12.459190368652344,-10.748252868652344,-5.1154398918151855,-0.00606505898758769,5.0,5
277,-14.882972717285156,-15.367347717285156,-11.336097717285156,-1.4298481941223145,-0.27359816431999207,5.0,5
278,-17.026350021362305,-10.065413475036621,-0.245100736618042,-1.526350736618042,-13.784163475036621,5.0,3
279,-8.98459243774414,-0.00021753329201601446,-9.31271743774414,-15.16427993774414,-17.87521743774414,5.0,2
280,-0.8708226084709167,-0.5426976084709167,-8.49582290649414,-12.56613540649414,-14.40207290649414,1.0,2
281,-16.5709228515625,-8.281861305236816,-0.0006112375995144248,-7.938111305236816,-15.930298805236816,4.0,3
282,-17.495058059692383,-13.229433059692383,-2.651308059692383,-0.073183074593544,-12.729433059692383,3.0,4
283,-15.444404602050781,-16.27252960205078,-11.491279602050781,-0.38190433382987976,-1.1475293636322021,4.0,4
284,-11.957982063293457,-0.0048566944897174835,-5.332981586456299,-11.793919563293457,-16.62985610961914,4.0,2
285,-15.497856140136719,-10.271293640136719,-0.5759811401367188,-0.8259811401367188,-12.693168640136719,4.0,3
286,-16.103275299072266,-14.486088752746582,-7.165776252746582,-0.009526153095066547,-4.743901252746582,5.0,4
287,-9.454089164733887,-0.0009637002367526293,-7.0322136878967285,-14.086901664733887,-17.03221321105957,1.0,2
288,-11.512925464970229,-11.512925464970229,-11.512925464970229,-11.512925464970229,-11.512925464970229,5.0,-1
289,-18.122356414794922,-15.559856414794922,-5.270793914794922,-0.0051690032705664635,-11.270793914794922,4.0,4
290,-16.86907386779785,-8.158136367797852,-0.001886494574137032,-6.439386367797852,-15.439386367797852,4.0,3
291,-17.2894287109375,-17.3128662109375,-10.945677757263184,-0.00036530973738990724,-7.969115257263184,5.0,4
292,-15.696322441101074,-16.84476089477539,-12.391634941101074,-0.5556977987289429,-0.8525727987289429,2.0,4
293,-15.101715087890625,-9.304840087890625,-1.804840326309204,-0.1798403561115265,-13.422027587890625,3.0,4
294,-17.71923828125,-17.16455078125,-9.781739234924316,-0.0004888770054094493,-7.750488758087158,4.0,4
295,-16.002649307250977,-17.354211807250977,-12.471399307250977,-0.04171225428581238,-3.1979622840881348,5.0,4
296,-13.402857780456543,-2.738795518875122,-0.0669204443693161,-9.457545280456543,-15.316920280456543,3.0,3
297,-16.41440773010254,-15.836282730102539,-8.547220230102539,-0.00034481301554478705,-8.812845230102539,3.0,4
298,-16.882055282592773,-10.530491828918457,-0.01486698817461729,-4.217991828918457,-14.585179328918457,3.0,3
299,-16.914470672607422,-15.617595672607422,-7.953533172607422,-0.0004080893413629383,-9.812908172607422,1.0,4
300,-17.203941345214844,-15.211753845214844,-7.1258158683776855,-0.000816012208815664,-11.664878845214844,5.0,4
301,-17.031444549560547,-16.523632049560547,-9.46894359588623,-0.0001938155182870105,-9.07831859588623,4.0,4
302,-16.18177604675293,-16.65052604675293,-10.775525093078613,-0.025525543838739395,-3.6817755699157715,4.0,4
303,-17.01927375793457,-9.17552375793457,-0.0036491251084953547,-5.6442742347717285,-15.41771125793457,5.0,3
304,-13.836620330810547,-15.586620330810547,-12.820995330810547,-7.297557353973389,-0.0006823595031164587,4.0,5
305,-16.018890380859375,-16.128265380859375,-10.807952880859375,-0.16732797026634216,-1.8704530000686646,5.0,4
306,-15.595069885253906,-15.524757385253906,-10.399757385253906,-0.39194464683532715,-1.1263196468353271,5.0,4
307,-16.950403213500977,-14.192590713500977,-3.3332152366638184,-0.03634026274085045,-12.067590713500977,5.0,4
308,-14.375344276428223,-14.531594276428223,-10.469094276428223,-1.844094157218933,-0.17221911251544952,5.0,5
309,-17.955846786499023,-15.47147274017334,-5.90897274017334,-0.00272260676138103,-13.03397274017334,2.0,4
310,-17.431182861328125,-17.048370361328125,-9.751496315002441,-0.0014962679706513882,-6.548371315002441,4.0,4
311,-17.126331329345703,-17.915393829345703,-12.79820728302002,-0.0013318725395947695,-6.626331806182861,4.0,4
312,-15.950212478637695,-16.036149978637695,-9.786149978637695,-0.004899994004517794,-5.333024978637695,3.0,4
313,-14.38736343383789,-14.78580093383789,-11.37173843383789,-3.5904879570007324,-0.027988029643893242,4.0,5
314,-12.239317893981934,-12.215880393981934,-7.809630393981934,-2.8565056324005127,-0.0596306249499321,4.0,5
315,-15.373590469360352,-16.24859046936035,-11.490777969360352,-0.06890304386615753,-2.7095279693603516,5.0,4
316,-14.492271423339844,-14.320396423339844,-9.242271423339844,-0.4453966021537781,-1.0235216617584229,4.0,4
317,-12.499069213867188,-1.2568820714950562,-0.33500707149505615,-9.022506713867188,-15.288131713867188,5.0,3
318,-0.1017708033323288,-2.3361458778381348,-9.812707901000977,-13.203332901000977,-14.664270401000977,2.0,1
319,-17.4539737701416,-16.2352237701416,-8.828974723815918,-0.0008493629866279662,-7.26647424697876,5.0,4
320,-17.001049041748047,-13.102612495422363,-2.9151124954223633,-0.05573740229010582,-11.633862495422363,2.0,4
321,-17.137601852416992,-16.465726852416992,-9.325101852416992,-0.012601512484252453,-4.387601375579834,4.0,4
322,-18.695344924926758,-18.179719924926758,-11.359407424926758,-3.266281055402942e-05,-10.828157424926758,3.0,4
323,-15.825650215148926,-16.91158676147461,-12.333462715148926,-0.9740873575210571,-0.47408735752105713,5.0,5
324,-16.914365768432617,-15.781554222106934,-8.172179222106934,-0.00030393750057555735,-10.984679222106934,2.0,4
325,-18.28943634033203,-16.51599884033203,-8.000373840332031,-0.0003738896339200437,-10.250373840332031,4.0,4
326,-16.961435317993164,-16.391122817993164,-9.39893627166748,-0.008310853503644466,-4.805185794830322,3.0,4
327,-17.320331573486328,-16.757831573486328,-11.671894073486328,-1.9550132492440753e-05,-11.601581573486328,5.0,4
328,-15.726656913757324,-4.914156436920166,-0.007906450890004635,-7.539156436920166,-15.507906913757324,4.0,3
329,-17.50019073486328,-16.76581573486328,-8.922064781188965,-0.00018988236843142658,-9.859564781188965,5.0,4
330,-17.375234603881836,-16.328359603881836,-8.406484603881836,-0.00023421882360707968,-11.695547103881836,4.0,4
331,-17.414630889892578,-17.070880889892578,-10.602130889892578,-0.008381075225770473,-4.789630889892578,4.0,4
332,-10.605722427368164,-0.01197259034961462,-4.433847427368164,-12.144784927368164,-15.652597427368164,4.0,2
333,-0.00040892345714382827,-7.844159126281738,-12.109784126281738,-13.797284126281738,-12.547284126281738,2.0,1
334,-17.525524139404297,-14.564586639404297,-2.3927114009857178,-0.09583642333745956,-12.806774139404297,2.0,4
335,-14.372757911682129,-15.583695411682129,-12.200882911682129,-3.864945650100708,-0.021195685490965843,4.0,5
336,-10.657173156738281,-0.0009227308910340071,-7.016547679901123,-14.227485656738281,-17.28998565673828,4.0,2
337,-13.668771743774414,-6.231272220611572,-0.012522168457508087,-4.559397220611572,-12.793771743774414,3.0,3
338,-18.476842880249023,-17.312780380249023,-8.219029426574707,-0.0002796259068418294,-11.781529426574707,4.0,4
339,-16.15065574645996,-17.67409324645996,-12.916280746459961,-0.43971794843673706,-1.0334680080413818,4.0,4
340,-16.097261428833008,-13.808198928833008,-4.495698928833008,-0.01132382545620203,-9.230073928833008,3.0,4
341,-14.821884155273438,-14.829696655273438,-10.040634155273438,-0.7828219532966614,-0.6109469532966614,4.0,5
342,-17.172462463378906,-15.477149963378906,-7.453712463378906,-0.0005876483046449721,-12.359962463378906,4.0,4
343,-15.310325622558594,-16.325950622558594,-11.755638122558594,-1.0134506225585938,-0.45095059275627136,3.0,5
344,-11.512925464970229,-11.512925464970229,-11.512925464970229,-11.512925464970229,-11.512925464970229,3.0,-1
345,-9.470532417297363,-0.15803204476833344,-1.9236570596694946,-10.634594917297363,-14.947094917297363,2.0,2
346,-8.965014457702637,-0.011889191344380379,-4.4493889808654785,-12.613451957702637,-16.33220100402832,2.0,2
347,-6.6940507888793945,-0.11592556536197662,-2.2253005504608154,-8.631550788879395,-13.740925788879395,4.0,2
348,-9.116211891174316,-0.006836831569671631,-5.006836891174316,-11.514649391174316,-15.334961891174316,3.0,2
349,-12.42728328704834,-11.08353328704834,-4.98197078704834,-0.01322097983211279,-5.07572078704834,5.0,4
350,-17.13224983215332,-14.085373878479004,-3.499436616897583,-0.030686575919389725,-12.788498878479004,4.0,4
351,-15.399457931518555,-16.118207931518555,-11.094770431518555,-0.555708110332489,-0.852583110332489,5.0,4
352,-14.497281074523926,-15.294156074523926,-11.512906074523926,-3.333218574523926,-0.03634359687566757,2.0,5
353,-15.1266508102417,-10.5641508102417,-0.9547758102416992,-0.4860258102416992,-12.4000883102417,4.0,4
354,-15.1266508102417,-10.5641508102417,-0.9547758102416992,-0.4860258102416992,-12.4000883102417,4.0,4
355,-16.656551361083984,-16.054988861083984,-8.2503023147583,-0.0003022690652869642,-10.1878023147583,4.0,4
356,-16.372941970825195,-14.068253517150879,-5.177628517150879,-0.005753741133958101,-9.287003517150879,4.0,4
357,-16.629619598388672,-13.988993644714355,-3.9108688831329346,-0.02024393528699875,-11.426493644714355,2.0,4
358,-16.019145965576172,-15.425395965576172,-9.136333465576172,-0.011333136819303036,-4.495707988739014,5.0,4
359,-15.850244522094727,-15.365869522094727,-8.631494522094727,-0.006494605448096991,-5.068994522094727,5.0,4
360,-17.476699829101562,-16.898574829101562,-10.515762329101562,-0.00013743886665906757,-9.125137329101562,3.0,4
361,-15.760624885559082,-16.159061431884766,-10.596562385559082,-0.15124976634979248,-1.9637497663497925,4.0,4
362,-16.862672805786133,-17.097047805786133,-10.807984352111816,-0.026734737679362297,-3.6361098289489746,4.0,4
363,-14.48477554321289,-15.99258804321289,-12.15665054321289,-3.4691507816314697,-0.0316508486866951,5.0,5
364,-17.109455108642578,-15.812580108642578,-7.82039213180542,-0.007892257533967495,-4.89851713180542,4.0,4
365,-18.476608276367188,-17.617233276367188,-10.140670776367188,-4.60137271147687e-05,-12.179733276367188,3.0,4
366,-17.617238998413086,-17.007863998413086,-10.234427452087402,-5.23315102327615e-05,-11.125052452087402,5.0,4
367,-15.066522598266602,-5.722772121429443,-0.004022127948701382,-7.207147121429443,-14.707147598266602,4.0,3
368,-10.989628791809082,-0.005253676325082779,-5.255253791809082,-13.458378791809082,-16.716190338134766,3.0,2
369,-17.78921127319336,-14.726712226867676,-2.3360869884490967,-0.10171201080083847,-13.375149726867676,3.0,4
370,-0.0009095107670873404,-7.016534328460693,-11.641534805297852,-13.672784805297852,-14.235284805297852,1.0,1
371,-12.859383583068848,-8.34461570775602e-06,-12.890633583068848,-14.632821083068848,-16.17188262939453,5.0,2
372,-16.875709533691406,-15.78977108001709,-7.65695858001709,-0.0007086864789016545,-8.36008358001709,3.0,4
373,-17.13399314880371,-17.68868064880371,-11.790242195129395,-0.0011799524072557688,-6.751180171966553,4.0,4
374,-13.428141593933105,-2.6078295707702637,-0.07657954096794128,-10.654704093933105,-15.896891593933105,3.0,3
375,-17.33765983581543,-13.634533882141113,-3.0485966205596924,-0.048596639186143875,-13.048596382141113,5.0,4
376,-16.353958129882812,-10.377395629882812,-0.0023958568926900625,-6.0492706298828125,-15.096145629882812,4.0,3
377,-17.08094024658203,-13.815315246582031,-4.0028157234191895,-0.01844070851802826,-12.877815246582031,4.0,4
378,-15.331822395324707,-5.691197395324707,-0.003697465406730771,-8.066197395324707,-15.394322395324707,4.0,3
379,-15.908907890319824,-16.744844436645508,-11.932345390319824,-0.18234534561634064,-1.7917203903198242,3.0,4
380,-16.8761043548584,-16.4698543548584,-8.938603401184082,-0.0011036264477297664,-6.938603401184082,4.0,4
381,-14.400505065917969,-15.127067565917969,-11.533317565917969,-2.017692804336548,-0.14269275963306427,5.0,5
382,-15.103200912475586,-15.579763412475586,-10.946950912475586,-0.9547635912895203,-0.48601359128952026,5.0,5
383,-15.44417667388916,-16.061363220214844,-11.39730167388916,-1.6004266738891602,-0.22542661428451538,4.0,5
384,-15.28375244140625,-15.46343994140625,-10.17437744140625,-0.02593984454870224,-3.66656494140625,4.0,4
385,-15.296745300292969,-14.515495300292969,-7.827995300292969,-0.06237022951245308,-2.8123703002929688,3.0,4
386,-17.609878540039062,-17.586441040039062,-11.188003540039062,-0.0005035324720665812,-7.6255035400390625,4.0,4
387,-15.38282585144043,-15.78126335144043,-10.53907585144043,-0.4453263282775879,-1.023451328277588,4.0,4
388,-15.440995216369629,-15.433182716369629,-9.925370216369629,-0.48005762696266174,-0.9644325971603394,4.0,4
389,-16.400514602661133,-16.705202102661133,-10.650514602661133,-0.1427023708820343,-2.017702341079712,4.0,4
390,-15.717950820922852,-16.56170082092285,-12.178888320922852,-1.6632630825042725,-0.21013811230659485,4.0,5
391,-17.82140350341797,-17.78234100341797,-11.821404457092285,-0.001091599464416504,-6.829216480255127,5.0,4
392,-17.20372772216797,-16.75841522216797,-9.711540222167969,-0.00841500237584114,-4.789665222167969,5.0,4
393,-17.492692947387695,-16.242692947387695,-7.6567559242248535,-0.0005061537376604974,-10.391131401062012,4.0,4
394,-16.963937759399414,-14.838937759399414,-6.112375259399414,-0.0030001651030033827,-7.159250259399414,3.0,4
395,-12.59210205078125,-11.81866455078125,-6.553040027618408,-0.5374150276184082,-0.8811650276184082,1.0,4
396,-16.305757522583008,-9.641695022583008,-0.5557571649551392,-0.8526321649551392,-13.376070022583008,5.0,3
397,-15.908111572265625,-4.853424072265625,-0.00967397727072239,-6.306549072265625,-15.673736572265625,3.0,3
398,-15.07471752166748,-5.4419050216674805,-0.004404961597174406,-9.67628002166748,-15.63721752166748,4.0,3
399,-17.429759979248047,-16.507884979248047,-10.031322479248047,-7.223821739898995e-05,-10.562572479248047,5.0,4
400,-17.98723030090332,-14.09269905090332,-0.33488625288009644,-1.2567613124847412,-13.92863655090332,4.0,3
401,-15.206785202026367,-6.175535202026367,-0.003660408779978752,-6.456785202026367,-14.206785202026367,3.0,3
402,-17.625192642211914,-17.297067642211914,-10.234567642211914,-0.00019262365822214633,-8.781442642211914,4.0,4
403,-16.602678298950195,-15.813615798950195,-8.344865798950195,-0.001115891383960843,-7.047990798950195,4.0,4
404,-16.766237258911133,-16.445924758911133,-9.516237258911133,-0.0006126672378741205,-7.531862735748291,4.0,4
405,-12.44819450378418,-0.02631937339901924,-3.6513192653656006,-11.15131950378418,-16.66694450378418,3.0,2
406,-0.010750710032880306,-4.542000770568848,-10.346688270568848,-12.995125770568848,-13.721688270568848,4.0,1
407,-8.319363594055176,-0.006863707676529884,-5.022488594055176,-12.100613594055176,-15.522488594055176,4.0,2
408,-15.505743980407715,-15.576056480407715,-10.294806480407715,-0.013556796126067638,-4.310431957244873,5.0,4
409,-11.2869234085083,-0.005673022009432316,-5.177547931671143,-13.5525484085083,-16.841609954833984,4.0,2
410,-17.56260871887207,-16.55479621887207,-9.187607765197754,-0.00010799778101500124,-12.609482765197754,4.0,4
411,-16.64516258239746,-18.09047508239746,-13.379536628723145,-0.035786718130111694,-3.3482866287231445,4.0,4
412,-16.75787353515625,-16.26568603515625,-9.93756103515625,-6.103329360485077e-05,-11.47662353515625,4.0,4
413,-16.149566650390625,-6.923003196716309,-0.001128394273109734,-8.860503196716309,-15.891753196716309,3.0,3
414,-17.313396453857422,-10.610271453857422,-0.0008964095613919199,-7.047771453857422,-15.430583953857422,3.0,3
415,-16.906354904174805,-16.140729904174805,-9.531355857849121,-0.00010573305189609528,-10.515730857849121,5.0,4
416,-10.549612998962402,-0.18242520093917847,-1.7918002605438232,-9.682425498962402,-14.104300498962402,2.0,2
417,-0.01629873551428318,-4.125673770904541,-11.586610794067383,-14.735048294067383,-15.235048294067383,4.0,1
418,-16.214866638183594,-6.3945536613464355,-0.0039288015104830265,-6.0976786613464355,-14.917991638183594,4.0,3
419,-16.85226058959961,-18.05538558959961,-12.735072135925293,-0.07100987434387207,-2.680384874343872,4.0,4
420,-8.47296142578125,-0.01983661763370037,-3.941711664199829,-11.28546142578125,-14.90264892578125,5.0,2
421,-11.566495895385742,-1.5508710145950317,-0.23837096989154816,-11.207120895385742,-15.285245895385742,2.0,3
422,-15.463085174560547,-6.236522674560547,-0.002147869672626257,-8.595897674560547,-15.424022674560547,3.0,3
423,-14.548211097717285,-15.227898597717285,-10.188836097717285,-1.1263357400894165,-0.3919607400894165,4.0,5
424,-16.377212524414062,-10.642837524414062,-0.549087405204773,-0.861587405204773,-13.220962524414062,4.0,3
425,-18.310909271240234,-11.66247272491455,-0.037472616881132126,-3.303097724914551,-15.02966022491455,2.0,3
426,-13.188176155090332,-7.813176155090332,-0.0006762839620932937,-8.235051155090332,-13.258488655090332,2.0,3
427,-17.75006103515625,-16.59381103515625,-10.03131103515625,-6.09140915912576e-05,-11.18756103515625,3.0,4
428,-13.178279876708984,-1.1157793998718262,-0.39702942967414856,-10.725154876708984,-15.865779876708984,4.0,3
429,-17.102291107177734,-15.508541107177734,-7.235104084014893,-0.0007290565990842879,-12.227291107177734,3.0,4
430,-11.512925464970229,-11.512925464970229,-11.512925464970229,-11.512925464970229,-11.512925464970229,3.0,-1
431,-14.633731842041016,-17.149356842041016,-13.563419342041016,-3.7274820804595947,-0.02435700222849846,5.0,5
432,-17.15485191345215,-16.09235191345215,-5.05328893661499,-0.006413946393877268,-13.365789413452148,3.0,4
433,-14.674697875976562,-4.557509899139404,-0.010635009035468102,-9.338760375976562,-15.041885375976562,4.0,3
434,-9.86031436920166,-0.0009395237429998815,-7.03218936920166,-13.30562686920166,-16.352502822875977,4.0,2
435,-17.332122802734375,-14.058686256408691,-3.941498279571533,-0.01962331123650074,-12.378998756408691,5.0,4
436,-14.513351440429688,-3.6383516788482666,-0.02897656336426735,-6.0914764404296875,-14.614913940429688,4.0,3
437,-11.757500648498535,-0.007501055486500263,-4.898126125335693,-12.851250648498535,-16.30437660217285,3.0,2
438,-9.751270294189453,-0.0012700833613052964,-6.720020294189453,-12.876270294189453,-16.313770294189453,4.0,2
439,-12.041810989379883,-0.5105608701705933,-0.9168108701705933,-10.143373489379883,-14.987123489379883,4.0,2
440,-12.359562873840332,-1.4298757314682007,-0.2736257314682007,-10.273625373840332,-14.492375373840332,4.0,3
441,-15.539716720581055,-7.688154220581055,-0.0006543640629388392,-8.547529220581055,-15.828779220581055,2.0,3
442,-17.13370132446289,-14.961825370788574,-7.032137870788574,-0.0008880723617039621,-13.407137870788574,3.0,4
443,-18.032360076904297,-15.82923412322998,-6.813609600067139,-0.0011095802765339613,-12.16517162322998,3.0,4
444,-15.991413116455078,-8.491413116455078,-0.11641304194927216,-2.210163116455078,-14.163288116455078,2.0,3
445,-16.75737953186035,-14.304254531860352,-4.91363000869751,-0.007379771675914526,-12.913629531860352,2.0,4
446,-13.822307586669922,-2.564495086669922,-0.08012020587921143,-10.283245086669922,-15.939495086669922,3.0,3
447,-16.17326545715332,-14.657641410827637,-7.2826409339904785,-0.0013911579735577106,-7.2826409339904785,5.0,4
448,-15.804491996765137,-17.17167854309082,-12.195116996765137,-0.7576169371604919,-0.6326169371604919,5.0,5
449,-9.36807918548584,-0.008704103529453278,-4.75870418548584,-12.92276668548584,-16.610265731811523,3.0,2
450,-8.594156265258789,-0.0004058252670802176,-8.437906265258789,-13.641031265258789,-16.57071876525879,3.0,2
451,-9.750312805175781,-0.0003131137927994132,-8.297187805175781,-14.711250305175781,-17.39093780517578,5.0,2
452,-14.849108695983887,-4.341296672821045,-0.013171568512916565,-9.669421195983887,-15.083483695983887,4.0,3
453,-10.544744491577148,-0.036932338029146194,-3.3181822299957275,-11.396306991577148,-15.388494491577148,3.0,2
454,-15.957537651062012,-12.355975151062012,-2.5356626510620117,-0.08253762871026993,-12.707537651062012,5.0,4
455,-15.378997802734375,-5.597748279571533,-0.003998144064098597,-8.175872802734375,-14.894622802734375,5.0,3
456,-16.054948806762695,-12.469012260437012,-3.0783870220184326,-0.04713708162307739,-13.211199760437012,4.0,4
457,-18.102069854736328,-16.938007354736328,-8.156757354736328,-0.0005072260973975062,-8.438007354736328,4.0,4
458,-15.7583589553833,-7.922421932220459,-0.0005467826849780977,-8.6099214553833,-15.2583589553833,4.0,3
459,-17.039152145385742,-13.054777145385742,-2.1407148838043213,-0.12508992850780487,-12.843839645385742,4.0,4
460,-15.32186508178711,-6.642177104949951,-0.0015523299807682633,-8.31405258178711,-15.18905258178711,2.0,3
461,-17.625158309936523,-16.382970809936523,-8.781407356262207,-0.0001578206429257989,-12.812657356262207,4.0,4
462,-18.234420776367188,-17.617233276367188,-10.640670776367188,-4.577531944960356e-05,-10.812545776367188,4.0,4
463,-17.960954666137695,-17.601579666137695,-11.921893119812012,-1.811964830267243e-05,-11.484393119812012,4.0,4
464,-15.806173324584961,-6.626485347747803,-0.0014855550834909081,-8.751485824584961,-15.228048324584961,4.0,3
465,-0.18499387800693512,-1.778743863105774,-10.333431243896484,-13.653743743896484,-14.934993743896484,2.0,1
466,-14.398131370544434,-4.898131370544434,-0.00750637985765934,-11.062193870544434,-16.08563232421875,3.0,3
467,-8.855476379394531,-0.0117262601852417,-4.464851379394531,-11.996101379394531,-15.691413879394531,4.0,2
468,-16.968902587890625,-17.242340087890625,-12.078277587890625,-0.00015293381875380874,-8.843902587890625,3.0,4
469,-15.159687995910645,-5.8159379959106445,-0.003437920706346631,-7.7065629959106445,-15.097187995910645,4.0,3
470,-17.95262336730957,-9.87449836730957,-0.015123818069696426,-4.2026238441467285,-15.07762336730957,4.0,3
471,-17.953224182128906,-17.093849182128906,-9.640725135803223,-9.989239333663136e-05,-10.328225135803223,5.0,4
472,-15.2617769241333,-12.4961519241333,-5.535214900970459,-0.003964779432862997,-12.9336519241333,4.0,4
473,-11.345314979553223,-0.0015645894454792142,-6.4703145027160645,-13.681252479553223,-16.892189025878906,3.0,2
474,-11.516050338745117,-0.016050653532147408,-4.141050815582275,-12.273862838745117,-16.109800338745117,3.0,2
475,-16.446887969970703,-16.821887969970703,-10.110949516296387,-0.0015747062861919403,-6.485949516296387,5.0,4
476,-16.297761917114258,-8.125886917114258,-0.0008866431307978928,-7.4383864402771,-14.719636917114258,4.0,3
477,-1.2993727978027891e-05,-11.42188835144043,-14.57813835144043,-16.24220085144043,-15.59376335144043,3.0,1
478,-9.719491958618164,-0.0007415643776766956,-7.297616481781006,-13.086679458618164,-16.188241958618164,3.0,2
479,-16.356271743774414,-7.910959243774414,-0.004709224216639996,-5.442209243774414,-14.832834243774414,5.0,3
480,-2.5987286790041253e-05,-10.671900749206543,-14.171900749206543,-15.937525749206543,-15.062525749206543,4.0,1
481,-12.491146087646484,-0.7411458492279053,-0.6473958492279053,-10.897396087646484,-15.663021087646484,4.0,3
482,-17.739639282226562,-10.630264282226562,-0.02088974416255951,-3.8802647590637207,-14.692764282226562,3.0,3
483,-14.9013090133667,-16.541933059692383,-12.6591215133667,-3.651308536529541,-0.02630857564508915,5.0,5
484,-12.125783920288086,-0.039846330881118774,-3.242971420288086,-11.680471420288086,-15.914846420288086,3.0,2
485,-15.737151145935059,-9.237151145935059,-0.0027764602564275265,-5.924651622772217,-14.580901145935059,3.0,3
486,-14.97449016571045,-5.224490642547607,-0.005740466061979532,-7.990115642547607,-14.90417766571045,3.0,3
487,-16.707151412963867,-16.371213912963867,-10.222777366638184,-0.019651949405670166,-3.9415268898010254,5.0,4
488,-16.219762802124023,-6.922888278961182,-0.001013361383229494,-10.51663875579834,-16.438512802124023,3.0,3
489,-13.160858154296875,-2.856170892715454,-0.05929600074887276,-9.434295654296875,-15.153045654296875,3.0,3
490,-16.07890510559082,-8.672656059265137,-0.000780635280534625,-7.4070305824279785,-15.321093559265137,3.0,3
491,-15.707066535949707,-17.214879989624023,-13.441441535949707,-3.168004274368286,-0.043004363775253296,4.0,5
492,-8.10477352142334,-0.011023455299437046,-4.54227352142334,-11.66727352142334,-15.25321102142334,4.0,2
493,-15.076748847961426,-5.053311347961426,-0.006436214316636324,-10.600186347961426,-15.998623847961426,4.0,3
494,-13.593950271606445,-13.523637771606445,-8.562700271606445,-0.00020013237372040749,-12.468950271606445,5.0,4
495,-17.148496627807617,-16.937559127807617,-11.1406831741333,-5.864924969500862e-05,-10.0781831741333,5.0,4
496,-12.098864555358887,-3.4504270553588867,-0.059801992028951645,-3.6379270553588867,-14.208239555358887,5.0,3
497,-2.312633478140924e-05,-10.750022888183594,-14.562522888183594,-16.484397888183594,-15.906272888183594,3.0,1
498,-16.414690017700195,-8.844376564025879,-0.0006269635050557554,-7.641252040863037,-15.570939064025879,2.0,3
499,-17.704124450683594,-17.258811950683594,-10.14162540435791,-0.0010003806091845036,-6.95412540435791,5.0,4
500,-14.072901725769043,-8.408839225769043,-0.002589684445410967,-6.049464702606201,-13.471339225769043,2.0,3
501,-17.3140811920166,-15.642206192016602,-7.579706192016602,-0.0015813715290278196,-6.845331192016602,3.0,4
502,-17.356096267700195,-14.285783767700195,-2.856096029281616,-0.0592210628092289,-12.715471267700195,5.0,4
503,-15.334495544433594,-16.428245544433594,-11.842308044433594,-1.084495186805725,-0.4126201570034027,5.0,5
504,-15.392202377319336,-6.470327377319336,-0.0015773248160257936,-10.548452377319336,-15.985952377319336,5.0,3
505,-10.784561157226562,-0.026749130338430405,-3.6361241340637207,-10.917373657226562,-15.557998657226562,3.0,2
506,-9.656536102294922,-0.0002862997353076935,-8.422161102294922,-13.804973602294922,-16.726848602294922,4.0,2
507,-16.368696212768555,-14.282758712768555,-6.501508712768555,-0.0015085280174389482,-13.071821212768555,4.0,4
508,-12.68128776550293,-3.2281625270843506,-0.040662411600351334,-8.46253776550293,-15.00941276550293,3.0,3
509,-14.371428489685059,-5.4886155128479,-0.0042405687272548676,-9.254240989685059,-15.066740989685059,3.0,3
510,-11.492365837097168,-0.273616224527359,-1.4298661947250366,-10.726740837097168,-15.093928337097168,3.0,2
511,-15.23446273803711,-16.73446273803711,-12.55477523803711,-2.1407132148742676,-0.1250881403684616,4.0,5
512,-16.047277450561523,-8.391027450561523,-0.00040284625720232725,-8.656652450561523,-15.789464950561523,4.0,3
513,-11.512925464970229,-11.512925464970229,-11.512925464970229,-11.512925464970229,-11.512925464970229,3.0,-1
514,-10.145219802856445,-0.004594365134835243,-5.395219326019287,-12.418657302856445,-16.098344802856445,4.0,2
515,-17.395164489746094,-13.699851989746094,-3.3482892513275146,-0.0357893630862236,-12.473289489746094,5.0,4
516,-17.0236759185791,-9.187738418579102,-0.0002388668799540028,-8.906488418579102,-16.3674259185791,4.0,3
517,-8.439070701599121,-0.0015705404803156853,-6.610945701599121,-12.360945701599121,-15.485945701599121,3.0,2
518,-16.17479133605957,-4.54197883605957,-0.010728655382990837,-10.91697883605957,-16.64354133605957,4.0,3
519,-15.90485954284668,-17.17048454284668,-12.45173454284668,-0.7329848408699036,-0.6548598408699036,4.0,5
520,-17.992216110229492,-17.335966110229492,-11.562528610229492,-2.8729025871143676e-05,-10.968778610229492,5.0,4
521,-18.46106719970703,-18.07825469970703,-10.390754699707031,-0.000129691296024248,-9.234504699707031,1.0,4
522,-9.19024658203125,-0.0027466213796287775,-5.94024658203125,-12.01837158203125,-15.08087158203125,4.0,2
523,-17.6958065032959,-17.7348690032959,-11.531743049621582,-0.0004931663861498237,-7.641118049621582,4.0,4
524,-13.996895790100098,-1.2234580516815186,-0.34845811128616333,-11.465645790100098,-15.918770790100098,3.0,3
525,-16.32185173034668,-16.54841423034668,-11.83747673034668,-0.001538880169391632,-6.4859137535095215,3.0,4
526,-10.19491958618164,-0.007419885601848364,-4.913670063018799,-11.99179458618164,-15.42148208618164,3.0,2
527,-15.392972946166992,-16.689847946166992,-12.260160446166992,-1.267972469329834,-0.33047249913215637,4.0,5
528,-15.124061584472656,-15.545936584472656,-10.327186584472656,-0.42874956130981445,-1.0537495613098145,4.0,4
529,-16.51880645751953,-12.807869911193848,-2.5500571727752686,-0.08130718022584915,-12.800057411193848,3.0,4
530,-16.62605857849121,-10.657308578491211,-0.001058137626387179,-6.876058101654053,-15.110433578491211,3.0,3
531,-15.889239311218262,-9.123614311218262,-0.029864389449357986,-3.5298643112182617,-13.482989311218262,4.0,3
532,-15.211051940917969,-4.8516764640808105,-0.00792667455971241,-9.445426940917969,-15.695426940917969,3.0,3
533,-9.617667198181152,-0.00829229224473238,-4.805167198181152,-13.086417198181152,-16.33641815185547,2.0,2
534,-9.079895973205566,-0.0017711918335407972,-6.408020973205566,-12.275208473205566,-15.509583473205566,2.0,2
535,-10.73190689086914,-0.0053439149633049965,-5.239718914031982,-12.63034439086914,-16.14596939086914,4.0,2
536,-9.240592956542969,-0.006218252703547478,-5.099968433380127,-12.732780456542969,-16.09996795654297,3.0,2
537,-17.64869499206543,-13.00806999206543,-0.04713219031691551,-3.0783822536468506,-14.76588249206543,3.0,3
538,-13.477739334106445,-0.9074265360832214,-0.5168015360832214,-11.524614334106445,-16.274614334106445,3.0,3
539,-16.057497024536133,-16.440309524536133,-10.940309524536133,-0.15124689042568207,-1.9637469053268433,5.0,4
540,-16.193078994750977,-16.763391494750977,-11.677454948425293,-0.02120455540716648,-3.8649544715881348,3.0,4
541,-15.427225112915039,-5.255350112915039,-0.005350317806005478,-9.067850112915039,-15.567850112915039,1.0,3
542,-15.983834266662598,-5.991646766662598,-0.0072716097347438335,-5.351021766662598,-14.390084266662598,4.0,3
543,-14.622922897338867,-3.318235158920288,-0.03698506951332092,-9.318235397338867,-15.271360397338867,3.0,3
544,-10.17237377166748,-0.0004987664869986475,-7.6879987716674805,-14.34424877166748,-17.281747817993164,3.0,2
545,-17.594560623168945,-17.969560623168945,-12.149249076843262,-0.008623739704489708,-4.7586236000061035,4.0,4
546,-16.199228286743164,-16.449228286743164,-10.933603286743164,-0.0039155022241175175,-5.550790309906006,5.0,4
547,-16.860605239868164,-14.430917739868164,-6.704355716705322,-0.0012306743301451206,-13.157480239868164,4.0,4
548,-8.331975936889648,-0.0038505473639816046,-5.62885046005249,-12.480413436889648,-15.667913436889648,4.0,2
549,-11.964892387390137,-0.011767731979489326,-4.449267864227295,-12.636767387390137,-16.214893341064453,3.0,2
550,-16.580984115600586,-14.307547569274902,-5.862234592437744,-0.0028597908094525337,-12.229422569274902,5.0,4
551,-15.196489334106445,-6.876176834106445,-0.001176975667476654,-8.860551834106445,-15.110551834106445,4.0,3
552,-14.892162322998047,-6.642162799835205,-0.0015376898227259517,-8.392162322998047,-15.157787322998047,4.0,3
553,-10.84919548034668,-0.47419583797454834,-0.9741958379745483,-9.26325798034668,-14.65388298034668,4.0,2
554,-16.800230026245117,-16.893980026245117,-11.386167526245117,-0.06585511565208435,-2.753355026245117,5.0,4
555,-17.797760009765625,-17.914947509765625,-11.336821556091309,-0.0008841419476084411,-7.047759056091309,3.0,4
556,-14.585066795349121,-3.803816556930542,-0.02256666123867035,-10.538191795349121,-15.796004295349121,4.0,3
557,-13.341753005981445,-2.0995657444000244,-0.13081564009189606,-9.162065505981445,-14.482378005981445,4.0,3
558,-15.344328880310059,-16.352142333984375,-11.899016380310059,-1.4537042379379272,-0.26620426774024963,4.0,5
559,-15.31694507598877,-5.324757099151611,-0.01225713174790144,-4.918507099151611,-14.87944507598877,4.0,3
560,-0.023998143151402473,-3.742748260498047,-10.875560760498047,-14.094310760498047,-14.758373260498047,2.0,1
561,-15.40056037902832,-12.50993537902832,-4.619309902191162,-0.009934977628290653,-11.25212287902832,4.0,4
562,-17.500370025634766,-17.344120025634766,-10.961308479309082,-0.00037079135654494166,-7.953495979309082,4.0,4
563,-12.876185417175293,-1.6886851787567139,-0.20431020855903625,-10.688685417175293,-14.946497917175293,2.0,3
564,-17.406497955322266,-16.679935455322266,-9.062747955322266,-0.00024828212917782366,-8.953372955322266,2.0,4
565,-17.805301666259766,-18.305301666259766,-12.461551666259766,-0.0006138585740700364,-7.406863689422607,3.0,4
566,-16.39807891845703,-17.02307891845703,-11.398078918457031,-0.06995368003845215,-2.694953680038452,4.0,4
567,-18.033782958984375,-14.354095458984375,-4.018157958984375,-0.018158039078116417,-12.518157958984375,4.0,4
568,-0.00025602878304198384,-8.297130584716797,-12.695568084716797,-14.617443084716797,-14.351818084716797,3.0,1
569,-16.56316566467285,-7.860040664672852,-0.0006654431927017868,-8.188165664672852,-15.750665664672852,1.0,3
570,-11.771471977233887,-0.5761590600013733,-0.8261590600013733,-8.482409477233887,-14.091784477233887,5.0,2
571,-9.047567367553711,-0.0006921279709786177,-7.469441890716553,-13.735067367553711,-16.45381736755371,1.0,2
572,-16.8857421875,-9.635741233825684,-0.07324157655239105,-2.6513664722442627,-14.034178733825684,3.0,3
573,-17.002357482910156,-12.760169982910156,-2.767982006072998,-0.06485703587532043,-12.822669982910156,3.0,4
574,-17.21897315979004,-16.91428565979004,-10.343973159790039,-0.0002232540718978271,-8.578348159790039,4.0,4
575,-10.422890663146973,-0.047891102731227875,-3.063516139984131,-11.813515663146973,-15.836953163146973,4.0,2
576,-13.1464204788208,-2.0448577404022217,-0.13860772550106049,-10.4901704788208,-15.2636079788208,5.0,3
577,-16.943836212158203,-9.936023712158203,-0.24852369725704193,-1.5141487121582031,-14.146961212158203,4.0,3
578,-15.031740188598633,-16.344240188598633,-11.797365188598633,-1.7270523309707642,-0.19580230116844177,4.0,5
579,-15.327628135681152,-15.921378135681152,-10.530753135681152,-0.06200335547327995,-2.8120033740997314,5.0,4
580,-0.3625796139240265,-1.190704584121704,-9.182891845703125,-12.682891845703125,-14.370391845703125,4.0,1
581,-17.842451095581055,-15.623702049255371,-5.037764549255371,-0.006514384411275387,-13.553389549255371,3.0,4
582,-13.177607536315918,-2.099483013153076,-0.13073290884494781,-10.708857536315918,-15.357295036315918,5.0,3
583,-7.645732402801514,-0.005107213277369738,-5.380107402801514,-12.098856925964355,-15.520731925964355,5.0,2
584,-12.455595016479492,-0.04934525117278099,-3.0337202548980713,-12.104032516479492,-16.174345016479492,3.0,2
585,-5.457461833953857,-0.004336596466600895,-9.7230863571167,-14.2699613571167,-16.504337310791016,3.0,2
586,-16.149553298950195,-16.977678298950195,-11.626116752624512,-0.4073665142059326,-1.0948665142059326,5.0,4
587,-13.961567878723145,-4.219379901885986,-0.016254989430308342,-6.563129901885986,-14.078755378723145,3.0,3
588,-11.094541549682617,-0.03985366225242615,-3.242978572845459,-12.125791549682617,-15.938291549682617,3.0,2
589,-15.033187866210938,-6.267563343048096,-0.0019382515456527472,-10.173812866210938,-15.611312866210938,3.0,3
590,-17.43400001525879,-11.394936561584473,-0.5043118000030518,-0.9261868000030518,-13.129311561584473,3.0,3
591,-12.737479209899902,-0.36247947812080383,-1.1906044483184814,-11.596854209899902,-16.04998016357422,3.0,2
592,-10.04955768585205,-0.002682660473510623,-5.940182685852051,-12.87768268585205,-16.276119232177734,3.0,2
593,-14.533246040344238,-6.2988715171813965,-0.0019964303355664015,-8.783246040344238,-15.283246040344238,3.0,3
594,-17.750045776367188,-17.281295776367188,-10.718795776367188,-4.6132929128361866e-05,-10.734420776367188,4.0,4
595,-11.723816871643066,-0.09881670773029327,-2.3644416332244873,-9.442566871643066,-15.348816871643066,2.0,2
596,-13.067497253417969,-0.3174970746040344,-1.3018720149993896,-12.184684753417969,-16.20030975341797,2.0,2
597,-10.783626556396484,-0.06487692147493362,-2.7680020332336426,-11.924251556396484,-15.807064056396484,2.0,2
598,-14.632535934448242,-3.093473434448242,-0.04659835621714592,-8.609098434448242,-15.296598434448242,4.0,3
599,-14.922961235046387,-2.9151487350463867,-0.05577382072806358,-9.915148735046387,-15.657336235046387,4.0,3
600,-16.90414810180664,-13.216647148132324,-2.4353973865509033,-0.09164734929800034,-12.919772148132324,4.0,4
601,-16.49332618713379,-9.829263687133789,-0.0011391110019758344,-6.829264163970947,-13.954263687133789,3.0,3
602,-14.507537841796875,-15.429412841796875,-10.937225341796875,-0.8981627225875854,-0.5231627225875854,4.0,5
603,-12.599163055419922,-1.8179130554199219,-0.17728805541992188,-9.317913055419922,-14.575725555419922,4.0,3
604,-13.945271492004395,-4.9452714920043945,-0.007771613076329231,-7.3827714920043945,-14.773396492004395,3.0,3
605,-13.613901138305664,-4.402963161468506,-0.012338262982666492,-10.887338638305664,-15.606088638305664,3.0,3
606,-15.349352836608887,-6.427478313446045,-0.03685317561030388,-3.364978075027466,-14.396227836608887,3.0,3
607,-15.638964653015137,-5.5686516761779785,-0.00615190714597702,-6.0686516761779785,-14.771777153015137,3.0,3
608,-9.266380310058594,-0.0007551440503448248,-7.328880310058594,-13.750755310058594,-16.344505310058594,3.0,2
609,-14.93114185333252,-6.5795793533325195,-0.0014543681172654033,-9.67332935333252,-15.62645435333252,4.0,3
610,-16.14670753479004,-15.990457534790039,-8.810770034790039,-0.013895203359425068,-4.295145034790039,5.0,4
611,-9.619053840637207,-0.009678581729531288,-4.650303363800049,-12.447178840637207,-15.892491340637207,3.0,2
612,-7.032284259796143,-0.0010344398906454444,-8.8135347366333,-14.2510347366333,-16.672908782958984,3.0,2
613,-0.00016711745411157608,-8.718916893005371,-13.375166893005371,-15.265791893005371,-14.797041893005371,4.0,1
614,-11.583839416503906,-2.755713939666748,-0.0838390365242958,-4.083838939666748,-14.451026916503906,4.0,3
615,-17.539894104003906,-16.493019104003906,-8.625831604003906,-0.0008316157618537545,-7.344581604003906,4.0,4
616,-16.016874313354492,-7.782498836517334,-0.0012490098597481847,-7.094998836517334,-14.704374313354492,3.0,3
617,-17.316917419433594,-10.98879337310791,-0.3091055154800415,-1.3247305154800415,-13.96535587310791,3.0,3
618,-15.410451889038086,-14.543264389038086,-8.457326889038086,-0.03545184060931206,-3.363576889038086,4.0,4
619,-17.102197647094727,-15.742822647094727,-7.906885147094727,-0.0006349454633891582,-8.250635147094727,4.0,4
620,-8.719858169555664,-0.0011080323019996285,-6.969858169555664,-13.016733169555664,-15.915170669555664,4.0,2
621,-14.884971618652344,-6.158409595489502,-0.0021594080608338118,-10.127159118652344,-15.424034118652344,2.0,3
622,-10.769680976867676,-0.03530559316277504,-3.3634305000305176,-9.933743476867676,-14.918118476867676,2.0,2
623,-8.141491889953613,-0.0008667526417411864,-7.469616889953613,-13.055554389953613,-15.907116889953613,3.0,2
624,-8.781524658203125,-0.00027497802511788905,-9.047149658203125,-14.172149658203125,-16.961212158203125,3.0,2
625,-15.455604553222656,-6.4087300300598145,-0.002479932736605406,-7.0962300300598145,-15.322792053222656,3.0,3
626,-12.796546936035156,-3.2731094360351562,-0.03873443603515625,-9.194984436035156,-15.179359436035156,5.0,3
627,-12.79407787322998,-2.3643903732299805,-0.09876541048288345,-10.31751537322998,-15.13001537322998,3.0,3
628,-8.676050186157227,-0.01980038732290268,-3.9416754245758057,-11.051050186157227,-14.965112686157227,4.0,2
629,-7.266383647918701,-0.0007588367443531752,-9.76638412475586,-14.22732162475586,-16.84450912475586,3.0,2
630,-0.2891109585762024,-1.3828608989715576,-8.507861137390137,-12.445361137390137,-14.804736137390137,3.0,1
631,-14.727391242980957,-7.407078742980957,-0.0008286379743367434,-8.438328742980957,-14.813328742980957,4.0,3
632,-10.552318572998047,-0.028880788013339043,-3.5601308345794678,-12.349193572998047,-15.903881072998047,3.0,2
633,-14.48318862915039,-3.8191256523132324,-0.022250762209296227,-9.78787612915039,-15.38943862915039,4.0,3
634,-17.158899307250977,-16.674524307250977,-9.908899307250977,-0.0026496085338294506,-5.955774784088135,5.0,4
635,-15.00067138671875,-7.56317138671875,-0.0006711614551022649,-8.81317138671875,-14.71160888671875,3.0,3
636,-11.76421070098877,-1.1157735586166382,-0.39702358841896057,-11.59233570098877,-15.60014820098877,3.0,3
637,-14.597892761230469,-3.6057050228118896,-0.027579911053180695,-10.340080261230469,-15.324455261230469,3.0,3
638,-17.414236068725586,-15.98454761505127,-8.73454761505127,-0.0001728385395836085,-11.64079761505127,4.0,4
639,-16.292009353637695,-6.315445899963379,-0.0029459670186042786,-6.784195899963379,-15.331070899963379,4.0,3
640,-13.623147010803223,-0.9356468319892883,-0.49814683198928833,-11.513772010803223,-16.763771057128906,3.0,3
641,-15.51420783996582,-16.63139533996582,-11.80327033996582,-1.1157705783843994,-0.39702051877975464,4.0,5
642,-16.898548126220703,-16.453235626220703,-9.593860626220703,-0.00011050090688513592,-10.140735626220703,5.0,4
643,-15.268115043640137,-3.4243650436401367,-0.033740054816007614,-7.408740043640137,-15.346240043640137,4.0,3
644,-17.04255485534668,-5.831616401672363,-0.003491617040708661,-7.503491401672363,-16.10505485534668,4.0,3
645,-15.727505683898926,-7.094693660736084,-0.0009435730753466487,-9.094693183898926,-15.602505683898926,3.0,3
646,-15.779109001159668,-16.302547454833984,-10.974421501159668,-0.08379683643579483,-2.521296739578247,5.0,4
647,-17.81287956237793,-16.28944206237793,-7.92225456237793,-0.00037949037505313754,-11.21912956237793,2.0,4
648,-15.693487167358398,-7.029424667358398,-0.07629947364330292,-2.6231744289398193,-14.334112167358398,4.0,3
649,-15.277007102966309,-5.675444602966309,-0.0035695426631718874,-8.925444602966309,-15.394194602966309,3.0,3
650,-11.050783157348633,-1.0039082765579224,-0.45703327655792236,-7.878908157348633,-15.621095657348633,4.0,3
651,-11.858245849609375,-0.5691837072372437,-0.8348087072372437,-9.998870849609375,-15.483245849609375,4.0,2
652,-16.86378288269043,-13.270033836364746,-2.535658597946167,-0.08253367990255356,-12.816908836364746,3.0,4
653,-17.45322036743164,-17.32822036743164,-11.086031913757324,-9.476689592702314e-05,-9.468844413757324,3.0,4
654,-15.683950424194336,-16.715200424194336,-11.465200424194336,-0.2698880434036255,-1.4417630434036255,4.0,4
655,-11.512925464970229,-11.512925464970229,-11.512925464970229,-11.512925464970229,-11.512925464970229,4.0,-1
656,-13.127283096313477,-4.033532619476318,-0.017907723784446716,-10.330408096313477,-15.299158096313477,4.0,3
657,-15.243185043334961,-7.063497543334961,-0.0009977606823667884,-8.875997543334961,-14.750997543334961,2.0,3
658,-15.984214782714844,-10.031089782714844,-0.757652759552002,-0.632652759552002,-13.226402282714844,4.0,4
659,-17.352739334106445,-15.399613380432129,-6.751175880432129,-0.0011759040644392371,-12.930863380432129,3.0,4
660,-17.691335678100586,-15.191335678100586,-5.566335678100586,-0.0038358219899237156,-13.128835678100586,3.0,4
661,-0.20726411044597626,-1.6760140657424927,-9.605701446533203,-13.097888946533203,-14.386951446533203,4.0,1
662,-16.911590576171875,-10.755340576171875,-0.005340120755136013,-5.239715099334717,-15.161590576171875,5.0,3
663,-16.406185150146484,-13.101497650146484,-4.171809673309326,-0.01555970311164856,-11.492122650146484,2.0,4
664,-10.468757629394531,-0.7578204870223999,-0.6328204870223999,-8.570320129394531,-14.750007629394531,5.0,3
665,-5.910141944885254,-0.003891990752890706,-6.753891944885254,-12.628891944885254,-15.792954444885254,3.0,2
666,-17.29419708251953,-18.26294708251953,-12.466072082519531,-0.11450954526662827,-2.2238845825195312,5.0,4
667,-8.812836647033691,-0.00033682872890494764,-8.594086647033691,-13.961274147033691,-16.609712600708008,2.0,2
668,-15.330107688903809,-15.541045188903809,-10.205107688903809,-0.2519829571247101,-1.5019829273223877,2.0,4
669,-16.10968589782715,-14.062810897827148,-8.109685897827148,-0.00031096869497559965,-11.804998397827148,3.0,4
670,-16.420879364013672,-16.725566864013672,-11.006815910339355,-0.03806620091199875,-3.2880661487579346,2.0,4
671,-17.117286682128906,-16.132911682128906,-9.296974182128906,-9.881961887003854e-05,-11.984474182128906,3.0,4
672,-10.063202857971191,-0.00070296844933182,-7.328827857971191,-14.071015357971191,-17.117891311645508,4.0,2
673,-14.617208480834961,-4.867208480834961,-0.007833711802959442,-9.148458480834961,-15.125020980834961,3.0,3
674,-17.399385452270508,-16.469697952270508,-8.469697952270508,-0.0009477414423599839,-7.219697952270508,5.0,4
675,-14.967750549316406,-6.7568135261535645,-0.08493849635124207,-2.5224385261535645,-14.491188049316406,1.0,3
676,-10.333917617797852,-0.005792735144495964,-5.162042617797852,-11.427667617797852,-15.458917617797852,2.0,2
677,-16.920639038085938,-12.826889038085938,-0.022201912477612495,-3.8190770149230957,-14.131576538085938,3.0,3
678,-16.461551666259766,-10.063115119934082,-0.2662400007247925,-1.4537400007247925,-13.531865119934082,5.0,3
679,-14.290875434875488,-15.509625434875488,-11.579937934875488,-2.2518131732940674,-0.11118808388710022,4.0,5
680,-10.647621154785156,-0.38199570775032043,-1.147620677947998,-9.405433654785156,-14.835121154785156,5.0,2
681,-13.405543327331543,-2.421168088912964,-0.09304320067167282,-10.608668327331543,-15.327418327331543,5.0,3
682,-17.648509979248047,-17.687572479248047,-11.078197479248047,-7.259582343976945e-05,-9.812572479248047,4.0,4
683,-16.343612670898438,-13.257674217224121,-0.9451742172241211,-0.4920492172241211,-12.882674217224121,3.0,4
684,-16.571645736694336,-10.595083236694336,-0.0013331820955500007,-6.641958236694336,-14.712270736694336,4.0,3
685,-14.409141540527344,-4.0028910636901855,-0.018516074866056442,-9.424766540527344,-15.159141540527344,2.0,3
686,-16.547285079956055,-17.281660079956055,-12.859785079956055,-0.00040999590419232845,-7.812910079956055,3.0,4
687,-11.639049530029297,-0.7249865531921387,-0.6624865531921387,-9.334362030029297,-14.764049530029297,3.0,3
688,-11.538989067077637,-0.00773943867534399,-4.867114543914795,-13.007739067077637,-16.413990020751953,3.0,2
689,-16.70258903503418,-11.124463081359863,-0.007275988347828388,-4.9291510581970215,-15.202588081359863,3.0,3
690,-16.14576530456543,-16.13795280456543,-9.99732780456543,-0.03639015182852745,-3.3332650661468506,5.0,4
691,-16.48478889465332,-16.76603889465332,-10.891037940979004,-0.0316632054746151,-3.469163179397583,2.0,4
692,-16.871723175048828,-13.043598175048828,-2.85609769821167,-0.0592227466404438,-12.692035675048828,3.0,4
693,-16.52130699157715,-17.04474449157715,-11.513494491577148,-0.16974423825740814,-1.8572442531585693,3.0,4
694,-17.618690490722656,-19.056190490722656,-13.610878944396973,-0.009316068142652512,-4.6811909675598145,5.0,4
695,-14.435121536254883,-3.560121774673462,-0.028871754184365273,-10.763246536254883,-15.528871536254883,4.0,3
696,-1.5139465176616795e-05,-11.281265258789062,-14.390640258789062,-15.867202758789062,-15.265640258789062,4.0,1
697,-0.003970122430473566,-5.535220146179199,-11.3086576461792,-13.9102201461792,-14.1680326461792,3.0,1
698,-16.832298278808594,-16.597923278808594,-10.121360778808594,-0.011985783465206623,-4.433860778808594,5.0,4
699,-9.117096900939941,-0.007722286507487297,-4.8827223777771,-12.429596900939941,-15.968659400939941,3.0,2
700,-9.32918930053711,-0.0010638536186888814,-6.938563823699951,-13.04012680053711,-16.11825180053711,3.0,2
701,-11.828417778015137,-0.00810488872230053,-4.8206048011779785,-13.523730278015137,-16.86747932434082,3.0,2
702,-17.21100616455078,-17.11725616455078,-10.734443664550781,-6.90197994117625e-05,-10.000068664550781,4.0,4
703,-12.069185256958008,-0.04574735835194588,-3.1082472801208496,-10.389497756958008,-16.006685256958008,3.0,2
704,-10.045075416564941,-0.04507581889629364,-3.1232008934020996,-11.271637916564941,-15.435700416564941,4.0,2
705,-18.127580642700195,-14.908831596374512,-4.572894096374512,-0.010393894277513027,-11.729144096374512,3.0,4
706,-18.414112091064453,-18.828174591064453,-13.273487091064453,-4.935142715112306e-05,-9.984424591064453,5.0,4
707,-16.36105728149414,-15.31418228149414,-8.31418228149414,-0.01730755716562271,-4.079807758331299,3.0,4
708,-11.898573875427246,-0.18763591349124908,-1.765760898590088,-11.054823875427246,-15.218886375427246,3.0,2
709,-14.999719619750977,-4.945032119750977,-0.007532172370702028,-7.866907119750977,-15.554407119750977,3.0,3
710,-14.62669849395752,-15.80638599395752,-11.33763599395752,-1.9235732555389404,-0.15794828534126282,4.0,5
711,-14.693075180053711,-15.435262680053711,-11.372762680053711,-2.974325180053711,-0.05245017632842064,4.0,5
712,-15.301579475402832,-5.20782995223999,-0.0203297957777977,-4.22345495223999,-14.778141975402832,1.0,3
713,-16.586870193481445,-10.360306739807129,-0.0009317824151366949,-7.016556739807129,-15.219681739807129,2.0,3
714,-16.700422286987305,-17.536359786987305,-12.239484786987305,-0.07542187720537186,-2.6222968101501465,3.0,4
715,-17.758146286010742,-17.398771286010742,-9.750333786010742,-0.0003333727945573628,-8.203458786010742,3.0,4
716,-16.374601364135742,-13.648038864135742,-2.5933516025543213,-0.07772670686244965,-11.882413864135742,1.0,4
717,-16.409008026123047,-16.659008026123047,-10.237133026123047,-0.002757796086370945,-5.909008026123047,3.0,4
718,-16.89628028869629,-13.013467788696289,-2.521280288696289,-0.08378028124570847,-13.068155288696289,4.0,4
719,-11.233505249023438,-0.02256806008517742,-3.8038179874420166,-11.077255249023438,-16.014755249023438,1.0,2
720,-17.281536102294922,-17.109661102294922,-10.359662055969238,-0.0002867764269467443,-8.281537055969238,4.0,4
721,-17.25454330444336,-12.746729850769043,-0.027979915961623192,-3.590479850769043,-14.676417350769043,3.0,3
722,-16.397729873657227,-16.882104873657227,-11.202417373657227,-0.09304254502058029,-2.4211676120758057,3.0,4
723,-17.774023056030273,-16.461523056030273,-7.469335556030273,-0.0005855038180015981,-11.649023056030273,4.0,4
724,-14.462468147277832,-8.751530647277832,-0.0015304292319342494,-6.595280647277832,-13.610905647277832,2.0,3
725,-14.56605052947998,-2.3785500526428223,-0.09730009734630585,-10.44886302947998,-15.88636302947998,5.0,3
726,-14.647544860839844,-16.147544860839844,-12.788169860839844,-3.803795099258423,-0.02254498191177845,4.0,5
727,-9.86089038848877,-0.001515431678853929,-6.5327653884887695,-12.70464038848877,-15.72807788848877,3.0,2
728,-15.534908294677734,-4.527095794677734,-0.011470794677734375,-7.433345794677734,-15.378658294677734,3.0,3
729,-16.796926498413086,-17.359426498413086,-12.843802452087402,-5.23315102327615e-05,-9.953177452087402,4.0,4
730,-17.66481590270996,-15.977314949035645,-7.6257524490356445,-0.0007526425761170685,-8.250752449035645,3.0,4
731,-12.94914722442627,-2.1132097244262695,-0.12883469462394714,-10.53508472442627,-15.08195972442627,3.0,3
732,-10.422791481018066,-0.0009166568052023649,-7.032166481018066,-13.829041481018066,-16.805604934692383,3.0,2
733,-16.406084060668945,-17.148271560668945,-11.695145606994629,-0.13264578580856323,-2.085770845413208,4.0,4
734,-17.034055709838867,-15.932493209838867,-7.924680709838867,-0.002805704018101096,-6.018430709838867,3.0,4
735,-16.917198181152344,-9.589073181152344,-0.01094775926321745,-4.5265727043151855,-14.589073181152344,3.0,3
736,-16.33078384399414,-8.30734634399414,-0.010471755638718605,-4.588596820831299,-14.22922134399414,3.0,3
737,-16.2031192779541,-16.9999942779541,-11.914056777954102,-0.44530653953552246,-1.0234315395355225,4.0,4
738,-12.803939819335938,-0.007064364850521088,-4.960189342498779,-10.663314819335938,-16.132064819335938,4.0,2
739,-10.640220642089844,-0.03865828737616539,-3.273033380508423,-12.616783142089844,-16.312095642089844,2.0,2
740,-12.518277168273926,-3.385464906692505,-0.041714996099472046,-4.963590145111084,-14.908902168273926,4.0,3
741,-4.684113502502441,-0.01223840843886137,-5.840363502502441,-11.613801002502441,-14.707551002502441,5.0,2
742,-6.258511543273926,-0.024136628955602646,-3.821011543273926,-10.641324043273926,-14.789761543273926,5.0,2
743,-14.451460838317871,-4.279585838317871,-0.013961037620902061,-11.178023338317871,-16.248336791992188,4.0,3
744,-14.579231262207031,-6.8761067390441895,-0.0011066034203395247,-9.547981262207031,-15.243293762207031,3.0,3
745,-18.054759979248047,-18.375072479248047,-12.109447479248047,-7.211902266135439e-05,-9.656322479248047,5.0,4
746,-10.314973831176758,-0.002473986940458417,-6.018098831176758,-13.494661331176758,-16.627473831176758,3.0,2
747,-11.127237319946289,-0.0022373187821358442,-6.111612319946289,-13.103799819946289,-16.61161231994629,2.0,2
748,-10.750737190246582,-0.23511244356632233,-1.5632374286651611,-10.219487190246582,-14.922612190246582,3.0,2
749,-16.300701141357422,-16.777263641357422,-11.136637687683105,-0.12882526218891144,-2.1132001876831055,4.0,4
750,-15.740095138549805,-10.974470138549805,-0.7010329365730286,-0.6854079365730286,-12.052595138549805,3.0,4
751,-17.46885871887207,-16.73448371887207,-9.578232765197754,-0.00010823617776622996,-10.203232765197754,3.0,4
752,-12.650167465209961,-0.15797974169254303,-1.9236047267913818,-9.954854965209961,-15.322042465209961,5.0,2
753,-17.352046966552734,-16.477046966552734,-9.781734466552734,-0.00048411093303002417,-7.766108989715576,4.0,4
754,-18.320409774780273,-18.179784774780273,-10.656346321105957,-9.679325739853084e-05,-9.546971321105957,4.0,4
755,-14.343267440795898,-4.202642440795898,-0.015142488293349743,-9.562017440795898,-15.272954940795898,3.0,3
756,-16.127994537353516,-13.448307037353516,-0.7998696565628052,-0.5967446565628052,-13.088932037353516,3.0,4
757,-15.546736717224121,-16.351425170898438,-11.531111717224121,-0.4920496344566345,-0.9451746344566345,5.0,4
758,-17.327598571777344,-15.179161071777344,-2.811973810195923,-0.061973776668310165,-13.944786071777344,4.0,4
759,-17.61910057067871,-15.517539024353027,-6.298789024353027,-0.0019139796495437622,-9.658164024353027,2.0,4
760,-17.182165145874023,-17.385290145874023,-11.064977645874023,-0.02591545134782791,-3.6665403842926025,3.0,4
761,-15.812578201293945,-16.648515701293945,-11.476640701293945,-0.3672659695148468,-1.1797659397125244,4.0,4
762,-17.509296417236328,-15.235858917236328,-6.517109394073486,-0.0014842457603663206,-12.845233917236328,3.0,4
763,-9.780770301818848,-0.022957375273108482,-3.7885823249816895,-11.687020301818848,-15.202645301818848,4.0,2
764,-16.289243698120117,-11.507993698120117,-2.265806198120117,-0.1095561683177948,-12.757993698120117,4.0,4
765,-15.346531867980957,-6.299657344818115,-0.0027821664698421955,-6.971532344818115,-14.479344367980957,4.0,3
766,-16.697097778320312,-12.056473731994629,-0.13459846377372742,-2.07209849357605,-13.462723731994629,4.0,3
767,-15.339948654174805,-5.535261631011963,-0.004011442419141531,-9.769636154174805,-15.558698654174805,2.0,3
768,-9.453987121582031,-0.0008625839254818857,-7.1571125984191895,-12.657112121582031,-16.57117462158203,4.0,2
769,-15.542496681213379,-16.425308227539062,-11.886246681213379,-0.8706212639808655,-0.5424962639808655,5.0,5
770,-11.026290893554688,-0.15129126608371735,-1.9637912511825562,-9.760665893554688,-14.877853393554688,4.0,2
771,-5.398159027099609,-0.007533947471529245,-5.820034027099609,-11.71847152709961,-14.81222152709961,2.0,2
772,-9.29798698425293,-0.0011120808776468039,-6.89173698425293,-12.93079948425293,-16.32142448425293,1.0,2
773,-17.547298431396484,-13.898860931396484,-2.7972984313964844,-0.06292347609996796,-12.859798431396484,3.0,4
774,-12.496525764465332,-0.9262135624885559,-0.5043385624885559,-10.191838264465332,-15.184025764465332,2.0,3
775,-17.740894317626953,-11.67058277130127,-0.0065199509263038635,-5.037769794464111,-15.03777027130127,3.0,3
776,-15.704068183898926,-8.680630683898926,-0.040005430579185486,-3.2431304454803467,-13.368130683898926,3.0,3
777,-14.63454532623291,-16.556419372558594,-13.55642032623291,-6.361107349395752,-0.0017325166845694184,5.0,5
778,-16.441864013671875,-16.754364013671875,-10.934051513671875,-0.0668642446398735,-2.738739252090454,5.0,4
779,-8.313312530517578,-0.0008122005965560675,-7.48518705368042,-12.914875030517578,-15.657062530517578,3.0,2
780,-16.781681060791016,-9.266056060791016,-0.00043096792069263756,-8.000431060791016,-15.969181060791016,4.0,3
781,-17.485551834106445,-16.532426834106445,-9.829300880432129,-0.001176023157313466,-6.798050880432129,4.0,4
782,-17.23015785217285,-17.67547035217285,-11.550471305847168,-0.01140880398452282,-4.480158805847168,2.0,4
783,-13.591326713562012,-2.724139451980591,-0.06788939982652664,-10.411639213562012,-15.169451713562012,3.0,3
784,-17.096485137939453,-11.151172637939453,-0.0027348517905920744,-5.908984661102295,-15.213672637939453,4.0,3
785,-17.203413009643555,-14.211224555969238,-4.820599555969238,-0.008099567145109177,-13.117474555969238,4.0,4
786,-14.71909236907959,-4.820654392242432,-0.0081545514985919,-9.75815486907959,-15.26596736907959,3.0,3
787,-17.382034301757812,-12.194533348083496,-0.014846199192106724,-4.217971324920654,-14.507033348083496,4.0,3
788,-17.232784271240234,-12.349970817565918,-0.037470895797014236,-3.303095817565918,-14.451533317565918,4.0,3
789,-15.550409317016602,-16.7925968170166,-12.026971817016602,-0.45665937662124634,-1.0035343170166016,4.0,4
790,-17.091299057006836,-16.380361557006836,-8.489736557006836,-0.005361700896173716,-5.270986557006836,3.0,4
791,-17.59442901611328,-14.766304969787598,-4.774117469787598,-0.008492308668792248,-12.274117469787598,3.0,4
792,-15.293063163757324,-11.543063163757324,-3.3633759021759033,-0.03525093197822571,-13.004000663757324,4.0,4
793,-16.32099723815918,-16.65693473815918,-11.274121284484863,-0.09443406015634537,-2.4069340229034424,5.0,4
794,-16.953927993774414,-17.086740493774414,-11.727365493774414,-0.0008030288736335933,-7.141427993774414,5.0,4
795,-15.607304573059082,-7.076054573059082,-0.013554796576499939,-4.372929573059082,-13.654179573059082,3.0,3
796,-13.838021278381348,-3.0489587783813477,-0.04895870015025139,-7.908333778381348,-14.408333778381348,3.0,3
797,-14.22044849395752,-13.17357349395752,-6.275135517120361,-0.009510566480457783,-4.884510517120361,2.0,4
798,-14.013313293457031,-3.560188055038452,-0.028938114643096924,-9.357063293457031,-14.622688293457031,2.0,3
799,-15.541282653808594,-6.408470630645752,-0.0022205475252121687,-7.470970630645752,-15.291282653808594,3.0,3
800,-16.76750373840332,-14.86906623840332,-6.283128261566162,-0.001878284616395831,-12.86906623840332,4.0,4
801,-10.524175643920898,-9.461675643920898,-5.492926120758057,-0.5085510611534119,-0.9304260611534119,3.0,4
802,-15.075539588928223,-3.911477565765381,-0.020852500572800636,-7.380227565765381,-14.817727088928223,2.0,3
803,-17.296911239624023,-17.164098739624023,-12.195348739624023,-3.6000557884108275e-05,-10.437536239624023,3.0,4
804,-14.925352096557617,-15.401914596557617,-10.589414596557617,-0.9644150733947754,-0.4800400733947754,4.0,5
805,-14.022317886352539,-2.82700514793396,-0.06138009577989578,-7.983254909515381,-15.225442886352539,3.0,3
806,-16.74233055114746,-16.64076805114746,-10.500143051147461,-0.0001429217227268964,-9.093893051147461,4.0,4
807,-15.375589370727539,-7.766214847564697,-0.10996474325656891,-2.2662148475646973,-13.664651870727539,1.0,3
808,-15.348122596740723,-5.7699971199035645,-0.004372322466224432,-6.6918721199035645,-14.996560096740723,2.0,3
809,-17.023591995239258,-16.304841995239258,-9.328278541564941,-0.00015364897262770683,-9.703278541564941,4.0,4
810,-11.512925464970229,-11.512925464970229,-11.512925464970229,-11.512925464970229,-11.512925464970229,2.0,-1
811,-15.46202564239502,-12.80577564239502,-4.7276506423950195,-0.00890072900801897,-12.26671314239502,4.0,4
812,-16.91429328918457,-16.75804328918457,-11.47679328918457,-0.00023100091493688524,-8.43773078918457,4.0,4
813,-16.907560348510742,-16.720060348510742,-10.766935348510742,-0.0013106813421472907,-6.6575608253479,4.0,4
814,-16.90372085571289,-13.052159309387207,-3.138096332550049,-0.04434635490179062,-13.263096809387207,2.0,4
815,-17.250202178955078,-17.226764678955078,-11.343952178955078,-0.00020203932945150882,-8.578327178955078,2.0,4
816,-17.354753494262695,-14.729753494262695,-5.7531914710998535,-0.00319126108661294,-11.979753494262695,3.0,4
817,-15.68142032623291,-16.072046279907227,-10.72048282623291,-0.017358288168907166,-4.064233303070068,2.0,4
818,-17.40691566467285,-17.59441566467285,-11.914729118347168,-0.0006665153778158128,-7.328791618347168,4.0,4
819,-13.3159761428833,-2.308163642883301,-0.10503864288330078,-8.2456636428833,-14.7769136428833,1.0,3
820,-15.346460342407227,-6.205834865570068,-0.002709886059165001,-7.283959865570068,-14.908960342407227,1.0,3
821,-15.461748123168945,-14.024248123168945,-7.235185623168945,-0.0008107712492346764,-9.391435623168945,1.0,4
822,-17.437551498413086,-16.960988998413086,-10.406301498413086,-5.1973900554003194e-05,-10.781301498413086,2.0,4
823,-16.87824058532715,-14.018866539001465,-4.511053562164307,-0.011053637601435184,-13.221991539001465,3.0,4
824,-16.02362823486328,-15.867378234863281,-10.383003234863281,-0.00019107422849629074,-8.765815734863281,4.0,4
825,-16.280099868774414,-12.616037368774414,-3.108225107192993,-0.04572504013776779,-12.530099868774414,1.0,4
826,-17.27689552307129,-12.808146476745605,-2.2378337383270264,-0.11283363401889801,-13.284708976745605,2.0,4
827,-14.569182395935059,-10.631682395935059,-0.045744627714157104,-3.1082446575164795,-13.678557395935059,4.0,3
828,-17.553104400634766,-11.20935344696045,-0.03747858852148056,-3.3031036853790283,-14.94372844696045,2.0,3
829,-14.141571044921875,-3.727508068084717,-0.0243831779807806,-10.290008544921875,-15.610321044921875,3.0,3
830,-16.96412467956543,-17.78443717956543,-12.261000633239746,-0.0031880526803433895,-5.753188133239746,4.0,4
831,-16.280723571777344,-11.476036071777344,-0.4682233929634094,-0.9838483929634094,-13.358848571777344,2.0,3
832,-17.63317108154297,-17.48473358154297,-11.586296081542969,-0.0003582789213396609,-7.9691081047058105,3.0,4
833,-17.195247650146484,-13.8358736038208,-4.171811103820801,-0.01556087750941515,-11.6483736038208,4.0,4
834,-15.816314697265625,-12.894439697265625,-2.113189697265625,-0.1288146823644638,-12.761627197265625,2.0,4
835,-16.315780639648438,-17.104843139648438,-12.307968139648438,-0.1985928863286972,-1.7142179012298584,2.0,4
836,-16.56636619567871,-10.394490242004395,-0.0038656287360936403,-5.566365718841553,-14.706990242004395,4.0,3
837,-14.089457511901855,-3.3785200119018555,-0.03477001190185547,-9.550395011901855,-15.019145011901855,3.0,3
838,-17.65316390991211,-10.33285140991211,-0.004726547282189131,-5.364101409912109,-15.43441390991211,4.0,3
839,-16.91423797607422,-16.77361297607422,-10.992362976074219,-0.0001754606782924384,-8.765800476074219,3.0,4
840,-16.152782440185547,-7.941844463348389,-0.019969604909420013,-3.9418447017669678,-13.848094940185547,3.0,3
841,-15.038152694702148,-3.8194031715393066,-0.022528082132339478,-8.006902694702148,-15.022527694702148,1.0,3
842,-16.579666137695312,-15.845291137695312,-9.204666137695312,-0.00154066551476717,-6.548415660858154,4.0,4
843,-13.26842975616455,-11.61999225616455,-4.729366779327393,-0.010616845451295376,-6.369991779327393,4.0,4
844,-16.835527420043945,-13.343339920043945,-3.2730276584625244,-0.03865266591310501,-11.265214920043945,4.0,4
845,-17.30500030517578,-16.78156280517578,-10.234688758850098,-0.0003133521240670234,-8.203438758850098,5.0,4
846,-16.385560989379883,-10.518372535705566,-0.002747691236436367,-5.908997535705566,-15.096497535705566,2.0,3
847,-14.271924018859863,-10.740674018859863,-2.6078615188598633,-0.07661155611276627,-10.818799018859863,2.0,4
848,-17.625102996826172,-18.586040496826172,-12.601664543151855,-0.00010215714428341016,-9.265727043151855,4.0,4
849,-16.47044563293457,-11.67357063293457,-0.0876326635479927,-2.478257656097412,-13.56419563293457,3.0,3
850,-15.474092483520508,-16.224092483520508,-10.825654983520508,-0.17721736431121826,-1.8178423643112183,2.0,4
851,-15.44516372680664,-14.07797622680664,-4.898288249969482,-0.0076632569544017315,-8.67953872680664,2.0,4
852,-17.680734634399414,-13.711984634399414,-2.915109872817993,-0.05573480948805809,-13.055734634399414,3.0,4
853,-17.449411392211914,-17.535348892211914,-11.043160438537598,-0.004098350182175636,-5.504098415374756,3.0,4
854,-15.254042625427246,-15.425917625427246,-10.058730125427246,-0.30091771483421326,-1.3477927446365356,3.0,4
855,-15.852408409118652,-8.703970909118652,-0.0008459088858217001,-7.297720909118652,-15.032095909118652,4.0,3
856,-16.328378677368164,-15.781503677368164,-10.234628677368164,-0.0002536452084314078,-8.453378677368164,5.0,4
857,-10.395881652832031,-0.21619369089603424,-1.638068675994873,-10.356819152832031,-15.083381652832031,2.0,2
858,-13.429250717163086,-3.093312978744507,-0.04643802344799042,-10.749563217163086,-15.757375717163086,2.0,3
859,-17.46882438659668,-16.16413688659668,-9.70319938659668,-7.414542778860778e-05,-11.44538688659668,4.0,4
860,-14.146232604980469,-7.404045581817627,-0.1540454924106598,-1.9509204626083374,-12.810295104980469,4.0,3
861,-17.70211410522461,-14.20211410522461,-3.2880516052246094,-0.038051627576351166,-12.54586410522461,4.0,4
862,-16.8443660736084,-15.313116073608398,-7.469366073608398,-0.0006160030607134104,-10.203741073608398,5.0,4
863,-17.796566009521484,-14.749691009521484,-4.187190532684326,-0.015315664000809193,-12.374691009521484,4.0,4
864,-15.313780784606934,-6.954406261444092,-0.0012811556225642562,-8.032530784606934,-15.048155784606934,3.0,3
865,-17.612768173217773,-14.19870662689209,-3.9721438884735107,-0.019018908962607384,-13.19870662689209,4.0,4
866,-8.862160682678223,-0.0027860894333571196,-5.940286159515381,-11.846535682678223,-15.463723182678223,2.0,2
867,-12.602736473083496,-0.2589866518974304,-1.4777367115020752,-12.368361473083496,-15.657423973083496,1.0,2
868,-15.321550369262695,-8.360612869262695,-0.0012375799706205726,-6.907487392425537,-14.493425369262695,5.0,3
869,-16.657001495361328,-14.891377449035645,-7.2038774490356445,-0.0007524043321609497,-12.172627449035645,3.0,4
870,-12.765646934509277,-2.1934269170742482e-05,-11.218771934509277,-14.148459434509277,-14.960959434509277,1.0,2
871,-17.49236488342285,-17.87517738342285,-12.703302383422852,-0.0001776060671545565,-8.672052383422852,4.0,4
872,-11.188843727111816,-0.3919687867164612,-1.1263437271118164,-10.063843727111816,-15.673218727111816,4.0,2
873,-16.2161865234375,-13.1146240234375,-3.880249500274658,-0.020874449983239174,-12.7708740234375,3.0,4
874,-16.34925651550293,-17.23988151550293,-12.294569969177246,-0.013319560326635838,-4.325819492340088,4.0,4
875,-16.56281280517578,-16.25031280517578,-10.172188758850098,-0.0003137096355203539,-8.203438758850098,2.0,4
876,-16.617523193359375,-16.195648193359375,-9.531585693359375,-0.0003358753747306764,-8.250335693359375,3.0,4
877,-16.565078735351562,-17.447891235351562,-12.268203735351562,-0.010391062125563622,-4.5728912353515625,4.0,4
878,-14.700124740600586,-14.700124740600586,-9.809499740600586,-0.26262426376342773,-1.4657492637634277,1.0,4
879,-15.142162322998047,-6.548412322998047,-0.0015370947076007724,-9.204662322998047,-15.720287322998047,1.0,3
880,-14.570295333862305,-15.710920333862305,-11.507795333862305,-1.3593580722808838,-0.2968580722808838,4.0,5
881,-16.044204711914062,-12.833268165588379,-2.2238929271698,-0.11451783776283264,-11.880143165588379,4.0,4
882,-17.9414119720459,-10.878911972045898,-0.003912058658897877,-5.550786972045898,-15.417974472045898,3.0,3
883,-16.862621307373047,-17.315746307373047,-11.886058807373047,-0.011058589443564415,-4.511058807373047,4.0,4
884,-12.037466049194336,-0.3577786087989807,-1.201528549194336,-10.428091049194336,-15.154653549194336,1.0,2
885,-15.738787651062012,-13.996600151062012,-2.535662889480591,-0.08253796398639679,-12.996600151062012,1.0,4
886,-16.458702087402344,-17.435264587402344,-12.880577087402344,-0.005577359814196825,-5.193077564239502,3.0,4
887,-14.692747116088867,-5.270872116088867,-0.005247153807431459,-9.286497116088867,-15.348997116088867,2.0,3
888,-11.47665023803711,-0.17977483570575714,-1.8047748804092407,-11.00790023803711,-15.15633773803711,2.0,2
889,-15.118927001953125,-6.939239978790283,-0.001739775761961937,-7.173614978790283,-14.767364501953125,4.0,3
890,-16.90411376953125,-16.93536376953125,-11.240050315856934,-0.0056753926910459995,-5.177550315856934,1.0,4
891,-15.861013412475586,-7.189137935638428,-0.032888077199459076,-3.454763174057007,-14.236013412475586,1.0,3
892,-16.61996078491211,-17.24496078491211,-11.67464828491211,-0.002773607149720192,-5.893398761749268,4.0,4
893,-16.39083480834961,-16.39864730834961,-10.11739730834961,-0.015834543853998184,-4.156459331512451,3.0,4
894,-16.485923767089844,-10.907798767089844,-0.7827990055084229,-0.6109240055084229,-13.564048767089844,2.0,4
895,-16.367355346679688,-16.398605346679688,-11.937667846679688,-0.00016807096835691482,-8.750167846679688,4.0,4
896,-13.318824768066406,-3.639137029647827,-0.029761988669633865,-5.795386791229248,-13.350074768066406,1.0,3
897,-15.786507606506348,-11.786507606506348,-0.23181980848312378,-1.5755698680877686,-13.169320106506348,1.0,3
898,-15.034082412719727,-5.010644912719727,-0.010644916445016861,-5.541894912719727,-14.635644912719727,3.0,3
899,-17.128860473632812,-10.488236427307129,-0.0038613537326455116,-5.566361427307129,-14.988236427307129,3.0,3
900,-15.144490242004395,-15.402302742004395,-9.917927742004395,-0.12886551022529602,-2.1132404804229736,2.0,4
901,-15.79293155670166,-8.61324405670166,-0.01949378475546837,-3.956993818283081,-14.06636905670166,1.0,3
902,-14.152125358581543,-5.613062381744385,-0.00368760759010911,-10.441187858581543,-14.964625358581543,4.0,3
903,-16.65411949157715,-12.372868537902832,-1.8572437763214111,-0.16974373161792755,-12.919743537902832,3.0,4
904,-16.77806854248047,-17.28588104248047,-11.770256042480469,-0.0046315062791109085,-5.379631519317627,4.0,4
905,-15.948493003845215,-15.307868003845215,-9.284430503845215,-0.0031802100129425526,-5.784430027008057,4.0,4
906,-16.83934783935547,-10.597159385681152,-0.0034097647294402122,-5.6909098625183105,-15.089346885681152,2.0,3
907,-17.35944938659668,-16.32038688659668,-9.703200340270996,-7.533743337262422e-05,-11.367262840270996,4.0,4
908,-17.486780166625977,-14.955530166625977,-6.033655166625977,-0.002405014121904969,-13.221155166625977,4.0,4
909,-13.383712768554688,-0.000900101731531322,-7.0321502685546875,-11.141525268554688,-16.000900268554688,2.0,2
910,-16.71529769897461,-14.19967269897461,-5.441860198974609,-0.004360216204077005,-11.30904769897461,4.0,4
911,-16.492652893066406,-15.023902893066406,-7.7348408699035645,-0.00046564225340262055,-10.609840393066406,3.0,4
912,-15.349141120910645,-5.552266597747803,-0.0053914617747068405,-6.505391597747803,-14.442891120910645,2.0,3
913,-16.385482788085938,-15.705795288085938,-8.580795288085938,-0.002670533722266555,-6.002670764923096,2.0,4
914,-16.59385871887207,-16.56260871887207,-10.67198371887207,-0.00010907054820563644,-9.42198371887207,4.0,4
915,-16.89092445373535,-11.172173500061035,-0.008111155591905117,-4.820611000061035,-14.554986000061035,3.0,3
916,-17.30472755432129,-16.75004005432129,-10.640664100646973,-3.9457496313843876e-05,-11.273476600646973,2.0,4
917,-18.132862091064453,-17.375049591064453,-10.10942554473877,-5.030505417380482e-05,-11.78911304473877,4.0,4
918,-17.703245162963867,-16.859495162963867,-9.156370162963867,-0.00012063252506777644,-11.296995162963867,4.0,4
919,-14.556079864501953,-15.860767364501953,-12.524829864501953,-3.2279553413391113,-0.04045522212982178,4.0,5
920,-15.167896270751953,-15.316333770751953,-10.074146270751953,-0.29289647936820984,-1.3710215091705322,4.0,4
921,-17.245271682739258,-14.698396682739258,-5.815584659576416,-0.0030845466535538435,-9.253084182739258,3.0,4
922,-15.178735733032227,-15.983423233032227,-10.358423233032227,-0.006860747467726469,-4.991235733032227,5.0,4
923,-16.812824249267578,-15.922199249267578,-8.422199249267578,-0.00032419670606032014,-9.219074249267578,1.0,4
924,-15.411528587341309,-15.388091087341309,-10.106841087341309,-0.005278578493744135,-5.255278587341309,2.0,4
925,-16.066495895385742,-12.527432441711426,-3.363370180130005,-0.03524529188871384,-12.347744941711426,3.0,4
926,-13.852289199829102,-4.141351699829102,-0.016351863741874695,-8.063226699829102,-14.946039199829102,3.0,3
927,-17.8442325592041,-16.4145450592041,-7.703606605529785,-0.0004817279113922268,-10.500481605529785,2.0,4
928,-16.409500122070312,-15.893874168395996,-9.706374168395996,-0.003249248256906867,-5.753249168395996,5.0,4
929,-16.61728858947754,-16.32822608947754,-10.890726089477539,-0.00010096516780322418,-9.437601089477539,1.0,4
930,-17.37571907043457,-17.24290657043457,-10.469470024108887,-0.000719645875506103,-7.2819695472717285,2.0,4
931,-18.226581573486328,-17.859394073486328,-11.375019073486328,-1.9073304429184645e-05,-12.062519073486328,3.0,4
932,-15.089521408081055,-9.706708908081055,-1.0035836696624756,-0.4567086696624756,-12.745771408081055,4.0,4
933,-15.353616714477539,-6.283304214477539,-0.0020542489364743233,-8.611429214477539,-15.002054214477539,2.0,3
934,-16.062719345092773,-15.08615779876709,-9.01584529876709,-0.00022027450904715806,-9.29709529876709,5.0,4
935,-15.91309642791748,-15.77247142791748,-10.04590892791748,-0.0380968414247036,-3.2880969047546387,3.0,4
936,-16.204832077026367,-8.501707077026367,-0.0017070496687665582,-6.501707077026367,-14.642332077026367,2.0,3
937,-16.812517166137695,-16.601579666137695,-11.234392166137695,-1.6927575416048057e-05,-13.156267166137695,3.0,4
938,-16.486848831176758,-17.072786331176758,-11.752473831176758,-0.04934842884540558,-3.0337233543395996,3.0,4
939,-11.494256973266602,-0.14269472658634186,-2.0176947116851807,-11.806756973266602,-15.908319473266602,1.0,2
940,-16.127607345581055,-16.533857345581055,-11.440108299255371,-0.0026082326658070087,-5.955733299255371,4.0,4
941,-17.455156326293945,-14.955156326293945,-6.205156326293945,-0.00203116936609149,-12.181718826293945,2.0,4
942,-16.704669952392578,-11.407793998718262,-0.7827941179275513,-0.6109191179275513,-12.782793998718262,2.0,4
943,-15.659661293029785,-14.175286293029785,-5.722160816192627,-0.003410833887755871,-9.034661293029785,4.0,4
944,-8.974761009216309,-2.8263232707977295,-0.12319835275411606,-2.8731982707977295,-10.849761009216309,2.0,3
945,-16.78834342956543,-9.83521842956543,-0.007093483582139015,-4.96021842956543,-14.68678092956543,1.0,3
946,-18.101654052734375,-18.109466552734375,-11.195404052734375,-9.178694017464295e-05,-9.484466552734375,3.0,4
947,-16.486610412597656,-14.72098445892334,-6.11160945892334,-0.0022345830220729113,-11.50223445892334,3.0,4
948,-15.625055313110352,-9.343805313110352,-0.2969306409358978,-1.3594306707382202,-13.328180313110352,3.0,3
949,-15.307540893554688,-5.5106658935546875,-0.01066567562520504,-5.0262908935546875,-15.057540893554688,3.0,3
950,-16.320846557617188,-15.898970603942871,-9.656783103942871,-0.0005335576133802533,-7.672408580780029,3.0,4
951,-15.536608695983887,-5.560046195983887,-0.013171215541660786,-4.685046195983887,-14.138171195983887,1.0,3
952,-17.289348602294922,-16.336223602294922,-8.375287055969238,-0.000286657246761024,-9.812787055969238,3.0,4
953,-18.486499786376953,-16.580249786376953,-6.158374786376953,-0.00212479243054986,-12.259937286376953,4.0,4
954,-16.335866928100586,-16.749929428100586,-11.249929428100586,-0.03117905557155609,-3.4843039512634277,4.0,4
955,-15.900596618652344,-15.095909118652344,-6.1427836418151855,-0.0021586944349110126,-12.244346618652344,3.0,4
956,-17.056331634521484,-17.189144134521484,-11.017268180847168,-0.0016434985445812345,-6.423518657684326,2.0,4
957,-16.386310577392578,-6.612873077392578,-0.0034979130141437054,-6.144123077392578,-14.839435577392578,3.0,3
958,-17.359560012817383,-16.562685012817383,-9.531434059143066,-0.0001842805795604363,-9.140809059143066,2.0,4
959,-14.986505508422852,-4.666193008422852,-0.00994300376623869,-7.634943008422852,-14.697443008422852,4.0,3
960,-13.495558738708496,-2.753371000289917,-0.06587096303701401,-10.362746238708496,-15.081496238708496,4.0,3
961,-16.663095474243164,-11.459970474243164,-0.11622065305709839,-2.209970712661743,-13.709970474243164,3.0,3
962,-15.773820877075195,-5.117570877075195,-0.008196053095161915,-6.133195877075195,-14.742570877075195,1.0,3
963,-17.874906539916992,-13.007719039916992,-0.2811563313007355,-1.406156301498413,-13.913969039916992,2.0,3
964,-16.18192481994629,-16.77567481994629,-11.486611366271973,-0.0022367238998413086,-6.111611843109131,5.0,4
965,-15.174581527709961,-5.940206527709961,-0.0027063193265348673,-9.565206527709961,-15.916769027709961,4.0,3
966,-15.828533172607422,-16.273845672607422,-10.750408172607422,-0.08634580671787262,-2.492595911026001,4.0,4
967,-16.161394119262695,-16.864519119262695,-11.833269119262695,-0.11451911181211472,-2.2238941192626953,3.0,4
968,-17.370086669921875,-15.041961669921875,-5.846649169921875,-0.0028993734158575535,-12.768524169921875,5.0,4
969,-15.742588996887207,-8.141026496887207,-0.0004017737810499966,-9.125401496887207,-15.336338996887207,4.0,3
970,-16.813486099243164,-17.680673599243164,-12.461923599243164,-0.04786133021116257,-3.063486337661743,5.0,4
971,-17.36955451965332,-15.15861701965332,-6.04924201965332,-0.0023670769296586514,-12.97892951965332,4.0,4
972,-8.533370018005371,-0.03336990252137184,-3.423995018005371,-10.470870018005371,-14.369307518005371,4.0,2
973,-14.505868911743164,-15.740243911743164,-12.263681411743164,-3.544931173324585,-0.029306087642908096,4.0,5
974,-14.013570785522461,-2.521383047103882,-0.08388299494981766,-9.115133285522461,-15.537008285522461,3.0,3
975,-16.65670394897461,-11.60982894897461,-0.21920371055603027,-1.6254537105560303,-13.67232894897461,2.0,3
976,-16.198274612426758,-16.323274612426758,-10.299836158752441,-0.034211449325084686,-3.3935863971710205,4.0,4
977,-12.846251487731934,-2.3931260108947754,-0.09625107795000076,-7.799376010894775,-14.768126487731934,4.0,3
978,-16.279605865478516,-10.662419319152832,-0.6624192595481873,-0.7249192595481873,-13.146794319152832,4.0,3
979,-17.649459838867188,-18.501022338867188,-12.844773292541504,-0.0010231266496703029,-6.891648292541504,4.0,4
980,-17.061037063598633,-10.03760051727295,-0.16260012984275818,-1.8969751596450806,-14.38916301727295,3.0,3
981,-6.321238040924072,-0.008738255128264427,-4.977488040924072,-11.74311351776123,-15.30561351776123,2.0,2
982,-17.06267547607422,-14.242363929748535,-4.836113452911377,-0.007988526485860348,-11.609551429748535,4.0,4
983,-17.273521423339844,-17.156333923339844,-11.062583923339844,-8.427741704508662e-05,-9.625083923339844,3.0,4
984,-12.870725631713867,-0.09728776663541794,-2.378537654876709,-11.198850631713867,-15.909788131713867,4.0,2
985,-15.99471378326416,-16.299400329589844,-11.73690128326416,-0.002526070224121213,-5.98690128326416,3.0,4
986,-15.805681228637695,-12.102556228637695,-3.0634937286376953,-0.04786882922053337,-12.797868728637695,3.0,4
987,-13.43541145324707,-2.099473476409912,-0.1307234913110733,-11.07603645324707,-15.58384895324707,2.0,3
988,-16.805471420288086,-16.586721420288086,-10.586722373962402,-0.0007846852531656623,-7.188284873962402,3.0,4
989,-13.59602165222168,-4.03352165222168,-0.017896482720971107,-10.70539665222168,-15.61164665222168,3.0,3
990,-10.429186820983887,-0.1557496041059494,-1.9369995594024658,-9.827624320983887,-13.827624320983887,3.0,2
991,-15.644181251525879,-16.269182205200195,-11.276993751525879,-0.22230644524097443,-1.612931489944458,3.0,4
992,-16.376415252685547,-16.251415252685547,-10.03266429901123,-0.0014146092580631375,-6.595164775848389,2.0,4
993,-16.40973472595215,-15.534735679626465,-8.284735679626465,-0.003485677298158407,-5.737860679626465,1.0,4
994,-15.182613372802734,-15.081050872802734,-9.002925872802734,-0.19042618572711945,-1.752926230430603,2.0,4
995,-15.455662727355957,-7.705662250518799,-0.09628734737634659,-2.393162250518799,-13.400975227355957,4.0,3
996,-16.700563430786133,-12.08337688446045,-1.5755642652511597,-0.23181423544883728,-13.05993938446045,4.0,4
997,-16.852264404296875,-15.492888450622559,-8.266325950622559,-0.0007014198345132172,-7.735076427459717,2.0,4
998,-15.090776443481445,-5.3485894203186035,-0.004839255474507809,-9.551713943481445,-15.504838943481445,1.0,3
999,-16.203298568725586,-15.757986068725586,-9.531423568725586,-0.00017391123401466757,-9.234548568725586,1.0,4
1000,-15.28276252746582,-14.17338752746582,-6.8140130043029785,-0.017137888818979263,-4.1421380043029785,3.0,4
1001,-13.99714183807373,-4.403392314910889,-0.012767125852406025,-7.715892314910889,-14.91901683807373,4.0,3
1002,-14.90835189819336,-6.252101898193359,-0.0021019524428993464,-8.67397689819336,-15.25991439819336,4.0,3
1003,-16.19696617126465,-16.82977867126465,-12.353216171264648,-0.009466167539358139,-4.665716171264648,4.0,4
1004,-12.649230003356934,-2.1961045265197754,-0.11797957867383957,-10.008605003356934,-15.102355003356934,1.0,3
1005,-15.58094310760498,-4.6043806076049805,-0.010630527511239052,-7.4793806076049805,-15.02625560760498,1.0,3
1006,-16.635711669921875,-9.331024169921875,-0.018524616956710815,-4.002899646759033,-14.096649169921875,4.0,3
1007,-17.2277774810791,-17.8371524810791,-11.930903434753418,-0.0012159105390310287,-6.719965934753418,3.0,4
1008,-17.160551071166992,-17.207426071166992,-10.652738571166992,-0.004301225300878286,-5.457426071166992,3.0,4
1009,-16.919845581054688,-13.521407127380371,-0.32609477639198303,-1.2792197465896606,-12.560469627380371,3.0,3
1010,-17.237590789794922,-15.034465789794922,-5.800090789794922,-0.003215620992705226,-8.628215789794922,2.0,4
1011,-16.295438766479492,-12.459501266479492,-2.9595017433166504,-0.053251635283231735,-12.772001266479492,1.0,4
1012,-17.495004653930664,-17.862192153930664,-11.588754653930664,-0.002817234955728054,-5.877817153930664,2.0,4
1013,-15.812553405761719,-13.257865905761719,-13.125053405761719,-5.364274329622276e-05,-13.601615905761719,4.0,4
1014,-14.468803405761719,-12.921928405761719,-10.632865905761719,-5.352353764465079e-05,-12.226615905761719,3.0,4
1015,-16.401857376098633,-16.815919876098633,-11.831544876098633,-0.011232002638280392,-4.495606899261475,3.0,4
1016,-16.219369888305664,-8.656869888305664,-0.0006198153714649379,-7.719369888305664,-15.266244888305664,2.0,3
1017,-16.1926212310791,-16.5285587310791,-10.833246231079102,-0.07543414831161499,-2.6223092079162598,2.0,4
1018,-15.9744291305542,-17.068180084228516,-12.3338041305542,-0.16974201798439026,-1.8572419881820679,3.0,4
1019,-16.486066818237305,-14.431378364562988,-6.3923163414001465,-0.0016913408180698752,-11.384503364562988,4.0,4
1020,-17.716182708740234,-11.94274616241455,-0.020870830863714218,-3.8802459239959717,-14.66149616241455,3.0,3
1021,-17.157360076904297,-16.774547576904297,-10.188610076904297,-0.0011098184622824192,-6.844859600067139,3.0,4
1022,-11.941861152648926,-0.30123618245124817,-1.3481111526489258,-7.941861152648926,-14.238736152648926,1.0,2
1023,-14.710774421691895,-4.8826494216918945,-0.00764929736033082,-10.085774421691895,-16.265460968017578,4.0,3
1024,-15.520966529846191,-12.247529029846191,-0.9740915894508362,-0.4740915894508362,-12.942841529846191,4.0,4
1025,-17.26592445373535,-15.945611953735352,-8.125299453735352,-0.00029952809563837945,-13.234674453735352,1.0,4
1026,-10.627462387084961,-0.3305870294570923,-1.2680870294570923,-9.221212387084961,-14.439962387084961,2.0,2
1027,-15.003888130187988,-9.027325630187988,-0.28513845801353455,-1.394513487815857,-13.558575630187988,1.0,3
1028,-16.47704315185547,-15.055167198181152,-7.7036051750183105,-0.00047994061606004834,-10.609854698181152,2.0,4
1029,-12.684313774108887,-1.0436888933181763,-0.4343138635158539,-8.934313774108887,-14.989001274108887,1.0,3
1030,-13.43896770477295,-13.84521770477295,-9.81396770477295,-1.0639680624008179,-0.42334309220314026,5.0,5
1031,-10.974258422851562,-0.0055082449689507484,-5.2086334228515625,-12.216445922851562,-16.099258422851562,4.0,2
1032,-17.144929885864258,-11.543366432189941,-0.019929172471165657,-3.9261791706085205,-14.590241432189941,4.0,3
1033,-13.417580604553223,-13.917580604553223,-9.448830604553223,-0.8707059025764465,-0.5425809025764465,3.0,5
1034,-16.114042282104492,-15.614041328430176,-10.223416328430176,-0.004666747059673071,-5.379666805267334,3.0,4
1035,-12.315903663635254,-0.019028617069125175,-3.972153663635254,-11.503403663635254,-16.144027709960938,2.0,2
1036,-16.895713806152344,-12.34883975982666,-0.03633945807814598,-3.333214521408081,-13.86446475982666,5.0,3
1037,-15.564053535461426,-7.399991035461426,-0.00936602521687746,-4.743741035461426,-14.001553535461426,2.0,3
1038,-13.828441619873047,-4.820629596710205,-0.008129365742206573,-10.336254119873047,-15.406566619873047,3.0,3
1039,-15.281721115112305,-15.805158615112305,-10.812971115112305,-0.2192208468914032,-1.6254708766937256,3.0,4
1040,-16.924407958984375,-13.846282958984375,-4.018157958984375,-0.018157804384827614,-12.799407958984375,3.0,4
1041,-0.08257802575826645,-2.53570294380188,-9.9810152053833,-13.4419527053833,-14.6607027053833,2.0,1
1042,-16.867265701293945,-15.336016654968262,-9.515704154968262,-7.879423355916515e-05,-12.882891654968262,4.0,4
1043,-16.2194766998291,-15.196039199829102,-7.766351699829102,-0.0007269124034792185,-8.110101699829102,3.0,4
1044,-10.032681465148926,-0.9076812863349915,-0.5170562863349915,-8.423306465148926,-14.626431465148926,4.0,3
1045,-16.2978572845459,-14.524419784545898,-7.11035680770874,-0.0009819215629249811,-8.766607284545898,4.0,4
1046,-17.2943115234375,-17.7552490234375,-11.9583740234375,-0.02087363228201866,-3.880248546600342,4.0,4
1047,-16.946800231933594,-15.860861778259277,-8.017111778259277,-0.0014869834994897246,-6.767111778259277,4.0,4
1048,-16.219409942626953,-16.539722442626953,-11.10222339630127,-0.000660439720377326,-7.360035419464111,4.0,4
1049,-16.19182586669922,-9.894951820373535,-0.004326744936406612,-5.457451820373535,-14.363701820373535,3.0,3
1050,-16.210798263549805,-11.648298263549805,-1.382672905921936,-0.2889229357242584,-12.874860763549805,4.0,4
1051,-17.22035789489746,-17.49379539489746,-11.978170394897461,-0.0016079128254204988,-6.439107894897461,3.0,4
1052,-16.75198745727539,-10.39261245727539,-0.376987099647522,-1.158237099647522,-14.27542495727539,2.0,3
1053,-16.524465560913086,-9.547903060913086,-0.0010284854797646403,-6.954153537750244,-15.461965560913086,2.0,3
1054,-14.937803268432617,-14.320615768432617,-8.929990768432617,-0.008115294389426708,-4.836240291595459,1.0,4
1055,-16.605331420898438,-9.847518920898438,-0.003768724389374256,-5.5975189208984375,-14.605331420898438,2.0,3
1056,-14.205343246459961,-2.900655746459961,-0.056905679404735565,-8.025655746459961,-14.556905746459961,2.0,3
1057,-15.575255393981934,-15.715880393981934,-10.879942893981934,-0.004942461382597685,-5.317442417144775,3.0,4
1058,-16.676799774169922,-14.161174774169922,-5.317424297332764,-0.004924312233924866,-12.723674774169922,3.0,4
1059,-16.392841339111328,-16.892841339111328,-10.705340385437012,-0.0022155519109219313,-6.127215385437012,3.0,4
1060,-16.56456756591797,-12.252066612243652,-2.0176920890808105,-0.14269204437732697,-12.455191612243652,4.0,4
1061,-3.3184814453125,-0.03723134100437164,-8.0216064453125,-12.2950439453125,-14.7091064453125,2.0,2
1062,-15.571572303771973,-6.798134803771973,-0.001259963377378881,-8.860634803771973,-15.626259803771973,2.0,3
1063,-16.09347152709961,-16.32784652709961,-10.57784652709961,-0.007533947471529245,-4.898159027099609,3.0,4
1064,-17.609834671020508,-16.695772171020508,-7.969209671020508,-0.0004596845537889749,-9.109834671020508,2.0,4
1065,-15.13329792022705,-15.75829792022705,-10.07079792022705,-0.21923521161079407,-1.6254851818084717,1.0,4
1066,-16.946481704711914,-17.008981704711914,-11.305856704711914,-0.0011689979583024979,-6.766794204711914,5.0,4
1067,-16.868080139160156,-13.63370418548584,-3.454016923904419,-0.03214193135499954,-12.43839168548584,4.0,4
1068,-15.31294059753418,-7.766066074371338,-0.0004409771354403347,-11.04731559753418,-15.93794059753418,4.0,3
1069,-16.759048461914062,-15.001235961914062,-6.7043609619140625,-0.0012361512053757906,-12.024673461914062,3.0,4
1070,-10.954340934753418,-0.5168409943580627,-0.9074659943580627,-10.399653434753418,-15.524653434753418,3.0,2
1071,-16.25731658935547,-12.476066589355469,-0.24169138073921204,-1.5385663509368896,-13.671379089355469,2.0,3
1072,-15.7772855758667,-16.105409622192383,-11.3554105758667,-0.003847816027700901,-5.566347599029541,3.0,4
1073,-18.10883140563965,-11.749455451965332,-0.007268177345395088,-4.929142951965332,-15.796330451965332,4.0,3
1074,-13.201727867126465,-1.1157901287078857,-0.39704015851020813,-10.318915367126465,-15.545477867126465,4.0,3
1075,-16.259599685668945,-16.048662185668945,-9.462725639343262,-0.017412764951586723,-4.0642876625061035,3.0,4
1076,-16.297075271606445,-10.554887771606445,-0.023637641221284866,-3.758012533187866,-14.883012771606445,3.0,3
1077,-16.80280113220215,-13.732488632202148,-4.29498815536499,-0.01373836025595665,-13.107488632202148,3.0,4
1078,-15.509440422058105,-16.571941375732422,-11.954752922058105,-0.9547532200813293,-0.48600322008132935,3.0,5
1079,-10.724222183227539,-0.2554720640182495,-1.4898470640182495,-10.935159683227539,-15.419534683227539,4.0,2
1080,-15.71131706237793,-9.62537956237793,-0.17225413024425507,-1.8441290855407715,-13.21912956237793,4.0,3
1081,-15.414314270019531,-15.390876770019531,-9.539314270019531,-0.023689566180109978,-3.7580645084381104,3.0,4
1082,-0.00022551853908225894,-8.437725067138672,-12.812725067138672,-14.250225067138672,-12.812725067138672,2.0,1
1083,-8.825007438659668,-0.028132686391472816,-3.590632677078247,-11.410944938659668,-15.614069938659668,2.0,2
1084,-16.750896453857422,-17.672771453857422,-12.297771453857422,-0.0008966478053480387,-7.032146453857422,4.0,4
1085,-16.49243927001953,-14.922127723693848,-8.312752723693848,-0.0002526917669456452,-12.562752723693848,4.0,4
1086,-17.96230125427246,-15.946675300598145,-6.610738277435303,-0.0013630633475258946,-11.196675300598145,4.0,4
1087,-17.757930755615234,-17.343868255615234,-10.843868255615234,-0.00011860620725201443,-9.250118255615234,3.0,4
1088,-16.744062423706055,-13.869063377380371,-6.283125877380371,-0.0018756669014692307,-12.962813377380371,3.0,4
1089,-10.84438419342041,-0.14907151460647583,-1.977196455001831,-11.22719669342041,-15.72719669342041,2.0,2
1090,-16.13640785217285,-16.77703285217285,-11.769220352172852,-0.011408097110688686,-4.48015832901001,4.0,4
1091,-16.92680549621582,-17.29399299621582,-11.59086799621582,-0.004930362105369568,-5.31743049621582,2.0,4
1092,-16.547021865844727,-17.211084365844727,-12.023584365844727,-0.00014649749209638685,-8.890771865844727,4.0,4
1093,-15.774208068847656,-14.539833068847656,-7.203895568847656,-0.000770391256082803,-10.860145568847656,3.0,4
1094,-15.25898551940918,-13.16523551940918,-5.22773551940918,-0.00898544117808342,-5.63398551940918,1.0,4
1095,-14.386908531188965,-13.855658531188965,-7.886908054351807,-0.40253326296806335,-1.1056582927703857,4.0,4
1096,-16.800159454345703,-14.847034454345703,-5.722033977508545,-0.003284062724560499,-12.550159454345703,5.0,4
1097,-13.78333854675293,-6.22083854675293,-0.0020886289421468973,-9.25208854675293,-14.48646354675293,4.0,3
1098,-20.296875,-18.1640625,-16.515625,-3.576278118089249e-07,-15.109375,1.0,4
1099,-0.05103939399123192,-3.004164457321167,-8.769789695739746,-11.863539695739746,-13.082289695739746,2.0,1
1100,-13.971054077148438,-14.510116577148438,-9.572616577148438,-0.6038663983345032,-0.7913663983345032,3.0,4
1101,-14.168800354003906,-15.114112854003906,-10.301612854003906,-1.2234876155853271,-0.3484875559806824,4.0,5
1102,-15.683457374572754,-13.511582374572754,-5.613144397735596,-0.0037694370839744806,-9.128769874572754,1.0,4
1103,-0.004359859973192215,-5.441859722137451,-11.07467269897461,-14.08248519897461,-15.05123519897461,1.0,1
1104,-8.814985275268555,-0.0024856405798345804,-6.064985752105713,-11.682172775268555,-15.721235275268555,5.0,2
1105,-13.386364936828613,-4.526989936828613,-0.011365078389644623,-7.636364936828613,-14.058239936828613,1.0,3
1106,-17.279579162597656,-12.896766662597656,-0.7248919606208801,-0.6623919606208801,-13.678016662597656,1.0,4
1107,-15.745795249938965,-14.448920249938965,-6.034858226776123,-0.0036081469152122736,-6.722358226776123,5.0,4
1108,-15.170013427734375,-13.951263427734375,-5.795013904571533,-0.01376387570053339,-4.545013904571533,5.0,4
1109,-16.174983978271484,-15.948421478271484,-9.534358978271484,-0.0031087901443243027,-5.799983978271484,5.0,4
1110,-0.012552540749311447,-4.387552738189697,-10.371927261352539,-13.246927261352539,-13.746927261352539,4.0,1
1111,-15.722354888916016,-15.011417388916016,-7.769229888916016,-0.0036047021858394146,-5.753604888916016,3.0,4
1112,-15.59351634979248,-15.30445384979248,-9.40601634979248,-0.015391147695481777,-4.1872663497924805,5.0,4
1113,-14.408149719238281,-13.845649719238281,-8.290962219238281,-0.009712228551506996,-4.665962219238281,3.0,4
1114,-17.761253356933594,-15.386253356933594,-5.675316333770752,-0.003441247157752514,-12.417503356933594,1.0,4
1115,-0.00022349244682118297,-8.437723159790039,-12.593973159790039,-14.429910659790039,-14.414285659790039,1.0,1
1116,-10.394491195678711,-0.003866578685119748,-5.566366672515869,-12.972616195678711,-16.39449119567871,2.0,2
1117,-15.880217552185059,-9.677092552185059,-0.0052179815247654915,-5.270843029022217,-14.192717552185059,3.0,3
1118,-3.2289319038391113,-0.05705701932311058,-4.150806903839111,-9.18986988067627,-14.18205738067627,1.0,2
1119,-15.592516899108887,-14.826891899108887,-8.584704399108887,-0.06907939910888672,-2.7097043991088867,5.0,4
1120,-15.328245162963867,-15.039182662963867,-9.695432662963867,-0.3673078119754791,-1.1798077821731567,5.0,4
1121,-13.51876163482666,-11.73751163482666,-6.30001163482666,-0.39376166462898254,-1.1281366348266602,5.0,4
1122,-11.512925464970229,-11.512925464970229,-11.512925464970229,-11.512925464970229,-11.512925464970229,3.0,-1
1123,-16.06061553955078,-14.552802085876465,-7.091864585876465,-0.01373965386301279,-4.357489585876465,3.0,4
1124,-12.570426940917969,-12.336051940917969,-8.086051940917969,-0.007927147671580315,-4.882926940917969,2.0,4
1125,-16.4001407623291,-14.368890762329102,-6.611078262329102,-0.0017032414907589555,-7.954828262329102,3.0,4
1126,-17.97675132751465,-10.976752281188965,-0.023626813665032387,-3.7580018043518066,-15.250189781188965,1.0,3
1127,-17.431921005249023,-11.900671005249023,-0.7912964224815369,-0.6037964224815369,-13.525671005249023,4.0,4
1128,-17.745481491088867,-12.222043991088867,-0.0423564612865448,-3.182981491088867,-14.729856491088867,5.0,3
1129,-14.63349437713623,-4.1256818771362305,-0.01630682870745659,-10.78193187713623,-16.281930923461914,4.0,3
1130,-15.437588691711426,-15.140713691711426,-9.703213691711426,-8.868777513271198e-05,-10.812588691711426,2.0,4
1131,-14.58304214477539,-13.95022964477539,-8.56741714477539,-0.5361669063568115,-0.8799169063568115,4.0,4
1132,-15.105148315429688,-15.417648315429688,-9.683273315429688,-0.09733611345291138,-2.3785860538482666,5.0,4
1133,-14.037666320800781,-13.686103820800781,-9.951728820800781,-2.279853582382202,-0.10797861963510513,1.0,5
1134,-14.600351333618164,-12.561288833618164,-5.506601810455322,-0.02222662977874279,-4.022226810455322,1.0,4
1135,-15.743237495422363,-14.829174995422363,-7.032299518585205,-0.016674553975462914,-4.157299518585205,5.0,4
1136,-14.28038501739502,-14.63194751739502,-9.78038501739502,-1.1475722789764404,-0.38194727897644043,5.0,5
1137,-14.57895278930664,-14.36801528930664,-7.797702789306641,-0.01645294949412346,-4.141452789306641,5.0,4
1138,-16.110071182250977,-15.110071182250977,-8.110071182250977,-0.0006958208978176117,-7.844445705413818,3.0,4
1139,-16.12870979309082,-16.31620979309082,-10.722458839416504,-0.019333958625793457,-3.956833839416504,5.0,4
1140,-11.02375602722168,-10.59406852722168,-8.98469352722168,-0.00031835734262131155,-11.05500602722168,3.0,4
1141,-14.18272590637207,-14.69053840637207,-10.37022590637207,-2.4639763832092285,-0.08897631615400314,3.0,5
1142,-16.352821350097656,-9.345008850097656,-0.001259129960089922,-6.7512593269348145,-15.204383850097656,1.0,3
1143,-16.114768981933594,-12.872580528259277,-3.8803935050964355,-0.021018387749791145,-8.802268028259277,5.0,4
1144,-15.079072952270508,-13.415010452270508,-5.727510452270508,-0.008760590106248856,-5.211885452270508,1.0,4
1145,-13.428350448608398,-12.342412948608398,-7.576787948608398,-0.49866318702697754,-0.9361631870269775,5.0,4
1146,-14.071678161621094,-11.509178161621094,-3.759178400039673,-0.02480330318212509,-6.743553161621094,5.0,4
1147,-16.11762237548828,-14.055121421813965,-4.805121898651123,-0.008246774785220623,-10.734808921813965,3.0,4
1148,-14.653265953063965,-14.379828453063965,-8.942328453063965,-0.004828103817999363,-5.364202976226807,2.0,4
1149,-13.666193008422852,-3.6974430084228516,-0.025567958131432533,-7.697443008422852,-14.627130508422852,4.0,3
1150,-14.228118896484375,-13.673431396484375,-7.353118896484375,-0.024993766099214554,-3.728118658065796,2.0,4
1151,-16.90780258178711,-9.86874008178711,-0.009364607743918896,-4.681239604949951,-14.95467758178711,2.0,3
1152,-15.89941120147705,-9.18847370147705,-0.0009732277248986065,-7.047848224639893,-14.96191120147705,5.0,3
1153,-5.674316883087158,-0.01806672476232052,-4.236816883087158,-11.15087890625,-15.11962890625,3.0,2
1154,-10.238824844360352,-0.004450179636478424,-5.42632532119751,-12.340387344360352,-16.24663734436035,2.0,2
1155,-10.423443794250488,-0.392194002866745,-1.1265690326690674,-8.298443794250488,-13.579693794250488,5.0,2
1156,-15.946776390075684,-15.829588890075684,-9.360838890075684,-0.06396351754665375,-2.7827134132385254,4.0,4
1157,-14.71506118774414,-4.480686187744141,-0.011936310678720474,-7.527561187744141,-16.08224868774414,2.0,3
1158,-15.532647132873535,-14.477959632873535,-7.376397132873535,-0.0013971101725474,-7.173272132873535,1.0,4
1159,-15.080625534057617,-14.510313034057617,-6.447813034057617,-0.025937870144844055,-3.729062795639038,5.0,4
1160,-13.851566314697266,-3.814689989667386e-06,-14.265628814697266,-15.562503814697266,-16.093753814697266,4.0,2
1161,-15.42092514038086,-15.86623764038086,-10.39748764038086,-0.4287373125553131,-1.0537372827529907,1.0,4
1162,-16.060997009277344,-15.295372009277344,-7.4906840324401855,-0.006309115327894688,-5.1625590324401855,4.0,4
1163,-15.700328826904297,-14.895641326904297,-7.801891326904297,-0.020641162991523743,-3.9112660884857178,5.0,4
1164,-15.066030502319336,-15.847280502319336,-11.355093002319336,-1.0035302639007568,-0.45665520429611206,5.0,5
1165,-18.119590759277344,-15.91646671295166,-6.03365421295166,-0.002404181519523263,-12.63521671295166,4.0,4
1166,-16.580265045166016,-14.6818265914917,-6.158389091491699,-0.0021393049973994493,-11.0802640914917,2.0,4
1167,-14.0861177444458,-14.9767427444458,-11.9845552444458,-3.757992744445801,-0.023617733269929886,4.0,5
1168,-14.515789031982422,-15.789226531982422,-12.453289031982422,-4.836101055145264,-0.007976227439939976,1.0,5
1169,-0.4127270579338074,-1.0846021175384521,-9.147102355957031,-12.647102355957031,-14.389289855957031,4.0,1
1170,-8.156872749328613,-0.0006224363460205495,-8.016247749328613,-12.711560249328613,-16.281871795654297,2.0,2
1171,-16.454044342041016,-15.0712308883667,-7.016543865203857,-0.000918681500479579,-10.8915433883667,5.0,4
1172,-3.258035898208618,-0.03928600996732712,-9.804910659790039,-13.375223159790039,-15.523660659790039,2.0,2
1173,-15.713982582092285,-10.948357582092285,-2.4639828205108643,-0.08898286521434784,-10.784295082092285,4.0,4
1174,-14.688197135925293,-15.617884635925293,-11.000697135925293,-1.5631976127624512,-0.23507258296012878,1.0,5
1175,-15.589071273803711,-13.159383773803711,-4.651570796966553,-0.010945990681648254,-6.620320796966553,3.0,4
1176,-15.735904693603516,-16.228092193603516,-10.923404693603516,-0.3530920445919037,-1.212467074394226,2.0,4
1177,-12.233009338378906,-13.061134338378906,-9.568946838378906,-2.959571599960327,-0.053321484476327896,3.0,5
1178,-11.512925464970229,-11.512925464970229,-11.512925464970229,-11.512925464970229,-11.512925464970229,3.0,-1
1179,-16.143102645874023,-16.854040145874023,-11.080602645874023,-0.04935308173298836,-3.0337281227111816,3.0,4
1180,-15.818536758422852,-15.732599258422852,-9.177911758422852,-0.0060365027748048306,-5.131036281585693,2.0,4
1181,-6.316910266876221,-0.0044103022664785385,-5.957535266876221,-12.168473243713379,-15.262223243713379,4.0,2
1182,-15.300012588500977,-15.034387588500977,-8.198450088500977,-0.07345028221607208,-2.6515753269195557,3.0,4
1183,-14.8460111618042,-15.1194486618042,-8.6585111618042,-0.09601090848445892,-2.39288592338562,4.0,4
1184,-15.37490463256836,-16.02334213256836,-10.85146713256836,-0.5624043345451355,-0.8436543345451355,3.0,4
1185,-12.211538314819336,-12.836538314819336,-10.844350814819336,-7.469350814819336,-0.0006008726777508855,4.0,5
1186,-15.231162071228027,-13.231162071228027,-3.5905373096466064,-0.028037410229444504,-9.762412071228027,4.0,4
1187,-17.024770736694336,-17.298208236694336,-12.259145736694336,-0.0013334201648831367,-6.626333236694336,4.0,4
1188,-9.879071235656738,-0.004071400035172701,-5.519696235656738,-12.644696235656738,-16.246259689331055,3.0,2
1189,-15.895771026611328,-13.450458526611328,-3.333271026611328,-0.03639601543545723,-9.700458526611328,2.0,4
1190,-16.702716827392578,-16.655841827392578,-9.921465873718262,-0.046465903520584106,-3.0933408737182617,4.0,4
1191,-15.557092666625977,-15.674280166625977,-9.580530166625977,-0.3305301368236542,-1.2680301666259766,4.0,4
1192,-16.417617797851562,-16.425430297851562,-10.331679344177246,-0.09730453044176102,-2.378554582595825,3.0,4
1193,-0.002233036793768406,-6.127233028411865,-10.283483505249023,-12.345983505249023,-12.244421005249023,3.0,1
1194,-6.855866432189941,-0.1527412086725235,-1.9652411937713623,-7.668366432189941,-13.723053932189941,4.0,2
1195,-14.92083740234375,-15.69427490234375,-10.69427490234375,-0.7411494851112366,-0.6473994851112366,5.0,5
1196,-0.28644949197769165,-1.3958244323730469,-6.583324432373047,-10.247386932373047,-12.356761932373047,3.0,1
1197,-8.832488059997559,-0.004362708423286676,-5.4731125831604,-11.965300559997559,-15.285613059997559,2.0,2
1198,-15.784116744995117,-14.877866744995117,-6.737241744995117,-0.0028666851576417685,-6.393491744995117,1.0,4
1199,-14.683966636657715,-15.660529136657715,-11.668341636657715,-2.1683413982391357,-0.12146643549203873,2.0,5
1200,-11.512925464970229,-11.512925464970229,-11.512925464970229,-11.512925464970229,-11.512925464970229,5.0,-1
1201,-15.001249313354492,-14.110624313354492,-7.454373836517334,-0.0012488907668739557,-7.313748836517334,4.0,4
1202,-14.775047302246094,-14.446922302246094,-9.407859802246094,-0.6109846234321594,-0.7828596234321594,3.0,4
1203,-15.255109786987305,-12.403547286987305,-3.333235263824463,-0.03636015206575394,-10.817609786987305,4.0,4
1204,-15.165060043334961,-14.672872543334961,-8.852560043334961,-0.16506028175354004,-1.88381028175354,1.0,4
1205,-11.433177947998047,-0.4800529181957245,-0.9644279479980469,-10.245677947998047,-15.878490447998047,1.0,2
1206,-16.244033813476562,-14.704972267150879,-6.314347267150879,-0.0018472288502380252,-10.314347267150879,4.0,4
1207,-15.50423812866211,-14.96517562866211,-8.30111312866211,-0.05111347511410713,-3.0042383670806885,4.0,4
1208,-13.083250999450684,-7.966063499450684,-1.7941884994506836,-0.18481343984603882,-6.153563499450684,2.0,4
1209,-0.7251066565513611,-0.6626066565513611,-8.459481239318848,-12.662606239318848,-14.670418739318848,1.0,2
1210,-0.07331624627113342,-2.6514413356781006,-8.96394157409668,-12.27644157409668,-13.57331657409668,1.0,1
1211,-17.21924591064453,-17.21924591064453,-9.891120910644531,-0.0004961451631970704,-7.719245910644531,5.0,4
1212,-0.0003066784702241421,-8.125307083129883,-12.015932083129883,-13.789369583129883,-13.547182083129883,3.0,1
1213,-16.066913604736328,-11.871601104736328,-2.5356638431549072,-0.08253894746303558,-12.059101104736328,1.0,4
1214,-15.628703117370605,-14.003703117370605,-5.8787031173706055,-0.0037030475214123726,-7.0193281173706055,4.0,4
1215,-15.78770923614502,-14.74083423614502,-8.45177173614502,-0.07677176594734192,-2.6080217361450195,4.0,4
1216,-15.530729293823242,-15.382291793823242,-10.429166793823242,-0.007291491609066725,-4.929166316986084,3.0,4
1217,-8.891252517700195,-0.0006274400511756539,-7.625627517700195,-14.024065017700195,-17.086565017700195,2.0,2
1218,-13.822610855102539,-14.908548355102539,-12.135110855102539,-6.080423355102539,-0.0022984533570706844,2.0,5
1219,-15.866861343383789,-15.468423843383789,-8.499673843383789,-0.062174320220947266,-2.8121743202209473,2.0,4
1220,-15.51563835144043,-10.88282585144043,-2.0312633514404297,-0.14063839614391327,-12.68751335144043,1.0,4
1221,-0.14495515823364258,-2.0043301582336426,-8.707454681396484,-12.113704681396484,-13.449642181396484,1.0,1
1222,-14.484683990478516,-9.195621490478516,-1.2346837520599365,-0.3440588116645813,-9.437808990478516,5.0,4
1223,-13.283302307128906,-14.080177307128906,-10.134864807128906,-3.2129900455474854,-0.04111499711871147,5.0,5
1224,-13.990114212036133,-14.576051712036133,-10.576051712036133,-2.0994887351989746,-0.130738765001297,5.0,5
1225,-16.63092803955078,-13.568427085876465,-4.294990062713623,-0.013739888556301594,-12.529364585876465,3.0,4
1226,-13.63182258605957,-14.33494758605957,-10.85057258605957,-4.23338508605957,-0.01463499665260315,3.0,5
1227,-15.484709739685059,-15.469084739685059,-10.586272239685059,-0.7659594416618347,-0.6253344416618347,5.0,5
1228,-15.490612983703613,-15.076550483703613,-8.060925483703613,-0.014050611294806004,-4.295300483703613,2.0,4
1229,-15.021112442016602,-15.075799942016602,-9.841424942016602,-0.2554872930049896,-1.489862322807312,4.0,4
1230,-17.882610321044922,-16.062297821044922,-4.88261079788208,-0.0076107303611934185,-12.773235321044922,2.0,4
1231,-14.004212379455566,-12.519837379455566,-6.566711902618408,-0.1760869324207306,-1.8323369026184082,5.0,4
1232,-14.6266508102417,-15.2829008102417,-10.3922758102417,-0.48602625727653503,-0.9547762870788574,4.0,4
1233,-17.535795211791992,-14.051419258117676,-3.590481996536255,-0.02798200212419033,-12.113919258117676,4.0,4
1234,-13.744526863098145,-13.314839363098145,-8.088276863098145,-0.22890181839466095,-1.5882768630981445,4.0,4
1235,-15.429658889770508,-16.343721389770508,-11.570283889770508,-1.3593459129333496,-0.296845942735672,4.0,5
1236,-15.304966926574707,-15.945591926574707,-11.461216926574707,-1.3362168073654175,-0.30496683716773987,4.0,5
1237,-16.05164337158203,-13.606331825256348,-5.5047688484191895,-0.0047689033672213554,-7.2860188484191895,1.0,4
1238,-13.262425422668457,-13.215550422668457,-9.754612922668457,-0.004613351076841354,-5.395238399505615,5.0,4
1239,-16.848609924316406,-14.911109924316406,-5.3329854011535645,-0.00486037228256464,-11.036109924316406,1.0,4
1240,-10.574712753295898,-0.8090879917144775,-0.5903379917144775,-7.480962753295898,-14.105962753295898,3.0,3
1241,-15.053565979003906,-14.920753479003906,-8.381690979003906,-0.10044089704751968,-2.3504409790039062,4.0,4
1242,-11.512925464970229,-11.512925464970229,-11.512925464970229,-11.512925464970229,-11.512925464970229,5.0,-1
1243,-13.626726150512695,-12.892351150512695,-6.6423516273498535,-0.017351491376757622,-4.1423516273498535,5.0,4
1244,-14.060529708862305,-13.935529708862305,-8.083967208862305,-0.1933426409959793,-1.740217685699463,2.0,4
1245,-4.389049053192139,-0.014049200341105461,-6.482799053192139,-12.256237030029297,-15.279674530029297,3.0,2
1246,-14.8351469039917,-7.030458927154541,-0.014833983965218067,-4.280458927154541,-13.6242094039917,1.0,3
1247,-14.375482559204102,-13.312982559204102,-11.328607559204102,-0.0004828002711292356,-7.67235803604126,5.0,4
1248,-5.348643779754639,-0.004893825389444828,-9.004894256591797,-13.176769256591797,-15.872081756591797,1.0,2
1249,-14.86739444732666,-14.16426944732666,-7.195519924163818,-0.023644743487238884,-3.7892696857452393,4.0,4
1250,-7.603280544281006,-0.009530521929264069,-4.712655544281006,-12.400155067443848,-16.415781021118164,4.0,2
1251,-14.724628448486328,-14.123065948486328,-7.490253448486328,-0.1777535080909729,-1.8183784484863281,3.0,4
1252,-15.475016593933105,-13.959391593933105,-5.1000165939331055,-0.006266468670219183,-8.834391593933105,2.0,4
1253,-0.01718171499669552,-4.079681873321533,-9.220306396484375,-11.892181396484375,-12.899993896484375,3.0,1
1254,-16.07961082458496,-14.774923324584961,-7.110861301422119,-0.0014861501986160874,-7.313986301422119,4.0,4
1255,-10.902057647705078,-11.636432647705078,-10.019245147705078,-5.644245147705078,-0.0036202622577548027,4.0,5
1256,-6.586065292358398,-0.1016903668642044,-2.3516902923583984,-9.211065292358398,-14.890752792358398,5.0,2
1257,-16.226600646972656,-13.125038146972656,-10.718788146972656,-3.7788631743751466e-05,-11.656288146972656,1.0,4
1258,-13.493423461914062,-14.063735961914062,-10.891860961914062,-4.7121734619140625,-0.009048291482031345,1.0,5
1259,-12.563621520996094,-12.196434020996094,-7.9933085441589355,-0.040183745324611664,-3.2433087825775146,5.0,4
1260,-14.742551803588867,-15.195676803588867,-9.851926803588867,-0.6253644227981567,-0.7659894227981567,1.0,4
1261,-9.958330154418945,-0.005204818211495876,-5.270829677581787,-12.684892654418945,-16.036455154418945,2.0,2
1262,-4.372246265411377,-0.012871046550571918,-8.747245788574219,-12.872245788574219,-15.325370788574219,1.0,2
1263,-13.756110191345215,-9.092047691345215,-1.8186100721359253,-0.17798511683940887,-7.302985191345215,4.0,4
1264,-13.793061256408691,-8.941498756408691,-1.39462411403656,-0.28524914383888245,-9.128998756408691,4.0,4
1265,-17.875097274780273,-17.359472274780273,-9.781347274780273,-9.727005090098828e-05,-10.156347274780273,4.0,4
1266,-17.06036376953125,-11.74005126953125,-0.16973920166492462,-1.8572392463684082,-13.93536376953125,3.0,3
1267,-16.062108993530273,-16.663671493530273,-11.10117244720459,-0.07773464918136597,-2.5933597087860107,4.0,4
1268,-17.30524444580078,-16.27399444580078,-7.609930992126465,-0.0005560758872888982,-9.766180992126465,3.0,4
1269,-14.11928939819336,-6.986477375030518,-0.01772714965045452,-4.095852375030518,-13.31460189819336,3.0,3
1270,-15.61849308013916,-12.44661808013916,-3.712242603302002,-0.024742713198065758,-11.49349308013916,1.0,4
1271,-17.359521865844727,-17.281396865844727,-11.015771865844727,-0.00014661667228210717,-8.953271865844727,4.0,4
1272,-15.886497497558594,-13.456809997558594,-4.4802470207214355,-0.011497074738144875,-9.245872497558594,2.0,4
1273,-15.164314270019531,-16.16431427001953,-13.523689270019531,-8.297126770019531,-0.0002517383254598826,2.0,5
1274,-8.376194953918457,-0.0011948358733206987,-6.954319953918457,-11.852757453918457,-15.649632453918457,4.0,2
1275,-19.687509536743164,-18.289072036743164,-16.585947036743164,-11.828134536743164,-9.775113539944869e-06,5.0,5
1276,-14.119964599609375,-15.143402099609375,-11.002777099609375,-2.885589599609375,-0.05746454373002052,3.0,5
1277,-16.738998413085938,-13.192124366760254,-3.590561866760254,-0.028061751276254654,-9.371811866760254,3.0,4
1278,-1.4831740856170654,-0.26442405581474304,-5.233173847198486,-9.467549324035645,-12.748799324035645,2.0,2
1279,-17.21125602722168,-16.70344352722168,-10.07844352722168,-0.00031835734262131155,-8.20344352722168,4.0,4
1280,-15.311103820800781,-11.818916320800781,-2.7095415592193604,-0.06891661882400513,-11.131416320800781,5.0,4
1281,-0.022569574415683746,-3.8038196563720703,-10.51475715637207,-13.71788215637207,-14.76475715637207,1.0,1
1282,-14.115860939025879,-9.600235939025879,-1.1158608198165894,-0.39711084961891174,-10.358048439025879,5.0,4
1283,-16.285213470458984,-13.121150970458984,-3.1680257320404053,-0.04302583262324333,-10.746150970458984,5.0,4
1284,-15.912554740905762,-15.732867240905762,-9.350054740905762,-0.037555061280727386,-3.303179979324341,5.0,4
1285,-8.522555351257324,-0.00692988745868206,-5.006929874420166,-11.233492851257324,-15.085055351257324,4.0,2
1286,-13.63425350189209,-12.72800350189209,-6.43112850189209,-0.13425351679325104,-2.08737850189209,4.0,4
1287,-13.698083877563477,-15.299646377563477,-12.034021377563477,-5.893396377563477,-0.0027713484596461058,5.0,5
1288,-17.180389404296875,-16.281951904296875,-8.063202857971191,-0.0007027302053757012,-7.860077857971191,5.0,4
1289,-11.973177909851074,-0.3091154098510742,-1.3247404098510742,-10.637240409851074,-15.801302909851074,3.0,2
1290,-0.0801808312535286,-2.5645558834075928,-9.353618621826172,-12.439556121826172,-14.111431121826172,5.0,1
1291,-8.892617915989831e-05,-9.375088691711426,-13.023526191711426,-14.757901191711426,-14.726651191711426,4.0,1
1292,-14.648124694824219,-15.929374694824219,-12.398124694824219,-4.187187194824219,-0.015312141738831997,3.0,5
1293,-14.803814888000488,-14.717877388000488,-9.889752388000488,-1.1475651264190674,-0.3819401264190674,2.0,5
1294,-6.002699851989746,-0.0026996617671102285,-8.424574851989746,-12.994887351989746,-15.948012351989746,2.0,2
1295,-5.16232442855835,-0.006074537988752127,-8.037324905395508,-13.162324905395508,-15.787324905395508,3.0,2
1296,-9.904496192932129,-0.6701210737228394,-0.7169960737228394,-9.420121192932129,-14.045121192932129,4.0,2
1297,-16.35589599609375,-13.152770042419434,-3.9262075424194336,-0.019957568496465683,-10.230895042419434,5.0,4
1298,-16.92466926574707,-14.97154426574707,-5.89341926574707,-0.002794054336845875,-10.44029426574707,5.0,4
1299,-15.378864288330078,-12.074176788330078,-3.956989288330078,-0.0194892268627882,-8.691364288330078,4.0,4
1300,-14.822668075561523,-15.424230575561523,-10.932043075561523,-1.2679800987243652,-0.3304801285266876,5.0,5
1301,-16.125051498413086,-15.37505054473877,-9.98442554473877,-5.07818695041351e-05,-12.46880054473877,2.0,4
1302,-7.510157047363464e-06,-13.664070129394531,-15.234382629394531,-16.63282012939453,-17.01563262939453,3.0,1
1303,-15.54971694946289,-15.44034194946289,-9.38565444946289,-0.057529594749212265,-2.8856546878814697,5.0,4
1304,-0.00019631843315437436,-8.57832145690918,-12.42988395690918,-14.17207145690918,-13.60957145690918,4.0,1
1305,-14.785323143005371,-5.418135166168213,-0.07438527047634125,-2.699385166168213,-13.941573143005371,4.0,3
1306,-15.937678337097168,-13.414240837097168,-4.836116313934326,-0.007991128601133823,-11.257990837097168,2.0,4
1307,-14.664058685302734,-16.078121185302734,-11.624996185302734,-1.0234333276748657,-0.4453083276748657,5.0,5
1308,-15.857357025146484,-16.154232025146484,-10.755794525146484,-0.7089196443557739,-0.6776696443557739,2.0,5
1309,-15.348952293395996,-16.606765747070312,-11.927077293395996,-0.2161400020122528,-1.6380150318145752,4.0,4
1310,-5.131020545959473,-0.006020505912601948,-9.318520545959473,-14.232583045959473,-16.607582092285156,2.0,2
1311,-15.653539657592773,-16.926977157592773,-12.872289657592773,-2.6222901344299316,-0.07541502267122269,4.0,5
1312,-14.726041793823242,-15.897916793823242,-11.811979293823242,-2.811979055404663,-0.061979155987501144,3.0,5
1313,-15.268899917602539,-15.831399917602539,-10.542337417602539,-0.16733723878860474,-1.87046217918396,4.0,4
1314,-14.207505226135254,-13.605942726135254,-7.559067249298096,-0.4184423089027405,-1.0746922492980957,1.0,4
1315,-15.969123840332031,-15.320686340332031,-9.437873840332031,-0.0003741279651876539,-8.140998840332031,5.0,4
1316,-0.002110398607328534,-6.173985481262207,-11.213047981262207,-13.353672981262207,-13.314610481262207,1.0,1
1317,-11.512925464970229,-11.512925464970229,-11.512925464970229,-11.512925464970229,-11.512925464970229,2.0,-1
1318,-14.040356636047363,-14.868481636047363,-11.946606636047363,-6.657544136047363,-0.0012943708570674062,1.0,5
1319,-15.306882858276367,-16.181882858276367,-11.572507858276367,-0.8615702390670776,-0.5490702390670776,5.0,5
1320,-14.000117301940918,-14.734492301940918,-10.375117301940918,-2.1407418251037598,-0.12511685490608215,1.0,5
1321,-15.635843276977539,-14.846780776977539,-7.596780776977539,-0.018655555322766304,-4.018655776977539,1.0,4
1322,-10.269701957702637,-0.5900140404701233,-0.8087640404701233,-8.355639457702637,-15.550951957702637,1.0,2
1323,-15.215271949768066,-15.613709449768066,-10.277771949768066,-0.5043342113494873,-0.9262092113494873,5.0,4
1324,-18.046777725219727,-13.902246475219727,-0.8084962964057922,-0.5897462964057922,-14.097558975219727,5.0,4
1325,-10.714775085449219,-0.12883731722831726,-2.1132123470306396,-11.621025085449219,-15.535087585449219,4.0,2
1326,-15.697879791259766,-7.190067768096924,-0.0025675685610622168,-6.315067768096924,-14.713504791259766,2.0,3
1327,-16.968923568725586,-17.601736068725586,-11.703298568725586,-0.01579863764345646,-4.156423568725586,4.0,4
1328,-15.522143363952637,-15.615893363952637,-8.787768363952637,-0.05339347571134567,-2.9596433639526367,1.0,4
1329,-13.735586166381836,-14.204336166381836,-9.954336166381836,-1.6887116432189941,-0.20433662831783295,2.0,5
1330,-16.915258407592773,-15.087133407592773,-6.735571384429932,-0.0011962646385654807,-12.094945907592773,2.0,4
1331,-15.707326889038086,-14.043264389038086,-6.160451889038086,-0.004201751668006182,-6.176076889038086,1.0,4
1332,-0.30934396386146545,-1.324968934059143,-8.309344291687012,-12.199969291687012,-14.168719291687012,2.0,1
1333,-11.512925464970229,-11.512925464970229,-11.512925464970229,-11.512925464970229,-11.512925464970229,2.0,-1
1334,-13.966378211975098,-14.521065711975098,-10.560128211975098,-3.5601282119750977,-0.028878124430775642,1.0,5
1335,-14.84719467163086,-15.55813217163086,-11.05031967163086,-0.542507529258728,-0.870632529258728,5.0,4
1336,-14.988224029541016,-15.050724029541016,-10.113224029541016,-0.8085365295410156,-0.5897865295410156,2.0,5
1337,-14.366005897521973,-14.037880897521973,-7.983193397521973,-0.24881847202777863,-1.5144435167312622,3.0,4
1338,-17.330562591552734,-14.752437591552734,-4.588374614715576,-0.010249716229736805,-10.588375091552734,3.0,4
1339,-16.407455444335938,-15.079330444335938,-7.126205921173096,-0.0012057899730280042,-7.829330921173096,5.0,4
1340,-11.140344619750977,-2.8122191429138184,-0.06221923977136612,-8.359094619750977,-14.101282119750977,2.0,3
1341,-0.08541777729988098,-2.5072927474975586,-7.897917747497559,-11.913542747497559,-13.444792747497559,3.0,1
1342,-16.618450164794922,-15.938761711120605,-8.548136711120605,-0.001262106467038393,-6.845012187957764,4.0,4
1343,-15.215238571166992,-15.504301071166992,-9.754301071166992,-0.26992589235305786,-1.441800832748413,4.0,4
1344,-16.960853576660156,-11.61710262298584,-1.4061654806137085,-0.2811655104160309,-13.03897762298584,1.0,4
1345,-13.71898078918457,-0.00023100091493688524,-14.59398078918457,-16.94554328918457,-16.52366828918457,4.0,2
1346,-0.08273223042488098,-2.5358572006225586,-8.582732200622559,-11.629607200622559,-12.926482200622559,2.0,1
1347,-13.597709655761719,-14.769584655761719,-11.363334655761719,-4.449272632598877,-0.011772561818361282,5.0,5
1348,-14.306291580200195,-15.618791580200195,-12.720354080200195,-6.439103603363037,-0.0016036281595006585,1.0,5
1349,-9.595349311828613,-0.0015997005393728614,-6.4859747886657715,-12.696911811828613,-16.06410026550293,3.0,2
1350,-15.400458335876465,-13.587958335876465,-5.525457859039307,-0.00983299408107996,-5.150457859039307,5.0,4
1351,-9.410357475280762,-0.16035763919353485,-1.9103575944900513,-9.910357475280762,-15.519732475280762,5.0,2
1352,-0.0641065314412117,-2.7828564643859863,-8.439106941223145,-11.657856941223145,-13.173481941223145,5.0,1
1353,-8.61726188659668,-0.13288649916648865,-2.0860114097595215,-9.57038688659668,-14.78132438659668,1.0,2
1354,-15.267991065979004,-10.908616065979004,-1.267991304397583,-0.3304913341999054,-11.713303565979004,1.0,4
1355,-16.736234664916992,-15.744047164916992,-7.673734188079834,-0.0018592467531561852,-6.579984188079834,1.0,4
1356,-14.992534637451172,-14.515972137451172,-8.609722137451172,-0.10972228646278381,-2.265972375869751,1.0,4
1357,-13.863639831542969,-12.715202331542969,-5.9964518547058105,-0.07457692176103592,-2.6683268547058105,1.0,4
1358,-13.873818397521973,-13.951943397521973,-6.951943397521973,-0.17069333791732788,-1.8581933975219727,3.0,4
1359,-0.034229762852191925,-3.3936047554016113,-9.79985523223877,-12.87798023223877,-13.95610523223877,2.0,1
1360,-14.38676643371582,-14.13676643371582,-8.53520393371582,-0.28520363569259644,-1.3945786952972412,4.0,4
1361,-12.337194442749023,-0.9075068235397339,-0.5168818235397339,-9.345006942749023,-15.329381942749023,1.0,3
1362,-13.969757080078125,-14.524444580078125,-10.532257080078125,-3.063507556915283,-0.04788246750831604,1.0,5
1363,-5.672980308532715,-0.03235523775219917,-3.563605308532715,-9.719855308532715,-14.618292808532715,4.0,2
1364,-12.578263282775879,-12.093888282775879,-8.164200782775879,-1.382951021194458,-0.28920096158981323,1.0,5
1365,-2.3932080268859863,-0.09633293002843857,-7.611958026885986,-12.401020050048828,-15.002582550048828,2.0,2
1366,-0.0003819928097072989,-7.906631946563721,-11.844132423400879,-13.336319923400879,-13.250382423400879,3.0,1
1367,-14.79076862335205,-16.032957077026367,-12.68139362335205,-4.064206123352051,-0.01733122393488884,4.0,5
1368,-16.250398635864258,-15.930086135864258,-9.562898635864258,-0.0003987947420682758,-8.031648635864258,2.0,4
1369,-13.567152976989746,-11.770277976989746,-5.645277976989746,-0.004652983043342829,-6.817152976989746,1.0,4
1370,-14.217418670654297,-13.654918670654297,-8.678356170654297,-0.16273102164268494,-1.8971060514450073,4.0,4
1371,-17.727174758911133,-17.344362258911133,-10.766236305236816,-0.0006114759016782045,-7.438111305236816,4.0,4
1372,-15.412680625915527,-15.342368125915527,-9.943930625915527,-0.39705532789230347,-1.1158053874969482,4.0,4
1373,-16.478260040283203,-9.548571586608887,-0.001697053201496601,-6.423572063446045,-15.040759086608887,2.0,3
1374,-12.956113815307617,-12.252988815307617,-7.573301792144775,-0.02642677165567875,-3.6670517921447754,3.0,4
1375,-15.186114311218262,-16.037675857543945,-11.428301811218262,-0.7329892516136169,-0.6548642516136169,5.0,5
1376,-15.254715919494629,-15.653153419494629,-10.629715919494629,-0.582840621471405,-0.817215621471405,4.0,4
1377,-16.117101669311523,-10.398350715637207,-0.5624135136604309,-0.8436635136604309,-13.343663215637207,3.0,3
1378,-16.785232543945312,-12.878982543945312,-2.6367945671081543,-0.07429463416337967,-12.363357543945312,2.0,4
1379,-14.480758666992188,-9.465133666992188,-0.027634065598249435,-3.6057591438293457,-11.668258666992188,5.0,3
1380,-9.527752876281738,-2.637127637863159,-0.0746276006102562,-8.230877876281738,-13.637127876281738,4.0,3
1381,-14.337727546691895,-12.478352546691895,-5.743978023529053,-0.07210288941860199,-2.7127277851104736,5.0,4
1382,-14.140787124633789,-14.562662124633789,-9.976724624633789,-1.76578688621521,-0.18766190111637115,2.0,5
1383,-15.19991683959961,-16.70772933959961,-12.98897933959961,-3.1530420780181885,-0.04366714134812355,5.0,5
1384,-18.345630645751953,-16.814380645751953,-6.283129692077637,-0.0018798314267769456,-11.900317192077637,3.0,4
1385,-14.081003189086914,-4.870066165924072,-0.010691151022911072,-5.823191165924072,-14.127878189086914,3.0,3
1386,-0.0018491327064111829,-15.900286674499512,-16.150285720825195,-18.267473220825195,-16.822160720825195,1.0,1
1387,-0.4985060691833496,-0.9360060691833496,-7.95163106918335,-11.811006546020508,-13.912569046020508,5.0,1
1388,-13.869855880737305,-14.572980880737305,-10.690168380737305,-3.197981119155884,-0.04173111915588379,2.0,5
1389,-15.506394386291504,-16.42827033996582,-11.436081886291504,-0.39701974391937256,-1.1157697439193726,4.0,4
1390,-14.836825370788574,-15.727450370788574,-12.274325370788574,-3.454012632369995,-0.032137542963027954,4.0,5
1391,-15.1522855758667,-15.3319730758667,-10.1835355758667,-0.5897854566574097,-0.8085354566574097,4.0,4
1392,-13.84402084350586,-14.28152084350586,-12.07058334350586,-8.25027084350586,-0.00027044929447583854,4.0,5
1393,-15.35543441772461,-16.30855941772461,-11.23043441772461,-0.4179340600967407,-1.0741840600967407,1.0,4
1394,-13.184317588806152,-9.418692588806152,-2.6530673503875732,-0.07494241744279861,-6.387442588806152,1.0,4
1395,-15.642457962036133,-15.150270462036133,-8.822145462036133,-0.08777079731225967,-2.478395700454712,5.0,4
1396,-14.938811302185059,-15.477873802185059,-10.821623802185059,-1.1263113021850586,-0.391936331987381,3.0,5
1397,-11.485567092895508,-0.407442182302475,-1.0949422121047974,-9.454317092895508,-14.930879592895508,1.0,2
1398,-15.624521255493164,-11.491708755493164,-2.812021255493164,-0.06202128529548645,-10.155771255493164,1.0,4
1399,-0.09203319251537323,-2.4357831478118896,-7.951408386230469,-11.045158386230469,-12.295158386230469,2.0,1
1400,-0.036148156970739365,-3.3486480712890625,-8.004898071289062,-10.879898071289062,-12.184585571289062,1.0,1
1401,-8.060323715209961,-0.013449182733893394,-4.341574192047119,-10.599386215209961,-14.849386215209961,1.0,2
1402,-17.827585220336914,-14.444771766662598,-3.7885220050811768,-0.02289702370762825,-12.226021766662598,3.0,4
1403,-16.291067123413086,-14.572318077087402,-6.283255100250244,-0.0020052341278642416,-8.939505577087402,5.0,4
1404,-15.261862754821777,-15.582175254821777,-9.902487754821777,-0.3009254038333893,-1.347800374031067,5.0,4
1405,-17.000749588012695,-17.063249588012695,-10.188249588012695,-0.0007494263118132949,-7.250749588012695,2.0,4
1406,-16.45720672607422,-15.980645179748535,-8.972832679748535,-0.004082678817212582,-5.535332679748535,2.0,4
1407,-15.948433876037598,-15.104683876037598,-7.510933876037598,-0.010933727025985718,-4.573433876037598,4.0,4
1408,-15.865745544433594,-16.631370544433594,-11.131370544433594,-0.01418260671198368,-4.2641825675964355,1.0,4
1409,-15.203300476074219,-15.351737976074219,-9.742362976074219,-0.1876756250858307,-1.7658005952835083,2.0,4
1410,-14.141648292541504,-15.258835792541504,-12.274460792541504,-6.891648769378662,-0.0010236029047518969,4.0,5
1411,-16.821529388427734,-17.048091888427734,-11.860591888427734,-0.0012166248634457588,-6.719966411590576,4.0,4
1412,-15.574529647827148,-15.683904647827148,-9.597967147827148,-0.144841730594635,-2.0042166709899902,5.0,4
1413,-15.437605857849121,-9.070418357849121,-0.44541865587234497,-1.0235435962677002,-13.007918357849121,3.0,3
1414,-14.846712112426758,-14.651399612426758,-9.245149612426758,-0.07327502965927124,-2.651400089263916,2.0,4
1415,-0.00017045476124621928,-10.562670707702637,-11.398608207702637,-8.953295707702637,-16.28923225402832,2.0,1
1416,-12.96850872039795,-13.31225872039795,-8.14038372039795,-0.4685089886188507,-0.9841339588165283,2.0,4
1417,-12.301883697509766,-0.15344637632369995,-1.9503214359283447,-10.856571197509766,-16.106571197509766,1.0,2
1418,-16.53590965270996,-13.520285606384277,-3.9109103679656982,-0.020285407081246376,-9.817160606384277,1.0,4
1419,-14.831502914428711,-9.183065414428711,-0.19869013130664825,-1.7143151760101318,-13.073690414428711,3.0,3
1420,-8.5679349899292,-0.021060293540358543,-3.8804352283477783,-12.0991849899292,-15.9819974899292,1.0,2
1421,-16.2818660736084,-11.797491073608398,-1.9771782159805298,-0.14905323088169098,-12.195928573608398,2.0,4
1422,-11.509098052978516,-1.6887860298156738,-0.20441097021102905,-9.063785552978516,-14.548160552978516,4.0,3
1423,-16.03489112854004,-13.972391128540039,-5.675515651702881,-0.003640810726210475,-8.519266128540039,2.0,4
1424,-0.025576556101441383,-3.681826591491699,-9.6740140914917,-12.5333890914917,-13.8224515914917,5.0,1
1425,-16.188880920410156,-16.884193420410156,-11.415443420410156,-0.0013804440386593342,-6.595130443572998,2.0,4
1426,-17.39899444580078,-16.43805694580078,-8.281805992126465,-0.0005561950383707881,-8.109930992126465,3.0,4
1427,-13.350765228271484,-4.975765228271484,-0.1320154219865799,-2.1476404666900635,-13.155452728271484,4.0,3
1428,-0.0010480155469849706,-11.20417308807373,-10.64167308807373,-12.29792308807373,-12.98542308807373,4.0,1
1429,-13.67303466796875,-12.97772216796875,-7.204284191131592,-0.01678428426384926,-4.141784191131592,1.0,4
1430,-11.859436988830566,-11.828186988830566,-6.174850568640977e-05,-12.078186988830566,-11.796936988830566,1.0,3
1431,-14.31450366973877,-14.35356616973877,-9.95512866973877,-1.1582539081573486,-0.37700384855270386,5.0,5
1432,-15.29913330078125,-15.51788330078125,-10.37725830078125,-0.7913205623626709,-0.6038205623626709,5.0,5
1433,-1.4062347412109375,-0.2812347114086151,-9.445297241210938,-13.640609741210938,-15.828109741210938,1.0,2
1434,-5.644546031951904,-0.003921201918274164,-7.894546031951904,-13.128921508789062,-16.121109008789062,2.0,2
1435,-14.220643043518066,-15.345643043518066,-11.915955543518066,-3.4237685203552246,-0.033143434673547745,5.0,5
1436,-14.406399726867676,-9.859524726867676,-0.36733728647232056,-1.1798372268676758,-10.172024726867676,5.0,3
1437,-17.129636764526367,-15.832761764526367,-5.379636764526367,-0.0046369642950594425,-11.215574264526367,2.0,4
1438,-15.197251319885254,-16.09568977355957,-11.673813819885254,-2.126939058303833,-0.1269390732049942,5.0,5
1439,-14.3517427444458,-15.2892427444458,-11.0001802444458,-2.265805244445801,-0.10955531150102615,5.0,5
1440,-6.9956841468811035,-0.011309327557682991,-4.5738091468811035,-11.683184623718262,-15.464434623718262,4.0,2
1441,-11.630422592163086,-0.02886040322482586,-3.560110330581665,-13.044485092163086,-16.724172592163086,1.0,2
1442,-14.489951133728027,-14.310263633728027,-8.318076133728027,-0.4743257761001587,-0.9743257761001587,2.0,4
1443,-13.284076690673828,-14.026264190673828,-9.620014190673828,-2.88563871383667,-0.05751372501254082,4.0,5
1444,-16.520891189575195,-13.395890235900879,-3.880265474319458,-0.02089044451713562,-10.794327735900879,4.0,4
1445,-16.42978286743164,-16.37509536743164,-10.75009536743164,-9.583967766957358e-05,-9.53134536743164,3.0,4
1446,-11.512925464970229,-11.512925464970229,-11.512925464970229,-11.512925464970229,-11.512925464970229,2.0,-1
1447,-9.904353141784668,-0.5762283205986023,-0.8262283205986023,-8.357478141784668,-14.380915641784668,5.0,2
1448,-16.205289840698242,-15.838103294372559,-8.775603294372559,-0.04122791066765785,-3.2131028175354004,4.0,4
1449,-15.277969360351562,-16.184219360351562,-12.340469360351562,-2.8560943603515625,-0.05921926349401474,1.0,5
1450,-16.20449447631836,-14.954493522644043,-7.235743999481201,-0.0013688965700566769,-7.345118999481201,5.0,4
1451,-14.383572578430176,-15.071072578430176,-11.164822578430176,-2.196073055267334,-0.1179480105638504,5.0,5
1452,-14.845943450927734,-15.424068450927734,-10.939693450927734,-1.650631308555603,-0.21313132345676422,5.0,5
1453,-15.917311668395996,-12.542311668395996,-3.018873929977417,-0.0501239188015461,-10.690749168395996,2.0,4
1454,-13.184478759765625,-13.575103759765625,-10.903228759765625,-5.348540782928467,-0.004790851846337318,3.0,5
1455,-13.260127067565918,-12.892939567565918,-7.127314567565918,-0.002314747544005513,-6.502314567565918,5.0,4
1456,-12.418769836425781,-11.535957336425781,-6.981269836425781,-0.13752004504203796,-2.0593950748443604,2.0,4
1457,-17.53172492980957,-16.43797492980957,-7.984849452972412,-0.0004742213059216738,-8.937973976135254,2.0,4
1458,-0.3091295063495636,-1.3247544765472412,-10.09037971496582,-14.06694221496582,-15.87944221496582,3.0,1
1459,-15.557626724243164,-12.190439224243164,-2.6513772010803223,-0.07325209677219391,-9.581064224243164,3.0,4
1460,-16.45694923400879,-16.88663673400879,-11.011637687683105,-0.12882515788078308,-2.1132001876831055,1.0,4
1461,-12.781100273132324,-0.7576631307601929,-0.6326631307601929,-9.726412773132324,-15.437350273132324,2.0,3
1462,-15.67717456817627,-10.99748706817627,-1.778737187385559,-0.1849871426820755,-11.31779956817627,4.0,4
1463,-16.432619094848633,-15.221680641174316,-6.799805641174316,-0.0029307531658560038,-6.315430641174316,5.0,4
1464,-15.169205665588379,-15.450455665588379,-10.091080665588379,-0.07545547932386398,-2.6223304271698,5.0,4
1465,-1.9393999576568604,-0.15814991295337677,-6.001899719238281,-11.439399719238281,-14.908149719238281,4.0,2
1466,-14.226557731628418,-14.398432731628418,-9.109370231628418,-0.5624954700469971,-0.8437454700469971,2.0,4
1467,-17.180522918701172,-17.024272918701172,-9.469584465026855,-0.0008348317351192236,-7.188334941864014,5.0,4
1468,-15.317614555358887,-16.32542610168457,-11.317614555358887,-0.0754266306757927,-2.6223015785217285,5.0,4
1469,-17.219013214111328,-13.625263214111328,-3.07838773727417,-0.04713776335120201,-12.547138214111328,3.0,4
1470,-15.304289817810059,-13.804289817810059,-5.226164817810059,-0.007414797320961952,-6.210539817810059,4.0,4
1471,-15.538959503173828,-16.328022003173828,-11.171772003173828,-0.5623965263366699,-0.8436465263366699,4.0,4
1472,-7.533658981323242,-0.0024091764353215694,-6.283658981323242,-12.705533981323242,-16.135221481323242,4.0,2
1473,-16.83249282836914,-16.41843032836914,-9.53561782836914,-0.01999274082481861,-3.9262428283691406,3.0,4
1474,-16.321359634399414,-13.274484634399414,-3.063547372817993,-0.04792235419154167,-9.626047134399414,5.0,4
1475,-15.855031967163086,-16.620656967163086,-10.995656967163086,-0.11284481734037399,-2.237844705581665,4.0,4
1476,-4.976143836975098,-0.0073937345296144485,-7.679268836975098,-13.421456336975098,-16.09333038330078,1.0,2
1477,-0.0009673921740613878,-6.954092502593994,-11.899404525756836,-13.993154525756836,-13.907217025756836,2.0,1
1478,-16.404285430908203,-9.568347930908203,-0.32616084814071655,-1.2792859077453613,-13.544910430908203,3.0,3
1479,-15.749649047851562,-15.741836547851562,-9.788711547851562,-0.07777402549982071,-2.5933990478515625,3.0,4
1480,-16.091581344604492,-16.404081344604492,-11.200956344604492,-0.5759565234184265,-0.8259565234184265,4.0,4
1481,-13.226789474487305,-14.062726974487305,-11.867414474487305,-8.437726974487305,-0.00022706791060045362,5.0,5
1482,-0.006103566847741604,-5.115478515625,-9.568603515625,-11.888916015625,-13.560791015625,5.0,1
1483,-16.547103881835938,-16.093978881835938,-9.875229835510254,-0.0002294515579706058,-8.656479835510254,2.0,4
1484,-11.512925464970229,-11.512925464970229,-11.512925464970229,-11.512925464970229,-11.512925464970229,2.0,-1
1485,-16.6571102142334,-15.407109260559082,-7.17273473739624,-0.0008597253472544253,-9.313359260559082,2.0,4
1486,-14.997867584228516,-14.974430084228516,-9.904117584228516,-0.4509928226470947,-1.0134928226470947,2.0,4
1487,-15.883404731750488,-14.891217231750488,-7.8130927085876465,-0.0005926521262153983,-8.594342231750488,2.0,4
1488,-13.587729454040527,-12.251791954040527,-6.376791477203369,-0.0017915404168888927,-9.439291954040527,2.0,4
1489,-16.861831665039062,-14.924331665039062,-6.1274566650390625,-0.002456625225022435,-8.221206665039062,3.0,4
1490,-16.515857696533203,-16.742420196533203,-11.242419242858887,-0.00023183519078884274,-8.437731742858887,1.0,4
1491,-13.835671424865723,-4.187233924865723,-0.01535886526107788,-9.874733924865723,-15.882546424865723,2.0,3
1492,-12.837605476379395,-0.9547929167747498,-0.48604291677474976,-9.939167976379395,-15.798542976379395,3.0,3
1493,-9.894321920000948e-06,-13.882822036743164,-16.101572036743164,-16.632822036743164,-18.351572036743164,5.0,1
1494,-12.094125747680664,-1.8441256284713745,-0.17225061357021332,-9.719125747680664,-14.726938247680664,2.0,3
1495,-16.947084426879883,-17.064271926879883,-11.0642728805542,-0.0017728578532114625,-6.345522880554199,5.0,4
1496,-14.380370140075684,-14.310057640075684,-9.895995140075684,-1.8178699016571045,-0.17724491655826569,1.0,5
1497,-7.899441719055176,-0.43069151043891907,-1.0556914806365967,-6.430691719055176,-13.610379219055176,1.0,2
1498,-18.0000057220459,-6.437280717364047e-06,-17.2968807220459,-19.6171932220459,-17.7343807220459,3.0,2
1499,-0.008820381946861744,-4.743195533752441,-9.985383033752441,-12.657258033752441,-13.180695533752441,2.0,1
1500,-8.250262260437012,-0.00026246439665555954,-14.492449760437012,-16.008075714111328,-15.640887260437012,5.0,2
1501,-0.1652410924434662,-1.8839911222457886,-8.087116241455078,-11.798053741455078,-13.883991241455078,2.0,1
1502,-0.061865758150815964,-2.82749080657959,-7.21811580657959,-9.95249080657959,-11.03842830657959,1.0,1
1503,-0.029970945790410042,-3.52997088432312,-8.5455961227417,-11.5455961227417,-12.7799711227417,3.0,1
1504,-2.145764938177308e-06,-13.671876907348633,-16.195314407348633,-18.226564407348633,-16.820314407348633,2.0,1
1505,-0.0012426996836438775,-6.719992637634277,-10.657492637634277,-12.423117637634277,-12.430930137634277,2.0,1
1506,-17.6015625,-18.046875,-16.1875,-9.536738616588991e-07,-16.4140625,1.0,4
1507,-0.22550177574157715,-1.6005017757415771,-9.452064514160156,-12.858314514160156,-14.686439514160156,1.0,1
1508,-0.09048610180616379,-2.4498610496520996,-8.590486526489258,-11.996736526489258,-13.942049026489258,2.0,1
1509,-0.08771292865276337,-2.4783380031585693,-9.462713241577148,-12.665838241577148,-14.314275741577148,1.0,1
1510,-0.001774523756466806,-6.345524311065674,-11.400212287902832,-13.876774787902832,-14.204899787902832,1.0,1
1511,-20.156251907348633,-18.875001907348633,-17.203126907348633,-1.1920922133867862e-06,-15.515625953674316,5.0,4
1512,-19.3203182220459,-15.132818222045898,-16.5546932220459,-15.265630722045898,-6.079655122448457e-06,1.0,5
1513,-18.1640625,-17.90625,-16.1796875,-4.768370445162873e-07,-17.203125,1.0,4
1514,-0.0010313435923308134,-6.891656398773193,-11.540093421936035,-13.461968421936035,-14.196343421936035,1.0,1
1515,-0.005194144789129496,-5.270819187164307,-10.395818710327148,-13.059881210327148,-13.661443710327148,1.0,1
1516,-14.473050117492676,-15.566800117492676,-11.988675117492676,-3.926175117492676,-0.019925082102417946,4.0,5
1517,-15.191393852233887,-14.871081352233887,-9.371081352233887,-0.5898311734199524,-0.8085811734199524,1.0,4
1518,-0.08614819496870041,-2.508023262023926,-6.898648262023926,-9.742398262023926,-11.211148262023926,1.0,1
1519,-0.0005684667266905308,-7.516193389892578,-11.359943389892578,-13.133380889892578,-12.906818389892578,1.0,1
1520,-14.195602416992188,-15.461227416992188,-12.109664916992188,-4.8206024169921875,-0.008102642372250557,5.0,5
1521,-13.227781295776367,-14.438718795776367,-11.868406295776367,-6.719968795776367,-0.0012187680695205927,5.0,5
1522,-10.163224220275879,-0.00697439955547452,-4.975724220275879,-11.889786720275879,-15.811661720275879,4.0,2
1523,-11.970029830932617,-11.657529830932617,-7.149717330932617,-1.7278424501419067,-0.19659245014190674,3.0,5
1524,-15.04694938659668,-15.29694938659668,-11.23444938659668,-1.8047621250152588,-0.17976218461990356,4.0,5
1525,-16.851566314697266,-17.070316314697266,-14.273441314697266,-13.039066314697266,-3.6954811548639555e-06,4.0,5
1526,-15.998875617980957,-11.022313117980957,-1.6004383563995361,-0.2254384160041809,-12.186375617980957,5.0,4
1527,-15.178722381591797,-15.827159881591797,-11.077159881591797,-1.0537219047546387,-0.42872193455696106,5.0,5
1528,-13.65323543548584,-13.87979793548584,-10.56729793548584,-2.98917293548584,-0.051672980189323425,5.0,5
1529,-14.466078758239746,-15.200453758239746,-11.411391258239746,-2.223891496658325,-0.11451645940542221,5.0,5
1530,-16.586084365844727,-0.00014780859055463225,-12.961085319519043,-10.914210319519043,-14.836085319519043,2.0,2
1531,-0.00030489088385365903,-8.25030517578125,-12.10186767578125,-13.94561767578125,-13.42999267578125,2.0,1
1532,-15.453143119812012,-1.8358061424805783e-05,-12.656268119812012,-11.593768119812012,-14.328143119812012,1.0,2
1533,-16.078134536743164,-1.0132738680113107e-05,-15.17969799041748,-15.20313549041748,-16.734384536743164,2.0,2
1534,-17.7109432220459,-6.079655122448457e-06,-14.281255722045898,-13.531255722045898,-17.2500057220459,2.0,2
1535,-16.70323371887207,-0.00010823617776622996,-12.445420265197754,-10.281357765197754,-15.976670265197754,4.0,2
1536,-22.039127349853516,-21.117252349853516,-16.429752349853516,-13.2422513961792,-6.401333666872233e-05,2.0,5
1537,-14.540760040283203,-0.009509622119367123,-11.611072540283203,-11.954822540283203,-12.282947540283203,2.0,2
1538,-0.061424825340509415,-2.827049732208252,-7.952049732208252,-10.88955020904541,-12.71767520904541,1.0,1
1539,-12.636306762695312,-12.894119262695312,-0.9644321203231812,-13.417556762695312,-0.48005712032318115,2.0,5
1540,-1.7168939113616943,-0.20126888155937195,-5.935643672943115,-10.427831649780273,-13.591894149780273,1.0,2
1541,-13.584399223327637,-13.795336723327637,-10.092211723327637,-3.8343992233276367,-0.021899310871958733,3.0,5
1542,-0.005633667577058077,-5.20875883102417,-9.208758354187012,-11.177508354187012,-11.419695854187012,1.0,1
1543,-0.00014578233822248876,-9.43764591217041,-10.86733341217041,-12.74233341217041,-13.39858341217041,2.0,1
1544,-11.609404563903809,-2.932505594799295e-05,-11.328154563903809,-12.921904563903809,-13.406279563903809,2.0,2
1545,-1.6409817934036255,-0.21910680830478668,-5.828481674194336,-10.703481674194336,-13.711294174194336,2.0,2
1546,-15.501433372497559,-14.704558372497559,-6.8295578956604,-0.0014329414116218686,-7.9701828956604,5.0,4
1547,-5.947633266448975,-0.010133249685168266,-10.439820289611816,-13.392945289611816,-14.353882789611816,2.0,2
1548,-16.39377784729004,-16.34690284729004,-10.690653800964355,-0.003153472673147917,-5.768778324127197,3.0,4
1549,-13.903152465820312,-14.356277465820312,-11.246902465820312,-4.3875274658203125,-0.012527701444923878,2.0,5
1550,-13.458780288696289,-14.708780288696289,-0.69315505027771,-16.16971778869629,-15.630655288696289,2.0,3
1551,-0.0004957877099514008,-7.859870910644531,-9.781745910644531,-11.531745910644531,-11.984870910644531,3.0,1
1552,-15.125173568725586,-15.437673568725586,-10.632986068725586,-0.10173570364713669,-2.3361105918884277,4.0,4
1553,-13.335945129394531,-7.867782187531702e-06,-13.359382629394531,-13.000007629394531,-16.07032012939453,3.0,2
1554,-0.010265173390507698,-4.588390350341797,-10.416515350341797,-13.104015350341797,-13.713390350341797,2.0,1
1555,-12.343339920043945,-2.2808403968811035,-0.10896538197994232,-6.8745903968811035,-15.577714920043945,1.0,3
1556,-16.054271697998047,-16.187084197998047,-10.718334197998047,-0.007397166453301907,-4.913647174835205,5.0,4
1557,-14.464942932128906,-14.480567932128906,-10.480567932128906,-1.9102556705474854,-0.16025568544864655,4.0,5
1558,-0.010018893517553806,-4.619393825531006,-9.431894302368164,-11.799081802368164,-12.556894302368164,2.0,1
1559,-18.546875,-20.4765625,-18.5,-17.9453125,0.0,2.0,5
1560,-9.378032684326172,-0.0030322547536343336,-5.831157207489014,-11.807720184326172,-15.862407684326172,1.0,2
1561,-13.180649757385254,-13.500962257385254,-10.813462257385254,-4.743149757385254,-0.008774652145802975,5.0,5
1562,-11.800562858581543,-2.870875120162964,-0.05837523564696312,-10.011500358581543,-15.206812858581543,3.0,3
1563,-8.60976505279541,-0.18788982927799225,-1.766014814376831,-9.26601505279541,-14.50820255279541,2.0,2
1564,-15.45186710357666,-8.69405460357666,-0.3971795439720154,-1.1159296035766602,-13.22530460357666,3.0,3
1565,-16.3397216796875,-14.7928466796875,-6.1287841796875,-0.003784400876611471,-6.4412841796875,5.0,4
1566,-10.370405197143555,-0.9094681739807129,-0.5188431739807129,-6.206343173980713,-14.221967697143555,1.0,3
1567,-0.5044795274734497,-0.9263545274734497,-8.62947940826416,-12.88729190826416,-14.73885440826416,4.0,1
1568,-11.734404563903809,-2.9205850296420977e-05,-10.828154563903809,-14.789092063903809,-17.640653610229492,5.0,2
1569,-0.590253472328186,-0.809003472328186,-7.6215033531188965,-11.621503829956055,-13.840253829956055,2.0,1
1570,-0.44543957710266113,-1.0235645771026611,-8.898564338684082,-12.773564338684082,-14.812626838684082,3.0,1
1571,-0.01200439315289259,-4.433879375457764,-9.808879852294922,-12.668254852294922,-13.855754852294922,2.0,1
1572,-6.19869097135961e-05,-9.750061988830566,-13.570374488830566,-15.562561988830566,-15.382874488830566,1.0,1
1573,-0.007818453013896942,-5.054693222045898,-10.132818222045898,-9.406255722045898,-11.476568222045898,2.0,1
1574,-0.029797744005918503,-3.5297977924346924,-10.186047554016113,-13.287610054016113,-14.490735054016113,3.0,1
1575,-6.434919357299805,-0.45054417848587036,-1.0286691188812256,-5.622419357299805,-11.895856857299805,1.0,2
1576,-0.0014944825088605285,-6.517119407653809,-11.563994407653809,-14.142119407653809,-14.485869407653809,3.0,1
1577,-17.68147087097168,-13.11115837097168,-2.0720958709716797,-0.13459596037864685,-13.45490837097168,2.0,4
1578,-16.36008071899414,-12.688204765319824,-2.6803927421569824,-0.07101764529943466,-11.524142265319824,3.0,4
1579,-17.254924774169922,-18.067424774169922,-12.403361320495605,-0.004924193490296602,-5.317424297332764,5.0,4
1580,-17.845495223999023,-15.091588973999023,-2.5212764739990234,-0.08377644419670105,-13.161901473999023,4.0,4
1581,-14.63440990447998,-14.75940990447998,-8.86878490447998,-0.3219101130962372,-1.2906601428985596,4.0,4
1582,-15.249890327453613,-15.632702827453613,-9.960827827453613,-0.28895264863967896,-1.3827025890350342,4.0,4
1583,-14.988602638244629,-14.996415138244629,-8.754227638244629,-0.20735286176204681,-1.676102876663208,4.0,4
1584,-16.267597198486328,-15.126973152160645,-6.9082231521606445,-0.0019729926716536283,-6.9394731521606445,4.0,4
1585,-0.00011503035057103261,-9.109490394592285,-13.343865394592285,-14.945427894592285,-14.476677894592285,1.0,1
1586,-10.590951919555664,-0.09876454621553421,-2.364389657974243,-11.505014419555664,-15.903451919555664,1.0,2
1587,-15.415075302124023,-14.266637802124023,-7.172887325286865,-0.0010124086402356625,-8.329137802124023,3.0,4
1588,-3.59464430809021,-0.03214423730969429,-5.485269069671631,-11.508707046508789,-14.977457046508789,3.0,2
1589,-2.37955904006958,-0.09830912202596664,-6.87955904006958,-12.043622016906738,-14.879559516906738,3.0,2
1590,-0.04114645719528198,-3.2130215167999268,-9.603646278381348,-13.056771278381348,-14.119271278381348,3.0,1
1591,-15.39443588256836,-9.84756088256836,-0.28506091237068176,-1.3944358825683594,-13.30849838256836,5.0,3
1592,-4.372242450714111,-0.012867280282080173,-8.762866973876953,-13.161304473876953,-15.825366973876953,3.0,2
1593,-14.467520713806152,-13.740958213806152,-7.717520713806152,-0.014395901933312416,-4.280020713806152,1.0,4
1594,-16.520523071289062,-14.653335571289062,-5.348647594451904,-0.004897740203887224,-8.958023071289062,2.0,4
1595,-15.085412979125977,-14.327600479125977,-7.694788455963135,-0.11666343361139297,-2.2104134559631348,4.0,4
1596,-12.342632293701172,-9.225444793701172,-3.3035695552825928,-0.06919454038143158,-3.5066945552825928,4.0,4
1597,-16.62228775024414,-13.63791275024414,-4.356663227081299,-0.012913059443235397,-12.16916275024414,4.0,4
1598,-7.211348533630371,-0.07072369009256363,-2.69572377204895,-10.008223533630371,-14.898848533630371,3.0,2
1599,-10.530227661132812,-2.9599153995513916,-0.05366545543074608,-7.834915637969971,-14.147415161132812,4.0,3
1600,-9.40687084197998,-0.0006205302197486162,-7.531870365142822,-14.50843334197998,-17.352182388305664,2.0,2
1601,-14.258978843688965,-4.126166343688965,-0.016791200265288353,-7.594916343688965,-14.680853843688965,3.0,3
1602,-16.23029136657715,-17.17560386657715,-11.542791366577148,-0.4021662473678589,-1.1052912473678589,3.0,4
1603,-15.80112075805664,-17.24643325805664,-12.65268325805664,-1.4417459964752197,-0.2698710262775421,4.0,5
1604,-17.22574234008789,-14.77261734008789,-4.975742340087891,-0.006992274895310402,-9.75699234008789,3.0,4
1605,-14.598767280578613,-15.372204780578613,-10.590954780578613,-1.301891803741455,-0.31751686334609985,4.0,5
1606,-0.29299652576446533,-1.3711215257644653,-8.855496406555176,-12.449246406555176,-14.199246406555176,3.0,1
1607,-14.170389175415039,-15.068826675415039,-11.467264175415039,-3.529764413833618,-0.029764417558908463,4.0,5
1608,-0.23208260536193848,-1.6070826053619385,-5.060207366943359,-8.31020736694336,-10.51333236694336,1.0,1
1609,-14.351764678955078,-5.609577178955078,-0.09395213425159454,-2.453327178955078,-13.875202178955078,2.0,3
1610,-16.30039405822754,-15.855082511901855,-8.972270011901855,-0.019144637510180473,-3.9722695350646973,1.0,4
1611,-14.914399147033691,-7.164399147033691,-0.008149348199367523,-4.914399147033691,-14.508149147033691,4.0,3
1612,-11.876938819885254,-0.0019384894985705614,-6.251938343048096,-13.080063819885254,-17.158187866210938,1.0,2
1613,-0.7016037106513977,-0.6859787106513977,-7.420353889465332,-11.787541389465332,-13.959416389465332,2.0,2
1614,-3.469186544418335,-0.031686536967754364,-10.016061782836914,-14.328561782836914,-16.406686782836914,3.0,2
1615,-11.95012378692627,-7.3954362869262695,-1.6923112869262695,-0.20793622732162476,-5.8016862869262695,2.0,4
1616,-0.0011273226700723171,-6.798002243041992,-11.782377243041992,-14.188627243041992,-14.602689743041992,3.0,1
1617,-0.0019269485492259264,-6.267551898956299,-10.923802375793457,-13.048802375793457,-13.361302375793457,2.0,1
1618,-0.016825780272483826,-4.0949506759643555,-10.782450675964355,-13.657450675964355,-14.540263175964355,1.0,1
1619,-1.5461819171905518,-0.26493191719055176,-3.9524319171905518,-7.780556678771973,-11.593056678771973,2.0,2
1620,-17.068689346313477,-0.6936899423599243,-16.467126846313477,-11.678065299987793,-16.224939346313477,1.0,2
1621,-0.039930179715156555,-3.2586801052093506,-7.38368034362793,-10.12586784362793,-11.21961784362793,3.0,1
1622,-0.0007948100101202726,-7.235169887542725,-10.110169410705566,-11.305481910705566,-11.219544410705566,2.0,1
1623,-15.437549591064453,-4.994744449504651e-05,-14.671924591064453,-13.562549591064453,-17.289112091064453,5.0,2
1624,-0.031679607927799225,-3.547304630279541,-6.359804630279541,-7.953554630279541,-8.281679153442383,3.0,1
1625,-0.12639209628105164,-2.142017126083374,-6.704516887664795,-9.821704864501953,-12.001392364501953,3.0,1
1626,-3.4570634852570947e-06,-14.578128814697266,-13.171878814697266,-15.210941314697266,-15.054691314697266,1.0,1
1627,-14.90854549407959,-15.86948299407959,-12.91635799407959,-6.08042049407959,-0.0022953611332923174,4.0,5
1628,-6.726921558380127,-0.11754670739173889,-2.211296796798706,-8.883172035217285,-13.984734535217285,5.0,2
1629,-11.56252384185791,-2.4318398573086597e-05,-11.78127384185791,-12.85158634185791,-13.67971134185791,5.0,2
1630,-0.023086801171302795,-3.7887117862701416,-8.788711547851562,-11.390274047851562,-12.577774047851562,3.0,1
1631,-13.6776123046875,-13.6854248046875,-9.6229248046875,-1.8572994470596313,-0.16979946196079254,5.0,5
1632,-13.241798400878906,-12.405860900878906,-6.663673400878906,-0.6636735200881958,-0.7261735200881958,2.0,4
1633,-0.000974656839389354,-6.954099655151367,-12.063474655151367,-14.329099655151367,-13.922849655151367,2.0,1
1634,-0.00837977509945631,-4.789629936218262,-10.813067436218262,-13.578692436218262,-14.352129936218262,3.0,1
1635,-11.512925464970229,-11.512925464970229,-11.512925464970229,-11.512925464970229,-11.512925464970229,3.0,-1
1636,-13.328143119812012,-1.8358061424805783e-05,-11.773455619812012,-13.468768119812012,-13.273455619812012,5.0,2
1637,-0.001831641187891364,-6.314331531524658,-11.306519508361816,-13.744019508361816,-13.837769508361816,1.0,1
1638,-11.512925464970229,-11.512925464970229,-11.512925464970229,-11.512925464970229,-11.512925464970229,1.0,-1
1639,-14.129709243774414,-14.957834243774414,-11.129709243774414,-5.364084243774414,-0.004709342960268259,3.0,5
1640,-11.512925464970229,-11.512925464970229,-11.512925464970229,-11.512925464970229,-11.512925464970229,3.0,-1
1641,-0.009817766025662422,-4.634817600250244,-9.955130577087402,-12.744193077087402,-13.298880577087402,1.0,1
1642,-10.724119186401367,-0.0053692893125116825,-5.239744186401367,-10.645994186401367,-13.802244186401367,2.0,2
1643,-15.147403717041016,-15.623966217041016,-10.756778717041016,-1.2567790746688843,-0.3349040746688843,4.0,5
1644,-3.2186455882765586e-06,-16.742191314697266,-15.82812786102295,-17.210941314697266,-17.429691314697266,1.0,1
1645,-0.009079832583665848,-4.712204933166504,-10.009079933166504,-12.899704933166504,-13.188767433166504,4.0,1
1646,-10.281291007995605,-4.076874756719917e-05,-13.101603507995605,-14.375041007995605,-14.906291007995605,2.0,2
1647,-16.085939407348633,-14.789064407348633,-2.3841830625315197e-06,-14.757814407348633,-15.523439407348633,3.0,3
1648,-18.718751907348633,-16.812501907348633,-1.311301275563892e-06,-16.625001907348633,-16.101564407348633,1.0,3
1649,-6.973465919494629,-0.004715749993920326,-5.582840919494629,-12.395340919494629,-16.270339965820312,1.0,2
1650,-4.436731815338135,-0.014857004396617413,-5.842981815338135,-11.655482292175293,-15.249232292175293,1.0,2
1651,-13.88400650024414,-4.930881977081299,-0.009006824344396591,-6.352756977081299,-13.82150650024414,1.0,3
1652,-2.6376168727874756,-0.075116828083992,-7.1063666343688965,-11.793867111206055,-14.825117111206055,2.0,2
1653,-0.0041873874142766,-5.48856258392334,-10.63700008392334,-13.33231258392334,-13.28543758392334,2.0,1
1654,-6.128643035888672,-0.019268009811639786,-4.081768035888672,-10.652080535888672,-15.159893035888672,1.0,2
1655,-12.376008987426758,-10.040071487426758,-4.321321964263916,-0.11819674074649811,-2.321321725845337,3.0,4
1656,-16.860143661499023,-15.64920711517334,-7.235144138336182,-0.0007693191873840988,-9.98514461517334,2.0,4
1657,-10.691520690917969,-0.03527095541357994,-3.363395929336548,-11.175895690917969,-15.293083190917969,2.0,2
1658,-17.08662223815918,-13.235058784484863,-1.5631840229034424,-0.2350590080022812,-12.664746284484863,1.0,4
1659,-15.176674842834473,-15.645424842834473,-10.020424842834473,-0.26261261105537415,-1.4657375812530518,1.0,4
1660,-12.89120101928711,-13.88338851928711,-10.40682601928711,-3.7427635192871094,-0.02401350624859333,5.0,5
1661,-9.118950843811035,-0.009575745090842247,-4.665825843811035,-11.876763343811035,-15.150200843811035,1.0,2
1662,-13.51563835144043,-1.3232143828645349e-05,-11.62501335144043,-13.07813835144043,-15.42188835144043,3.0,2
1663,-14.406062126159668,-15.616999626159668,-10.984187126159668,-0.7576243281364441,-0.6326243281364441,5.0,5
1664,-10.441134452819824,-0.0036346344277262688,-5.628634452819824,-12.433321952819824,-16.37082290649414,3.0,2
1665,-13.401262283325195,-13.924699783325195,-11.018449783325195,-5.877824783325195,-0.0028248426970094442,2.0,5
1666,-16.58416175842285,-14.576349258422852,-5.115411281585693,-0.0060365027748048306,-11.435724258422852,2.0,4
1667,-13.553526878356934,-13.553526878356934,-8.186339378356934,-0.10821443051099777,-2.2800893783569336,5.0,4
1668,-17.030269622802734,-14.624019622802734,-4.991206645965576,-0.006831740494817495,-11.624019622802734,5.0,4
1669,-10.987521171569824,-0.01877126656472683,-4.003146171569824,-8.050021171569824,-14.503146171569824,1.0,2
1670,-13.54978084564209,-14.98728084564209,-11.78415584564209,-5.84665584564209,-0.0029056731145828962,4.0,5
1671,-11.489591598510742,-12.122404098510742,-9.169279098510742,-4.356778621673584,-0.013028849847614765,5.0,5
1672,-0.0007945717661641538,-7.172669410705566,-11.032044410705566,-12.407044410705566,-12.461731910705566,2.0,1
1673,-11.336892127990723,-0.6181420087814331,-0.7743920087814331,-9.782204627990723,-15.344704627990723,1.0,2
1674,-15.5327787399292,-14.7280912399292,-7.345278739929199,-0.03277894854545593,-3.4546539783477783,4.0,4
1675,-8.758451461791992,-0.008451174013316631,-4.805325984954834,-9.555326461791992,-15.000638961791992,5.0,2
1676,-7.240084648132324,-0.052584778517484665,-2.9900848865509033,-8.427584648132324,-14.005709648132324,2.0,2
1677,-14.884113311767578,-14.259113311767578,-6.993488788604736,-0.08723866939544678,-2.4934887886047363,1.0,4
1678,-13.14659595489502,-13.37315845489502,-8.25597095489502,-2.0997204780578613,-0.1309705227613449,1.0,5
1679,-16.92266845703125,-16.89923095703125,-10.23516845703125,-0.0007933806627988815,-7.18829345703125,5.0,4
1680,-15.924633026123047,-15.744945526123047,-8.377758026123047,-0.01838301122188568,-4.018383026123047,5.0,4
1681,-14.388130187988281,-14.544380187988281,-10.091255187988281,-0.04437999427318573,-3.138129949569702,1.0,4
1682,-12.005630493164062,-10.982192993164062,-6.232192516326904,-0.060317717492580414,-2.8728177547454834,4.0,4
1683,-13.728470802307129,-14.165970802307129,-10.775345802307129,-3.423783779144287,-0.03315877169370651,3.0,5
1684,-11.82617473602295,-11.41211223602295,-8.19336223602295,-0.021487649530172348,-3.8652377128601074,2.0,4
1685,-11.512925464970229,-11.512925464970229,-11.512925464970229,-11.512925464970229,-11.512925464970229,2.0,-1
1686,-0.08117946237325668,-2.58117938041687,-6.143679618835449,-9.09680461883545,-10.97961711883545,1.0,1
1687,-13.942744255065918,-15.114619255065918,-11.848994255065918,-5.255244731903076,-0.0052445451728999615,1.0,5
1688,-0.027462197467684746,-3.6680872440338135,-6.621212005615234,-8.605587005615234,-10.175899505615234,4.0,1
1689,-1.5388540029525757,-0.24197901785373688,-8.148228645324707,-12.390416145324707,-14.859166145324707,1.0,2
1690,-17.909351348876953,-11.862476348876953,-0.36247673630714417,-1.1906017065048218,-13.956226348876953,4.0,3
1691,-15.144438743591309,-16.878812789916992,-12.730376243591309,-2.1131887435913086,-0.1288137286901474,4.0,5
1692,-16.61910057067871,-15.244099617004395,-6.767537593841553,-0.0019124329555779696,-7.189412593841553,4.0,4
1693,-1.4348558187484741,-0.2786058485507965,-5.309855937957764,-9.864542961120605,-13.302042961120605,4.0,2
1694,-15.375842094421387,-15.493029594421387,-9.500842094421387,-0.31334200501441956,-1.3133419752120972,3.0,4
1695,-12.848730087280273,-12.934667587280273,-8.161230087280273,-0.8174802660942078,-0.5831052660942078,4.0,5
1696,-0.8629946112632751,-0.5504946112632751,-6.56611967086792,-10.862994194030762,-13.644244194030762,2.0,2
1697,-7.069343090057373,-0.584968090057373,-0.850593090057373,-4.209968090057373,-11.858406066894531,3.0,2
1698,-13.623563766479492,-12.568876266479492,-7.279813766479492,-0.7016886472702026,-0.6860636472702026,2.0,5
1699,-15.067683219909668,-14.708308219909668,-8.559870719909668,-0.15362070500850677,-1.950495719909668,2.0,4
1700,-15.23929214477539,-14.73929214477539,-8.88772964477539,-0.10647948831319809,-2.2939794063568115,1.0,4
1701,-16.51937484741211,-16.57406234741211,-10.300625801086426,-0.003750553820282221,-5.597500324249268,2.0,4
1702,-13.672126770019531,-14.062751770019531,-9.851814270019531,-2.929939031600952,-0.054939065128564835,3.0,5
1703,-13.831572532653809,-14.745635032653809,-11.730010032653809,-5.675322532653809,-0.003447662340477109,5.0,5
1704,-0.0012024560710415244,-6.751202583312988,-10.610577583312988,-12.423077583312988,-13.399640083312988,1.0,1
1705,-11.641120910644531,-0.7661207914352417,-0.6254957914352417,-8.625495910644531,-14.898933410644531,2.0,3
1706,-15.009352684020996,-14.501540184020996,-9.189040184020996,-0.01716519333422184,-4.079665184020996,3.0,4
1707,-14.170966148376465,-14.444403648376465,-9.545966148376465,-1.0537781715393066,-0.4287782311439514,3.0,5
1708,-11.451765060424805,-0.41270267963409424,-1.0845776796340942,-9.397077560424805,-14.881452560424805,3.0,2
1709,-0.2852872312068939,-1.3946622610092163,-8.207161903381348,-12.230599403381348,-14.144661903381348,3.0,1
1710,-6.548602104187012,-0.0017272805562242866,-8.142352104187012,-13.900164604187012,-16.400165557861328,1.0,2
1711,-2.825220326485578e-05,-10.531278610229492,-14.070341110229492,-15.617216110229492,-15.664091110229492,1.0,1
1712,-16.140634536743164,-9.179073458653875e-06,-14.820322036743164,-14.890634536743164,-12.210947036743164,1.0,2
1713,-13.953975677490234,-13.618038177490234,-9.422725677490234,-2.5789759159088135,-0.07897589355707169,5.0,5
1714,-14.55358600616455,-13.70983600616455,-7.975461006164551,-0.05358602851629257,-2.959836006164551,3.0,4
1715,-15.405981063842773,-14.405981063842773,-7.577856063842773,-0.015356048010289669,-4.218481063842773,5.0,4
1716,-13.392538070678711,-14.345663070678711,-10.681600570678711,-3.423787832260132,-0.033162809908390045,5.0,5
1717,-0.4655272364616394,-0.9967772364616394,-5.809277057647705,-9.184277534484863,-11.481152534484863,3.0,1
1718,-0.008038431406021118,-4.836163520812988,-9.789288520812988,-12.289288520812988,-13.172101020812988,3.0,1
1719,-13.817477226257324,-13.747164726257324,-9.770602226257324,-3.895602226257324,-0.020602276548743248,5.0,5
1720,-14.673683166503906,-14.072120666503906,-8.173683166503906,-0.6111835241317749,-0.7830585241317749,5.0,4
1721,-0.004700325895100832,-5.379700183868408,-9.707825660705566,-11.903138160705566,-12.223450660705566,1.0,1
1722,-0.05350975692272186,-2.9597597122192383,-8.319134712219238,-11.420697212219238,-12.967572212219238,1.0,1
1723,-14.2267427444458,-14.7579927444458,-11.1876802444458,-3.257993221282959,-0.03924314305186272,5.0,5
1724,-14.623032569885254,-15.208970069885254,-12.091782569885254,-5.146470069885254,-0.005845001433044672,3.0,5
1725,-0.010013818740844727,-4.619388580322266,-9.416263580322266,-12.010013580322266,-12.463138580322266,1.0,1
1726,-0.015541276894509792,-4.203041076660156,-7.874916076660156,-10.031166076660156,-10.679603576660156,1.0,1
1727,-13.905058860778809,-15.092558860778809,-11.897246360778809,-5.022246837615967,-0.0066216811537742615,5.0,5
1728,-10.737242698669434,-1.9950556755065918,-0.18255561590194702,-3.479430675506592,-12.338805198669434,3.0,3
1729,-0.001086717238649726,-6.844836711883545,-11.376087188720703,-13.493274688720703,-13.329212188720703,2.0,1
1730,-9.332919120788574,-0.004793936386704445,-5.364169120788574,-11.520419120788574,-15.582919120788574,2.0,2
1731,-15.496625900268555,-16.043500900268555,-10.551313400268555,-0.004438430070877075,-5.426313400268555,1.0,4
1732,-14.920055389404297,-14.584117889404297,-9.623180389404297,-0.7169300317764282,-0.6700550317764282,2.0,5
1733,-2.666818857192993,-0.07306883484125137,-6.932443618774414,-11.846506118774414,-14.838693618774414,3.0,2
1734,-0.021670112386345863,-3.84979510307312,-8.9747953414917,-11.7482328414917,-12.7716703414917,3.0,1
1735,-15.376182556152344,-15.399620056152344,-9.149620056152344,-0.008995365351438522,-4.727745532989502,2.0,4
1736,-13.733390808105469,-3.1552658081054688,-0.04589083790779114,-6.108390808105469,-15.038078308105469,5.0,3
1737,-14.49123477935791,-13.84279727935791,-9.20998477935791,-1.256859540939331,-0.3349844813346863,5.0,5
1738,-0.004588432144373655,-5.395213603973389,-10.64521312713623,-13.04365062713623,-13.21552562713623,1.0,1
1739,-13.439881324768066,-14.103943824768066,-11.119568824768066,-6.049256324768066,-0.0023813480511307716,1.0,5
1740,-11.823538780212402,-12.612601280212402,-10.331351280212402,-5.753225803375244,-0.0032258399296551943,5.0,5
1741,-11.512925464970229,-11.512925464970229,-11.512925464970229,-11.512925464970229,-11.512925464970229,1.0,-1
1742,-15.528188705444336,-10.637563705444336,-0.5360015034675598,-0.8797515034675598,-12.840688705444336,1.0,3
1743,-10.412994384765625,-10.991119384765625,-7.092681407928467,-3.545806646347046,-0.03018159419298172,4.0,5
1744,-12.846019744873047,-14.111644744873047,-11.510082244873047,-6.096019268035889,-0.002269432647153735,1.0,5
1745,-0.002380515681579709,-6.04925537109375,-11.79925537109375,-14.43206787109375,-14.43206787109375,1.0,1
1746,-13.091422080993652,-1.9507973194122314,-0.15392234921455383,-7.6070475578308105,-15.091422080993652,1.0,3
1747,-15.163771629333496,-15.843459129333496,-10.952834129333496,-0.8981463313102722,-0.5231463313102722,5.0,5
1748,-15.715210914611816,-13.019898414611816,-4.496461391448975,-0.012086370028555393,-7.058961391448975,1.0,4
1749,-0.08794112503528595,-2.4941911697387695,-6.4941911697387695,-9.75200366973877,-10.25981616973877,1.0,1
1750,-2.295743227005005,-0.10824321210384369,-6.280117988586426,-10.912930488586426,-14.162930488586426,1.0,2
1751,-15.01933479309082,-13.32402229309082,-5.67558479309082,-0.0037095798179507256,-8.22245979309082,5.0,4
1752,-13.5559720993042,-4.610659599304199,-0.09503468126058578,-2.516909599304199,-13.9309720993042,1.0,3
1753,-16.383649826049805,-15.633650779724121,-8.118025779724121,-0.024275559931993484,-3.743025541305542,1.0,4
1754,-9.132128715515137,-1.647753357887268,-0.22587837278842926,-4.6477532386779785,-12.280566215515137,1.0,3
1755,-16.5482120513916,-16.1966495513916,-10.087273597717285,-0.02477388083934784,-3.7122738361358643,4.0,4
1756,-1.7547478675842285,-0.1922478973865509,-6.2547478675842285,-10.957873344421387,-14.035998344421387,1.0,2
1757,-14.312999725341797,-12.984874725341797,-6.203624725341797,-0.2504998445510864,-1.5161248445510864,2.0,4
1758,-15.64782428741455,-13.85094928741455,-5.585324764251709,-0.007199534680694342,-5.679074764251709,4.0,4
1759,-14.862838745117188,-15.183151245117188,-10.198776245117188,-0.5425263047218323,-0.8706513047218323,4.0,4
1760,-16.836830139160156,-15.329017639160156,-7.204017639160156,-0.0008925982983782887,-8.829017639160156,4.0,4
1761,-8.833919525146484,-0.19329439103603363,-1.7401694059371948,-9.037044525146484,-14.474544525146484,4.0,2
1762,-13.910155296325684,-13.925780296325684,-9.292967796325684,-0.8085925579071045,-0.5898425579071045,3.0,5
1763,-14.40260124206543,-15.14478874206543,-10.99635124206543,-2.0041632652282715,-0.14478829503059387,5.0,5
1764,-4.352704048156738,-0.0402042418718338,-3.6339542865753174,-9.110516548156738,-13.626141548156738,3.0,2
1765,-13.95063304901123,-14.11469554901123,-9.43500804901123,-1.57563316822052,-0.23188315331935883,1.0,5
1766,-4.500886917114258,-0.06338668614625931,-3.0008866786956787,-7.485261917114258,-12.899324417114258,3.0,2
1767,-15.442258834838867,-15.567258834838867,-9.676633834838867,-0.004759056027978659,-5.364133834838867,4.0,4
1768,-9.386370658874512,-0.0582454614341259,-2.8863704204559326,-7.245745658874512,-13.433245658874512,3.0,2
1769,-15.166512489318848,-14.205574989318848,-7.018074989318848,-0.0024500847794115543,-6.471199989318848,1.0,4
1770,-13.119659423828125,-13.674346923828125,-9.549346923828125,-3.408722162246704,-0.03372207283973694,1.0,5
1771,-14.721451759338379,-14.908951759338379,-9.807389259338379,-0.0417642779648304,-3.198014259338379,4.0,4
1772,-14.461638450622559,-14.930388450622559,-10.328825950622559,-0.09445066004991531,-2.4069507122039795,5.0,4
1773,-11.512925464970229,-11.512925464970229,-11.512925464970229,-11.512925464970229,-11.512925464970229,1.0,-1
1774,-0.06510122865438461,-2.768226146697998,-8.361976623535156,-11.619789123535156,-13.393226623535156,1.0,1
1775,-13.665397644042969,-14.954460144042969,-12.001335144042969,-6.626335144042969,-0.001334967790171504,5.0,5
1776,-13.685359954833984,-14.310359954833984,-11.435359954833984,-5.177547454833984,-0.005672666244208813,5.0,5
1777,-0.0006378046819008887,-7.375638008117676,-12.008450508117676,-13.828763008117676,-13.649075508117676,3.0,1
1778,-9.356855392456055,-0.15373049676418304,-1.9506055116653442,-8.434980392456055,-14.544355392456055,3.0,2
1779,-13.966622352600098,-14.240059852600098,-10.240059852600098,-2.521310329437256,-0.08381031453609467,2.0,5
1780,-0.1519322246313095,-1.9644322395324707,-7.292557239532471,-10.737869262695312,-13.034744262695312,5.0,1
1781,-5.6265202147187665e-05,-9.859431266784668,-13.460993766784668,-14.953181266784668,-14.781306266784668,1.0,1
1782,-14.703130722045898,-16.0468807220459,-14.625005722045898,-5.8412379075889476e-06,-12.671880722045898,2.0,4
1783,-14.723759651184082,-15.239384651184082,-11.020634651184082,-1.3018848896026611,-0.31750982999801636,4.0,5
1784,-0.0005931286723352969,-7.484968185424805,-10.875593185424805,-12.141218185424805,-12.430280685424805,3.0,1
1785,-0.33967745304107666,-1.2459274530410767,-8.089677810668945,-11.761552810668945,-14.019365310668945,2.0,1
1786,-0.348580539226532,-1.2235805988311768,-8.973580360412598,-12.840767860412598,-14.903267860412598,1.0,1
1787,-16.079753875732422,-14.642253875732422,-6.73600435256958,-0.001629216712899506,-7.73600435256958,4.0,4
1788,-13.707134246826172,-14.730571746826172,-10.871196746826172,-3.9415090084075928,-0.01963406428694725,4.0,5
1789,-9.682696342468262,-0.010821349918842316,-4.542071342468262,-9.948321342468262,-14.823321342468262,2.0,2
1790,-14.236083030700684,-13.204833030700684,-8.306395530700684,-0.9938951134681702,-0.46264511346817017,2.0,5
1791,-0.00011169286881340668,-9.14073657989502,-13.05479907989502,-14.71104907989502,-14.74229907989502,1.0,1
1792,-13.623435020446777,-14.123435020446777,-10.420310020446777,-3.3031225204467773,-0.037497419863939285,2.0,5
1793,-13.128093719482422,-13.948406219482422,-11.674968719482422,-5.784343719482422,-0.003093697363510728,1.0,5
1794,-9.054825782775879,-0.28920114040374756,-1.3829511404037476,-8.617325782775879,-14.781388282775879,1.0,2
1795,-16.27006721496582,-16.13725471496582,-10.152878761291504,-0.08256672322750092,-2.535691738128662,2.0,4
1796,-12.358999252319336,-12.788686752319336,-9.851186752319336,-4.913687229156494,-0.0074370428919792175,1.0,5
1797,-13.072066307067871,-13.111128807067871,-10.001753807067871,-4.064254283905029,-0.017379257827997208,3.0,5
1798,-15.705190658569336,-15.048940658569336,-8.408315658569336,-0.00206590723246336,-6.298941135406494,1.0,4
1799,-13.144463539123535,-13.480401039123535,-9.511651039123535,-2.058525800704956,-0.1366506963968277,1.0,5
1800,-0.008178671821951866,-4.8363037109375,-8.6175537109375,-10.9691162109375,-12.3988037109375,4.0,1
1801,-10.271026611328125,-0.06790176779031754,-2.724151849746704,-11.638214111328125,-15.685089111328125,1.0,2
1802,-0.016098985448479652,-4.141098976135254,-9.859848976135254,-12.492661476135254,-13.477036476135254,5.0,1
1803,-16.97344970703125,-17.93438720703125,-12.56719970703125,-0.0046996138989925385,-5.36407470703125,5.0,4
1804,-16.846553802490234,-12.666866302490234,-1.830928921699524,-0.1746789664030075,-12.744991302490234,2.0,4
1805,-0.36329883337020874,-1.1914238929748535,-7.1289238929748535,-11.089860916137695,-13.449235916137695,4.0,1
1806,-0.03827836364507675,-3.288278341293335,-8.428903579711914,-11.741403579711914,-13.374216079711914,3.0,1
1807,-13.66639232635498,-13.72889232635498,-8.86170482635498,-0.8617045879364014,-0.5492045879364014,5.0,5
1808,-0.004046705085784197,-5.56654691696167,-8.754046440124512,-10.480608940124512,-10.863421440124512,1.0,1
1809,-3.8650832176208496,-0.021333275362849236,-8.865083694458008,-13.161958694458008,-15.724458694458008,2.0,2
1810,-9.612883567810059,-0.0035086043644696474,-5.675383567810059,-12.331633567810059,-15.831633567810059,1.0,2
1811,-16.750350952148438,-15.742538452148438,-8.250350952148438,-0.0003507714136503637,-9.344100952148438,3.0,4
1812,-16.141822814941406,-15.85275936126709,-10.70432186126709,-0.016821911558508873,-4.09494686126709,3.0,4
1813,-0.04255057871341705,-3.183175563812256,-8.636301040649414,-11.636301040649414,-12.792551040649414,2.0,1
1814,-11.361973762512207,-12.986973762512207,-10.471348762512207,-5.971349239349365,-0.002599077532067895,4.0,5
1815,-0.009097670204937458,-4.712222576141357,-9.727848052978516,-12.251285552978516,-13.024723052978516,2.0,1
1816,-13.863265037536621,-13.191390037536621,-8.941390037536621,-1.3945149183273315,-0.28513988852500916,4.0,5
1817,-16.395755767822266,-16.403568267822266,-10.41137981414795,-0.07544254511594772,-2.6223175525665283,1.0,4
1818,-12.214383125305176,-0.8706330060958862,-0.5425080060958862,-10.925320625305176,-16.05813217163086,3.0,3
1819,-12.303311347961426,-12.693936347961426,-9.514248847961426,-4.264248847961426,-0.014248657040297985,3.0,5
1820,-14.026937484741211,-14.347249984741211,-9.511312484741211,-0.8706877827644348,-0.5425627827644348,4.0,5
1821,-12.230770111083984,-12.801082611083984,-9.324520111083984,-3.6057701110839844,-0.027645081281661987,2.0,5
1822,-14.269536018371582,-13.425786018371582,-5.58984899520874,-0.04297398775815964,-3.2617239952087402,3.0,4
1823,-14.475027084350586,-12.662527084350586,-5.100027084350586,-0.006276893895119429,-8.787527084350586,4.0,4
1824,-0.001492696930654347,-6.548367500305176,-10.095242500305176,-11.649930000305176,-12.509305000305176,4.0,1
1825,-16.921876907348633,-1.0728830375228426e-06,-14.914063453674316,-18.085939407348633,-18.757814407348633,1.0,2
1826,-18.179689407348633,-1.6689286894688848e-06,-16.234376907348633,-14.031251907348633,-17.281251907348633,1.0,2
1829,-9.25030517578125,-0.0003054867556784302,-12.64093017578125,-8.56280517578125,-13.69561767578125,1.0,2
1830,-11.203524589538574,-8.672274589538574,-16.22696304321289,-0.00039986721822060645,-16.36758804321289,1.0,4
1831,-15.223945617675781,-2.9895708560943604,-11.872383117675781,-0.05207081884145737,-11.388008117675781,1.0,4
1832,-17.35395622253418,-0.002393359551206231,-15.03364372253418,-12.36958122253418,-16.70551872253418,1.0,2
1833,-5.5238471031188965,-0.008222300559282303,-5.4769721031188965,-11.258222579956055,-14.875410079956055,1.0,2
1834,-7.173717975616455,-0.0018428262555971742,-6.845592975616455,-11.790904998779297,-15.564342498779297,1.0,2
1835,-16.071001052856445,-13.485063552856445,-4.7897515296936035,-0.008501410484313965,-8.836626052856445,4.0,4
1836,-0.8137029409408569,-0.5949529409408569,-5.2980780601501465,-8.766827583312988,-11.798077583312988,3.0,2
1837,-16.429794311523438,-15.492294311523438,-9.187606811523438,-0.0001072826053132303,-12.539169311523438,2.0,4
1838,-12.426326751708984,-11.215389251708984,-6.816951751708984,-2.7544515132904053,-0.06695155054330826,1.0,5
1839,-13.823186874389648,-12.221624374389648,-4.682561874389648,-0.041936904191970825,-3.4481868743896484,2.0,4
1840,-0.001405086019076407,-6.595155239105225,-10.517029762268066,-12.227967262268066,-12.907654762268066,4.0,1
1841,-15.881121635437012,-15.357684135437012,-8.568621635437012,-0.006121576298028231,-5.131121635437012,5.0,4
1842,-16.242855072021484,-15.406917572021484,-7.797542095184326,-0.0006671110168099403,-8.281917572021484,4.0,4
1843,-16.03163719177246,-15.312886238098145,-8.984761238098145,-0.00038652101648040116,-8.266011238098145,2.0,4
1844,-14.515813827514648,-14.125188827514648,-9.156438827514648,-0.12518911063671112,-2.1408140659332275,1.0,4
1845,-0.1608833223581314,-1.9108833074569702,-7.34838342666626,-11.637445449829102,-13.512445449829102,1.0,1
1846,-16.74332046508789,-15.12613296508789,-6.798008441925049,-0.0011333954753354192,-11.11832046508789,5.0,4
1847,-13.037691116333008,-13.318941116333008,-8.678316116333008,-0.14706633985042572,-1.990816354751587,5.0,4
1848,-15.909453392028809,-15.065703392028809,-7.66726541519165,-0.011015555821359158,-4.55789041519165,4.0,4
1849,-6.174123764038086,-0.0022488560061901808,-8.736623764038086,-13.345998764038086,-16.353811264038086,1.0,2
1850,-18.43804359436035,-16.08648109436035,-4.789605617523193,-0.008355777710676193,-13.305231094360352,5.0,4
1851,-16.92439842224121,-17.46346092224121,-12.080648422241211,-0.0025232164189219475,-5.986898422241211,1.0,4
1852,-10.475199699401855,-0.006449716631323099,-5.0533246994018555,-11.350199699401855,-16.108013153076172,1.0,2
1853,-0.21329207718372345,-1.650792121887207,-8.697667121887207,-12.252354621887207,-14.142979621887207,1.0,1
1854,-0.0549280047416687,-2.9299280643463135,-10.351802825927734,-13.672115325927734,-14.898677825927734,3.0,1
1855,-0.0018860186683014035,-6.298760890960693,-10.267511367797852,-12.025323867797852,-13.103448867797852,4.0,1
1856,-12.549891471862793,-12.456141471862793,-7.643641471862793,-0.018641397356987,-4.018641471862793,3.0,4
1857,-1.0853456258773804,-0.41347062587738037,-7.08534574508667,-11.460345268249512,-13.827532768249512,2.0,2
1858,-10.642976760864258,-0.0023517352528870106,-6.064851760864258,-14.041414260864258,-17.471101760864258,1.0,2
1859,-0.004580006934702396,-5.395205020904541,-10.645204544067383,-13.160829544067383,-13.895204544067383,1.0,1
1860,-16.3359432220459,-5.960446742392378e-06,-13.039068222045898,-16.3671932220459,-18.7187557220459,1.0,2
1861,-11.634060859680176,-10.243435859680176,-8.423123359680176,-9.399685859680176,-0.0012487717904150486,1.0,5
1862,-12.375041007995605,-13.015666007995605,-13.742228507995605,-12.867228507995605,-4.1126360883936286e-05,1.0,5
1863,-17.07059097290039,-8.48465347290039,-16.28934097290039,-0.000278195773717016,-13.62527847290039,2.0,4
1864,-18.5078125,-17.3671875,-3.576278118089249e-07,-17.15625,-18.0390625,1.0,3
1865,-14.000277519226074,-3.258089542388916,-0.03933965042233467,-9.101840019226074,-14.937777519226074,1.0,3
1866,-0.003734520636498928,-5.597484588623047,-11.191234588623047,-13.800609588623047,-14.159984588623047,1.0,1
1867,-15.955300331115723,-16.37717628479004,-10.744362831115723,-0.002175347413867712,-6.142800331115723,2.0,4
1868,-15.525070190429688,-15.978195190429688,-11.306320190429688,-0.486007422208786,-0.9547574520111084,2.0,4
1869,-15.713866233825684,-11.893553733825684,-2.6513664722442627,-0.07324157655239105,-9.752928733825684,3.0,4
1870,-14.187949180603027,-13.797324180603027,-7.383261680603027,-0.1332617700099945,-2.0863866806030273,4.0,4
1871,-13.494694709777832,-13.947819709777832,-10.049382209777832,-3.033757209777832,-0.04938224330544472,5.0,5
1872,-14.436579704284668,-14.678767204284668,-9.741267204284668,-0.4287673532962799,-1.0537673234939575,5.0,4
1873,-0.001191144809126854,-6.751191139221191,-11.016816139221191,-13.259003639221191,-14.001191139221191,1.0,1
1874,-13.017090797424316,-13.134278297424316,-9.509278297424316,-3.2280282974243164,-0.04052825644612312,3.0,5
1875,-15.344539642333984,-15.875789642333984,-10.961727142333984,-0.039852287620306015,-3.2429773807525635,4.0,4
1876,-13.115748405456543,-12.670435905456543,-8.607935905456543,-1.2016857862472534,-0.3579357862472534,1.0,5
1877,-13.091714859008789,-13.326089859008789,-9.568277359008789,-2.4354653358459473,-0.09171522408723831,2.0,5
1878,-0.08727745711803436,-2.493527412414551,-7.024777412414551,-10.12633991241455,-11.32165241241455,1.0,1
1879,-12.82351016998291,-13.90944766998291,-11.12038516998291,-5.753198146820068,-0.0031980343628674746,3.0,5
1880,-12.516813278198242,-13.462125778198242,-11.477750778198242,-6.751187801361084,-0.0011879300000146031,1.0,5
1881,-0.048631273210048676,-3.048631191253662,-10.23613166809082,-13.54081916809082,-14.74394416809082,1.0,1
1882,-0.00026854246971197426,-8.578393936157227,-10.203393936157227,-11.336206436157227,-11.523706436157227,2.0,1
1883,-13.685437202453613,-10.052624702453613,-0.7010620832443237,-0.6854370832443237,-11.013562202453613,4.0,4
1884,-0.0008971241768449545,-7.03214693069458,-11.555584907531738,-14.071209907531738,-14.539959907531738,3.0,1
1885,-0.0035738188307732344,-5.644198894500732,-10.839510917663574,-13.519198417663574,-13.862948417663574,3.0,1
1886,-0.00240013818256557,-6.049274921417236,-10.932087898254395,-13.549275398254395,-13.736775398254395,2.0,1
1887,-7.67156457901001,-1.2809393405914307,-0.37468937039375305,-3.3746893405914307,-11.812189102172852,1.0,3
1888,-10.015684127807617,-5.94836674281396e-05,-16.593809127807617,-19.007871627807617,-15.101621627807617,4.0,2
1889,-11.886744499206543,-0.8086199164390564,-0.5898699164390564,-9.042994499206543,-14.972681999206543,1.0,3
1890,-0.028475813567638397,-3.575350761413574,-9.700350761413574,-12.887850761413574,-14.348788261413574,1.0,1
1891,-17.5279598236084,-15.246709823608398,-5.410772323608398,-0.004522097297012806,-10.160772323608398,3.0,4
1892,-11.047013282775879,-0.0001382732152706012,-9.687638282775879,-9.890763282775879,-12.765763282775879,5.0,2
1893,-14.588013648986816,-7.970826625823975,-0.002076494973152876,-6.361451625823975,-14.502076148986816,1.0,3
1894,-2.4272851943969727,-0.11478528380393982,-3.9116601943969727,-8.817910194396973,-13.114785194396973,1.0,2
1895,-14.775472640991211,-14.853597640991211,-9.455160140991211,-0.3770354390144348,-1.15828537940979,4.0,4
1896,-16.44534683227539,-3.516612196108326e-05,-12.507847785949707,-10.453160285949707,-15.992222785949707,4.0,2
1897,-0.033767830580472946,-3.4087679386138916,-9.174392700195312,-12.025955200195312,-13.080642700195312,1.0,1
1898,-14.218756675720215,-13.398444175720215,-6.6756979322235566e-06,-13.796881675720215,-13.000006675720215,1.0,3
1899,-14.971512794494629,-14.619950294494629,-9.205887794494629,-0.18245013058185577,-1.7918251752853394,1.0,4
1900,-0.003211818402633071,-5.753211975097656,-10.550086975097656,-12.940711975097656,-13.253211975097656,1.0,1
1901,-0.0029246911872178316,-5.846674919128418,-10.706049919128418,-13.174799919128418,-13.502924919128418,1.0,1
1902,-0.01996738463640213,-3.9262173175811768,-10.090279579162598,-12.918404579162598,-13.855904579162598,2.0,1
1903,-13.964967727661133,-13.589967727661133,-9.089967727661133,-1.4180927276611328,-0.27746766805648804,1.0,5
1904,-2.5249745845794678,-0.10309948027133942,-4.040599346160889,-8.149974822998047,-12.399974822998047,1.0,2
1905,-0.01792072132229805,-4.03354549407959,-10.30698299407959,-13.35385799407959,-14.36167049407959,2.0,1
1906,-6.246371776796877e-05,-9.750061988830566,-13.382874488830566,-15.335999488830566,-14.992249488830566,2.0,1
1907,-14.849946975708008,-15.990571975708008,-11.357759475708008,-1.201509952545166,-0.35775992274284363,5.0,5
1908,-0.0002811751910485327,-8.20340633392334,-12.29715633392334,-14.25028133392334,-14.32059383392334,2.0,1
1909,-9.111971855163574,-0.4400970935821533,-1.0338470935821533,-8.205721855163574,-13.783846855163574,2.0,2
1910,-0.018515372648835182,-4.002890586853027,-9.620078086853027,-12.596640586853027,-13.620078086853027,2.0,1
1911,-14.078531265258789,-14.789468765258789,-11.297281265258789,-3.469155788421631,-0.03165581449866295,5.0,5
1912,-13.139341354370117,-13.444028854370117,-9.615903854370117,-2.3502793312072754,-0.10027926415205002,5.0,5
1913,-0.008556489832699299,-4.774181365966797,-9.789806365966797,-12.305431365966797,-12.992931365966797,1.0,1
1914,-0.003098094603046775,-5.799973011016846,-10.143723487854004,-12.128098487854004,-12.284348487854004,1.0,1
1915,-14.180153846740723,-14.844216346740723,-10.539528846740723,-1.6254661083221436,-0.21921615302562714,5.0,5
1916,-13.794285774230957,-13.848973274230957,-8.348973274230957,-0.0989728569984436,-2.364597797393799,5.0,4
1917,-0.1364484280347824,-2.105198383331299,-5.230198383331299,-8.277073860168457,-9.339573860168457,1.0,1
1918,-0.0037010284140706062,-5.644326210021973,-9.191201210021973,-10.886513710021973,-10.972451210021973,1.0,1
1919,-14.038633346557617,-14.585508346557617,-10.468320846557617,-3.093320846557617,-0.04644576087594032,5.0,5
1920,-13.953349113464355,-14.508036613464355,-10.617411613464355,-2.9299116134643555,-0.054911643266677856,5.0,5
1921,-17.261186599731445,-16.323686599731445,-8.315875053405762,-0.0033745982218533754,-5.7689995765686035,3.0,4
1922,-13.045705795288086,-13.436330795288086,-10.545705795288086,-5.022268772125244,-0.006643707398325205,4.0,5
1923,-13.826148986816406,-2.0448992252349854,-0.1386491358280182,-9.560523986816406,-15.841773986816406,4.0,3
1924,-16.057880401611328,-16.073505401611328,-9.300066947937012,-0.018817009404301643,-3.9875669479370117,5.0,4
1925,-0.16280041635036469,-1.8971754312515259,-8.381550788879395,-12.045613288879395,-13.881550788879395,3.0,1
1926,-12.563838958740234,-14.321651458740234,-11.852901458740234,-6.626338958740234,-0.0013390155509114265,2.0,5
1927,-14.082479476928711,-14.684041976928711,-9.824666976928711,-0.5043543577194214,-0.9262293577194214,5.0,4
1928,-14.12786865234375,-13.94036865234375,-9.58099365234375,-1.8309932947158813,-0.17474333941936493,1.0,5
1929,-5.538142681121826,-0.00689283199608326,-5.835017681121826,-11.842830657958984,-15.038143157958984,1.0,2
1930,-0.0008195855189114809,-7.125819683074951,-11.953944206237793,-14.102381706237793,-13.750819206237793,1.0,1
1931,-15.172810554504395,-15.985310554504395,-10.750935554504395,-0.024373406544327736,-3.7274982929229736,5.0,4
1932,-14.473363876342773,-15.051488876342773,-11.317113876342773,-3.1530516147613525,-0.04367661103606224,4.0,5
1933,-0.04449208453297615,-3.13824200630188,-8.9038667678833,-12.3882417678833,-13.7007417678833,3.0,1
1934,-0.004180265124887228,-5.488555431365967,-10.574492454528809,-13.097929954528809,-13.644804954528809,5.0,1
1935,-12.777886390686035,-13.106011390686035,-9.215386390686035,-2.4497616291046143,-0.09038656949996948,3.0,5
1936,-1.719330906867981,-0.21933093667030334,-4.078705787658691,-7.141205787658691,-11.133393287658691,2.0,2
1937,-14.23259162902832,-4.65446662902832,-0.013841710053384304,-5.46696662902832,-14.56071662902832,2.0,3
1938,-5.960462772236497e-07,-16.7109375,-18.25,-20.7734375,-20.6171875,2.0,1
1939,-15.136601448059082,-15.699101448059082,-10.441288948059082,-0.13660171627998352,-2.058476686477661,3.0,4
1940,-0.0038678848650306463,-5.566368103027344,-10.683555603027344,-12.996055603027344,-12.886680603027344,1.0,1
1941,-15.019292831420898,-14.941167831420898,-8.909917831420898,-0.22241783142089844,-1.6130428314208984,1.0,4
1942,-14.270813941955566,-13.770813941955566,-8.536438941955566,-1.3020637035369873,-0.3176886737346649,5.0,5
1943,-0.00045372682507149875,-7.734828948974609,-11.45357894897461,-13.12545394897461,-13.15670394897461,1.0,1
1944,-0.0007107115816324949,-7.266335487365723,-12.055397987365723,-14.375710487365723,-14.508522987365723,1.0,1
1945,-0.0002083561266772449,-8.500207901000977,-13.148645401000977,-15.445520401000977,-15.125207901000977,3.0,1
1946,-14.19066333770752,-5.940663814544678,-0.003163692308589816,-7.550038814544678,-14.19847583770752,1.0,3
1947,-0.005187859293073416,-5.27081298828125,-10.95050048828125,-13.49737548828125,-14.05206298828125,2.0,1
1948,-16.359376907348633,-1.311301275563892e-06,-16.445314407348633,-14.273438453674316,-19.093751907348633,1.0,2
1949,-18.601566314697266,-3.814689989667386e-06,-15.992191314697266,-16.156253814697266,-15.070316314697266,2.0,2
1950,-16.7578125,-4.768370445162873e-07,-17.71875,-15.15625,-18.71875,4.0,2
1951,-18.0234375,-5.960462772236497e-07,-14.656250953674316,-16.9609375,-20.6875,3.0,2
1952,-21.535158157348633,-16.695314407348633,-16.187501907348633,-2.0265558760002023e-06,-14.945314407348633,1.0,4
1953,-0.0004932855372317135,-7.656743049621582,-11.406743049621582,-13.164555549621582,-12.883305549621582,3.0,1
1954,-15.352261543273926,-10.344449043273926,-0.09444902837276459,-2.406949043273926,-13.110074043273926,1.0,3
1955,-5.602820692729438e-06,-16.0625057220459,-15.421880722045898,-17.3281307220459,-16.6484432220459,1.0,1
1956,-15.570359230041504,-15.085984230041504,-15.578171730041504,-15.867234230041504,-4.672895011026412e-05,1.0,5
1957,-16.04391860961914,-4.418918609619141,-17.29391860961914,-0.012668843381106853,-16.28610610961914,2.0,4
1958,-17.703125,-9.536738616588991e-07,-16.703125,-17.578125,-18.6484375,1.0,2
1959,-22.61328125,-22.90625,-19.5546875,-18.828125,-4.768370445162873e-07,1.0,5
1960,-16.48702621459961,-14.955775260925293,-7.377650737762451,-0.002650678623467684,-6.205775737762451,2.0,4
1961,-13.727816581726074,-15.055941581726074,-12.251254081726074,-6.688754081726074,-0.0012540103634819388,5.0,5
1962,-15.537894248962402,-15.842581748962402,-10.412894248962402,-0.0066444179974496365,-5.022269248962402,5.0,4
1963,-13.563965797424316,-14.079590797424316,-8.673340797424316,-1.1264656782150269,-0.39209067821502686,4.0,5
1964,-13.349536895751953,-13.365161895751953,-9.505786895751953,-2.099536657333374,-0.13078656792640686,2.0,5
1965,-12.86747932434082,-15.00810432434082,-12.33622932434082,-8.17216682434082,-0.0002915434306487441,4.0,5
1966,-13.094555854797363,-14.617993354797363,-11.610180854797363,-7.141430377960205,-0.0008054111385717988,5.0,5
1967,-16.143463134765625,-16.635650634765625,-10.455964088439941,-0.018463997170329094,-4.002839088439941,4.0,4
1968,-17.190555572509766,-9.88586711883545,-0.08899213373661041,-2.463992118835449,-14.47180461883545,1.0,3
1969,-16.063621520996094,-13.579246520996094,-3.727684259414673,-0.024559298530220985,-8.477684020996094,5.0,4
1970,-17.378986358642578,-14.996173858642578,-3.363361358642578,-0.035236433148384094,-13.332111358642578,4.0,4
1971,-14.692449569702148,-13.739324569702148,-6.044012069702148,-0.012762299738824368,-4.575262069702148,4.0,4
1972,-0.003502308391034603,-5.659752368927002,-11.886314392089844,-14.612876892089844,-14.612876892089844,1.0,1
1973,-0.008795331232249737,-4.743170261383057,-10.180670738220215,-13.016608238220215,-14.047858238220215,4.0,1
1974,-10.047904968261719,-0.04790462553501129,-3.0635297298431396,-11.797904968261719,-15.821342468261719,5.0,2
1975,-16.45890235900879,-12.271402359008789,-0.6776521801948547,-0.7089021801948547,-13.607339859008789,3.0,3
1976,-9.026982307434082,-0.011357417330145836,-4.495732307434082,-11.167607307434082,-14.901982307434082,3.0,2
1977,-0.002184030832722783,-6.15843391418457,-9.93968391418457,-11.58812141418457,-12.31468391418457,2.0,1
1978,-16.109453201293945,-15.328203201293945,-10.078203201293945,-7.807903602952138e-05,-10.281328201293945,3.0,4
1979,-15.026244163513184,-14.307494163513184,-8.760619163513184,-0.18249434232711792,-1.7918694019317627,2.0,4
1980,-12.303428649902344,-11.787803649902344,-7.061241149902344,-0.6862412691116333,-0.7018662691116333,1.0,4
1981,-11.361973762512207,-12.986973762512207,-10.471348762512207,-5.971349239349365,-0.002599077532067895,1.0,5
1982,-0.8902460932731628,-0.5308710932731628,-6.6246209144592285,-10.999621391296387,-13.757433891296387,1.0,2
1983,-13.787806510925293,-13.029994010925293,-8.678431510925293,-0.39718154072761536,-1.115931510925293,4.0,4
1984,-13.825206756591797,-13.137706756591797,-8.504894256591797,-0.8173942565917969,-0.5830192565917969,4.0,5
1985,-14.858487129211426,-15.514737129211426,-11.358487129211426,-2.5069243907928467,-0.08504930138587952,3.0,5
1986,-14.162084579467773,-14.310522079467773,-9.794897079467773,-1.2792723178863525,-0.32614725828170776,4.0,5
1987,-14.596359252929688,-13.815109252929688,-7.299483776092529,-0.12760883569717407,-2.1276087760925293,4.0,4
1988,-15.33974552154541,-15.05068302154541,-9.01943302154541,-0.019432641565799713,-3.956932544708252,1.0,4
1989,-12.024044036865234,-13.227169036865234,-10.953731536865234,-7.453732013702393,-0.0006069486844353378,1.0,5
1990,-14.04690170288086,-13.89846420288086,-8.35158920288086,-0.6328395009040833,-0.7578395009040833,1.0,4
1991,-17.20343589782715,-15.461249351501465,-8.125311851501465,-0.00031156453769654036,-11.172186851501465,1.0,4
1992,-7.749290943145752,-0.046165890991687775,-3.108665943145752,-10.686790466308594,-15.843040466308594,3.0,2
1993,-0.6185469627380371,-0.7747969627380371,-7.681046962738037,-11.891984939575195,-14.259172439575195,3.0,1
1994,-11.512925464970229,-11.512925464970229,-11.512925464970229,-11.512925464970229,-11.512925464970229,4.0,-1
1995,-15.464298248291016,-8.136173248291016,-0.011173062026500702,-4.526798248291016,-14.050235748291016,3.0,3
1996,-11.512925464970229,-11.512925464970229,-11.512925464970229,-11.512925464970229,-11.512925464970229,1.0,-1
1997,-11.67436695098877,-8.80717945098877,-2.4634294509887695,-0.1821795254945755,-2.5103044509887695,2.0,4
1998,-14.628036499023438,-15.042098999023438,-9.987411499023438,-0.5967867970466614,-0.7999117970466614,1.0,4
1999,-14.457481384277344,-14.457481384277344,-9.793418884277344,-0.9262313842773438,-0.5043563842773438,3.0,5
2000,-5.035903453826904,-0.035903338342905045,-3.5515284538269043,-9.426527976989746,-14.395277976989746,1.0,2
2001,-16.963468551635742,-14.971281051635742,-5.986905574798584,-0.0025307077448815107,-11.158781051635742,1.0,4
2002,-14.115581512451172,-10.029644012451172,-2.80308198928833,-0.06870696693658829,-5.16245698928833,1.0,4
2003,-11.863790512084961,-0.9262901544570923,-0.5044151544570923,-9.098165512084961,-15.488790512084961,3.0,3
2004,-15.315457344055176,-13.659207344055176,-6.002957820892334,-0.0029576150700449944,-7.643582820892334,2.0,4
2005,-14.23806381225586,-14.05056381225586,-7.292751789093018,-0.08962665498256683,-2.4646265506744385,3.0,4
2006,-13.98466682434082,-8.76591682434082,-2.0315423011779785,-0.14091727137565613,-8.84404182434082,2.0,4
2007,-13.957612991333008,-6.94198751449585,-0.4576125741004944,-1.0044875144958496,-11.973237991333008,4.0,3
2008,-15.720861434936523,-15.064611434936523,-8.814611434936523,-0.08023683726787567,-2.5646119117736816,2.0,4
2009,-15.70350170135498,-8.43006420135498,-0.008189194835722446,-4.8363142013549805,-15.05506420135498,3.0,3
2010,-0.01039224211126566,-4.588517189025879,-8.791642189025879,-11.299454689025879,-12.783829689025879,2.0,1
2011,-13.912181854248047,-12.896556854248047,-8.310619354248047,-0.6856197714805603,-0.7012447714805603,4.0,4
2012,-16.57813262939453,-12.781258583068848,-8.22540732769994e-06,-13.679696083068848,-12.937508583068848,2.0,3
2013,-14.027250289916992,-14.042875289916992,-9.277250289916992,-1.1053751707077026,-0.402250200510025,5.0,5
2014,-14.316581726074219,-15.152519226074219,-11.175956726074219,-1.67595636844635,-0.2072063535451889,3.0,5
2015,-0.002049133414402604,-6.236423969268799,-9.689549446105957,-11.189549446105957,-11.564549446105957,2.0,1
2016,-17.39178466796875,-15.76678466796875,-7.001159191131592,-0.0011593532981351018,-8.31365966796875,4.0,4
2017,-7.096136093139648,-0.0023858672939240932,-6.471136093139648,-12.377386093139648,-15.432073593139648,2.0,2
2018,-15.20666790008545,-15.95666790008545,-11.54260540008545,-1.6129181385040283,-0.22229307889938354,1.0,5
2019,-14.648457527160645,-14.046895027160645,-11.531270027160645,-1.9907753085135482e-05,-12.515645027160645,2.0,4
2020,-11.086019515991211,-12.000082015991211,-11.265707015991211,-8.177422569133341e-05,-10.937582015991211,1.0,4
2021,-15.03126049041748,-15.62501049041748,-14.58594799041748,-1.0251946150674485e-05,-13.85938549041748,3.0,4
2022,-0.005597986746579409,-5.193098068237305,-10.864973068237305,-13.575910568237305,-13.896223068237305,2.0,1
2023,-0.040317028760910034,-3.3215670585632324,-6.055942058563232,-8.079379081726074,-8.180941581726074,1.0,1
2024,-7.88932466506958,-0.7330746054649353,-0.6705746054649353,-4.85807466506958,-12.373699188232422,2.0,3
2025,-0.0004397855664137751,-7.766064643859863,-12.102002143859863,-14.156689643859863,-13.602002143859863,3.0,1
2026,-15.156268119812012,-15.898455619812012,-1.811964830267243e-05,-14.976580619812012,-12.796893119812012,1.0,3
2027,-12.52347183227539,-12.21878433227539,-3.4450891689630225e-05,-11.65628433227539,-12.18753433227539,3.0,3
2028,-15.007816314697266,-16.187503814697266,-15.468753814697266,-14.406253814697266,-3.933898824470816e-06,3.0,5
2029,-0.019235385581851006,-3.972360372543335,-8.581735610961914,-10.941110610961914,-11.964548110961914,2.0,1
2030,-14.610112190246582,-14.469487190246582,-9.797612190246582,-1.5632368326187134,-0.23511187732219696,1.0,5
2031,-11.183403015136719,-0.05840267613530159,-2.8709027767181396,-9.605278015136719,-15.542778015136719,1.0,2
2032,-4.896514892578125,-0.021514717489480972,-4.287139892578125,-9.755889892578125,-14.216827392578125,5.0,2
2033,-14.982819557189941,-15.193757057189941,-11.193757057189941,-2.6078197956085205,-0.07656971365213394,2.0,5
2034,-11.008515357971191,-11.524140357971191,-8.172577857971191,-3.4694526195526123,-0.03195270895957947,1.0,5
2035,-15.206583023071289,-15.495645523071289,-10.276895523071289,-0.8706454038619995,-0.5425204038619995,2.0,5
2036,-13.96098518371582,-14.77348518371582,-11.41411018371582,-4.85161018371582,-0.007859969511628151,2.0,5
2037,-17.15679931640625,-13.969298362731934,-3.7427361011505127,-0.02398603968322277,-11.734923362731934,2.0,4
2038,-0.02811877802014351,-3.590618848800659,-8.965619087219238,-12.051556587219238,-13.449994087219238,1.0,1
2039,-0.03078414313495159,-3.4995341300964355,-9.390159606933594,-12.265159606933594,-13.640159606933594,1.0,1
2040,-11.209031105041504,-2.435593366622925,-0.09184333682060242,-9.341843605041504,-9.263718605041504,4.0,3
2041,-17.799697875976562,-14.588760375976562,-4.002822399139404,-0.018447495996952057,-11.315322875976562,1.0,4
2042,-13.937551498413086,-5.1377883210079744e-05,-9.968801498413086,-13.906301498413086,-13.960988998413086,1.0,2
2043,-0.0015855372184887528,-6.454710483551025,-11.735960960388184,-14.532835960388184,-15.048460960388184,3.0,1
2044,-7.642006874084473,-7.188881874084473,-0.0013817534781992435,-8.892006874084473,-12.134194374084473,4.0,3
2045,-14.233142852783203,-14.350330352783203,-8.701892852783203,-0.7331433296203613,-0.6550183296203613,3.0,5
2046,-11.855048179626465,-1.5269231796264648,-0.24567322432994843,-7.401923179626465,-15.230048179626465,2.0,3
2047,-9.798632621765137,-0.08769512921571732,-2.4783201217651367,-10.939257621765137,-15.525195121765137,3.0,2
2048,-17.422161102294922,-17.117473602294922,-10.500286102294922,-0.00028606137493625283,-8.265911102294922,1.0,4
2049,-0.03257923200726509,-3.454454183578491,-7.82945442199707,-10.47789192199707,-11.52476692199707,1.0,1
2050,-14.772984504699707,-14.726109504699707,-9.358922004699707,-0.4682973623275757,-0.9839223623275757,2.0,4
2051,-1.0977574586868286,-0.410257488489151,-5.863382339477539,-10.043069839477539,-12.222757339477539,4.0,2
2052,-14.135947227478027,-14.698447227478027,-10.135947227478027,-1.1906352043151855,-0.36251017451286316,5.0,5
2053,-15.950540542602539,-15.739603042602539,-9.223978042602539,-0.11460331082344055,-2.223978281021118,3.0,4
2054,-14.538782119750977,-3.3044073581695557,-0.03878237307071686,-6.632532596588135,-14.905969619750977,2.0,3
2055,-14.189315795898438,-4.064316272735596,-0.01744123175740242,-9.095565795898438,-14.712753295898438,4.0,3
2056,-16.279582977294922,-15.568646430969238,-8.404583930969238,-0.013958686031401157,-4.29520845413208,5.0,4
2057,-15.979939460754395,-15.479939460754395,-9.339314460754395,-0.0424393005669117,-3.1830642223358154,4.0,4
2058,-12.402925491333008,-0.9263626337051392,-0.5044876337051392,-8.582612991333008,-14.387300491333008,2.0,3
2059,-16.212066650390625,-14.149565696716309,-6.798003196716309,-0.001128275180235505,-11.704253196716309,4.0,4
2060,-13.368416786193848,-14.743416786193848,-11.376229286193848,-4.712166786193848,-0.009041793644428253,4.0,5
2061,-16.055810928344727,-15.85268497467041,-10.17299747467041,-0.001122797722928226,-6.829247951507568,5.0,4
2062,-0.01263070572167635,-4.387630939483643,-9.247005462646484,-11.684505462646484,-12.520442962646484,2.0,1
2063,-17.033010482788086,-15.876761436462402,-7.251760959625244,-0.0017611959483474493,-6.861135959625244,2.0,4
2064,-15.91376781463623,-15.67158031463623,-9.09345531463623,-0.07783004641532898,-2.5934550762176514,4.0,4
2065,-13.428749084472656,-12.444374084472656,-7.225624084472656,-0.7256242036819458,-0.6631242036819458,2.0,5
2066,-7.549177646636963,-0.049177415668964386,-3.064802408218384,-7.142927646636963,-12.838239669799805,1.0,2
2067,-15.484381675720215,-15.375006675720215,-13.890631675720215,-6.437280717364047e-06,-13.195319175720215,1.0,4
2068,-13.395995140075684,-13.372557640075684,-9.247557640075684,-1.7788076400756836,-0.18505758047103882,5.0,5
2069,-13.230095863342285,-13.487908363342285,-9.472283363342285,-2.237908363342285,-0.11290828138589859,5.0,5
2070,-11.512925464970229,-11.512925464970229,-11.512925464970229,-11.512925464970229,-11.512925464970229,1.0,-1
2071,-15.376391410827637,-14.806078910827637,-8.649828910827637,-0.009204336442053318,-4.712329387664795,5.0,4
2072,-15.019088745117188,-14.425338745117188,-8.940963745117188,-0.0034640564117580652,-5.706589221954346,5.0,4
2073,-15.955121040344238,-14.845746040344238,-8.470746040344238,-0.00199607340618968,-6.330121040344238,4.0,4
2074,-14.015995025634766,-13.906620025634766,-9.781620025634766,-1.8441203832626343,-0.17224539816379547,1.0,5
2075,-14.486943244934082,-14.065068244934082,-8.776005744934082,-0.010380680672824383,-4.588505744934082,5.0,4
2076,-13.549622535705566,-14.479310035705566,-11.369935035705566,-4.557435035705566,-0.010560227558016777,5.0,5
2077,-14.1651611328125,-13.7432861328125,-7.962036609649658,-0.11828655749559402,-2.196411609649658,5.0,4
2078,-0.012249359861016273,-4.41849946975708,-9.121623992919922,-11.902873992919922,-12.949748992919922,1.0,1
2079,-16.15583610534668,-15.96833610534668,-10.68708610534668,-0.007398704532533884,-4.91364860534668,5.0,4
2080,-13.751379013061523,-13.899816513061523,-9.360754013061523,-1.1263790130615234,-0.39200401306152344,5.0,5
2081,-14.644810676574707,-12.269810676574707,-5.261998176574707,-0.043248020112514496,-3.293247938156128,5.0,4
2082,-0.09082656353712082,-2.4502015113830566,-7.575201511383057,-10.973639488220215,-12.598639488220215,1.0,1
2083,-14.8676176071167,-13.3988676071167,-6.305117607116699,-0.008242400363087654,-5.055117607116699,5.0,4
2084,-14.08096981048584,-13.37003231048584,-8.87003231048584,-0.9169074892997742,-0.5106574892997742,5.0,5
2085,-12.561014175415039,-11.076639175415039,-6.123514175415039,-0.029763955622911453,-3.60788893699646,5.0,4
2086,-15.918729782104492,-13.949979782104492,-5.832792282104492,-0.004667102824896574,-6.364042282104492,4.0,4
2087,-0.19350238144397736,-1.740377426147461,-7.693502426147461,-11.420064926147461,-13.537252426147461,2.0,1
2088,-17.19569969177246,-15.758199691772461,-7.875386714935303,-0.0003868784988299012,-12.211324691772461,2.0,4
2089,-16.993986129760742,-15.931486129760742,-7.579923629760742,-0.0017985610757023096,-6.658048629760742,5.0,4
2090,-16.03602409362793,-11.137585639953613,-1.4657106399536133,-0.26258566975593567,-12.317273139953613,2.0,4
2091,-14.842442512512207,-7.826817989349365,-0.20181791484355927,-1.7018178701400757,-13.553380012512207,2.0,3
2092,-11.863378524780273,-1.0743159055709839,-0.4180659055709839,-8.871191024780273,-14.910253524780273,3.0,3
2093,-13.270271301269531,-14.090583801269531,-10.106208801269531,-3.153083562850952,-0.04370856285095215,5.0,5
2094,-0.018208492547273636,-4.0182085037231445,-9.986958503723145,-12.830708503723145,-13.854146003723145,3.0,1
2095,-0.6259157657623291,-0.7665407657623291,-7.43841552734375,-11.39154052734375,-13.56341552734375,3.0,1
2096,-14.037261009216309,-14.404448509216309,-9.412261009216309,-0.7169485688209534,-0.6700735688209534,2.0,5
2097,-14.143394470214844,-13.252769470214844,-7.213706970214844,-0.22933201491832733,-1.5887069702148438,2.0,4
2098,-12.764845848083496,-12.749220848083496,-7.835158348083496,-0.8351585865020752,-0.5695335865020752,5.0,5
2099,-6.361239433288574,-0.001864363206550479,-8.939364433288574,-13.087801933288574,-16.056550979614258,4.0,2
2100,-12.52678108215332,-13.29240608215332,-9.66740608215332,-3.6361565589904785,-0.026781510561704636,2.0,5
2101,-0.5171252489089966,-0.9077502489089966,-8.032750129699707,-12.196812629699707,-13.884312629699707,3.0,1
2102,-17.72685432434082,-16.54716682434082,-8.281540870666504,-0.0002910667099058628,-10.234665870666504,3.0,4
2103,-16.5628662109375,-15.273802757263184,-7.969115257263184,-0.00036542891757562757,-11.070677757263184,4.0,4
2104,-11.227971076965332,-0.03265896067023277,-3.4389090538024902,-11.024846076965332,-15.540471076965332,1.0,2
2105,-0.3181069493293762,-1.3024818897247314,-7.4118571281433105,-11.536856651306152,-13.614981651306152,4.0,1
2106,-0.6358693838119507,-0.7921193838119507,-4.12024450302124,-6.72961950302124,-8.620244026184082,2.0,1
2107,-13.810761451721191,-3.8654489517211914,-0.02169904112815857,-7.584198951721191,-15.318573951721191,5.0,3
2108,-15.446709632873535,-13.243584632873535,-4.727959156036377,-0.009209178388118744,-8.056084632873535,1.0,4
2109,-13.370793342590332,-14.409855842590332,-11.097355842590332,-4.480168342590332,-0.011418350040912628,1.0,5
2110,-7.265977382659912,-0.07847719639539719,-2.594102144241333,-9.695664405822754,-15.109726905822754,4.0,2
2111,-14.5191068649292,-14.8628568649292,-9.8862943649292,-0.5425441861152649,-0.8706691861152649,5.0,4
2112,-14.410625457763672,-14.316875457763672,-10.316875457763672,-2.7387502193450928,-0.06687517464160919,2.0,5
2113,-16.746435165405273,-15.597997665405273,-8.144872665405273,-0.00424804724752903,-5.535498142242432,1.0,4
2114,-9.314680099487305,-0.0021803434938192368,-6.174055576324463,-12.564680099487305,-16.486555099487305,1.0,2
2115,-14.270418167114258,-14.809480667114258,-10.645418167114258,-2.989168167114258,-0.051668114960193634,5.0,5
2116,-12.38819408416748,-7.505381107330322,-0.8178812265396118,-0.5835062265396118,-8.92725658416748,4.0,4
2117,-0.0025301130954176188,-5.986905097961426,-11.440030097961426,-13.854092597961426,-13.807217597961426,3.0,1
2118,-7.681864261627197,-0.10373930633068085,-2.3224892616271973,-9.978739738464355,-15.080302238464355,1.0,2
2119,-14.429752349853516,-12.015689849853516,-4.898502826690674,-0.007877710275352001,-7.882877826690674,4.0,4
2120,-15.575284004211426,-5.848721504211426,-0.09872156381607056,-2.395596504211426,-13.958096504211426,5.0,3
2121,-0.0006827168981544673,-10.711620330810547,-11.750682830810547,-13.508495330810547,-11.313182830810547,3.0,1
2122,-0.006242894101887941,-5.084367752075195,-10.631242752075195,-13.264055252075195,-13.599992752075195,4.0,1
2123,-12.889338493347168,-8.686213493347168,-2.076838254928589,-0.13933826982975006,-5.389338493347168,3.0,4
2124,-6.423603534698486,-0.0017285895301029086,-9.189229011535645,-13.947041511535645,-16.611103057861328,5.0,2
2125,-0.003796395380049944,-5.581921577453613,-11.191296577453613,-13.917859077453613,-14.308484077453613,2.0,1
2126,-0.035264283418655396,-3.363389253616333,-10.621201515197754,-13.847764015197754,-14.910264015197754,2.0,1
2127,-10.599897384643555,-0.006147168111056089,-5.099897384643555,-12.474897384643555,-15.748334884643555,2.0,2
2128,-17.632814407348633,-2.622600959512056e-06,-16.585939407348633,-18.578126907348633,-21.468751907348633,5.0,2
2129,-0.006560336332768202,-5.037810325622559,-10.256560325622559,-12.990935325622559,-13.576872825622559,1.0,1
2130,-0.012174934148788452,-4.4184250831604,-10.316862106323242,-13.066862106323242,-13.879362106323242,1.0,1
2131,-5.3920135498046875,-0.517013430595398,-0.970138430595398,-3.9076385498046875,-12.196701049804688,4.0,2
2132,-0.0023528055753558874,-6.064852714538574,-10.830477714538574,-13.182040214538574,-13.408602714538574,1.0,1
2133,-11.635549545288086,-2.6902365684509277,-0.1277366280555725,-2.9558615684509277,-12.424612045288086,3.0,3
2134,-0.013187333010137081,-4.341312408447266,-9.747562408447266,-12.255374908447266,-13.067874908447266,1.0,1
2135,-14.121610641479492,-14.551298141479492,-10.871610641479492,-2.5356736183166504,-0.08254849910736084,3.0,5
2136,-14.915260314941406,-15.079322814941406,-10.384010314941406,-0.9074482321739197,-0.5168232321739197,2.0,5
2137,-0.0025058556348085403,-6.018130779266357,-9.924381256103516,-11.971256256103516,-12.010318756103516,1.0,1
2138,-0.002097907941788435,-6.189598083496094,-10.361473083496094,-12.369285583496094,-12.720848083496094,1.0,1
2139,-17.742321014404297,-16.406383514404297,-8.984509468078613,-0.00013422065239865333,-11.734509468078613,4.0,4
2140,-0.2079424262046814,-1.7235674858093262,-4.817317485809326,-7.004817485809326,-8.161067008972168,1.0,1
2141,-9.556441307067871,-0.02519174851477146,-3.6970667839050293,-11.743941307067871,-15.845503807067871,2.0,2
2142,-0.013363318517804146,-4.325863361358643,-10.130550384521484,-13.021175384521484,-13.544612884521484,3.0,1
2143,-17.7974910736084,-16.9537410736084,-7.438117027282715,-0.0006168370018713176,-10.531867027282715,4.0,4
2144,-14.288505554199219,-5.319756031036377,-0.069755919277668,-2.772881031036377,-14.397880554199219,4.0,3
2145,-8.361723899841309,-0.09609894454479218,-2.3929738998413086,-10.338286399841309,-15.775786399841309,1.0,2
2146,-0.018221601843833923,-4.018221378326416,-9.690096855163574,-12.635409355163574,-13.533846855163574,5.0,1
2147,-0.14887851476669312,-4.820753574371338,-10.08637809753418,-9.47700309753418,-8.01606559753418,1.0,1
2148,-15.91098690032959,-10.21567440032959,-1.2234866619110107,-0.34848663210868835,-13.04379940032959,5.0,4
2149,-16.594463348388672,-14.641338348388672,-7.266338348388672,-0.0007134514744393528,-11.391338348388672,2.0,4
2150,-9.379300117492676,-0.0042996820993721485,-5.473049640655518,-12.027737617492676,-15.840237617492676,2.0,2
2151,-8.954286575317383,-0.0011612584348767996,-6.891786098480225,-11.337099075317383,-15.626161575317383,4.0,2
2152,-2.4446098804473877,-0.10085989534854889,-4.710235118865967,-8.749297142028809,-12.889922142028809,2.0,2
2153,-15.9475736618042,-15.6272611618042,-8.1116361618042,-0.002261463785544038,-6.236636638641357,2.0,4
2154,-14.286625862121582,-14.997563362121582,-11.028813362121582,-2.724125623703003,-0.06787558645009995,1.0,5
2155,-12.268620491027832,-10.331120491027832,-6.54987096786499,-0.7842457890510559,-0.6123707890510559,3.0,5
2156,-14.02632999420166,-14.31539249420166,-10.45601749420166,-2.65132999420166,-0.07320501655340195,5.0,5
2157,-2.8862144947052,-0.05808957293629646,-7.354964733123779,-12.479964256286621,-14.925276756286621,5.0,2
2158,-15.998757362365723,-15.186257362365723,-7.9909443855285645,-0.02219456620514393,-3.8346946239471436,2.0,4
2159,-15.201480865478516,-15.154605865478516,-9.670230865478516,-0.20148107409477234,-1.7014811038970947,4.0,4
2160,-15.913789749145508,-14.827852249145508,-7.60128927230835,-0.007539507932960987,-4.96066427230835,1.0,4
2161,-12.109832763671875,-11.086395263671875,-6.555145740509033,-0.008270539343357086,-4.992645740509033,4.0,4
2162,-13.936259269714355,-13.459696769714355,-8.584696769714355,-1.1159465312957764,-0.39719653129577637,1.0,5
2163,-13.48292350769043,-13.64698600769043,-9.87354850769043,-1.896986484527588,-0.1626114845275879,5.0,5
2164,-15.821710586547852,-12.931085586547852,-3.4388985633850098,-0.03264846280217171,-11.056085586547852,2.0,4
2165,-14.405338287353516,-14.694400787353516,-9.616275787353516,-0.11627551913261414,-2.2100255489349365,5.0,4
2166,-16.126245498657227,-15.524682998657227,-8.844995498657227,-0.0012459142599254847,-6.813745975494385,3.0,4
2167,-15.396190643310547,-15.622753143310547,-10.247753143310547,-0.19306543469429016,-1.7399404048919678,3.0,4
2168,-15.594305038452148,-15.141180038452148,-8.680242538452148,-0.08649243414402008,-2.4927425384521484,2.0,4
2169,-13.529844284057617,-12.779844284057617,-6.561094284057617,-0.1548445075750351,-1.9517195224761963,5.0,4
2170,-13.022195816040039,-13.162820816040039,-7.358132839202881,-0.7175078392028809,-0.6706328392028809,5.0,5
2171,-10.393716812133789,-11.643716812133789,-8.823404312133789,-4.542154312133789,-0.010904248803853989,5.0,5
2172,-0.42074015736579895,-1.0926151275634766,-4.858240127563477,-8.264490127563477,-11.061365127563477,5.0,1
2173,-9.977805137634277,-1.134055256843567,-0.3996802568435669,-4.868430137634277,-13.196555137634277,5.0,3
2174,-0.0035206021275371313,-5.659770488739014,-10.839458465576172,-13.237895965576172,-13.792583465576172,1.0,1
2175,-15.498881340026855,-15.811381340026855,-10.545756340026855,-0.22544392943382263,-1.600443959236145,4.0,4
2176,-0.0017245433991774917,-6.392349720001221,-10.282974243164062,-11.970474243164062,-12.509536743164062,1.0,1
2177,-0.01863940805196762,-4.00301456451416,-8.72176456451416,-11.28426456451416,-12.03426456451416,2.0,1
2178,-0.054888397455215454,-2.9767634868621826,-6.1173882484436035,-8.820513725280762,-9.656451225280762,2.0,1
2179,-12.009294509887695,-13.618669509887695,-11.095232009887695,-6.5327324867248535,-0.001482341205701232,4.0,5
2180,-0.3746039867401123,-1.2339789867401123,-3.9527289867401123,-6.405854225158691,-7.905854225158691,1.0,1
2181,-0.0006294653285294771,-7.391254425048828,-11.930316925048828,-14.125629425048828,-14.156879425048828,2.0,1
2182,-8.775679588317871,-0.0022419574670493603,-7.752242088317871,-6.580367088317871,-10.705367088317871,1.0,2
2183,-9.727005090098828e-05,-9.296972274780273,-13.000097274780273,-14.445409774780273,-13.734472274780273,1.0,1
2184,-0.006423777434974909,-5.0532989501953125,-11.420486450195312,-14.350173950195312,-15.350173950195312,2.0,1
2185,-0.00015400654228869826,-11.297028541564941,-10.437653541564941,-9.125153541564941,-13.914216041564941,1.0,1
2186,-16.500001907348633,-14.96875286102295,-13.90625286102295,-2.7418097943154862e-06,-14.04687786102295,3.0,4
2187,-16.149005889892578,-16.445880889892578,-0.0005675135762430727,-11.469317436218262,-13.906817436218262,1.0,3
2188,-0.001689555705524981,-6.392314434051514,-11.665752410888672,-14.150127410888672,-14.689189910888672,4.0,1
2189,-15.901556015014648,-15.878118515014648,-9.378118515014648,-0.0031187725253403187,-5.799993991851807,1.0,4
2190,-17.128223419189453,-13.698534965515137,-3.018847703933716,-0.05009772628545761,-13.011034965515137,2.0,4
2191,-15.917658805847168,-16.042659759521484,-9.925471305847168,-0.0035967440344393253,-5.644221782684326,3.0,4
2192,-1.2910581827163696,-0.33793318271636963,-4.44730806350708,-9.837933540344238,-12.900433540344238,5.0,2
2193,-8.24497127532959,-6.26059627532959,-1.6590335369110107,-0.6434085369110107,-4.95590877532959,3.0,4
2194,-15.038763999938965,-13.609076499938965,-6.241889476776123,-0.023139337077736855,-3.866889238357544,4.0,4
2195,-17.4609375,-15.96875,-3.576278118089249e-07,-16.546875,-16.3828125,4.0,3
2196,-14.145424842834473,-14.582924842834473,-10.793862342834473,-2.2938623428344727,-0.10636235028505325,2.0,5
2197,-15.027382850646973,-14.003945350646973,-7.613320827484131,-0.11332081258296967,-2.238320827484131,3.0,4
2198,-15.68122673034668,-13.36091423034668,-4.915602207183838,-0.009352089837193489,-6.228102207183838,2.0,4
2199,-14.883598327636719,-15.407035827636719,-10.813285827636719,-1.3132858276367188,-0.31328579783439636,5.0,5
2200,-15.878287315368652,-15.237662315368652,-8.432974815368652,-0.01109961699694395,-4.526724815368652,2.0,4
2201,-15.857805252075195,-16.396867752075195,-11.224992752075195,-0.02186747081577778,-3.834367513656616,2.0,4
2202,-14.887365341186523,-14.879552841186523,-9.699865341186523,-1.0436151027679443,-0.43424004316329956,4.0,5
2203,-14.24583625793457,-15.33177375793457,-11.32396125793457,-2.8708362579345703,-0.05833621695637703,5.0,5
2204,-0.06147415190935135,-2.827099084854126,-7.827099323272705,-10.803661346435547,-12.272411346435547,3.0,1
2205,-0.016111301258206367,-4.141111373901367,-9.656736373901367,-12.633298873901367,-13.570798873901367,2.0,1
2206,-9.103776931762695,-0.5647143125534058,-0.8459643125534058,-6.111589431762695,-13.345964431762695,3.0,2
2207,-15.415268898010254,-15.548081398010254,-10.134018898010254,-0.259019136428833,-1.477769136428833,4.0,4
2208,-1.1030147075653076,-0.41551473736763,-4.837389945983887,-8.790514945983887,-12.274889945983887,3.0,2
2209,-0.02873658761382103,-3.5756115913391113,-8.200611114501953,-10.614673614501953,-11.536548614501953,2.0,1
2210,-0.09776712208986282,-2.4102671146392822,-5.785267353057861,-8.566516876220703,-9.793079376220703,1.0,1
2211,-14.115703582763672,-14.756328582763672,-11.271953582763672,-3.529766082763672,-0.029766153544187546,2.0,5
2212,-0.09527996182441711,-2.4546549320220947,-5.407780170440674,-7.892155170440674,-9.306217193603516,2.0,1
2213,-15.94198226928711,-7.074795246124268,-0.05917005240917206,-2.8716700077056885,-14.14510726928711,3.0,3
2214,-0.012941773049533367,-4.356691837310791,-10.622316360473633,-13.520753860473633,-13.934816360473633,4.0,1
2215,-16.2751522064209,-15.775151252746582,-9.345463752746582,-0.0017141900025308132,-6.42358922958374,4.0,4
2216,-11.684307098388672,-0.020244987681508064,-3.91087007522583,-11.613994598388672,-16.067119598388672,4.0,2
2217,-11.400240898132324,-0.9939906001091003,-0.46274060010910034,-8.009615898132324,-14.431490898132324,3.0,3
2218,-0.06289873272180557,-2.812898635864258,-7.062898635864258,-10.141023635864258,-11.125398635864258,2.0,1
2219,-13.662229537963867,-12.091917037963867,-5.654417037963867,-0.02941698580980301,-3.670042037963867,5.0,4
2220,-13.789021492004395,-13.562458992004395,-9.148396492004395,-0.9452716112136841,-0.4921466112136841,4.0,5
2221,-0.00935456994920969,-4.681229591369629,-10.360917091369629,-13.149979591369629,-14.157792091369629,3.0,1
2222,-9.727005090098828e-05,-9.328222274780273,-12.890722274780273,-14.617284774780273,-14.187597274780273,1.0,1
2223,-14.626276969909668,-0.0012768696760758758,-11.907526969909668,-13.673151969909668,-12.204401969909668,3.0,2
2224,-0.1538112461566925,-1.9506862163543701,-7.919436454772949,-11.45849895477295,-13.46631145477295,2.0,1
2225,-0.03218672052025795,-3.45406174659729,-10.000936508178711,-13.133749008178711,-14.086874008178711,1.0,1
2226,-0.0004468158003874123,-7.766071796417236,-11.375447273254395,-12.656697273254395,-12.133259773254395,1.0,1
2227,-1.2109296321868896,-0.36717966198921204,-4.695304870605469,-8.476554870605469,-11.539054870605469,4.0,2
2228,-0.0004234609368722886,-7.797298431396484,-11.844173431396484,-13.547298431396484,-13.430110931396484,2.0,1
2229,-13.7388277053833,-14.1841402053833,-9.9263277053833,-2.5357024669647217,-0.08257737010717392,1.0,5
2230,-13.152453422546387,-13.589953422546387,-10.636828422546387,-3.9415159225463867,-0.01964084431529045,5.0,5
2231,-15.030988693237305,-15.023176193237305,-9.843488693237305,-0.015363560989499092,-4.187238693237305,5.0,4
2232,-12.84255599975586,-12.38161849975586,-7.326931476593018,-0.9363062977790833,-0.49880629777908325,5.0,5
2233,-14.358902931213379,-13.983902931213379,-6.921402931213379,-0.06202811747789383,-2.827653169631958,3.0,4
2234,-12.948025703430176,-12.877713203430176,-8.463650703430176,-2.182400703430176,-0.11990080773830414,5.0,5
2235,-14.20897102355957,-14.26365852355957,-8.71678352355957,-0.7011585235595703,-0.6855335235595703,4.0,5
2236,-14.739399909973145,-14.317524909973145,-8.215962409973145,-0.262837290763855,-1.465962290763855,4.0,4
2237,-12.315285682678223,-0.9168481826782227,-0.5105981826782227,-9.448098182678223,-15.159035682678223,1.0,3
2238,-12.337430000305176,-1.063992977142334,-0.4233679175376892,-9.423367500305176,-16.040555953979492,1.0,3
2239,-15.469415664672852,-15.570978164672852,-9.680353164672852,-0.14910323917865753,-1.9772282838821411,4.0,4
2240,-15.900442123413086,-15.580129623413086,-9.048879623413086,-0.033254485577344894,-3.423879384994507,1.0,4
2241,-15.803804397583008,-9.241304397583008,-0.42880484461784363,-1.053804874420166,-13.116304397583008,2.0,3
2242,-15.752311706542969,-14.900749206542969,-7.775749206542969,-0.05699925497174263,-2.9007492065429688,3.0,4
2243,-11.152152061462402,-12.417777061462402,-10.277152061462402,-5.613089561462402,-0.003714330494403839,5.0,5
2244,-0.0006926044588908553,-7.313192367553711,-10.875692367553711,-12.758504867553711,-13.102254867553711,1.0,1
2245,-16.55648422241211,-16.28304672241211,-9.28304672241211,-0.017421668395400047,-4.064296722412109,2.0,4
2246,-16.362279891967773,-13.682592391967773,-4.541967391967773,-0.010717451572418213,-12.260717391967773,1.0,4
2247,-10.081398963928223,-0.003273844253271818,-5.737648963928223,-12.839211463928223,-16.120460510253906,4.0,2
2248,-14.013053894042969,-13.903678894042969,-10.005241394042969,-1.6380540132522583,-0.2161789983510971,3.0,5
2249,-10.967096328735352,-11.482721328735352,-8.232721328735352,-3.5452213287353516,-0.029596272855997086,2.0,5
2250,-16.267255783081055,-14.970380783081055,-6.501631259918213,-0.001631121034733951,-8.970380783081055,1.0,4
2251,-14.765462875366211,-15.023275375366211,-9.952962875366211,-0.6326507925987244,-0.7576507925987244,3.0,4
2252,-11.46805191040039,-12.16336441040039,-9.74148941040039,-4.960239410400391,-0.0071143158711493015,2.0,5
2253,-16.859375,-16.46875,-9.536738616588991e-07,-15.835938453674316,-16.140625,3.0,3
2254,-15.640628814697266,-13.929691314697266,-15.273441314697266,-16.687503814697266,-3.576272320060525e-06,1.0,5
2255,-17.75000762939453,-16.57032012939453,-7.390948667307384e-06,-13.515632629394531,-14.046882629394531,2.0,3
2256,-9.190614218823612e-05,-9.562591552734375,-11.359466552734375,-12.687591552734375,-12.593841552734375,2.0,1
2257,-18.8281307220459,-18.7421932220459,-5.8412379075889476e-06,-13.937505722045898,-13.484380722045898,3.0,3
2258,-15.664084434509277,-12.515646934509277,-12.773459434509277,-11.531271934509277,-2.169585604860913e-05,2.0,5
2259,-15.265649795532227,-14.132837295532227,-2.47952248173533e-05,-12.484399795532227,-11.625024795532227,3.0,3
2260,-18.4765625,-3.576278118089249e-07,-17.9453125,-15.84375,-20.1171875,1.0,2
2261,-14.542006492614746,-14.057631492614746,-0.0029439465142786503,-15.174818992614746,-15.479506492614746,2.0,3
2262,-0.751022219657898,-1.688522219657898,-1.719772219657898,-2.7041473388671875,-2.3447723388671875,2.0,1
2263,-0.6702337265014648,-1.3577337265014648,-1.7639837265014648,-3.217108726501465,-3.982733726501465,2.0,1
2264,-0.03181818872690201,-3.484943151473999,-7.500568389892578,-9.828693389892578,-10.649005889892578,3.0,1
2265,-0.04064753279089928,-3.290647506713867,-6.196897506713867,-8.321897506713867,-8.181272506713867,1.0,1
2266,-18.976566314697266,-3.4570634852570947e-06,-12.671878814697266,-14.859378814697266,-20.398441314697266,2.0,2
2267,-12.226646423339844,-11.851646423339844,-8.415821503149346e-05,-13.250083923339844,-12.539146423339844,1.0,3
2268,-0.005280713085085154,-5.270905494689941,-9.239655494689941,-11.614655494689941,-11.958405494689941,2.0,1
2269,-0.0014175852993503213,-6.579542636871338,-10.93110466003418,-13.07954216003418,-13.32954216003418,1.0,1
2270,-0.03232407569885254,-3.4541990756988525,-8.719823837280273,-11.493261337280273,-12.844823837280273,5.0,1
2271,-0.11008402705192566,-2.266334056854248,-7.641334056854248,-10.46164608001709,-12.16477108001709,4.0,1
2272,-14.520730972290039,-0.005106145981699228,-8.184793472290039,-11.559793472290039,-12.591043472290039,1.0,2
2273,-9.274043083190918,-0.8443556427955627,-0.5631056427955627,-7.391230583190918,-11.727168083190918,2.0,3
2274,-17.28908920288086,-2.6940935640595853e-05,-12.76565170288086,-13.96877670288086,-16.44533920288086,1.0,2
2275,-6.092081546783447,-0.5295813679695129,-0.9045813679695129,-5.482706546783447,-11.717081069946289,1.0,2
2276,-4.650459289550781,-0.009834055788815022,-8.416084289550781,-12.830146789550781,-15.252021789550781,2.0,2
2277,-15.332047462463379,-13.933609962463379,-6.308609485626221,-0.011734507977962494,-4.621109485626221,2.0,4
2278,-13.986165046691895,-15.384602546691895,-12.759602546691895,-6.3299150466918945,-0.0017901124665513635,5.0,5
2279,-17.53289222717285,-15.931329727172852,-6.439141750335693,-0.0016418322920799255,-10.126642227172852,2.0,4
2280,-13.408543586730957,-11.502293586730957,-5.064793586730957,-0.14291857182979584,-2.064793586730957,1.0,4
2281,-15.396940231323242,-15.209440231323242,-8.311002731323242,-0.12350299954414368,-2.1547529697418213,4.0,4
2282,-13.828520774841309,-15.695708274841309,-13.094145774841309,-7.844146251678467,-0.0003960540343541652,5.0,5
2283,-13.63684368133545,-14.11340618133545,-9.82434368133545,-2.63684344291687,-0.07434344291687012,1.0,5
2284,-16.08213233947754,-16.33994483947754,-10.457132339477539,-0.16025720536708832,-1.9102572202682495,4.0,4
2285,-13.503395080566406,-13.667457580566406,-9.815895080566406,-2.7533953189849854,-0.06589529663324356,4.0,5
2286,-13.211844444274902,-3.7430946826934814,-0.024344787001609802,-7.9149699211120605,-14.422781944274902,4.0,3
2287,-13.014397621154785,-7.373772621154785,-0.670647382736206,-0.717522382736206,-10.647210121154785,4.0,3
2288,-16.280672073364258,-12.350983619689941,-0.15567134320735931,-1.9369213581085205,-12.241608619689941,2.0,3
2289,-15.99421501159668,-11.05671501159668,-0.04108994081616402,-3.2129650115966797,-13.76765251159668,4.0,3
2290,-16.524906158447266,-16.063968658447266,-9.81396770477295,-0.0014680571621283889,-6.563968181610107,4.0,4
2291,-15.651583671569824,-5.878145694732666,-0.0031457485165446997,-7.987520694732666,-15.417208671569824,5.0,3
2292,-3.952659845352173,-0.1870347410440445,-1.8901597261428833,-8.062034606933594,-12.890159606933594,5.0,2
2293,-15.637535095214844,-16.098472595214844,-10.739097595214844,-0.012534764595329762,-4.3875346183776855,5.0,4
2294,-14.80909538269043,-16.10597038269043,-12.27784538269043,-2.5356574058532715,-0.08253247290849686,4.0,5
2295,-15.704939842224121,-14.939314842224121,-7.767440319061279,-0.0018152202246710658,-6.579940319061279,4.0,4
2296,-16.364463806152344,-16.942588806152344,-11.216026306152344,-0.005088948644697666,-5.286338806152344,4.0,4
2297,-16.23293685913086,-11.771998405456543,-1.084498643875122,-0.41262370347976685,-12.045435905456543,3.0,4
2298,-13.991421699523926,-15.217984199523926,-11.928921699523926,-4.960172176361084,-0.007046964485198259,5.0,5
2299,-16.052001953125,-16.411376953125,-10.387938499450684,-0.012938831001520157,-4.356688976287842,4.0,4
2300,-11.80688762664795,-10.97876262664795,-6.752200603485107,-0.0022004456259310246,-6.908450603485107,4.0,4
2301,-16.8309326171875,-11.455933570861816,-0.17468346655368805,-1.8309334516525269,-14.526246070861816,5.0,3
2302,-16.408601760864258,-9.228915214538574,-0.010164875537157059,-4.603914737701416,-14.447665214538574,5.0,3
2303,-16.19150733947754,-11.925882339477539,-1.3477574586868286,-0.3008824288845062,-12.925882339477539,4.0,4
2304,-15.12853717803955,-13.13634967803955,-4.495725154876709,-0.011349991895258427,-8.99572467803955,1.0,4
2305,-14.41008186340332,-14.73039436340332,-10.05851936340332,-1.3710196018218994,-0.2928946018218994,5.0,5
2306,-16.91937828063965,-9.474065780639648,-0.020940527319908142,-3.8803155422210693,-14.997503280639648,5.0,3
2307,-11.77004337310791,-11.91066837310791,-8.28566837310791,-2.0044188499450684,-0.14504374563694,3.0,5
2308,-8.196386337280273,-0.04013599082827568,-3.2432610988616943,-10.633886337280273,-14.743261337280273,1.0,2
2309,-17.08219337463379,-12.886879920959473,-0.3868800103664398,-1.1368800401687622,-13.613442420959473,1.0,3
2310,-17.13364601135254,-15.289896011352539,-7.094583988189697,-0.0008338788175024092,-13.211771011352539,5.0,4
2311,-16.73082160949707,-14.45738410949707,-5.47300910949707,-0.004259086679667234,-10.00425910949707,2.0,4
2312,-17.15753936767578,-16.98566436767578,-10.063790321350098,-0.0012899658177047968,-6.6887898445129395,2.0,4
2313,-3.896434783935547,-3.474559783935547,-0.5526848435401917,-1.5214347839355469,-1.8651847839355469,1.0,3
2314,-17.064937591552734,-16.439937591552734,-9.127437591552734,-0.0024375985376536846,-6.064937591552734,5.0,4
2315,-15.161943435668945,-15.615068435668945,-10.115068435668945,-0.6931931972503662,-0.6931931972503662,5.0,4
2316,-16.56846046447754,-16.44346046447754,-9.646585464477539,-0.021585067734122276,-3.849709987640381,1.0,4
2317,-15.325931549072266,-15.083744049072266,-9.060306549072266,-0.0134311867877841,-4.325931072235107,4.0,4
2318,-15.844795227050781,-15.501045227050781,-9.532295227050781,-0.0010452766437083483,-6.938545227050781,5.0,4
2319,-13.339279174804688,-13.222091674804688,-9.308029174804688,-1.8705295324325562,-0.16740450263023376,4.0,5
2320,-17.757936477661133,-16.937623977661133,-9.59387493133545,-0.00012492353562265635,-9.81262493133545,5.0,4
2321,-14.875524520874023,-12.898962020874023,-4.977087020874023,-0.008336862549185753,-6.570837020874023,5.0,4
2322,-13.064849853515625,-12.861724853515625,-8.767974853515625,-0.8617250323295593,-0.5492250323295593,5.0,5
2323,-0.007500581908971071,-4.898125648498535,-11.898125648498535,-14.773125648498535,-14.898125648498535,3.0,1
2324,-13.995906829833984,-13.738094329833984,-10.480281829833984,-3.620906352996826,-0.02715642750263214,4.0,5
2325,-11.609890937805176,-12.375515937805176,-9.445828437805176,-3.078641176223755,-0.04739121347665787,3.0,5
2326,-14.72922420501709,-15.44797420501709,-11.28391170501709,-1.7917245626449585,-0.18234951794147491,5.0,5
2327,-12.295117378234863,-11.849804878234863,-7.412304878234863,-0.2560547888278961,-1.4904297590255737,2.0,4
2328,-13.735182762145996,-3.0789332389831543,-0.04768313094973564,-7.500808238983154,-15.532057762145996,4.0,3
2329,-10.760116577148438,-0.5491788387298584,-0.8616788387298584,-9.221054077148438,-15.213241577148438,4.0,2
2330,-9.09613037109375,-1.4633179903030396,-0.32269299030303955,-3.11956787109375,-10.52581787109375,5.0,3
2331,-11.800808906555176,-0.8086216449737549,-0.5898716449737549,-9.042996406555176,-14.972683906555176,5.0,3
2332,-11.512925464970229,-11.512925464970229,-11.512925464970229,-11.512925464970229,-11.512925464970229,5.0,-1
2333,-11.512925464970229,-11.512925464970229,-11.512925464970229,-11.512925464970229,-11.512925464970229,5.0,-1
2334,-13.909493446350098,-14.573555946350098,-10.753243446350098,-3.018868923187256,-0.050118815153837204,5.0,5
2335,-15.782707214355469,-13.509269714355469,-4.743645191192627,-0.00927000679075718,-7.571770191192627,4.0,4
2336,-14.678017616271973,-15.678017616271973,-11.959267616271973,-4.279580116271973,-0.01395527645945549,5.0,5
2337,-15.209493637084961,-15.420431137084961,-8.998556137084961,-0.07668133825063705,-2.60793137550354,4.0,4
2338,-15.054418563842773,-15.093481063842773,-10.093481063842773,-0.8981687426567078,-0.5231687426567078,5.0,5
2339,-14.479612350463867,-14.674924850463867,-9.799924850463867,-0.5968001484870911,-0.7999251484870911,5.0,4
2340,-12.925699234008789,-13.027261734008789,-8.925699234008789,-3.956949234008789,-0.019449125975370407,5.0,5
2341,-16.629070281982422,-12.785319328308105,-1.1368820667266846,-0.38688212633132935,-12.457194328308105,4.0,4
2342,-14.677651405334473,-14.365151405334473,-9.294838905334473,-0.6854639649391174,-0.7010889649391174,4.0,4
2343,-7.001561641693115,-0.0015614947769790888,-7.345311641693115,-13.001561164855957,-16.017187118530273,5.0,2
2344,-14.975482940673828,-14.998920440673828,-9.225482940673828,-0.5692326426506042,-0.8348576426506042,4.0,4
2345,-2.4676019165781327e-05,-10.718774795532227,-14.148462295532227,-15.742212295532227,-15.242212295532227,4.0,1
2346,-14.246504783630371,-14.379317283630371,-8.301192283630371,-0.20744208991527557,-1.676192045211792,4.0,4
2347,-0.008659668266773224,-4.758659839630127,-10.102409362792969,-13.274284362792969,-14.469596862792969,4.0,1
2348,-12.427372932434082,-11.935185432434082,-6.692997932434082,-0.27112314105033875,-1.4429981708526611,3.0,4
2349,-16.04842185974121,-14.759360313415527,-6.517172336578369,-0.0015475689433515072,-9.626547813415527,4.0,4
2350,-15.940730094909668,-16.80010414123535,-11.487605094909668,-0.050104644149541855,-3.0188546180725098,4.0,4
2351,-15.356186866760254,-15.621811866760254,-10.692124366760254,-0.04368722438812256,-3.153062343597412,4.0,4
2352,-6.64316463470459,-0.002539625857025385,-6.70566463470459,-12.21347713470459,-15.22128963470459,1.0,2
2353,-13.183727264404297,-12.941539764404297,-8.879039764404297,-0.004039581399410963,-5.550914764404297,4.0,4
2354,-15.380210876464844,-16.419273376464844,-11.786460876464844,-0.21614854037761688,-1.6380234956741333,4.0,4
2355,-14.621143341064453,-5.582080841064453,-0.00395575538277626,-8.613330841064453,-15.050830841064453,4.0,3
2356,-10.176323890686035,-0.08257352560758591,-2.535698413848877,-11.535698890686035,-16.01226043701172,4.0,2
2357,-12.059911727905273,-1.6380364894866943,-0.21616151928901672,-10.559911727905273,-15.739599227905273,4.0,3
2358,-17.125730514526367,-17.039793014526367,-10.867918968200684,-0.0007310817018151283,-7.250730991363525,3.0,4
2359,-14.53924560546875,-14.21893310546875,-9.82049560546875,-1.2345576286315918,-0.3439326286315918,1.0,5
2360,-12.083917617797852,-12.451105117797852,-9.529230117797852,-4.310480117797852,-0.013605012558400631,4.0,5
2361,-12.848340034484863,-13.090527534484863,-9.949902534484863,-3.5905280113220215,-0.028027905151247978,4.0,5
2362,-15.155609130859375,-15.600921630859375,-10.554046630859375,-0.6399846076965332,-0.7493596076965332,5.0,4
2363,-14.963231086730957,-9.822606086730957,-0.6038559675216675,-0.7913559675216675,-11.283543586730957,4.0,3
2364,-14.0917329788208,-13.9198579788208,-8.7167329788208,-0.45110785961151123,-1.0136078596115112,3.0,4
2365,-13.348675727844238,-13.247113227844238,-7.34086275100708,-0.12211275845766068,-2.16898775100708,3.0,4
2366,-16.36408233642578,-12.153145790100098,-1.223458170890808,-0.3484582006931305,-13.082833290100098,2.0,4
2367,-14.443130493164062,-14.240005493164062,-9.646255493164062,-0.021255439147353172,-3.8650054931640625,4.0,4
2368,-12.901897430419922,-13.362834930419922,-9.995647430419922,-4.495647430419922,-0.011272315867245197,3.0,5
2369,-16.126251220703125,-14.930939674377441,-6.876252174377441,-0.0012521054595708847,-8.438752174377441,4.0,4
2370,-15.502754211425781,-15.284004211425781,-9.151191711425781,-0.18244150280952454,-1.7918164730072021,4.0,4
2371,-15.323179244995117,-15.088804244995117,-9.354429244995117,-0.15130427479743958,-1.9638042449951172,4.0,4
2372,-15.730264663696289,-6.706826686859131,-0.003701859852299094,-6.003701686859131,-14.331827163696289,4.0,3
2373,-16.41014862060547,-7.2382731437683105,-0.003898046677932143,-5.7538981437683105,-14.941397666931152,4.0,3
2374,-16.761072158813477,-15.77669620513916,-8.64388370513916,-0.0032587540335953236,-5.78450870513916,4.0,4
2375,-17.19203758239746,-17.02797508239746,-10.410787582397461,-0.012350508943200111,-4.402975559234619,4.0,4
2376,-15.604012489318848,-14.525887489318848,-7.338387489318848,-0.010262577794492245,-4.650887489318848,3.0,4
2377,-14.039623260498047,-14.086498260498047,-10.805248260498047,-3.742748498916626,-0.02399860881268978,4.0,5
2378,-13.77381706237793,-15.53162956237793,-12.85194206237793,-7.89100456237793,-0.0003796095261350274,4.0,5
2379,-0.0012017417466267943,-6.735576629638672,-11.532451629638672,-13.634014129638672,-14.446514129638672,4.0,1
2380,-14.810400009155273,-14.896337509155273,-9.419775009155273,-0.4510251581668854,-1.013525128364563,4.0,4
2381,-11.512925464970229,-11.512925464970229,-11.512925464970229,-11.512925464970229,-11.512925464970229,2.0,-1
2382,-13.199726104736328,-13.660663604736328,-8.723163604736328,-1.4419132471084595,-0.27003827691078186,4.0,5
2383,-14.541386604309082,-13.674199104309082,-7.908574104309082,-0.3773239254951477,-1.158573865890503,4.0,4
2384,-1.585470999998506e-05,-11.187516212463379,-14.570328712463379,-16.179702758789062,-15.664078712463379,3.0,1
2385,-6.626835823059082,-0.0018358058296144009,-7.595585823059082,-12.298710823059082,-15.494023323059082,2.0,2
2386,-13.790009498596191,-15.008759498596191,-12.094696998596191,-4.743134498596191,-0.008759644813835621,5.0,5
2387,-13.83138656616211,-4.589199066162109,-0.011073916219174862,-7.073574066162109,-13.69857406616211,4.0,3
2388,-12.12211799621582,-12.35649299621582,-8.55180549621582,-0.5361806154251099,-0.8799306154251099,5.0,4
2389,-14.60274600982666,-15.29805850982666,-11.68087100982666,-4.094933986663818,-0.016808783635497093,4.0,5
2390,-15.257317543029785,-16.0776309967041,-11.671380043029785,-1.5385677814483643,-0.24169279634952545,4.0,5
2391,-15.242226600646973,-15.359414100646973,-9.859414100646973,-0.4453513026237488,-1.0234763622283936,5.0,4
2392,-11.62218189239502,-2.2940566539764404,-0.10655664652585983,-8.48155689239502,-14.12999439239502,5.0,3
2393,-15.22252082824707,-15.22252082824707,-9.81627082824707,-0.40220850706100464,-1.1053335666656494,4.0,4
2394,-5.112473964691162,-0.9562239646911621,-0.5187239646911621,-4.253098964691162,-10.19841194152832,4.0,3
2395,-16.72706413269043,-15.46925163269043,-7.8911261558532715,-0.0005013877525925636,-8.98487663269043,4.0,4
2396,-17.06400489807129,-14.587441444396973,-4.681191444396973,-0.009316658601164818,-12.610878944396973,3.0,4
2397,-15.272793769836426,-15.897793769836426,-10.733731269836426,-0.639981210231781,-0.749356210231781,4.0,4
2398,-15.781403541564941,-16.672029495239258,-11.859528541564941,-1.4298410415649414,-0.2735911011695862,5.0,5
2399,-8.658634185791016,-5.189883708953857,-0.8930087089538574,-0.5492587089538574,-4.908633708953857,4.0,4
2400,-10.769720077514648,-0.05096995085477829,-3.0040948390960693,-9.363470077514648,-14.840032577514648,2.0,2
2401,-14.358084678649902,-12.819022178649902,-6.686209201812744,-0.18620939552783966,-1.7799594402313232,5.0,4
2402,-14.666360855102539,-14.588235855102539,-9.346048355102539,-1.0335482358932495,-0.4397982656955719,5.0,5
2403,-14.477964401245117,-14.470151901245117,-10.735776901245117,-3.438901424407959,-0.03265146166086197,4.0,5
2404,-1.9377180337905884,-0.23459307849407196,-2.734593152999878,-9.093968391418457,-11.570530891418457,4.0,2
2405,-12.625292778015137,-6.203418254852295,-0.12529313564300537,-2.156543254852295,-12.148730278015137,4.0,3
2406,-13.588055610656738,-13.916180610656738,-9.400555610656738,-1.5880552530288696,-0.22868020832538605,5.0,5
2407,-13.6971435546875,-13.6268310546875,-8.8377685546875,-2.478394031524658,-0.08776894211769104,4.0,5
2408,-14.279775619506836,-12.896963119506836,-6.545401096343994,-0.014150872826576233,-4.373526096343994,3.0,4
2409,-13.411590576171875,-13.466278076171875,-8.474090576171875,-2.224090099334717,-0.11471512913703918,3.0,5
2410,-14.540745735168457,-15.423558235168457,-12.189183235168457,-3.696995496749878,-0.025120487436652184,4.0,5
2411,-15.462728500366211,-16.08772850036621,-11.243978500366211,-0.13460397720336914,-2.072103977203369,4.0,4
2412,-14.778450965881348,-15.348763465881348,-10.895638465881348,-0.31751322746276855,-1.3018882274627686,1.0,4
2413,-1.3143266439437866,-0.3143266439437866,-6.861201763153076,-11.494013786315918,-13.634638786315918,1.0,2
2414,-15.213729858398438,-16.135604858398438,-11.416854858398438,-0.15122947096824646,-1.9637295007705688,5.0,4
2415,-15.905477523803711,-14.327352523803711,-6.796102523803711,-0.014852541498839855,-4.296102523803711,4.0,4
2416,-12.022345542907715,-12.366095542907715,-8.866095542907715,-3.819220781326294,-0.0223458930850029,5.0,5
2417,-14.357243537902832,-14.716618537902832,-10.497868537902832,-0.693181037902832,-0.693181037902832,5.0,4
2418,-14.048907279968262,-4.681719779968262,-0.009844797663390636,-7.541094779968262,-15.486407279968262,5.0,3
2419,-15.399354934692383,-14.204042434692383,-7.516541957855225,-0.0009170140838250518,-7.907166957855225,5.0,4
2420,-5.566465854644775,-0.003965966869145632,-8.941466331481934,-13.402403831481934,-16.121152877807617,3.0,2
2421,-14.092265129089355,-13.537577629089355,-6.2563276290893555,-0.08445240557193756,-2.5375773906707764,4.0,4
2422,-15.830549240112305,-13.346174240112305,-4.588362216949463,-0.010237208567559719,-11.783674240112305,4.0,4
2423,-15.680445671081543,-15.383570671081543,-9.360133171081543,-0.09450792521238327,-2.407007932662964,1.0,4
2424,-16.381938934326172,-17.085063934326172,-11.803813934326172,-0.006939121522009373,-4.975688934326172,3.0,4
2425,-12.759830474853516,-13.408267974853516,-10.767642974853516,-6.220768451690674,-0.0020183208398520947,4.0,5
2426,-15.203611373901367,-15.891111373901367,-11.516111373901367,-1.727048635482788,-0.1957985758781433,5.0,5
2427,-11.512925464970229,-11.512925464970229,-11.512925464970229,-11.512925464970229,-11.512925464970229,4.0,-1
2428,-13.513290405273438,-11.505477905273438,-3.1539154052734375,-0.04454043135046959,-7.0601654052734375,2.0,4
2429,-11.1649169921875,-1.430542230606079,-0.2742922306060791,-7.2742919921875,-14.6961669921875,2.0,3
2430,-15.07812786102295,-15.13281536102295,-2.622600959512056e-06,-15.79687786102295,-16.171876907348633,2.0,3
2431,-15.529643058776855,-15.912455558776855,-10.732768058776855,-0.357768177986145,-1.201518177986145,4.0,4
2432,-15.349059104919434,-14.755309104919434,-7.169372081756592,-0.028747010976076126,-3.591247081756592,4.0,4
2433,-16.191011428833008,-14.769135475158691,-6.925385475158691,-0.01913551613688469,-4.019135475158691,5.0,4
2434,-16.06325340270996,-15.727316856384277,-9.860129356384277,-0.0007543102256022394,-7.266379356384277,5.0,4
2435,-15.459534645080566,-15.264222145080566,-9.920472145080566,-0.41266000270843506,-1.084535002708435,4.0,4
2436,-15.874317169189453,-14.921192169189453,-6.897755146026611,-0.007129939738661051,-5.100880146026611,2.0,4
2437,-15.773819923400879,-12.453507423400879,-3.758194923400879,-0.023819828405976295,-8.492569923400879,4.0,4
2438,-16.821870803833008,-15.462495803833008,-6.485933303833008,-0.0015584002248942852,-10.431245803833008,5.0,4
2439,-11.512925464970229,-11.512925464970229,-11.512925464970229,-11.512925464970229,-11.512925464970229,4.0,-1
2440,-12.773944854736328,-13.586444854736328,-11.172382354736328,-7.625507831573486,-0.0005077026435174048,5.0,5
2441,-14.094035148620605,-13.719035148620605,-8.765910148620605,-1.2346599102020264,-0.34403496980667114,5.0,5
2442,-11.512925464970229,-11.512925464970229,-11.512925464970229,-11.512925464970229,-11.512925464970229,1.0,-1
2443,-12.727190017700195,-11.985002517700195,-7.594377517700195,-0.18812768161296844,-1.7662526369094849,4.0,4
2444,-13.034265518188477,-13.260828018188477,-10.643640518188477,-5.815515518188477,-0.0030157347209751606,5.0,5
2445,-8.642123222351074,-8.103060722351074,-3.454622745513916,-1.267122745513916,-0.3764977753162384,5.0,5
2446,-14.17148494720459,-14.88242244720459,-10.96835994720459,-2.5933597087860107,-0.07773476094007492,1.0,5
2447,-17.21928596496582,-16.30522346496582,-9.04741096496582,-0.0005362979718483984,-7.7817864418029785,5.0,4
2448,-14.550870895385742,-15.457120895385742,-11.574308395385742,-1.9102460145950317,-0.16024604439735413,4.0,5
2449,-11.512925464970229,-11.512925464970229,-11.512925464970229,-11.512925464970229,-11.512925464970229,4.0,-1
2450,-15.782025337219238,-17.164838790893555,-12.313275337219238,-0.07890043407678604,-2.5789003372192383,3.0,4
2451,-14.940776824951172,-13.628276824951172,-6.589213848114014,-0.05796392261981964,-2.9017138481140137,4.0,4
2452,-16.517024993896484,-14.977961540222168,-6.923274040222168,-0.0013991338200867176,-7.798274040222168,3.0,4
2453,-10.24238395690918,-0.0080089857801795,-4.83613395690918,-13.32050895690918,-16.63300895690918,4.0,2
2454,-14.117496490478516,-15.703433990478516,-13.297183990478516,-8.094058990478516,-0.0003091811086051166,5.0,5
2455,-15.337953567504883,-15.283266067504883,-9.009828567504883,-0.056703850626945496,-2.900453805923462,4.0,4
2456,-14.165169715881348,-10.704232215881348,-2.5792322158813477,-0.07923230528831482,-8.063607215881348,5.0,4
2457,-15.8914155960083,-16.250791549682617,-10.8757905960083,-0.03985343128442764,-3.24297833442688,5.0,4
2458,-15.787744522094727,-16.287744522094727,-10.397119522094727,-0.10024432837963104,-2.3502442836761475,4.0,4
2459,-16.979995727539062,-15.159684181213379,-5.690933704376221,-0.0034337628167122602,-9.925309181213379,5.0,4
2460,-13.563700675964355,-14.204325675964355,-11.743388175964355,-6.735575199127197,-0.0012003129813820124,3.0,5
2461,-14.234334945678711,-13.585897445678711,-9.039022445678711,-1.3827729225158691,-0.28902292251586914,4.0,5
2462,-16.346637725830078,-11.315386772155762,-1.52632474899292,-0.24507470428943634,-13.135699272155762,3.0,4
2463,-13.674376487731934,-13.846251487731934,-10.174376487731934,-3.0337514877319336,-0.04937656968832016,5.0,5
2464,-16.524761199951172,-10.274761199951172,-0.3919491469860077,-1.12632417678833,-13.774761199951172,4.0,3
2465,-15.5191011428833,-15.5191011428833,-10.4253511428833,-0.48003876209259033,-0.9644137620925903,3.0,4
2466,-15.639598846435547,-9.600536346435547,-0.00678627472370863,-5.006786346435547,-14.569286346435547,4.0,3
2467,-16.347713470458984,-14.0586519241333,-5.535213947296143,-0.003963948227465153,-12.0274019241333,4.0,4
2468,-15.726896286010742,-15.890958786010742,-10.562833786010742,-0.7659586668014526,-0.6253336668014526,2.0,5
2469,-15.760664939880371,-15.979414939880371,-9.971602439880371,-0.19035227596759796,-1.7528523206710815,4.0,4
2470,-13.91847038269043,-13.05909538269043,-7.2465949058532715,-0.027845090255141258,-3.6215951442718506,4.0,4
2471,-16.822141647338867,-14.97839069366455,-6.314328193664551,-0.0018284284742549062,-11.22057819366455,4.0,4
2472,-10.985245704650879,-11.282120704650879,-8.657120704650879,-4.125870704650879,-0.016495633870363235,1.0,5
2473,-14.854581832885742,-15.104581832885742,-10.393644332885742,-0.7998943328857422,-0.5967693328857422,4.0,5
2474,-15.820355415344238,-15.914105415344238,-9.890667915344238,-0.1406683325767517,-2.0312933921813965,3.0,4
2475,-16.105789184570312,-16.621414184570312,-11.160476684570312,-0.004226680379360914,-5.4729766845703125,4.0,4
2476,-15.18502426147461,-13.70064926147461,-7.122523784637451,-0.060023851692676544,-2.856898784637451,3.0,4
2477,-14.976900100708008,-15.336275100708008,-10.578462600708008,-0.625338077545166,-0.765963077545166,2.0,4
2478,-15.838129043579102,-16.5412540435791,-11.322504043579102,-0.21312882006168365,-1.6506288051605225,4.0,4
2479,-17.290082931518555,-17.376020431518555,-10.954145431518555,-0.0010208638850599527,-6.907270908355713,4.0,4
2480,-15.766212463378906,-14.883399963378906,-7.8287129402160645,-0.0005878866068087518,-8.594337463378906,1.0,4
2481,-14.033096313476562,-13.619033813476562,-9.908096313476562,-2.2518460750579834,-0.11122114956378937,3.0,5
2482,-14.193466186523438,-15.373153686523438,-11.771591186523438,-3.1231536865234375,-0.04502875730395317,3.0,5
2483,-0.0026115619111806154,-5.9869866371154785,-9.50261116027832,-11.32292366027832,-11.94011116027832,3.0,1
2484,-16.442930221557617,-16.028867721557617,-8.567930221557617,-0.021055040881037712,-3.880429983139038,1.0,4
2485,-11.500509262084961,-12.000509262084961,-9.445821762084961,-4.805197238922119,-0.00832220260053873,3.0,5
2486,-15.07750129699707,-15.53062629699707,-11.82750129699707,-2.9446890354156494,-0.05406397208571434,5.0,5
2487,-16.91920280456543,-11.841076850891113,-2.2238893508911133,-0.11451444029808044,-12.825451850891113,3.0,4
2488,-14.442811965942383,-14.388124465942383,-10.075624465942383,-1.7787493467330933,-0.18499933183193207,1.0,5
2489,-15.088704109191895,-14.768391609191895,-9.041829109191895,-0.1824544072151184,-1.7918293476104736,1.0,4
2490,-15.361031532287598,-7.0016560554504395,-0.0016561138909310102,-7.2047810554504395,-14.939156532287598,4.0,3
2491,-15.314741134643555,-11.978803634643555,-0.603803277015686,-0.791303277015686,-12.658491134643555,1.0,3
2492,-12.003405570983887,-4.542468070983887,-0.011218210682272911,-7.604968070983887,-13.347155570983887,3.0,3
2493,-11.512925464970229,-11.512925464970229,-11.512925464970229,-11.512925464970229,-11.512925464970229,3.0,-1
2494,-15.780193328857422,-16.897380828857422,-12.131755828857422,-0.6473806500434875,-0.7411306500434875,5.0,4
2495,-14.948220252990723,-15.416970252990723,-10.229470252990723,-0.24509504437446594,-1.5263450145721436,4.0,4
2496,-16.517080307006836,-16.282705307006836,-9.673330307006836,-0.0014555584639310837,-6.579580783843994,3.0,4
2497,-15.643575668334961,-15.471700668334961,-9.440450668334961,-0.2451377660036087,-1.5263878107070923,4.0,4
2498,-15.269088745117188,-15.706588745117188,-11.003463745117188,-0.964401125907898,-0.48002612590789795,4.0,5
2499,-9.341452598571777,-0.028952360153198242,-3.5602023601531982,-11.255515098571777,-15.208640098571777,4.0,2
2500,-12.695466995239258,-12.586091995239258,-9.398591995239258,-1.804842233657837,-0.1798422485589981,1.0,5
2501,-16.532228469848633,-15.133790969848633,-7.329103469848633,-0.0009785869624465704,-8.047853469848633,5.0,4
2502,-12.48554515838623,-12.36054515838623,-9.04023265838623,-2.9152321815490723,-0.05585724487900734,5.0,5
2503,-13.322320938110352,-13.478570938110352,-10.392633438110352,-4.04888391494751,-0.01763368770480156,5.0,5
2504,-14.289752006530762,-14.758502006530762,-10.719439506530762,-2.4069395065307617,-0.09443959593772888,4.0,5
2505,-17.252771377563477,-15.04964542388916,-5.893395900726318,-0.0027708730194717646,-11.82308292388916,4.0,4
2506,-16.4469051361084,-15.532842636108398,-8.032842636108398,-0.0015924404142424464,-6.673467636108398,4.0,4
2507,-1.2307231426239014,-5.5744733810424805,-2.8244731426239014,-2.4025981426239014,-0.5900981426239014,4.0,5
2508,-0.0002090712368953973,-8.515833854675293,-12.414271354675293,-14.070521354675293,-13.695521354675293,1.0,1
2509,-0.0006466205231845379,-7.360021591186523,-12.094396591186523,-13.781896591186523,-13.406896591186523,5.0,1
2510,-15.720647811889648,-16.28314781188965,-11.298772811889648,-0.03314804658293724,-3.4237730503082275,4.0,4
2511,-0.005335852038115263,-5.239710807800293,-11.364710807800293,-13.942835807800293,-14.122523307800293,2.0,1
2512,-16.000389099121094,-15.94570255279541,-9.85976505279541,-0.00038961926475167274,-8.00039005279541,4.0,4
2513,-16.458375930786133,-12.075563430786133,-1.575563907623291,-0.23181386291980743,-12.763063430786133,4.0,4
2514,-12.269696235656738,-12.894696235656738,-9.511883735656738,-3.36344575881958,-0.03532078489661217,5.0,5
2515,-17.177204132080078,-11.528766632080078,-0.17720387876033783,-1.817828893661499,-13.763141632080078,1.0,3
2516,-14.028542518615723,-11.630105018615723,-4.0051045417785645,-0.020729556679725647,-6.0832295417785645,1.0,4
2517,-16.248046875,-13.435547828674316,-4.341797828674316,-0.01367274671792984,-7.482422828674316,2.0,4
2518,-14.470871925354004,-15.791184425354004,-13.009934425354004,-6.158372402191162,-0.0021222943905740976,5.0,5
2519,-14.638801574707031,-14.990364074707031,-10.224739074707031,-0.9356767535209656,-0.4981767535209656,1.0,5
2520,-14.799300193786621,-14.088362693786621,-8.307112693786621,-0.21336248517036438,-1.650862455368042,5.0,4
2521,-17.297143936157227,-15.72683048248291,-8.34401798248291,-0.0002683041093405336,-10.51589298248291,1.0,4
2522,-0.019176330417394638,-3.9723012447357178,-8.831676483154297,-11.589488983154297,-12.925426483154297,4.0,1
2523,-15.981201171875,-14.035888671875,-5.379638195037842,-0.00463838828727603,-11.223388671875,4.0,4
2524,-2.0213496685028076,-0.5525997281074524,-1.2400996685028076,-6.193224906921387,-9.029162406921387,2.0,2
2525,-11.6324462890625,-11.8199462890625,-8.7418212890625,-3.788696050643921,-0.023070959374308586,5.0,5
2526,-12.691324234008789,-12.238199234008789,-7.222574234008789,-0.0038244216702878475,-5.785074234008789,5.0,4
2527,-14.38708782196045,-14.44177532196045,-10.38708782196045,-1.4417755603790283,-0.26990050077438354,3.0,5
2528,-16.87728500366211,-8.502285957336426,-0.09603559970855713,-2.3929104804992676,-14.900723457336426,4.0,3
2529,-15.779345512390137,-15.099658012390137,-8.302783012390137,-0.005907812155783176,-5.177783012390137,3.0,4
2530,-15.426307678222656,-15.676307678222656,-10.363807678222656,-0.3091204762458801,-1.3247454166412354,1.0,4
2531,-14.028481483459473,-12.676918983459473,-5.762856483459473,-0.05973136052489281,-2.9034812450408936,5.0,4
2532,-0.0003259842633269727,-8.078451156616211,-11.562826156616211,-13.172201156616211,-13.664388656616211,2.0,1
2533,-14.243895530700684,-14.290770530700684,-10.181395530700684,-2.3220205307006836,-0.10327054560184479,4.0,5
2534,-14.267936706542969,-14.228874206542969,-9.236686706542969,-0.4398113191127777,-1.0335613489151,5.0,4
2535,-14.039302825927734,-13.812740325927734,-8.648677825927734,-0.17992760241031647,-1.8049275875091553,5.0,4
2536,-11.512925464970229,-11.512925464970229,-11.512925464970229,-11.512925464970229,-11.512925464970229,3.0,-1
2537,-15.900144577026367,-11.493894577026367,-2.478269577026367,-0.08764467388391495,-11.704832077026367,3.0,4
2538,-15.163274765014648,-14.835149765014648,-8.405462265014648,-0.014837037771940231,-4.233587265014648,4.0,4
2539,-14.228407859802246,-15.697157859802246,-12.665907859802246,-6.298720359802246,-0.0018455630633980036,4.0,5
2540,-15.195819854736328,-12.734882354736328,-4.141132354736328,-0.01613241620361805,-9.297382354736328,4.0,4
2541,-14.098526954650879,-14.489151954650879,-9.903214454650879,-0.5360265970230103,-0.8797765970230103,5.0,4
2542,-15.219446182250977,-16.266321182250977,-11.078821182250977,-0.23507098853588104,-1.5631959438323975,5.0,4
2543,-14.119667053222656,-6.814979553222656,-0.06497970223426819,-2.7837297916412354,-12.807167053222656,3.0,3
2544,-12.034406661987305,-10.987531661987305,-6.346906661987305,-0.06565665453672409,-2.7844066619873047,3.0,4
2545,-12.394264221191406,-12.761451721191406,-10.042701721191406,-4.4802021980285645,-0.011452056467533112,3.0,5
2546,-17.906354904174805,-17.648542404174805,-10.312605857849121,-0.00010585224663373083,-9.546980857849121,4.0,4
2547,-13.617463111877441,-12.945588111877441,-8.992463111877441,-1.4299633502960205,-0.2737133204936981,4.0,5
2548,-14.675540924072266,-5.628665924072266,-0.0036657534074038267,-9.659915924072266,-15.667728424072266,4.0,3
2549,-14.419514656066895,-14.099202156066895,-8.622639656066895,-0.18513920903205872,-1.7788891792297363,4.0,4
2550,-17.030691146850586,-11.780691146850586,-0.03069096803665161,-3.499440908432007,-14.671316146850586,4.0,3
2551,-10.709137916564941,-7.482575416564941,-1.2638254165649414,-0.34195035696029663,-5.045075416564941,2.0,4
2552,-16.501678466796875,-12.157929420471191,-2.321991443634033,-0.10324151813983917,-12.439179420471191,4.0,4
2553,-14.628388404846191,-14.573700904846191,-8.886200904846191,-0.1674506813287735,-1.8705756664276123,3.0,4
2554,-10.033093452453613,-0.48621803522109985,-0.9549680352210999,-8.626843452453613,-14.579968452453613,2.0,2
2555,-17.175899505615234,-14.800899505615234,-5.519649505615234,-0.004024384077638388,-12.011837005615234,4.0,4
2556,-15.182588577270508,-13.518526077270508,-5.94821310043335,-0.010713205672800541,-4.82321310043335,2.0,4
2557,-17.02542495727539,-16.90823745727539,-10.611363410949707,-0.0019881022162735462,-6.236362934112549,5.0,4
2558,-14.470842361450195,-15.634904861450195,-11.877092361450195,-2.3927175998687744,-0.09584271162748337,5.0,5
2559,-11.512925464970229,-11.512925464970229,-11.512925464970229,-11.512925464970229,-11.512925464970229,5.0,-1
2560,-15.142170906066895,-15.368733406066895,-10.251545906066895,-0.3531080484390259,-1.2124830484390259,5.0,4
2561,-16.436641693115234,-16.155391693115234,-10.288203239440918,-0.02257843315601349,-3.803828477859497,5.0,4
2562,-16.023374557495117,-15.968687057495117,-10.312437057495117,-0.28118717670440674,-1.4061871767044067,3.0,4
2563,-14.057459831237793,-14.666834831237793,-11.791834831237793,-5.893396854400635,-0.002771942876279354,4.0,5
2564,-9.183894157409668,-0.4026443064212799,-1.1057692766189575,-7.855769157409668,-14.988581657409668,2.0,2
2565,-14.670369148254395,-15.006306648254395,-10.896931648254395,-1.514119267463684,-0.2484942227602005,5.0,5
2566,-14.758451461791992,-14.289701461791992,-8.727201461791992,-0.1959514617919922,-1.7272014617919922,4.0,4
2567,-15.334893226623535,-4.936455249786377,-0.01458036806434393,-4.920830249786377,-15.303643226623535,2.0,3
2568,-13.07202434539795,-11.66577434539795,-6.611086845397949,-0.0017118098912760615,-7.954836845397949,1.0,4
2569,-16.640886306762695,-15.289322853088379,-8.281510353088379,-0.00026067672297358513,-12.156510353088379,1.0,4
2570,-0.0028237728402018547,-5.877823829650879,-11.338761329650879,-13.502823829650879,-13.620011329650879,1.0,1
2571,-14.012537956237793,-13.871912956237793,-7.700037956237793,-0.1219131276011467,-2.168788194656372,5.0,4
2572,-15.986454963684082,-14.900517463684082,-7.252079486846924,-0.002079706871882081,-6.595829486846924,4.0,4
2573,-14.807154655456543,-15.994654655456543,-12.471217155456543,-3.666529417037964,-0.025904299691319466,5.0,5
2574,-5.055605411529541,-0.102480448782444,-2.399355411529541,-8.3368558883667,-13.3290433883667,5.0,2
2575,-14.343746185302734,-7.484371185302734,-0.031246302649378777,-3.4999961853027344,-13.828121185302734,5.0,3
2576,-13.583396911621094,-14.224021911621094,-10.403709411621094,-3.8802716732025146,-0.020896747708320618,4.0,5
2577,-15.323793411254883,-15.230043411254883,-10.065980911254883,-0.0034809254575520754,-5.675355911254883,5.0,4
2578,-13.486595153808594,-13.002220153808594,-8.588157653808594,-1.588157296180725,-0.22878234088420868,5.0,5
2579,-8.375334739685059,-0.00033444532891735435,-9.187834739685059,-14.383147239685059,-17.719083786010742,1.0,2
2580,-0.016303427517414093,-4.125678539276123,-11.328803062438965,-14.399115562438965,-15.031928062438965,1.0,1
2581,-17.43755340576172,-16.78911590576172,-10.843803405761719,-5.3165931603871286e-05,-10.375053405761719,2.0,4
2582,-14.782200813293457,-12.696263313293457,-5.469700813293457,-0.032200802117586136,-3.594700813293457,5.0,4
2583,-12.863372802734375,-3.347747325897217,-0.05087240785360336,-4.238372325897217,-14.128997802734375,3.0,3
2584,-16.839462280273438,-13.081650733947754,-2.378525495529175,-0.09727554768323898,-12.925400733947754,3.0,4
2585,-13.454428672790527,-11.798178672790527,-4.907553672790527,-0.0950535461306572,-2.4856784343719482,4.0,4
2586,-14.615063667297363,-14.911938667297363,-10.224438667297363,-0.6931887865066528,-0.6931887865066528,3.0,4
2587,-11.065519332885742,-11.385831832885742,-8.643644332885742,-4.003018856048584,-0.018643971532583237,3.0,5
2588,-13.849109649658203,-14.208484649658203,-9.341297149658203,-0.18504728376865387,-1.7787972688674927,4.0,4
2589,-16.082422256469727,-15.996485710144043,-10.707423210144043,-0.004298020154237747,-5.457423210144043,3.0,4
2590,-13.644976615905762,-12.855914115905762,-8.191851615905762,-0.20747657120227814,-1.6762266159057617,3.0,4
2591,-8.25059700012207,-0.6255974769592285,-0.7662224769592285,-10.50840950012207,-14.24278450012207,4.0,2
2592,-10.513859748840332,-1.3029224872589111,-0.31854742765426636,-6.881047248840332,-14.381047248840332,5.0,3
2593,-16.279159545898438,-12.185410499572754,-2.435410261154175,-0.09166018664836884,-11.232285499572754,5.0,4
2594,-0.04188454896211624,-3.198134660720825,-8.682509422302246,-12.479384422302246,-13.080946922302246,5.0,1
2595,-13.581634521484375,-4.511321544647217,-0.01132158562541008,-8.214447021484375,-14.995697021484375,2.0,3
2596,-14.34298038482666,-14.40548038482666,-11.13985538482666,-4.217980861663818,-0.014855829998850822,4.0,5
2597,-12.939075469970703,-11.907825469970703,-6.751575469970703,-0.032825324684381485,-3.470325231552124,5.0,4
2598,-10.251541137695312,-0.001540903584100306,-6.5015411376953125,-13.915603637695312,-17.001541137695312,4.0,2
2599,-16.331090927124023,-12.667027473449707,-3.393590211868286,-0.034215133637189865,-10.088902473449707,5.0,4
2600,-13.20038890838623,-3.8957018852233887,-0.020701883360743523,-8.77070140838623,-14.45038890838623,4.0,3
2601,-11.070913314819336,-11.445913314819336,-8.586538314819336,-2.492788791656494,-0.08653879165649414,5.0,5
2602,-15.469279289245605,-15.648966789245605,-9.914591789245605,-0.19584140181541443,-1.7270914316177368,5.0,4
2603,-0.5232963562011719,-0.8982963562011719,-8.773296356201172,-12.171733856201172,-13.999858856201172,5.0,1
2604,-14.912699699401855,-14.592387199401855,-9.600199699401855,-1.1158244609832764,-0.3970744013786316,4.0,5
2605,-12.330299377441406,-13.627174377441406,-11.322486877441406,-6.142798900604248,-0.002173920162022114,5.0,5
2606,-11.546905517578125,-0.8437801599502563,-0.5625301599502563,-8.875030517578125,-15.218780517578125,5.0,3
2607,-16.07843780517578,-15.328437805175781,-8.172187805175781,-0.00031275625224225223,-10.617500305175781,2.0,4
2608,-12.07219123840332,-9.52531623840332,-2.3221912384033203,-0.10344115644693375,-9.00187873840332,3.0,4
2609,-16.39497947692871,-17.00435447692871,-11.512166976928711,-0.06685476750135422,-2.73872971534729,4.0,4
2610,-14.930144309997559,-15.367644309997559,-10.906706809997559,-1.6254572868347168,-0.2192072570323944,4.0,5
2611,-15.701404571533203,-16.615467071533203,-11.717029571533203,-0.5295299291610718,-0.8889049291610718,3.0,4
2612,-15.156322479248047,-16.093822479248047,-11.523509979248047,-1.179760217666626,-0.3672601878643036,4.0,5
2613,-15.180709838867188,-16.133834838867188,-11.063522338867188,-0.555709719657898,-0.852584719657898,4.0,4
2614,-16.3841495513916,-16.5560245513916,-10.407587051391602,-0.0013374679256230593,-6.64196252822876,3.0,4
2615,-0.00045622908510267735,-7.7035813331604,-12.945768356323242,-15.102018356323242,-14.758268356323242,3.0,1
2616,-11.763813018798828,-11.373188018798828,-8.201313018798828,-2.435687780380249,-0.0919378325343132,5.0,5
2617,-15.445757865905762,-16.328571319580078,-11.672320365905762,-1.6254456043243408,-0.21919557452201843,5.0,5
2618,-0.03990154340863228,-3.2430264949798584,-9.758651733398438,-12.766464233398438,-13.797714233398438,5.0,1
2619,-14.314529418945312,-9.705154418945312,-1.1582790613174438,-0.37702906131744385,-11.634841918945312,1.0,4
2620,-16.680179595947266,-16.687992095947266,-10.594242095947266,-0.0004925706889480352,-7.672367572784424,3.0,4
2621,-17.478931427001953,-15.424243927001953,-6.049243927001953,-0.0023688608780503273,-12.353931427001953,3.0,4
2622,-0.002386223990470171,-6.049261093139648,-10.955511093139648,-13.283636093139648,-13.658636093139648,1.0,1
2623,-0.0009919252479448915,-6.9384918212890625,-11.047866821289062,-12.915054321289062,-13.422866821289062,2.0,1
2624,-15.539281845092773,-14.039281845092773,-5.351782321929932,-0.008032281883060932,-5.726782321929932,5.0,4
2625,-13.664959907531738,-12.680584907531738,-7.219647407531738,-0.0008974815136753023,-8.766522407531738,5.0,4
2626,-0.0007232195930555463,-7.281973361968994,-10.735097885131836,-12.274160385131836,-12.016347885131836,2.0,1
2627,-10.563896179199219,-0.00139639584813267,-6.595146179199219,-13.618583679199219,-17.12639617919922,4.0,2
2628,-17.53179168701172,-16.01616668701172,-7.5317912101745605,-0.0005414212355390191,-12.445854187011719,4.0,4
2629,-15.747980117797852,-16.69329261779785,-11.365167617797852,-0.3261050283908844,-1.279229998588562,4.0,4
2630,-17.546804428100586,-17.812429428100586,-11.749930381774902,-0.015555125661194324,-4.171804904937744,4.0,4
2631,-16.32074737548828,-16.20355987548828,-9.437934875488281,-0.00043525759247131646,-7.9535603523254395,1.0,4
2632,-16.797082901000977,-14.468957901000977,-3.7580201625823975,-0.02364509180188179,-10.289270401000977,4.0,4
2633,-14.806560516357422,-16.533123016357422,-13.376873016357422,-6.283123016357422,-0.001872811233624816,5.0,5
2634,-15.401713371276855,-16.901714324951172,-13.097025871276855,-3.6360883712768555,-0.026713382452726364,5.0,5
2635,-2.1021535396575928,-0.13340364396572113,-5.930278778076172,-10.609966278076172,-13.563091278076172,1.0,2
2636,-15.110437393188477,-7.954187393188477,-0.0010623055277392268,-7.251062393188477,-15.047937393188477,2.0,3
2637,-15.192855834960938,-14.739730834960938,-9.075668334960938,-0.23191803693771362,-1.5756680965423584,4.0,4
2638,-15.291330337524414,-15.088205337524414,-9.322580337524414,-0.21320492029190063,-1.6507048606872559,3.0,4
2639,-12.994787216186523,-11.744787216186523,-6.721349716186523,-0.03384954109787941,-3.4400994777679443,3.0,4
2640,-16.394153594970703,-12.651965141296387,-2.378527879714966,-0.0972779244184494,-12.831652641296387,3.0,4
2641,-17.289241790771484,-16.757991790771484,-9.672053337097168,-0.0001784403866622597,-9.078303337097168,1.0,4
2642,-0.00014447122521232814,-8.906394004821777,-12.656394004821777,-14.453269004821777,-13.851706504821777,5.0,1
2643,-15.265527725219727,-15.906152725219727,-10.796777725219727,-0.8436523675918579,-0.5624023675918579,1.0,5
2644,-15.679975509643555,-15.562788009643555,-9.070600509643555,-0.02372577041387558,-3.758100748062134,3.0,4
2645,-15.089080810546875,-15.034393310546875,-8.901580810546875,-0.08908122777938843,-2.464081287384033,5.0,4
2646,-15.640585899353027,-9.929648399353027,-1.4062108993530273,-0.28121083974838257,-12.906210899353027,4.0,4
2647,-16.865842819213867,-12.928343772888184,-2.3502185344696045,-0.10021844506263733,-12.264281272888184,4.0,4
2648,-15.956993103027344,-16.550743103027344,-11.683555603027344,-0.41793060302734375,-1.0741806030273438,4.0,4
2649,-14.72551155090332,-15.80363655090332,-11.82707405090332,-0.6473868489265442,-0.7411368489265442,3.0,4
2650,-17.711883544921875,-14.321258544921875,-4.743133068084717,-0.008758226409554482,-12.079071044921875,2.0,4
2651,-15.709797859191895,-12.592610359191895,-3.1082351207733154,-0.04573517665266991,-10.967610359191895,3.0,4
2652,-16.71177101135254,-15.657083511352539,-7.344583511352539,-0.0008336406317539513,-8.594583511352539,4.0,4
2653,-13.030192375183105,-3.1083176136016846,-0.045817505568265915,-9.186442375183105,-14.467692375183105,1.0,3
2654,-13.146410942077637,-9.294848442077637,-1.857348918914795,-0.16984885931015015,-10.771410942077637,4.0,4
2655,-15.111048698425293,-14.493861198425293,-8.712611198425293,-0.35323598980903625,-1.2126109600067139,3.0,4
2656,-15.764613151550293,-10.038050651550293,-0.741175651550293,-0.647425651550293,-12.834925651550293,3.0,4
2657,-17.476726531982422,-16.922039031982422,-9.422039031982422,-0.000164018536452204,-9.422039031982422,4.0,4
2658,-7.282862663269043,-0.017237607389688492,-4.110987663269043,-11.665675163269043,-15.720362663269043,3.0,2
2659,-13.661057472229004,-14.434494972229004,-10.200119972229004,-2.989182949066162,-0.05168282985687256,3.0,5
2660,-14.61318588256836,-14.04287338256836,-9.80068588256836,-1.394436240196228,-0.2850612699985504,4.0,5
2661,-10.595720291137695,-0.05665800720453262,-2.9004080295562744,-9.853532791137695,-14.478532791137695,4.0,2
2662,-0.062088727951049805,-2.81208872795105,-9.155838966369629,-12.444901466369629,-13.773026466369629,4.0,1
2663,-12.47254753112793,-13.36317253112793,-11.01161003112793,-5.581923007965088,-0.0037979392800480127,3.0,5
2664,-14.412434577941895,-13.599934577941895,-8.263997077941895,-0.717121958732605,-0.670246958732605,5.0,5
2665,-14.703579902648926,-15.937954902648926,-13.227017402648926,-7.703579425811768,-0.0004545609117485583,5.0,5
2666,-14.424354553222656,-14.814979553222656,-10.986854553222656,-3.666541814804077,-0.025916846469044685,5.0,5
2667,-3.939249277114868,-0.5798743367195129,-0.8923743367195129,-4.548624515533447,-9.493936538696289,3.0,2
2668,-15.273658752441406,-15.101783752441406,-9.523658752441406,-0.27365875244140625,-1.4299087524414062,4.0,4
2669,-16.100881576538086,-15.264944076538086,-8.444631576538086,-0.022756852209568024,-3.804006814956665,5.0,4
2670,-14.790274620056152,-13.141837120056152,-5.2512125968933105,-0.016837501898407936,-4.4699625968933105,3.0,4
2671,-14.204452514648438,-4.7278900146484375,-0.009139842353761196,-8.290390014648438,-14.876327514648438,2.0,3
2672,-16.2734375,-9.536738616588991e-07,-15.992188453674316,-18.921875,-17.9296875,3.0,2
2673,-13.884045600891113,-14.399670600891113,-11.063733100891113,-4.712170600891113,-0.009045455604791641,5.0,5
2674,-15.89551830291748,-15.30176830291748,-9.91114330291748,-0.004893113858997822,-5.3330183029174805,4.0,4
2675,-4.419011116027832,-0.012761122547090054,-7.372136116027832,-12.965886116027832,-15.731511116027832,4.0,2
2676,-13.145861625671387,-3.5989866256713867,-0.036486707627773285,-4.770861625671387,-14.794299125671387,5.0,3
2677,-15.804778099060059,-15.312590599060059,-9.906340599060059,-9.023735765367746e-05,-10.171965599060059,3.0,4
2678,-14.141524314880371,-14.477461814880371,-10.039961814880371,-1.8837116956710815,-0.16496174037456512,5.0,5
2679,-8.692030906677246,-0.004530878737568855,-5.442030906677246,-10.785780906677246,-15.035780906677246,4.0,2
2680,-15.770424842834473,-9.129799842834473,-0.8172996044158936,-0.5829246044158936,-12.723549842834473,5.0,4
2681,-7.597206115722656,-0.0034560970962047577,-5.831581115722656,-11.292518615722656,-15.034706115722656,5.0,2
2682,-15.84172534942627,-9.16985034942627,-0.701100766658783,-0.685475766658783,-12.95891284942627,4.0,4
2683,-10.212563514709473,-9.048501014709473,-6.7047505378723145,-0.001625646254979074,-8.532876014709473,4.0,4
2684,-0.6701671481132507,-2.5451672077178955,-1.9982922077178955,-4.287354469299316,-3.9045422077178955,1.0,1
2685,-15.497663497924805,-7.255475997924805,-0.005476234946399927,-5.349225997924805,-14.528913497924805,4.0,3
2686,-7.081785202026367,-6.222410202026367,-4.784910202026367,-0.01928520016372204,-4.847410202026367,5.0,4
2687,-16.998615264892578,-11.459552764892578,-0.6548652648925781,-0.7329902648925781,-13.865802764892578,1.0,3
2688,-13.593791961669922,-2.085979461669922,-0.13285446166992188,-8.429729461669922,-14.578166961669922,3.0,3
2689,-14.968722343444824,-12.273409843444824,-3.484347343444824,-0.03122226893901825,-9.882784843444824,4.0,4
2690,-15.09387493133545,-14.18762493133545,-0.00012516192509792745,-9.00012493133545,-15.41418743133545,3.0,3
2691,-16.3293399810791,-8.454339981079102,-0.0012151960982009768,-6.907464981079102,-15.219964981079102,5.0,3
2692,-15.109808921813965,-7.891058921813965,-0.00043394684325903654,-9.750433921813965,-15.375433921813965,3.0,3
2693,-18.000539779663086,-16.625539779663086,-7.547415256500244,-0.0005403488758020103,-11.531790733337402,5.0,4
2694,-14.806705474853516,-6.798892974853516,-0.002017844934016466,-7.017642974853516,-14.244205474853516,4.0,3
2695,-15.394509315490723,-7.503884792327881,-0.003884628415107727,-5.707009792327881,-14.277321815490723,3.0,3
2696,-11.527599334716797,-0.14478664100170135,-2.0041615962982178,-11.761974334716797,-15.863536834716797,3.0,2
2697,-16.890748977661133,-16.054811477661133,-9.531373023986816,-0.0001232548092957586,-9.953248023986816,5.0,4
2698,-14.526514053344727,-5.799951076507568,-0.0030762276146560907,-10.081201553344727,-15.698389053344727,4.0,3
2699,-13.644218444824219,-1.6129684448242188,-0.22234338521957397,-9.691093444824219,-15.917655944824219,4.0,3
2700,-10.88360595703125,-0.0398557223379612,-3.242980718612671,-12.35235595703125,-16.20391845703125,4.0,2
2701,-14.602875709533691,-15.493500709533691,-11.079438209533691,-0.39193785190582275,-1.1263128519058228,5.0,4
2702,-17.293054580688477,-17.003992080688477,-9.996180534362793,-0.011805078014731407,-4.449305057525635,5.0,4
2703,-16.89249610900879,-16.94718360900879,-10.517497062683105,-0.001871859421953559,-6.2987470626831055,3.0,4
2704,-15.040424346923828,-5.798237323760986,-0.016987180337309837,-4.282612323760986,-15.220111846923828,2.0,3
2705,-12.33981990814209,-11.80856990814209,-7.449195384979248,-0.19919516146183014,-1.714820146560669,4.0,4
2706,-15.110490798950195,-6.876115798950195,-0.0011156531982123852,-9.422990798950195,-15.376115798950195,4.0,3
2707,-11.285968780517578,-0.012531704269349575,-4.387531757354736,-11.739093780517578,-15.778156280517578,3.0,2
2708,-7.658599376678467,-0.0023492376785725355,-6.283599376678467,-12.533598899841309,-15.517973899841309,4.0,2
2709,-16.492448806762695,-15.453386306762695,-8.469011306762695,-0.00026174934464506805,-9.953386306762695,4.0,4
2710,-11.451549530029297,-0.037487201392650604,-3.303112268447876,-11.334362030029297,-15.584362030029297,4.0,2
2711,-15.235556602478027,-16.21993064880371,-11.571494102478027,-0.25899383425712585,-1.4777438640594482,3.0,4
2712,-16.78464698791504,-11.870585441589355,-0.019022652879357338,-3.9721477031707764,-14.792460441589355,3.0,3
2713,-15.471577644348145,-15.877827644348145,-10.651265144348145,-0.1747024953365326,-1.830952525138855,5.0,4
2714,-16.767423629760742,-13.822111129760742,-4.650236129760742,-0.009611048735678196,-13.353361129760742,4.0,4
2715,-15.881772994995117,-16.506772994995117,-11.327085494995117,-0.33489784598350525,-1.2567728757858276,4.0,4
2716,-17.498558044433594,-13.193870544433594,-2.2798080444335938,-0.1079329252243042,-13.576683044433594,3.0,4
2717,-17.789478302001953,-16.422290802001953,-7.812915325164795,-0.0004151197790633887,-11.664477348327637,5.0,4
2718,-16.013322830200195,-13.044572830200195,-4.325822830200195,-0.013322854414582253,-12.403947830200195,4.0,4
2719,-16.07199478149414,-8.64230728149414,-0.0016818201402202249,-6.501681804656982,-14.86886978149414,3.0,3
2720,-16.809005737304688,-11.707442283630371,-0.9261922836303711,-0.5043172836303711,-12.996504783630371,3.0,4
2721,-16.242841720581055,-14.953779220581055,-7.469404697418213,-0.0006544832140207291,-9.438154220581055,4.0,4
2722,-16.181415557861328,-7.56422758102417,-0.001727637485601008,-6.72047758102417,-14.751728057861328,3.0,3
2723,-1.7147901058197021,-0.19916507601737976,-7.464789867401123,-12.394477844238281,-14.667915344238281,3.0,2
2724,-14.664131164550781,-4.851630687713623,-0.007880903780460358,-10.351631164550781,-15.648506164550781,2.0,3
2725,-17.442474365234375,-13.434661865234375,-0.02841220423579216,-3.575287103652954,-14.145599365234375,4.0,3
2726,-14.769948959350586,-5.457448959350586,-0.004324133507907391,-9.926198959350586,-15.543386459350586,3.0,3
2727,-17.551025390625,-12.918212890625,-0.14477571845054626,-2.004150629043579,-13.965087890625,3.0,3
2728,-16.235107421875,-9.977293968200684,-0.23510679602622986,-1.5632318258285522,-13.344481468200684,3.0,3
2729,-16.901002883911133,-17.385377883911133,-11.56506633758545,-0.002566141774877906,-5.971316337585449,5.0,4
2730,-16.04946517944336,-7.596340179443359,-0.002590159885585308,-6.174465179443359,-14.51040267944336,3.0,3
2731,-12.68919849395752,-1.6891982555389404,-0.20482328534126282,-7.5329484939575195,-14.58763599395752,4.0,3
2732,-12.929174423217773,-1.663549542427063,-0.2104245275259018,-8.147924423217773,-15.210424423217773,4.0,3
2733,-15.408731460571289,-5.010293960571289,-0.010294198989868164,-5.635293960571289,-14.291543960571289,5.0,3
2734,-10.395472526550293,-0.10641047358512878,-2.293910503387451,-10.153285026550293,-14.489222526550293,4.0,2
2735,-14.715264320373535,-3.9418272972106934,-0.019952192902565002,-7.988702297210693,-14.965264320373535,4.0,3
2736,-4.805404186248779,-0.008529423736035824,-8.102279663085938,-13.477279663085938,-16.094467163085938,4.0,2
2737,-15.798357963562012,-11.228045463562012,-1.29054594039917,-0.32179588079452515,-12.485857963562012,5.0,4
2738,-13.742510795593262,-3.484698534011841,-0.03157346323132515,-7.797198295593262,-14.297198295593262,4.0,3
2739,-0.0006356602534651756,-7.375635623931885,-11.992823600769043,-14.055323600769043,-14.336573600769043,2.0,1
2740,-16.9924373626709,-15.554937362670898,-8.328374862670898,-0.00025006983196362853,-12.093999862670898,3.0,4
2741,-16.92974853515625,-16.70318603515625,-10.890685081481934,-6.01988795096986e-05,-10.140685081481934,5.0,4
2742,-11.321075439453125,-11.399200439453125,-7.961700439453125,-2.492950439453125,-0.08670046925544739,3.0,5
2743,-8.882293701171875,-0.007293858099728823,-4.944793701171875,-12.202606201171875,-15.624481201171875,2.0,2
2744,-15.445877075195312,-7.7974395751953125,-0.0005644158809445798,-8.797439575195312,-15.328689575195312,3.0,3
2745,-14.48189926147461,-5.302211761474609,-0.005336563568562269,-7.989711761474609,-14.47408676147461,4.0,3
2746,-15.815943717956543,-6.159693717956543,-0.0034438606817275286,-6.628443717956543,-14.745631217956543,3.0,3
2747,-15.398181915283203,-13.093494415283203,-4.898181438446045,-0.007556545082479715,-9.773181915283203,4.0,4
2748,-13.571550369262695,-1.6887376308441162,-0.2043626755475998,-9.469987869262695,-15.649675369262695,4.0,3
2749,-14.690522193908691,-14.354584693908691,-9.018647193908691,-0.0030219147447496653,-5.846771717071533,5.0,4
2750,-13.195902824401855,-3.7427780628204346,-0.024028168991208076,-9.914652824401855,-14.977152824401855,3.0,3
2751,-11.343924522399902,-0.007986634969711304,-4.836111545562744,-12.640799522399902,-16.242361068725586,3.0,2
2752,-16.329496383666992,-13.931059837341309,-4.696684837341309,-0.009184610098600388,-11.548247337341309,4.0,4
2753,-16.277786254882812,-17.059036254882812,-12.027786254882812,-0.06684897094964981,-2.7387239933013916,4.0,4
2754,-16.539443969726562,-16.156631469726562,-9.844132423400879,-0.00038223114097490907,-8.031632423400879,4.0,4
2755,-15.555424690246582,-7.578861713409424,-0.0007367995567619801,-8.406987190246582,-14.930424690246582,4.0,3
2756,-3.051588296890259,-0.051588185131549835,-5.81721305847168,-11.41096305847168,-14.71565055847168,3.0,2
2757,-16.322933197021484,-8.861995697021484,-0.0026202413719147444,-6.002620220184326,-14.533870697021484,4.0,3
2758,-15.9918851852417,-6.429385185241699,-0.02313537709414959,-3.8512604236602783,-14.1168851852417,3.0,3
2759,-12.731269836425781,-0.8172076344490051,-0.5828326344490051,-11.004707336425781,-15.731269836425781,2.0,3
2760,-14.860573768615723,-6.7980732917785645,-0.0011984078446403146,-9.438698768615723,-14.868386268615723,3.0,3
2761,-16.406814575195312,-8.063065528869629,-0.0005651307292282581,-8.297440528869629,-15.227128028869629,4.0,3
2762,-12.846954345703125,-2.550079822540283,-0.0813298150897026,-10.393829345703125,-15.346954345703125,3.0,3
2763,-14.306560516357422,-2.0721852779388428,-0.13468535244464874,-9.244060516357422,-15.900310516357422,4.0,3
2764,-13.393855094909668,-2.307917594909668,-0.10479263216257095,-10.932917594909668,-15.792292594909668,4.0,3
2765,-15.491798400878906,-8.890235900878906,-0.06211124733090401,-2.8121111392974854,-13.452735900878906,4.0,3
2766,-16.649484634399414,-16.563547134399414,-10.59479808807373,-0.0010478964541107416,-6.8916730880737305,4.0,4
2767,-16.517559051513672,-14.275372505187988,-6.25193452835083,-0.0019346822518855333,-13.001935005187988,4.0,4
2768,-16.931791305541992,-14.142727851867676,-4.619290828704834,-0.00991562008857727,-13.220852851867676,3.0,4
2769,-16.540189743041992,-15.008939743041992,-6.798002243041992,-0.0011273226700723171,-12.055814743041992,5.0,4
2770,-17.841432571411133,-15.177370071411133,-5.208620071411133,-0.005494966637343168,-11.857057571411133,3.0,4
2771,-16.65976905822754,-7.034768104553223,-0.0035182263236492872,-5.941018104553223,-15.128518104553223,4.0,3
2772,-17.35283660888672,-15.407523155212402,-6.673148155212402,-0.0012732979375869036,-12.134085655212402,3.0,4
2773,-17.460933685302734,-13.04687213897705,-2.031247138977051,-0.14062203466892242,-13.18749713897705,4.0,4
2774,-16.059417724609375,-11.059417724609375,-0.34847989678382874,-1.2234798669815063,-13.106292724609375,3.0,3
2775,-15.511478424072266,-13.706790924072266,-5.784915924072266,-0.00366587215103209,-7.456790924072266,3.0,4
2776,-15.242886543273926,-7.344448566436768,-0.0006987990345805883,-9.891324043273926,-15.813199043273926,3.0,3
2777,-15.547783851623535,-14.789971351623535,-8.547783851623535,-0.0009085579658858478,-7.250908374786377,4.0,4
2778,-13.49551773071289,-3.3939552307128906,-0.034580133855342865,-7.800205230712891,-14.35489273071289,3.0,3
2779,-16.993824005126953,-11.376636505126953,-0.48601198196411133,-0.9547619819641113,-13.876636505126953,3.0,3
2780,-15.868670463562012,-6.923357963562012,-0.0014829363208264112,-7.610857963562012,-14.868670463562012,3.0,3
2781,-15.158675193786621,-15.338362693786621,-9.549300193786621,-0.0649251863360405,-2.768050193786621,4.0,4
2782,-16.760377883911133,-9.588502883911133,-0.11975318938493729,-2.182253122329712,-14.018190383911133,4.0,3
2783,-12.272481918334961,-1.2568566799163818,-0.33498167991638184,-9.288106918334961,-14.381856918334961,3.0,3
2784,-15.625872611999512,-8.453997611999512,-0.0008722314960323274,-7.3289971351623535,-14.821185111999512,3.0,3
2785,-12.178983688354492,-0.09304612874984741,-2.421171188354492,-10.655546188354492,-15.100858688354492,4.0,2
2786,-12.942511558532715,-2.364386558532715,-0.09876163303852081,-10.411261558532715,-15.114386558532715,3.0,3
2787,-15.365011215209961,-8.513448715209961,-0.06032366305589676,-2.841573715209961,-13.333761215209961,3.0,3
2788,-17.02981185913086,-17.67043685913086,-11.91262435913086,-0.05324937403202057,-2.9594993591308594,4.0,4
2789,-13.182695388793945,-13.065507888793945,-8.557695388793945,-0.19050836563110352,-1.7530083656311035,5.0,4
2790,-16.548112869262695,-9.571549415588379,-0.25904959440231323,-1.477799654006958,-13.602799415588379,3.0,3
2791,-11.568291664123535,-1.0136045217514038,-0.4511045217514038,-8.794854164123535,-14.638604164123535,3.0,3
2792,-17.26566505432129,-14.671914100646973,-4.851602077484131,-0.007851926609873772,-13.210976600646973,3.0,4
2793,-15.984416007995605,-10.812541007995605,-4.1483970562694594e-05,-10.828166007995605,-15.343791007995605,4.0,3
2794,-16.10546875,-8.097657203674316,-0.003907071426510811,-5.628907203674316,-14.261719703674316,3.0,3
2795,-13.90645694732666,-4.172081470489502,-0.015831610187888145,-8.17208194732666,-14.65645694732666,3.0,3
2796,-15.5280179977417,-6.051455497741699,-0.00458048190921545,-6.113955497741699,-14.4733304977417,3.0,3
2797,-16.393571853637695,-16.495134353637695,-10.596697807312012,-0.03419750928878784,-3.3935725688934326,4.0,4
2798,-16.32506561279297,-15.465690612792969,-8.520378112792969,-0.004753360990434885,-5.395378589630127,3.0,4
2799,-14.963455200195312,-6.0181427001953125,-0.0025175088085234165,-9.455642700195312,-15.205642700195312,4.0,3
2800,-14.742650985717773,-3.7895262241363525,-0.023901307955384254,-6.898901462554932,-14.742650985717773,4.0,3
2801,-16.033571243286133,-15.877321243286133,-9.603883743286133,-0.017946481704711914,-4.033571243286133,4.0,4
2802,-16.156387329101562,-9.687637329101562,-0.00013743886665906757,-9.515762329101562,-15.382949829101562,4.0,3
2803,-17.74762535095215,-13.833562850952148,-2.8413751125335693,-0.06012510880827904,-12.833562850952148,4.0,4
2804,-8.053685188293457,-0.10056035220623016,-2.350560426712036,-10.327122688293457,-15.077122688293457,4.0,2
2805,-17.016145706176758,-17.297395706176758,-11.789584159851074,-0.0005214046686887741,-7.578646183013916,5.0,4
2806,-12.698311805725098,-1.7529990673065186,-0.19049911201000214,-8.549874305725098,-14.487374305725098,2.0,3
2807,-16.138927459716797,-11.709239959716797,-1.7014272212982178,-0.20142726600170135,-13.076427459716797,4.0,4
2808,-10.484809875488281,-0.0004349001101218164,-7.812934875488281,-14.312934875488281,-17.00824737548828,4.0,2
2809,-14.361827850341797,-13.736827850341797,-8.252452850341797,-0.0024524631444364786,-6.127452373504639,5.0,4
2810,-10.378265380859375,-0.0032649326603859663,-5.737639904022217,-12.807952880859375,-15.839202880859375,3.0,2
2811,-16.617612838745117,-13.344175338745117,-4.141050338745117,-0.0160501841455698,-11.601987838745117,4.0,4
2812,-10.621764183044434,-0.004576684441417456,-5.395201683044434,-13.246764183044434,-16.34051513671875,2.0,2
2813,-14.805900573730469,-10.501213073730469,-0.9074630737304688,-0.5168380737304688,-11.298088073730469,4.0,4
2814,-16.400651931762695,-5.978775978088379,-0.01002621091902256,-4.900650978088379,-14.502213478088379,3.0,3
2815,-14.988118171691895,-6.3318681716918945,-0.0037433092948049307,-6.2381181716918945,-13.964680671691895,3.0,3
2816,-5.681512832641602,-0.009637967683374882,-5.087762832641602,-11.744012832641602,-15.165887832641602,2.0,2
2817,-15.13792610168457,-13.42698860168457,-5.33323860168457,-0.005113380495458841,-8.23948860168457,4.0,4
2818,-11.88187313079834,-2.20999813079834,-0.11624803394079208,-10.26468563079834,-14.69437313079834,2.0,3
2819,-11.310380935668945,-0.16975590586662292,-1.8572559356689453,-11.451005935668945,-15.044755935668945,4.0,2
2820,-12.558444023132324,-1.1053186655044556,-0.40219366550445557,-10.214694023132324,-15.035006523132324,3.0,3
2821,-16.705402374267578,-14.728839874267578,-6.09602689743042,-0.0022769258357584476,-10.869464874267578,5.0,4
2822,-16.948036193847656,-14.432411193847656,-5.908973693847656,-0.002723914571106434,-13.041786193847656,3.0,4
2823,-16.011611938476562,-9.402236938476562,-0.402237206697464,-1.1053621768951416,-13.527236938476562,4.0,3
2824,-16.64153480529785,-15.032160758972168,-7.01653528213501,-0.000910344475414604,-11.618098258972168,3.0,4
2825,-16.501476287841797,-15.009288787841797,-7.001476764678955,-0.0014766276581212878,-7.485851764678955,5.0,4
2826,-16.281089782714844,-13.632651329040527,-4.882651329040527,-0.0076515451073646545,-10.195151329040527,5.0,4
2827,-16.024761199951172,-7.001323223114014,-0.016948267817497253,-4.141948223114014,-14.516948699951172,4.0,3
2828,-17.119001388549805,-14.337752342224121,-4.650251865386963,-0.009626870043575764,-11.634627342224121,4.0,4
2829,-15.152116775512695,-12.191179275512695,-3.636491537094116,-0.02711651846766472,-7.839616298675537,4.0,4
2830,-16.07034683227539,-10.65628433227539,-3.45700973412022e-05,-11.48440933227539,-15.30472183227539,5.0,3
2831,-15.72092056274414,-15.76779556274414,-10.01779556274414,-0.002170351566746831,-6.158420562744141,4.0,4
2832,-15.607039451599121,-15.802351951599121,-10.067976951599121,-0.25547730922698975,-1.4898523092269897,3.0,4
2833,-14.368711471557617,-4.743711948394775,-0.009336854331195354,-7.446836948394775,-14.243711471557617,4.0,3
2834,-10.12118148803711,-0.2774311900138855,-1.4180562496185303,-10.05868148803711,-14.92586898803711,4.0,2
2835,-17.131776809692383,-11.006776809692383,-0.33490192890167236,-1.2567769289016724,-13.709901809692383,5.0,3
2836,-14.821552276611328,-4.094989776611328,-0.016864696517586708,-9.626239776611328,-15.727802276611328,3.0,3
2837,-16.721080780029297,-15.471081733703613,-8.096081733703613,-0.0023315169382840395,-6.205456733703613,4.0,4
2838,-13.365809440612793,-2.709559202194214,-0.06893431395292282,-10.084559440612793,-15.068934440612793,4.0,3
2839,-11.12451457977295,-0.9838900566101074,-0.46826502680778503,-10.16357707977295,-14.30420207977295,3.0,3
2840,-11.18369197845459,-0.4180670976638794,-1.0743170976638794,-8.93369197845459,-13.79306697845459,2.0,2
2841,-17.097749710083008,-13.691499710083008,-3.941499948501587,-0.019624831154942513,-12.168062210083008,4.0,4
2842,-15.603902816772461,-7.799215316772461,-0.0023403179366141558,-6.252340316772461,-15.267965316772461,3.0,3
2843,-16.806373596191406,-12.970436096191406,-1.9235612154006958,-0.15793617069721222,-13.306373596191406,4.0,4
2844,-11.184956550598145,-0.23183181881904602,-1.5755817890167236,-11.044331550598145,-15.161519050598145,4.0,2
2845,-18.093379974365234,-13.49572467803955,-1.6129118204116821,-0.22228679060935974,-13.08947467803955,4.0,4
2846,-17.084484100341797,-12.943860054016113,-2.826672315597534,-0.061047401279211044,-13.014172554016113,4.0,4
2847,-15.770977020263672,-9.138164520263672,-0.23191407322883606,-1.5756640434265137,-13.208477020263672,5.0,3
2848,-15.734698295593262,-8.172198295593262,-0.0003228858404327184,-10.156573295593262,-15.984698295593262,4.0,3
2849,-17.297367095947266,-16.008304595947266,-8.406743049621582,-0.0004926898400299251,-8.266118049621582,4.0,4
2850,-15.78853702545166,-11.60103702545166,-0.9838496446609497,-0.4682246446609497,-12.89009952545166,5.0,4
2851,-16.73243522644043,-13.185559272766113,-3.5449345111846924,-0.029309561476111412,-11.974621772766113,4.0,4
2852,-16.898906707763672,-10.047344207763672,-0.0004687402688432485,-7.766093730926514,-15.922344207763672,4.0,3
2853,-16.853099822998047,-17.220287322998047,-11.634350776672363,-0.0015379278920590878,-6.485912799835205,5.0,4
2854,-11.049812316894531,-0.03418714180588722,-3.393562078475952,-12.612312316894531,-16.54981231689453,4.0,2
2855,-14.53616714477539,-4.387729644775391,-0.01272981520742178,-8.43460464477539,-14.66116714477539,3.0,3
2856,-16.782333374023438,-8.454208374023438,-0.0010837402660399675,-7.047958850860596,-15.735458374023438,4.0,3
2857,-15.280287742614746,-12.725600242614746,-4.991225242614746,-0.0068502104841172695,-10.834975242614746,3.0,4
2858,-17.44749641418457,-12.588120460510254,-1.650620698928833,-0.21312063932418823,-13.252182960510254,2.0,4
2859,-15.574841499328613,-8.160778999328613,-0.270153671503067,-1.4420286417007446,-13.457653999328613,4.0,3
2860,-11.090134620666504,-0.14482243359088898,-2.004197359085083,-10.215134620666504,-14.707322120666504,2.0,2
2861,-15.648992538452148,-14.914617538452148,-8.000555038452148,-0.0005552418879233301,-8.438055038452148,4.0,4
2862,-16.022478103637695,-11.538103103637695,-2.2099781036376953,-0.11622808128595352,-11.952165603637695,4.0,4
2863,-13.383049011230469,-2.1408615112304688,-0.12523655593395233,-8.781486511230469,-14.320549011230469,4.0,3
2864,-15.641730308532715,-6.891730308532715,-0.001105531700886786,-9.344855308532715,-15.540167808532715,3.0,3
2865,-12.619950294494629,-0.057450249791145325,-2.885575294494629,-12.690262794494629,-16.284011840820312,4.0,2
2866,-16.12401008605957,-14.28807258605957,-4.23338508605957,-0.014634879305958748,-10.76463508605957,3.0,4
2867,-13.71942138671875,-8.07879638671875,-0.0006713996990583837,-7.93817138671875,-13.68817138671875,4.0,3
2868,-17.5084228515625,-10.141236305236816,-0.000610999355558306,-7.469360828399658,-15.664673805236816,3.0,3
2869,-17.165281295776367,-15.040281295776367,-6.719968795776367,-0.0012188870459794998,-11.837156295776367,4.0,4
2870,-16.59482192993164,-16.31357192993164,-10.297945976257324,-0.0010709986090660095,-6.876070976257324,3.0,4
2871,-16.789268493652344,-12.836143493652344,-2.9298934936523438,-0.054893478751182556,-12.625205993652344,4.0,4
2872,-16.298099517822266,-8.344974517822266,-0.0012249593855813146,-6.923099994659424,-15.415287017822266,4.0,3
2873,-16.378877639770508,-16.097627639770508,-10.050753593444824,-0.0038784535136073828,-5.566378593444824,5.0,4
2874,-16.017866134643555,-7.127241134643555,-0.017866037786006927,-4.080366134643555,-14.345991134643555,3.0,3
2875,-14.430068016052246,-10.242568016052246,-1.8441306352615356,-0.17225563526153564,-11.094130516052246,5.0,4
2876,-16.37067413330078,-16.47223663330078,-10.300362586975098,-0.003487340407446027,-5.6753621101379395,4.0,4
2877,-14.536750793457031,-5.224250793457031,-0.005501013249158859,-9.224250793457031,-15.364875793457031,4.0,3
2878,-15.112525939941406,-5.831275939941406,-0.003150739474222064,-8.471900939941406,-15.362525939941406,3.0,3
2879,-16.488224029541016,-14.214787483215332,-5.566349506378174,-0.003849597414955497,-11.277287483215332,3.0,4
2880,-10.126747131347656,-0.017372580245137215,-4.0642476081848145,-12.236122131347656,-15.806434631347656,3.0,2
2881,-14.158724784851074,-14.814974784851074,-11.439974784851074,-3.6665375232696533,-0.025912432000041008,5.0,5
2882,-14.289141654968262,-13.711016654968262,-8.703204154968262,-0.2813291847705841,-1.4063291549682617,4.0,4
2883,-13.218605995178223,-3.7732932567596436,-0.02329319901764393,-10.038918495178223,-14.976418495178223,1.0,3
2884,-11.284165382385254,-0.002915657591074705,-5.846665859222412,-12.737290382385254,-15.815415382385254,3.0,2
2885,-16.789140701293945,-16.695390701293945,-10.203202247619629,-7.73638384998776e-05,-10.218827247619629,4.0,4
2886,-10.661843299865723,-0.05246805027127266,-2.9743430614471436,-11.755593299865723,-15.505593299865723,1.0,2
2887,-16.284984588623047,-11.456860542297363,-1.105297565460205,-0.40217262506484985,-12.628735542297363,3.0,4
2888,-16.430524826049805,-9.438337326049805,-0.0008372138836421072,-7.188337326049805,-15.633649826049805,4.0,3
2889,-16.315101623535156,-13.940102577209473,-5.955727577209473,-0.002602525521069765,-12.682290077209473,5.0,4
2890,-17.242368698120117,-10.7658052444458,-0.007993139326572418,-4.836118221282959,-14.9142427444458,4.0,3
2891,-16.892013549804688,-15.688888549804688,-8.220138549804688,-0.001389015233144164,-6.798264026641846,4.0,4
2892,-16.527976989746094,-11.57485294342041,-0.05922769010066986,-2.856102705001831,-13.83266544342041,4.0,3
2893,-16.094209671020508,-16.078584671020508,-10.258271217346191,-0.0160837359726429,-4.141083717346191,5.0,4
2894,-15.024311065673828,-7.45399808883667,-0.0008731843554414809,-8.141498565673828,-14.953998565673828,3.0,3
2895,-15.820731163024902,-15.055106163024902,-8.500418663024902,-0.0004189328756183386,-8.469168663024902,4.0,4
2896,-16.352628707885742,-7.485440731048584,-0.0010657589882612228,-7.594815731048584,-15.251066207885742,2.0,3
2897,-16.892475128173828,-14.822163581848145,-6.298725605010986,-0.0018507986096665263,-11.845601081848145,4.0,4
2898,-13.608023643493652,-1.897086262702942,-0.1627112776041031,-8.772086143493652,-14.865836143493652,3.0,3
2899,-10.073460578918457,-0.01877267099916935,-3.987522602081299,-12.018773078918457,-15.401585578918457,3.0,2
2900,-11.529227256774902,-0.1386023312807083,-2.0448522567749023,-11.357352256774902,-15.537039756774902,4.0,2
2901,-16.95319366455078,-16.39850616455078,-10.140693664550781,-6.90197994117625e-05,-10.515693664550781,5.0,4
2902,-12.459328651428223,-0.3577660918235779,-1.2015161514282227,-10.904641151428223,-15.217141151428223,3.0,2
2903,-13.801815032958984,-5.333065509796143,-0.004940326325595379,-9.254940032958984,-14.950252532958984,4.0,3
2904,-12.58542251586914,-3.7885477542877197,-0.022922655567526817,-10.49167251586914,-15.27292251586914,3.0,3
2905,-16.25798988342285,-12.507988929748535,-2.2658019065856934,-0.10955178737640381,-12.851738929748535,5.0,4
2906,-14.478655815124512,-6.236468315124512,-0.002093268558382988,-8.986468315124512,-14.853655815124512,3.0,3
2907,-15.412405967712402,-15.662405967712402,-9.974905967712402,-0.2014683037996292,-1.7014683485031128,5.0,4
2908,-17.820608139038086,-15.812795639038086,-8.140920639038086,-0.00029523781267926097,-13.148733139038086,4.0,4
2909,-16.413185119628906,-16.874122619628906,-11.006935119628906,-0.022560251876711845,-3.8038103580474854,4.0,4
2910,-17.95096206665039,-12.20096206665039,-0.036899592727422714,-3.3181495666503906,-14.89627456665039,4.0,3
2911,-1.4303168058395386,-0.2740667760372162,-7.664691925048828,-11.875629425048828,-14.352191925048828,4.0,2
2912,-11.705109596252441,-0.3769843280315399,-1.1582343578338623,-10.705109596252441,-15.626984596252441,3.0,2
2913,-15.789996147155762,-8.125933647155762,-0.000933807052206248,-7.360308647155762,-15.321246147155762,4.0,3
2914,-14.326151847839355,-5.1620893478393555,-0.005839431192725897,-9.318339347839355,-14.576151847839355,4.0,3
2915,-14.611626625061035,-6.252251148223877,-0.0022513538133352995,-8.049126625061035,-15.213189125061035,4.0,3
2916,-15.745697021484375,-9.339447021484375,-0.3394468426704407,-1.245696783065796,-12.917572021484375,3.0,3
2917,-16.364295959472656,-13.50492000579834,-4.372107982635498,-0.012732875533401966,-10.83304500579834,4.0,4
2918,-5.020805835723877,-0.20830565690994263,-1.7083055973052979,-8.364555358886719,-13.434867858886719,2.0,2
2919,-17.955657958984375,-12.190032005310059,-0.01815745420753956,-4.018157482147217,-14.916594505310059,2.0,3
2920,-11.966241836547852,-0.013117212802171707,-4.34124231338501,-13.099054336547852,-16.48186683654785,2.0,2
2921,-15.70730972290039,-14.58230972290039,-7.816684246063232,-0.004184419754892588,-5.582309246063232,4.0,4
2922,-14.322953224182129,-6.174515724182129,-0.002640810562297702,-7.502640724182129,-14.791703224182129,4.0,3
2923,-14.971474647521973,-15.033974647521973,-9.612099647521973,-0.18241189420223236,-1.7917869091033936,4.0,4
2924,-18.217979431152344,-15.171103477478027,-4.9601664543151855,-0.0070414007641375065,-13.085165977478027,3.0,4
2925,-15.55068302154541,-15.61318302154541,-10.41787052154541,-0.0038075584452599287,-5.581932544708252,5.0,4
2926,-12.561708450317383,-2.5070204734802246,-0.08514554053544998,-9.163270950317383,-14.616395950317383,3.0,3
2927,-16.23695945739746,-13.619771003723145,-4.572896480560303,-0.010396371595561504,-11.674458503723145,4.0,4
2928,-10.411687850952148,-0.06793829798698425,-2.7241883277893066,-9.911687850952148,-14.497625350952148,2.0,2
2929,-15.165624618530273,-14.321874618530273,-8.376562118530273,-0.0015617328463122249,-6.626561641693115,4.0,4
2930,-15.517134666442871,-6.782759189605713,-0.0015093612018972635,-7.892134189605713,-14.735884666442871,3.0,3
2931,-13.87203598022461,-5.348598003387451,-0.004848152864724398,-9.45797348022461,-14.48141098022461,4.0,3
2932,-16.750913619995117,-9.579038619995117,-0.0009135602158494294,-7.079038619995117,-15.243101119995117,4.0,3
2933,-17.554960250854492,-17.609647750854492,-11.461211204528809,-0.0002735478919930756,-8.250273704528809,4.0,4
2934,-14.529189109802246,-5.193251132965088,-0.005751252174377441,-8.630751609802246,-14.724501609802246,4.0,3
2935,-16.868629455566406,-9.64206600189209,-0.06394115835428238,-2.782691240310669,-14.54831600189209,3.0,3
2936,-15.307141304016113,-6.018078327178955,-0.0024535334669053555,-11.096203804016113,-16.158702850341797,3.0,3
2937,-16.165599822998047,-15.978100776672363,-9.829663276672363,-0.0015379278920590878,-6.517162799835205,4.0,4
2938,-5.795710563659668,-0.014460645616054535,-4.483210563659668,-11.170710563659668,-14.741023063659668,4.0,2
2939,-17.25455665588379,-14.887369155883789,-5.395182132720947,-0.00455710431560874,-12.231119155883789,3.0,4
2940,-17.160860061645508,-13.473360061645508,-3.1530470848083496,-0.04367216303944588,-12.754610061645508,4.0,4
2941,-14.299407958984375,-15.932220458984375,-12.549407958984375,-4.018157958984375,-0.018157921731472015,4.0,5
2942,-17.25905418395996,-15.540304183959961,-6.719991683959961,-0.0012417471734806895,-10.438741683959961,5.0,4
2943,-17.05472755432129,-17.33597755432129,-13.296916007995605,-4.100715523236431e-05,-10.171916007995605,4.0,4
2944,-14.511343002319336,-3.683218240737915,-0.026968348771333694,-6.526968479156494,-14.878530502319336,3.0,3
2945,-16.333696365356445,-12.380570411682129,-2.974320650100708,-0.052445653825998306,-12.943070411682129,4.0,4
2946,-15.613203048706055,-7.7382025718688965,-0.01945263333618641,-3.9725775718688965,-13.863203048706055,4.0,3
2947,-16.293075561523438,-16.386825561523438,-10.785263061523438,-0.03526335954666138,-3.3633882999420166,4.0,4
2948,-15.524957656860352,-15.079645156860352,-8.907770156860352,-0.032769832760095596,-3.4390199184417725,3.0,4
2949,-12.127437591552734,-12.119625091552734,-8.486812591552734,-0.4399373233318329,-1.0336873531341553,4.0,4
2950,-16.402135848999023,-13.488072395324707,-3.956822633743286,-0.01932261697947979,-11.972447395324707,3.0,4
2951,-9.621374130249023,-0.02762444131076336,-3.6057493686676025,-11.527624130249023,-15.238561630249023,3.0,2
2952,-13.573686599731445,-2.3080618381500244,-0.10493679344654083,-8.745561599731445,-14.589311599731445,3.0,3
2953,-15.439558982849121,-6.330184459686279,-0.0020592452492564917,-8.205183982849121,-14.900496482849121,4.0,3
2954,-15.809828758239746,-13.645766258239746,-2.223891019821167,-0.11451592296361923,-12.380141258239746,4.0,4
2955,-16.44601821899414,-10.20383071899414,-0.000705470098182559,-7.313205242156982,-15.06320571899414,3.0,3
2956,-16.686954498291016,-13.944767951965332,-4.929142475128174,-0.0072677042335271835,-12.679142951965332,4.0,4
2957,-15.632393836975098,-12.187081336975098,-3.2730185985565186,-0.03864360600709915,-12.944893836975098,4.0,4
2958,-15.311098098754883,-4.467348098754883,-0.014223271049559116,-5.936098098754883,-14.686098098754883,2.0,3
2959,-12.299758911132812,-0.24507181346416473,-1.5263217687606812,-11.479446411132812,-15.596633911132812,5.0,2
2960,-16.720428466796875,-12.407928466796875,-2.321990489959717,-0.10324054956436157,-13.095428466796875,5.0,4
2961,-18.334251403808594,-15.584251403808594,-5.099876403808594,-0.006126552354544401,-12.053001403808594,4.0,4
2962,-13.44743537902832,-2.3927481174468994,-0.09587303549051285,-10.19743537902832,-14.72087287902832,4.0,3
2963,-11.763070106506348,-0.23182019591331482,-1.5755702257156372,-11.380257606506348,-15.724007606506348,2.0,2
2964,-13.995596885681152,-3.9721593856811523,-0.01903446577489376,-10.956534385681152,-15.729971885681152,4.0,3
2965,-16.051441192626953,-12.731128692626953,-3.5905039310455322,-0.028004026040434837,-10.731128692626953,4.0,4
2966,-13.564699172973633,-9.142824172973633,-0.002199375070631504,-6.174074172973633,-12.775636672973633,4.0,3
2967,-16.875444412231445,-16.672319412231445,-11.336381912231445,-0.0004447901446837932,-7.7504448890686035,4.0,4
2968,-16.419723510742188,-11.685348510742188,-0.693161129951477,-0.693161129951477,-13.779098510742188,3.0,3
2969,-15.390549659729004,-16.335861206054688,-11.171799659729004,-0.2811744213104248,-1.4061744213104248,4.0,4
2970,-16.184755325317383,-15.255067825317383,-8.833192825317383,-0.005068073980510235,-5.317568302154541,3.0,4
2971,-17.46858024597168,-13.05451774597168,-2.0857677459716797,-0.13264276087284088,-13.36701774597168,1.0,4
2972,-14.188878059387207,-3.712315559387207,-0.0248155128210783,-9.368565559387207,-15.001378059387207,4.0,3
2973,-16.781885147094727,-15.219386100769043,-7.391260623931885,-0.0006356602534651756,-11.039698600769043,4.0,4
2974,-16.071306228637695,-15.110369682312012,-8.329119682312012,-0.0009945451747626066,-7.204119682312012,5.0,4
2975,-10.601600646972656,-0.14066356420516968,-2.0312886238098145,-10.640663146972656,-14.937538146972656,4.0,2
2976,-15.477611541748047,-8.719799041748047,-0.0010490872664377093,-7.032299041748047,-14.868236541748047,4.0,3
2977,-16.121599197387695,-12.082536697387695,-0.30909931659698486,-1.3247243165969849,-12.902849197387695,2.0,3
2978,-16.275619506835938,-9.689682960510254,-0.0021824846044182777,-6.158432483673096,-14.369370460510254,3.0,3
2979,-13.672914505004883,-3.727602005004883,-0.024476943537592888,-8.977602005004883,-14.735414505004883,2.0,3
2980,-16.32984161376953,-16.51734161376953,-11.431403160095215,-0.0017157370457425714,-6.376715660095215,4.0,4
2981,-16.06437110900879,-7.048746109008789,-0.0018710264703258872,-6.908121109008789,-15.087808609008789,2.0,3
2982,-15.90609073638916,-11.36702823638916,-2.0857784748077393,-0.13265350461006165,-12.74984073638916,3.0,4
2983,-15.958340644836426,-6.067716121673584,-0.005215965677052736,-5.848966121673584,-14.434903144836426,3.0,3
2984,-13.425267219543457,-13.011204719543457,-7.722142219543457,-0.003392062848433852,-5.831517219543457,4.0,4
2985,-15.675747871398926,-6.347623348236084,-0.0038732285611331463,-6.160123348236084,-14.581997871398926,3.0,3
2986,-10.842677116394043,-0.006739859934896231,-5.006740093231201,-12.811427116394043,-16.18642807006836,3.0,2
2987,-9.766188621520996,-0.000563224486541003,-7.594313144683838,-13.945876121520996,-16.78962516784668,3.0,2
2988,-15.98497200012207,-8.84434700012207,-0.0005974177038297057,-7.7037224769592285,-14.81309700012207,4.0,3
2989,-12.35559368133545,-2.6368441581726074,-0.07434410601854324,-9.83996868133545,-14.48840618133545,5.0,3
2990,-16.172386169433594,-15.414572715759277,-9.289572715759277,-0.008323030546307564,-4.8051981925964355,3.0,4
2991,-16.39393424987793,-9.72987174987793,-0.16737182438373566,-1.8704968690872192,-13.56580924987793,3.0,3
2992,-16.64984893798828,-16.45453643798828,-10.407662391662598,-0.03266230598092079,-3.4389123916625977,4.0,4
2993,-13.755011558532715,-5.395636558532715,-0.005011615343391895,-7.692511558532715,-14.333136558532715,3.0,3
2994,-17.241174697875977,-13.678674697875977,-3.2880499362945557,-0.038049906492233276,-12.514612197875977,3.0,4
2995,-10.948461532592773,-0.003148600459098816,-5.768773555755615,-13.925024032592773,-17.214086532592773,3.0,2
2996,-17.411760330200195,-14.583634376525879,-4.325821876525879,-0.013322030194103718,-11.943009376525879,5.0,4
2997,-16.091672897338867,-16.380735397338867,-10.786985397338867,-0.013547858223319054,-4.310422897338867,4.0,4
2998,-16.099336624145508,-13.739962577819824,-5.193087100982666,-0.005587317515164614,-11.450900077819824,4.0,4
2999,-3.094625949859619,-0.047750867903232574,-6.625875949859619,-12.016500473022461,-14.797750473022461,2.0,2
3000,-17.179977416992188,-17.367477416992188,-11.156539916992188,-0.00028975578607060015,-8.203414916992188,4.0,4
3001,-12.136787414550781,-0.043037593364715576,-3.1680376529693604,-10.386787414550781,-15.582099914550781,2.0,2
3002,-14.933598518371582,-5.597661018371582,-0.003911108709871769,-8.550786018371582,-14.574223518371582,4.0,3
3003,-16.82843589782715,-9.562809944152832,-0.0003103728231508285,-8.344059944152832,-15.187809944152832,3.0,3
3004,-16.862682342529297,-14.659557342529297,-5.722057819366455,-0.0033075883984565735,-10.690807342529297,4.0,4
3005,-16.01763916015625,-6.595764636993408,-0.0020146328024566174,-7.345764636993408,-15.13482666015625,3.0,3
3006,-10.728096961975098,-0.009347129613161087,-4.681221961975098,-11.392159461975098,-15.407784461975098,4.0,2
3007,-12.844128608703613,-1.3363163471221924,-0.30506631731987,-9.133191108703613,-14.906628608703613,3.0,3
3008,-16.203495025634766,-14.859745025634766,-8.203495025634766,-0.00036971885128878057,-9.281620025634766,5.0,4
3009,-12.661169052124023,-1.1689820289611816,-0.37210702896118164,-10.379919052124023,-15.481481552124023,3.0,3
3010,-15.890668869018555,-15.929731369018555,-9.945356369018555,-0.1406690627336502,-2.031294107437134,4.0,4
3011,-11.740321159362793,-0.005945852026343346,-5.130945682525635,-11.912196159362793,-16.505945205688477,4.0,2
3012,-15.859587669372559,-15.070525169372559,-8.984587669372559,-0.00021240839851088822,-9.406462669372559,4.0,4
3013,-16.726896286010742,-15.305020332336426,-8.078457832336426,-0.0003328961320221424,-10.953457832336426,4.0,4
3014,-16.185514450073242,-9.888639450073242,-0.6777017116546631,-0.7089517116546631,-13.544889450073242,5.0,3
3015,-16.034265518188477,-12.003016471862793,-2.463953971862793,-0.08895396441221237,-12.542078971862793,4.0,4
3016,-14.658066749572754,-15.181504249572754,-10.408066749572754,-0.13462941348552704,-2.072129487991333,5.0,4
3017,-16.613449096679688,-8.332199096679688,-0.0040738931857049465,-5.5665740966796875,-14.715011596679688,4.0,3
3018,-16.503992080688477,-11.925867080688477,-1.9102423191070557,-0.16024237871170044,-12.394617080688477,3.0,4
3019,-14.417259216308594,-3.3938217163085938,-0.03444677218794823,-8.190696716308594,-14.776634216308594,3.0,3
3020,-9.915308952331543,-9.532496452331543,-7.876246929168701,-0.0012467476772144437,-7.251246929168701,4.0,4
3021,-14.074938774108887,-3.153064012527466,-0.04368893802165985,-10.606188774108887,-15.434313774108887,3.0,3
3022,-14.932882308959961,-4.003195285797119,-0.01882016845047474,-7.862570285797119,-15.011007308959961,2.0,3
3023,-14.187195777893066,-4.898133277893066,-0.007508391048759222,-10.952820777893066,-15.734070777893066,1.0,3
3024,-16.99477195739746,-15.690083503723145,-7.611958980560303,-0.0025838580913841724,-6.174458980560303,5.0,4
3025,-14.4613676071167,-4.898867607116699,-0.008242400363087654,-7.195742607116699,-14.2191801071167,3.0,3
3026,-16.813373565673828,-14.899312019348145,-7.0477495193481445,-0.0008743754005990922,-13.235249519348145,3.0,4
3027,-9.152134895324707,-0.011510037817060947,-4.480259895324707,-12.152134895324707,-15.714634895324707,2.0,2
3028,-14.62598705291748,-7.454111576080322,-0.0009866851614788175,-7.813486576080322,-14.71973705291748,4.0,3
3029,-12.287739753723145,-1.0846143960952759,-0.41273942589759827,-8.990864753723145,-14.483052253723145,4.0,3
3030,-17.845937728881836,-11.46312427520752,-0.21312439441680908,-1.650624394416809,-13.98656177520752,3.0,3
3031,-16.682294845581055,-6.299482822418213,-0.0026076382491737604,-7.174482822418213,-15.682294845581055,3.0,3
3032,-16.271272659301758,-11.193147659301758,-1.0134600400924683,-0.4509600102901459,-12.755647659301758,4.0,4
3033,-17.444337844848633,-15.139650344848633,-4.991213321685791,-0.006838134024292231,-11.131837844848633,4.0,4
3034,-15.797780990600586,-4.821218013763428,-0.008718048222362995,-7.383718013763428,-14.805593490600586,4.0,3
3035,-12.880935668945312,-3.5449976921081543,-0.029372766613960266,-9.544998168945312,-14.248123168945312,4.0,3
3036,-15.696514129638672,-15.415264129638672,-9.055889129638672,-0.009014267474412918,-4.727764129638672,5.0,4
3037,-16.179828643798828,-15.632954597473145,-9.031392097473145,-0.00014184899919200689,-10.953267097473145,3.0,4
3038,-13.44578742980957,-1.844224452972412,-0.1723494529724121,-8.71922492980957,-15.03953742980957,3.0,3
3039,-11.705330848693848,-0.21314364671707153,-1.6506435871124268,-10.767830848693848,-15.111580848693848,4.0,2
3040,-15.323722839355469,-14.722160339355469,-8.683097839355469,-0.011223161593079567,-4.511223316192627,4.0,4
3041,-11.573132514953613,-0.17469528317451477,-1.8309452533721924,-11.213757514953613,-15.846570014953613,4.0,2
3042,-15.045543670654297,-5.733043670654297,-0.014293549582362175,-4.514293670654297,-14.686168670654297,4.0,3
3043,-16.28376007080078,-7.244697570800781,-0.010322397574782372,-4.650947570800781,-14.611885070800781,4.0,3
3044,-16.922847747802734,-15.368159294128418,-7.016597270965576,-0.000972155889030546,-9.563471794128418,4.0,4
3045,-15.727457046508789,-12.055582046508789,-3.454019784927368,-0.0321446992456913,-12.391519546508789,4.0,4
3046,-15.329148292541504,-4.805710315704346,-0.008835388347506523,-7.399460315704346,-15.008835792541504,3.0,3
3047,-15.107783317565918,-9.646845817565918,-0.7249704599380493,-0.6624704599380493,-12.084345817565918,3.0,4
3048,-16.3394775390625,-16.8472900390625,-11.1363525390625,-0.0972900390625,-2.3785400390625,4.0,4
3049,-7.502813339233398,-0.00281331199221313,-6.096563339233398,-12.377813339233398,-15.659063339233398,4.0,2
3050,-11.516902923583984,-0.0012774649076163769,-6.673152446746826,-14.282527923583984,-17.391902923583984,3.0,2
3051,-14.714899063110352,-4.449274063110352,-0.011774212121963501,-11.043024063110352,-15.878961563110352,2.0,3
3052,-16.367351531982422,-10.273602485656738,-0.34391486644744873,-1.2345398664474487,-13.382977485656738,4.0,3
3053,-16.445478439331055,-13.976728439331055,-4.836103439331055,-0.007978474721312523,-12.382978439331055,3.0,4
3054,-16.84261703491211,-11.944178581237793,-1.6004287004470825,-0.2254287153482437,-12.975428581237793,3.0,4
3055,-11.836125373840332,-0.023624951019883156,-3.757999897003174,-11.656437873840332,-15.789250373840332,3.0,2
3056,-16.376155853271484,-14.524593353271484,-7.219905376434326,-0.0011554239317774773,-7.782405376434326,4.0,4
3057,-15.92383861541748,-7.298839092254639,-0.0019639506936073303,-6.658214092254639,-14.69727611541748,2.0,3
3058,-17.53226089477539,-17.11038589477539,-10.204134941101074,-0.0010102650849148631,-6.938510417938232,4.0,4
3059,-15.833996772766113,-9.294934272766113,-0.32618382573127747,-1.279308795928955,-13.896496772766113,3.0,3
3060,-16.49535369873047,-15.635978698730469,-7.721916198730469,-0.003166425507515669,-5.909416198730469,5.0,4
3061,-17.51959991455078,-13.886788368225098,-1.5508506298065186,-0.23835060000419617,-13.738350868225098,3.0,4
3062,-15.316778182983398,-7.72302770614624,-0.004277841653674841,-5.56677770614624,-14.465215682983398,3.0,3
3063,-10.047261238098145,-0.0003861635341309011,-7.9847612380981445,-14.398823738098145,-17.226947784423828,4.0,2
3064,-14.04739761352539,-13.00833511352539,-7.609897613525391,-0.0005225961795076728,-10.85208511352539,4.0,4
3065,-14.628571510314941,-4.0348219871521,-0.01919679529964924,-6.6285719871521,-14.628571510314941,4.0,3
3066,-16.102018356323242,-13.453579902648926,-7.703579902648926,-0.0004549183649942279,-13.508267402648926,4.0,4
3067,-16.575597763061523,-11.677160263061523,-1.7787227630615234,-0.18497277796268463,-12.559972763061523,2.0,4
3068,-15.949675559997559,-15.918425559997559,-10.121550559997559,-0.01217516977339983,-4.4184250831604,4.0,4
3069,-16.348163604736328,-11.816913604736328,-0.3091009557247162,-1.3247259855270386,-13.004413604736328,4.0,3
3070,-13.249676704406738,-3.27311372756958,-0.03873879462480545,-9.179364204406738,-14.077801704406738,4.0,3
3071,-10.881738662719727,-0.006738912779837847,-5.006739139556885,-13.037988662719727,-16.155176162719727,2.0,2
3072,-16.265092849731445,-12.069781303405762,-0.46821844577789307,-0.9838434457778931,-13.374468803405762,5.0,3
3073,-15.080718994140625,-8.283843994140625,-0.33071908354759216,-1.2682191133499146,-12.963531494140625,5.0,3
3074,-16.727008819580078,-8.578572273254395,-0.00044705410255119205,-8.266072273254395,-16.102008819580078,1.0,3
3075,-9.938319206237793,-0.0008187517523765564,-7.172693729400635,-13.414881706237793,-16.610193252563477,2.0,2
3076,-17.117263793945312,-16.625076293945312,-9.734451293945312,-7.664863369427621e-05,-11.078201293945312,5.0,4
3077,-8.893488883972168,-0.002863594563677907,-5.90911340713501,-12.276301383972168,-15.432551383972168,1.0,2
3078,-16.04794692993164,-16.14169692993164,-10.383883476257324,-0.05575893819332123,-2.9151339530944824,3.0,4
3079,-17.037647247314453,-13.07671070098877,-2.7095229625701904,-0.0688980370759964,-13.10014820098877,4.0,4
3080,-15.519879341125488,-16.433942794799805,-11.512066841125488,-0.2698795795440674,-1.4417545795440674,5.0,4
3081,-11.431502342224121,-0.5174400806427002,-0.9080650806427002,-7.361189842224121,-13.908064842224121,4.0,2
3082,-7.851308345794678,-0.21068325638771057,-1.6638082265853882,-8.75755786895752,-14.11693286895752,3.0,2
3083,-12.395527839660645,-10.270527839660645,-2.8330278396606445,-0.06740275770425797,-5.0674028396606445,2.0,4
3084,-15.016641616821289,-14.626016616821289,-8.461954116821289,-0.008828889578580856,-4.758829116821289,3.0,4
3085,-15.610857963562012,-13.978045463562012,-5.2592949867248535,-0.009295045398175716,-5.5092949867248535,3.0,4
3086,-18.402212142944336,-15.824088096618652,-5.581900596618652,-0.0037753749638795853,-13.113150596618652,2.0,4
3087,-17.836610794067383,-16.039735794067383,-7.735048770904541,-0.0006737822550348938,-8.3600492477417,4.0,4
3088,-15.03398609161377,-16.479297637939453,-13.05742359161377,-4.5574235916137695,-0.010548431426286697,5.0,5
3089,-7.02169132232666,-0.09981654584407806,-2.3654415607452393,-8.55294132232666,-14.29512882232666,4.0,2
3090,-14.23490047454834,-4.836462497711182,-0.008337571285665035,-7.914587497711182,-14.77396297454834,2.0,3
3091,-14.308265686035156,-14.222328186035156,-8.792640686035156,-0.8707656860351562,-0.5426406860351562,5.0,5
3092,-14.911709785461426,-11.583584785461426,-2.7242095470428467,-0.06795945763587952,-9.317959785461426,4.0,4
3093,-15.0059232711792,-12.4356107711792,-3.560610294342041,-0.02936038188636303,-7.591860294342041,2.0,4
3094,-15.179718971252441,-15.515656471252441,-10.046906471252441,-0.44534412026405334,-1.023469090461731,1.0,4
3095,-0.377746045589447,-1.1589961051940918,-7.174621105194092,-11.174620628356934,-13.588683128356934,5.0,1
3096,-14.268351554870605,-15.377726554870605,-11.979289054870605,-5.908977031707764,-0.0027270056307315826,2.0,5
3097,-15.6552734375,-16.8662109375,-11.9990234375,-1.053711175918579,-0.4287111461162567,5.0,5
3098,-17.066259384155273,-12.863134384155273,-1.3943848609924316,-0.28500983119010925,-13.292821884155273,2.0,4
3099,-16.367738723754883,-15.5318021774292,-8.9068021774292,-0.0630517452955246,-2.797426700592041,1.0,4
3100,-0.5970234274864197,-0.8001484274864197,-8.190773010253906,-12.073585510253906,-14.362648010253906,1.0,1
3101,-11.085968017578125,-1.359405279159546,-0.2969053089618683,-9.843780517578125,-14.953155517578125,3.0,3
3102,-15.211962699890137,-16.00102424621582,-10.790087699890137,-0.5557125806808472,-0.8525875806808472,2.0,4
3103,-14.670408248901367,-14.818845748901367,-10.131345748901367,-1.8969706296920776,-0.16259567439556122,5.0,5
3104,-0.0001431601122021675,-16.05483055114746,-15.617330551147461,-18.14858055114746,-17.32045555114746,3.0,1
3105,-11.64797306060791,-3.249535322189331,-0.046410370618104935,-5.03078556060791,-13.52297306060791,5.0,3
3106,-15.802077293395996,-15.950514793395996,-9.989577293395996,-0.005202209111303091,-5.270827293395996,3.0,4
3107,-0.0016686100279912353,-6.407918453216553,-11.275106430053711,-13.603231430053711,-13.564168930053711,2.0,1
3108,-13.27938175201416,-14.59188175201416,-11.45906925201416,-5.130943775177002,-0.005943837575614452,5.0,5
3109,-14.21745491027832,-15.20964241027832,-11.97526741027832,-5.0377678871154785,-0.006517819128930569,5.0,5
3110,-16.869112014770508,-16.306612014770508,-9.830049514770508,-0.0019248068565502763,-6.283174991607666,2.0,4
3111,-11.4197998046875,-3.536987066268921,-0.09948701411485672,-2.724487066268921,-12.8494873046875,2.0,3
3112,-17.07916831970215,-17.14166831970215,-10.594793319702148,-0.0010432521812617779,-6.891668319702148,5.0,4
3113,-15.151928901672363,-14.433178901672363,-8.800366401672363,-0.06599127501249313,-2.753491163253784,5.0,4
3114,-12.822714805603027,-2.7680270671844482,-0.0649021714925766,-9.893027305603027,-14.783652305603027,1.0,3
3115,-14.755472183227539,-14.942972183227539,-10.192972183227539,-0.06015956774353981,-2.841409683227539,4.0,4
3116,-13.182642936706543,-14.034205436706543,-10.377955436706543,-3.393580675125122,-0.034205686300992966,5.0,5
3117,-15.085156440734863,-15.436718940734863,-10.757031440734863,-1.6632813215255737,-0.21015627682209015,5.0,5
3118,-12.873151779174805,-3.310652017593384,-0.04502704739570618,-4.888777256011963,-14.076276779174805,1.0,3
3119,-14.473167419433594,-15.176292419433594,-11.941917419433594,-5.426292419433594,-0.004417423624545336,4.0,5
3120,-13.289463996887207,-14.789463996887207,-12.094151496887207,-7.844151496887207,-0.00040165462996810675,5.0,5
3121,-13.344425201416016,-14.813175201416016,-12.336612701416016,-7.313175201416016,-0.0006752118351869285,5.0,5
3122,-14.042530059814453,-3.050342082977295,-0.05034215375781059,-6.347217082977295,-15.612842559814453,4.0,3
3123,-14.803750038146973,-11.858437538146973,-3.1084377765655518,-0.04593786224722862,-8.436562538146973,5.0,4
3124,-14.777649879455566,-16.04327392578125,-12.902649879455566,-5.472962379455566,-0.00421231659129262,5.0,5
3125,-14.348291397094727,-14.942041397094727,-11.481103897094727,-3.3482911586761475,-0.03579120337963104,4.0,5
3126,-14.304926872253418,-7.523676872253418,-0.8986769914627075,-0.5236769914627075,-11.859614372253418,1.0,4
3127,-14.428913116455078,-14.561725616455078,-9.007038116455078,-0.08516284078359604,-2.507037878036499,4.0,4
3128,-14.369269371032715,-14.986456871032715,-10.494269371032715,-2.0177066326141357,-0.14270661771297455,4.0,5
3129,-16.96575164794922,-14.301690101623535,-5.348564624786377,-0.0048146978951990604,-10.020440101623535,3.0,4
3130,-13.647721290588379,-13.155533790588379,-6.585221290588379,-0.1320962756872177,-2.100846290588379,1.0,4
3131,-15.481939315795898,-15.567876815795898,-9.794439315795898,-0.17725160717964172,-1.8178765773773193,5.0,4
3132,-16.337799072265625,-14.978423118591309,-7.142485618591309,-0.0018606745870783925,-6.845610618591309,4.0,4
3133,-14.905465126037598,-15.280465126037598,-10.866402626037598,-1.663277506828308,-0.2101525068283081,3.0,5
3134,-16.134519577026367,-11.986083030700684,-2.4782700538635254,-0.08764511346817017,-11.173583030700684,2.0,4
3135,-14.17520809173584,-13.59708309173584,-7.97208309173584,-0.5970828533172607,-0.8002078533172607,4.0,4
3136,-14.168487548828125,-14.762237548828125,-10.691925048828125,-2.535674810409546,-0.08254970610141754,5.0,5
3137,-14.522039413452148,-14.592351913452148,-9.818914413452148,-1.0845394134521484,-0.41266441345214844,5.0,5
3138,-9.691158294677734,-0.22240866720676422,-1.613033652305603,-9.652095794677734,-15.003658294677734,1.0,2
3139,-15.477123260498047,-6.977123260498047,-0.07087329030036926,-2.695873260498047,-14.039623260498047,5.0,3
3140,-16.8705997467041,-14.323724746704102,-4.495599746704102,-0.011224930174648762,-13.417474746704102,2.0,4
3141,-14.775615692138672,-6.408428192138672,-0.0021782023832201958,-7.549053192138672,-15.228740692138672,5.0,3
3142,-17.023757934570312,-15.898757934570312,-8.140945434570312,-0.0003200257197022438,-10.547195434570312,3.0,4
3143,-8.44411563873291,-1.3816158771514893,-0.30349093675613403,-4.569116115570068,-12.62380313873291,3.0,3
3144,-14.362247467041016,-15.088809967041016,-11.948184967041016,-3.6513099670410156,-0.026309968903660774,5.0,5
3145,-11.913765907287598,-12.320015907287598,-9.038765907287598,-3.2731404304504395,-0.03876551240682602,5.0,5
3146,-15.550222396850586,-14.323659896850586,-7.261159420013428,-0.04240947961807251,-3.1986594200134277,1.0,4
3147,-14.863716125488281,-14.941841125488281,-9.238716125488281,-0.26996612548828125,-1.4418411254882812,5.0,4
3148,-14.839526176452637,-14.964526176452637,-9.542651176452637,-0.45671358704566956,-1.0035885572433472,5.0,4
3149,-16.158323287963867,-13.095823287963867,-3.6817610263824463,-0.025511134415864944,-12.392698287963867,1.0,4
3150,-13.103609085083008,-11.033296585083008,-3.244234085083008,-0.04110916331410408,-6.681734085083008,1.0,4
3151,-14.86728286743164,-14.89853286743164,-10.21103286743164,-1.1797828674316406,-0.367282897233963,1.0,5
3152,-14.39631175994873,-15.14631175994873,-10.99787425994873,-1.8572496175765991,-0.1697496622800827,5.0,5
3153,-14.878531455993652,-15.542593955993652,-11.495718955993652,-2.3785319328308105,-0.09728182107210159,1.0,5
3154,-13.400962829589844,-12.072837829589844,-6.4009623527526855,-0.16658741235733032,-1.8853373527526855,1.0,4
3155,-15.261979103088379,-11.480729103088379,-2.0041663646698,-0.1447913944721222,-11.574479103088379,5.0,4
3156,-15.81537914276123,-16.870065689086914,-11.86225414276123,-0.24506649374961853,-1.526316523551941,5.0,4
3157,-11.278728485107422,-12.067790985107422,-10.247478485107422,-5.255290985107422,-0.005291148088872433,3.0,5
3158,-16.319847106933594,-15.39016056060791,-7.55422306060791,-0.007348057813942432,-4.99172306060791,2.0,4
3159,-15.211149215698242,-14.992399215698242,-8.804899215698242,-0.1798992156982422,-1.8048992156982422,4.0,4
3160,-14.024033546447754,-15.063096046447754,-12.531846046447754,-7.438095569610596,-0.0005956306122243404,3.0,5
3161,-15.48748779296875,-14.43280029296875,-7.112488269805908,-0.0031130684074014425,-6.081238269805908,3.0,4
3162,-12.372776985168457,-6.857151985168457,-0.4352767765522003,-1.044651746749878,-10.341526985168457,2.0,3
3163,-0.01337143499404192,-4.325871467590332,-9.982121467590332,-12.638371467590332,-13.138371467590332,3.0,1
3164,-13.210867881774902,-14.390555381774902,-11.398367881774902,-4.867117404937744,-0.007742632180452347,5.0,5
3165,-6.025911331176758,-0.010286293923854828,-4.854036331176758,-10.963411331176758,-14.939973831176758,5.0,2
3166,-14.389778137207031,-14.178840637207031,-8.444465637207031,-0.7413405776023865,-0.6475905776023865,1.0,5
3167,-13.552396774291992,-14.513334274291992,-10.958646774291992,-4.325834274291992,-0.013334146700799465,1.0,5
3168,-0.003702334826812148,-5.613077163696289,-10.331827163696289,-12.558389663696289,-12.230264663696289,1.0,1
3169,-11.27075481414795,-11.83325481414795,-8.93481731414795,-3.5754425525665283,-0.02856745757162571,1.0,5
3170,-14.975215911865234,-15.904903411865234,-11.881465911865234,-2.3502161502838135,-0.10021607577800751,3.0,5
3171,-0.12192874401807785,-2.1688036918640137,-7.762553691864014,-11.176616668701172,-12.192241668701172,3.0,1
3172,-0.1430862694978714,-2.0180861949920654,-7.8774614334106445,-11.393086433410645,-12.908711433410645,4.0,1
3173,-0.005517966579645872,-5.208642959594727,-10.739892959594727,-13.278955459594727,-13.575830459594727,3.0,1
3174,-13.825637817382812,-14.935012817382812,-12.036575317382812,-5.239699840545654,-0.005325061734765768,1.0,5
3175,-12.606391906738281,-5.168891429901123,-0.09076657891273499,-2.512641668319702,-12.098579406738281,5.0,3
3176,-14.566814422607422,-15.293376922607422,-11.144939422607422,-0.9261898994445801,-0.5043148994445801,5.0,5
3177,-14.05364990234375,-10.07708740234375,-1.600524663925171,-0.22552461922168732,-9.67864990234375,5.0,4
3178,-16.877025604248047,-14.431714057922363,-6.205151081085205,-0.0020261728204786777,-12.736401557922363,2.0,4
3179,-15.488969802856445,-6.9499077796936035,-0.05928263068199158,-2.8717825412750244,-14.067094802856445,1.0,3
3180,-16.136512756347656,-12.941200256347656,-3.9568254947662354,-0.01932542398571968,-11.456825256347656,2.0,4
3181,-16.83725929260254,-13.337259292602539,-3.71225905418396,-0.024758994579315186,-10.540384292602539,5.0,4
3182,-17.52376937866211,-16.55501937866211,-8.187830924987793,-0.0003311085747554898,-9.890955924987793,2.0,4
3183,-16.839296340942383,-15.987733840942383,-9.026796340942383,-0.01117105782032013,-4.511170864105225,3.0,4
3184,-14.748225212097168,-14.490412712097168,-9.357600212097168,-0.9357256293296814,-0.4982256293296814,3.0,5
3185,-14.211126327514648,-14.437688827514648,-11.109563827514648,-3.7580010890960693,-0.023625999689102173,3.0,5
3186,-15.95052719116211,-15.65365219116211,-8.95833969116211,-0.03646429255604744,-3.333339214324951,1.0,4
3187,-15.568925857543945,-8.889238357543945,-0.24861350655555725,-1.5142384767532349,-13.615800857543945,4.0,3
3188,-14.469674110412598,-15.313424110412598,-11.821236610412598,-4.1102986335754395,-0.016548868268728256,5.0,5
3189,-14.769718170166016,-15.004093170166016,-10.496280670166016,-1.6759682893753052,-0.20721827447414398,5.0,5
3190,-3.2172656059265137,-0.04539062827825546,-5.451640605926514,-11.014141082763672,-14.662578582763672,1.0,2
3191,-7.595736980438232,-9.744174003601074,-11.361361503601074,-10.306674003601074,-0.001986912451684475,4.0,5
3192,-14.776997566223145,-15.011372566223145,-10.050435066223145,-1.0035603046417236,-0.45668527483940125,2.0,5
3193,-11.959315299987793,-11.576502799987793,-8.076502799987793,-0.02962775155901909,-3.545252799987793,1.0,4
3194,-16.909387588500977,-15.26876163482666,-7.479699611663818,-0.010949527844786644,-4.573449611663818,2.0,4
3195,-15.702984809875488,-16.382671356201172,-10.960797309875488,-0.2889220416545868,-1.3826720714569092,4.0,4
3196,-15.067642211914062,-15.356704711914062,-11.169204711914062,-2.2238924503326416,-0.11451751738786697,3.0,5
3197,-16.91023826599121,-11.816488265991211,-1.9102383852005005,-0.16023841500282288,-12.808675765991211,4.0,4
3198,-1.8624258041381836,-0.1749257892370224,-5.268675804138184,-10.549925804138184,-13.870238304138184,2.0,2
3199,-0.07271485030651093,-2.6664648056030273,-7.478964805603027,-10.213339805603027,-11.338339805603027,1.0,1
3200,-8.893956184387207,-0.08145575225353241,-2.550205707550049,-10.784581184387207,-15.503331184387207,1.0,2
3201,-14.40271282196045,-14.84802532196045,-10.32458782196045,-1.4417755603790283,-0.26990050077438354,2.0,5
3202,-9.336073875427246,-0.007948554120957851,-4.851698398590088,-11.367323875427246,-15.195448875427246,4.0,2
3203,-12.92178726196289,-4.187412261962891,-0.015537051483988762,-8.39053726196289,-14.73428726196289,3.0,3
3204,-6.675497570540756e-05,-9.671941757202148,-13.390691757202148,-14.843816757202148,-14.039129257202148,1.0,1
3205,-14.17755126953125,-15.02911376953125,-10.27130126953125,-0.8259891271591187,-0.5759891271591187,5.0,5
3206,-17.593435287475586,-15.335622787475586,-4.898122787475586,-0.007497742306441069,-11.898122787475586,1.0,4
3207,-8.596659660339355,-0.0029093578923493624,-5.909159183502197,-12.612284660339355,-15.565409660339355,4.0,2
3208,-14.240270614624023,-14.084020614624023,-9.021520614624023,-0.70902019739151,-0.67777019739151,4.0,5
3209,-14.542667388916016,-14.331729888916016,-7.753604888916016,-0.08172998577356339,-2.5504798889160156,3.0,4
3210,-14.772144317626953,-5.240893840789795,-0.006519003305584192,-6.725268840789795,-14.553394317626953,2.0,3
3211,-15.456520080566406,-7.1987080574035645,-0.04245803877711296,-3.1987080574035645,-14.636207580566406,2.0,3
3212,-15.483407974243164,-9.303720474243164,-0.6474702954292297,-0.7412202954292297,-12.788095474243164,1.0,3
3213,-11.883358001708984,-7.398983001708984,-1.0552327632904053,-0.43023279309272766,-7.008358001708984,5.0,4
3214,-12.406551361083984,-4.844051361083984,-0.06280133873224258,-2.9378013610839844,-12.711238861083984,3.0,3
3215,-14.644750595092773,-15.090063095092773,-9.707250595092773,-0.38693854212760925,-1.1369385719299316,2.0,4
3216,-15.310839653015137,-16.04521369934082,-11.295214653015137,-0.7249019742012024,-0.6624019742012024,5.0,5
3217,-15.410253524780273,-16.589941024780273,-12.129003524780273,-1.3477537631988525,-0.30087873339653015,5.0,5
3218,-12.078049659729004,-6.484299659729004,-1.2030497789382935,-0.35929974913597107,-10.913987159729004,1.0,4
3219,-14.916065216064453,-10.923877716064453,-1.158252239227295,-0.3770022988319397,-11.580127716064453,5.0,4
3220,-0.032790254801511765,-3.439040184020996,-8.829665184020996,-11.720290184020996,-13.126540184020996,5.0,1
3221,-13.835064888000488,-14.913189888000488,-11.585064888000488,-4.975689888000488,-0.006939831655472517,2.0,5
3222,-14.276703834533691,-15.347016334533691,-10.940766334533691,-1.87045419216156,-0.16732917726039886,1.0,5
3223,-14.295441627502441,-15.373566627502441,-11.326691627502441,-2.9595043659210205,-0.05325445905327797,5.0,5
3224,-13.344441413879395,-14.149128913879395,-10.602253913879395,-0.016316093504428864,-4.125690937042236,5.0,4
3225,-14.974298477172852,-15.302423477172852,-10.771173477172852,-1.7399235963821411,-0.1930486261844635,5.0,5
3226,-14.458646774291992,-7.880521297454834,-0.11489644646644592,-2.224271535873413,-13.482084274291992,1.0,3
3227,-16.792335510253906,-16.768898010253906,-10.08139705657959,-0.0032721806783229113,-5.73764705657959,4.0,4
3228,-14.629805564880371,-14.825118064880371,-10.496993064880371,-2.293867826461792,-0.1063678190112114,5.0,5
3229,-10.170923233032227,-0.33498525619506836,-1.2568602561950684,-9.647485733032227,-15.444360733032227,4.0,2
3230,-0.7421497702598572,-0.6483997702598572,-6.898399829864502,-11.281211853027344,-13.570274353027344,1.0,2
3231,-11.493356704711914,-10.313669204711914,-3.477731227874756,-0.5871063470840454,-0.8839813470840454,1.0,4
3232,-13.237519264221191,-14.550019264221191,-11.471894264221191,-5.768768787384033,-0.0031438469886779785,5.0,5
3233,-17.047630310058594,-17.125755310058594,-10.360129356384277,-0.0007546676206402481,-7.2351298332214355,1.0,4
3234,-7.71586275100708,-1.37211275100708,-0.3096126914024353,-4.40336275100708,-12.020549774169922,1.0,3
3235,-15.712419509887695,-15.845232009887695,-10.688982009887695,-0.9936690926551819,-0.4624190926551819,3.0,5
3236,-13.61756706237793,-15.20350456237793,-12.93787956237793,-7.89100456237793,-0.0003793711948674172,4.0,5
3237,-14.077597618103027,-14.499472618103027,-11.085410118103027,-3.7885348796844482,-0.02290995605289936,4.0,5
3238,-15.140676498413086,-14.117238998413086,-7.687551498413086,-0.07817638665437698,-2.593801498413086,1.0,4
3239,-12.65168571472168,-12.72981071472168,-7.68293571472168,-1.9641857147216797,-0.1516856998205185,5.0,5
3240,-16.469863891601562,-14.571427345275879,-6.891739845275879,-0.0011148196645081043,-9.266739845275879,1.0,4
3241,-14.681336402893066,-15.361023902893066,-10.595398902893066,-0.48602384328842163,-0.9547738432884216,1.0,4
3242,-10.66479778289795,-0.8444851636886597,-0.5632351636886597,-7.094485282897949,-14.43042278289795,1.0,3
3243,-14.203719139099121,-13.742781639099121,-7.672469139099121,-0.34434396028518677,-1.234968900680542,5.0,4
3244,-14.522347450256348,-15.389534950256348,-12.334847450256348,-5.006722450256348,-0.006722216960042715,5.0,5
3245,-11.962928771972656,-12.720741271972656,-9.306678771972656,-3.423865795135498,-0.03324087709188461,5.0,5
3246,-17.281518936157227,-16.898706436157227,-9.297144889831543,-0.0002696150622796267,-8.640894889831543,1.0,4
3247,-15.080031394958496,-13.595656394958496,-5.978469371795654,-0.0565943606197834,-2.9472193717956543,4.0,4
3248,-14.691539764404297,-13.918102264404297,-8.175914764404297,-0.2852901220321655,-1.3946651220321655,4.0,4
3249,-15.77419376373291,-15.79763126373291,-9.39919376373291,-0.008568309247493744,-4.774193286895752,2.0,4
3250,-15.814393043518066,-15.048768043518066,-8.478455543518066,-0.08783041685819626,-2.4784553050994873,2.0,4
3251,-17.248517990112305,-13.732893943786621,-3.529768466949463,-0.02976846881210804,-11.240706443786621,4.0,4
3252,-15.19061279296875,-15.69842529296875,-11.08123779296875,-1.1906132698059082,-0.3624882102012634,5.0,5
3253,-15.890056610107422,-15.421306610107422,-8.733806610107422,-0.09318146109580994,-2.4213063716888428,4.0,4
3254,-14.290492057800293,-13.782679557800293,-8.251429557800293,-0.5170548558235168,-0.9076798558235168,1.0,4
3255,-14.749959945678711,-14.499959945678711,-9.484334945678711,-0.5624603629112244,-0.8437103629112244,3.0,4
3256,-15.282361030578613,-14.626111030578613,-8.391736030578613,-0.032360777258872986,-3.454235792160034,4.0,4
3257,-14.551164627075195,-15.371477127075195,-10.941789627075195,-2.1683523654937744,-0.12147730588912964,4.0,5
3258,-9.644633293151855,-2.0430707931518555,-0.15244576334953308,-4.4493207931518555,-12.394633293151855,1.0,3
3259,-13.65799331665039,-14.04861831665039,-10.54080581665039,-3.0486183166503906,-0.048618216067552567,1.0,5
3260,-13.543744087219238,-6.692181587219238,-0.00468157883733511,-5.676556587219238,-13.957806587219238,2.0,3
3261,-14.57269287109375,-7.09613037109375,-0.002380277728661895,-6.47113037109375,-14.61175537109375,1.0,3
3262,-16.769216537475586,-14.620779037475586,-5.644216060638428,-0.0035912799648940563,-10.097341537475586,2.0,4
3263,-14.962177276611328,-15.118427276611328,-9.516864776611328,-0.25905272364616394,-1.4778027534484863,4.0,4
3264,-15.163483619689941,-16.093170166015625,-11.522858619689941,-1.9369210004806519,-0.15567104518413544,5.0,5
3265,-15.180337905883789,-15.242837905883789,-9.422525405883789,-0.26627516746520996,-1.45377516746521,4.0,4
3266,-14.3308687210083,-14.8308687210083,-10.1433687210083,-0.9168063998222351,-0.5105563998222351,3.0,5
3267,-15.038984298706055,-14.038984298706055,-6.953047275543213,-0.031172236427664757,-3.515547275543213,2.0,4
3268,-14.441271781921387,-15.214709281921387,-11.261584281921387,-2.0584592819213867,-0.1365843564271927,5.0,5
3269,-13.637348175048828,-6.207660675048828,-0.004535506945103407,-5.988910675048828,-14.027973175048828,3.0,3
3270,-17.469127655029297,-17.234752655029297,-10.422253608703613,-0.0003781795676331967,-7.969128131866455,1.0,4
3271,-10.689229011535645,-4.611104488372803,-0.2517293393611908,-1.5486043691635132,-10.540791511535645,4.0,3
3272,-11.743049621582031,-12.930549621582031,-10.953987121582031,-7.094611644744873,-0.0008617501589469612,4.0,5
3273,-14.734684944152832,-14.625309944152832,-8.609684944152832,-0.34406039118766785,-1.2346854209899902,4.0,4
3274,-14.60285472869873,-14.91535472869873,-8.99347972869873,-0.2591044008731842,-1.4778543710708618,3.0,4
3275,-15.189497947692871,-15.564497947692871,-10.158247947692871,-0.3769983947277069,-1.1582484245300293,5.0,4
3276,-16.016103744506836,-15.484853744506836,-9.391103744506836,-0.03172915056347847,-3.469229221343994,4.0,4
3277,-14.14859676361084,-13.37515926361084,-7.203284740447998,-0.15640953183174133,-1.937659502029419,4.0,4
3278,-14.053698539733887,-7.741198539733887,-1.1161986589431763,-0.39744865894317627,-12.100573539733887,1.0,4
3279,-14.57170295715332,-14.98576545715332,-11.14982795715332,-2.7826404571533203,-0.0638904944062233,4.0,5
3280,-14.698790550231934,-14.526915550231934,-8.894103050231934,-0.06597821414470673,-2.7534782886505127,4.0,4
3281,-14.736557960510254,-14.830307960510254,-9.056870460510254,-0.025620827451348305,-3.681870937347412,3.0,4
3282,-6.508068561553955,-1.476818561553955,-0.2893185317516327,-3.851818561553955,-9.469005584716797,2.0,3
3283,-7.061832904815674,-0.9212077260017395,-0.5149577260017395,-5.639957904815674,-12.054019927978516,5.0,3
3284,-15.322643280029297,-15.166393280029297,-8.877330780029297,-0.002330684568732977,-6.127330780029297,4.0,4
3285,-12.914846420288086,-12.235158920288086,-5.274220943450928,-0.03984609991312027,-3.383596181869507,4.0,4
3286,-15.737003326416016,-15.041690826416016,-8.713565826416016,-0.026065867394208908,-3.6666908264160156,2.0,4
3287,-14.366150856018066,-7.084900856018066,-0.0067757368087768555,-5.131775856018066,-14.069275856018066,3.0,3
3288,-12.834328651428223,-4.0765156745910645,-0.029640713706612587,-4.4046406745910645,-13.724953651428223,5.0,3
3289,-16.8618106842041,-14.478999137878418,-4.58837366104126,-0.010248890146613121,-10.674311637878418,5.0,4
3290,-16.836214065551758,-15.640902519226074,-8.953402519226074,-0.00027724236133508384,-8.828402519226074,1.0,4
3291,-14.430034637451172,-13.726909637451172,-7.930034637451172,-0.4456595480442047,-1.0237845182418823,5.0,4
3292,-13.027164459228516,-14.527164459228516,-11.792789459228516,-5.597476959228516,-0.0037271573673933744,4.0,5
3293,-11.011509895324707,-11.144322395324707,-8.441197395324707,-3.378697633743286,-0.03494764864444733,5.0,5
3294,-12.332426071166992,-7.832425594329834,-0.5902382135391235,-0.8089882135391235,-9.996488571166992,2.0,3
3295,-14.592550277709961,-13.725362777709961,-7.545675277709961,-0.5300504565238953,-0.8894254565238953,5.0,4
3296,-14.4722261428833,-14.4800386428833,-10.6441011428833,-2.2378506660461426,-0.11285077780485153,5.0,5
3297,-11.376130104064941,-11.837067604064941,-8.969880104064941,-3.0636298656463623,-0.04800484701991081,2.0,5
3298,-15.883981704711914,-15.555856704711914,-8.923044204711914,-0.0011694743297994137,-6.876169681549072,2.0,4
3299,-16.828441619873047,-16.133129119873047,-8.219066619873047,-0.00031704644788987935,-10.015941619873047,5.0,4
3300,-15.380393028259277,-15.427268028259277,-9.552268028259277,-0.1772678792476654,-1.8178929090499878,3.0,4
3301,-17.024887084960938,-17.657699584960938,-11.399887084960938,-0.01707448996603489,-4.0795745849609375,5.0,4
3302,-14.654420852661133,-15.505983352661133,-10.427858352661133,-0.49817097187042236,-0.9356709718704224,2.0,4
3303,-5.543769836425781,-0.0750197321176529,-2.6843948364257812,-9.254707336425781,-14.418769836425781,1.0,2
3304,-14.459796905517578,-14.983234405517578,-10.334796905517578,-0.8347968459129333,-0.5691718459129333,3.0,5
3305,-15.12406063079834,-15.27249813079834,-10.02249813079834,-1.0537481307983398,-0.4287481904029846,2.0,5
3306,-13.59123420715332,-11.83342170715332,-3.9037344455718994,-0.04435935616493225,-3.7631094455718994,3.0,4
3307,-16.38878631591797,-13.201285362243652,-3.8497233390808105,-0.021598251536488533,-9.490347862243652,2.0,4
3308,-14.724932670593262,-8.756182670593262,-0.006182592362165451,-5.115557670593262,-13.670245170593262,3.0,3
3309,-15.786957740783691,-16.029146194458008,-10.146332740783691,-0.16977068781852722,-1.8572707176208496,5.0,4
3310,-16.198789596557617,-16.636289596557617,-10.550352096557617,-0.11285163462162018,-2.237851619720459,1.0,4
3311,-17.208839416503906,-16.185401916503906,-7.833838939666748,-0.005714152939617634,-5.240088939666748,1.0,4
3312,-16.201988220214844,-17.256675720214844,-11.576988220214844,-0.22542594373226166,-1.6004259586334229,1.0,4
3313,-15.887960433959961,-16.05202293395996,-9.645772933959961,-0.036397624760866165,-3.333272695541382,1.0,4
3314,-16.91240119934082,-16.17802619934082,-8.97490119934082,-0.006151077803224325,-5.11552619934082,1.0,4
3315,-0.0009628665866330266,-6.969712734222412,-11.52440071105957,-13.39940071105957,-12.80565071105957,1.0,1
3316,-13.726977348327637,-12.953539848327637,-8.422289848327637,-0.0004146431456319988,-8.578539848327637,4.0,4
3317,-14.692791938781738,-15.630291938781738,-10.895916938781738,-0.18497921526432037,-1.7787292003631592,4.0,4
3318,-13.943037033081055,-13.443037033081055,-8.247724533081055,-0.18522459268569946,-1.7789745330810547,2.0,4
3319,-15.745865821838379,-12.534928321838379,-2.8708655834198,-0.058365680277347565,-10.370865821838379,2.0,4
3320,-13.945586204528809,-15.015898704528809,-11.094023704528809,-3.0783987045288086,-0.047148678451776505,2.0,5
3321,-15.170480728149414,-15.631418228149414,-10.334543228149414,-0.39704352617263794,-1.1157934665679932,2.0,4
3322,-14.397632598876953,-9.085132598876953,-1.1476329565048218,-0.38200798630714417,-12.350757598876953,2.0,4
3323,-9.877542495727539,-10.900979995727539,-7.455667495727539,-3.424417495727539,-0.033792492002248764,4.0,5
3324,-16.309396743774414,-14.012521743774414,-4.387521266937256,-0.012521344237029552,-11.723459243774414,5.0,4
3325,-14.88172721862793,-14.11610221862793,-6.75672721862793,-0.05360240861773491,-2.975477457046509,4.0,4
3326,-16.12704849243164,-11.181735038757324,-1.5879851579666138,-0.22861020267009735,-12.252047538757324,2.0,4
3327,-5.9077558517456055,-0.017130741849541664,-4.2515058517456055,-10.876505851745605,-14.899943351745605,2.0,2
3328,-0.000196556793525815,-8.57832145690918,-12.68769645690918,-14.25800895690918,-13.25019645690918,2.0,1
3329,-0.006658036261796951,-5.02228307723999,-10.397282600402832,-12.928532600402832,-12.866032600402832,2.0,1
3330,-16.79830551147461,-16.74361801147461,-10.15768051147461,-0.0014300844632089138,-6.579555034637451,2.0,4
3331,-16.91788101196289,-11.60538101196289,-0.8085061311721802,-0.5897561311721802,-13.16788101196289,4.0,4
3332,-0.018078314140439034,-4.033703327178955,-8.533702850341797,-11.916515350341797,-13.854015350341797,5.0,1
3333,-15.17475700378418,-15.14350700378418,-9.47163200378418,-0.19038234651088715,-1.7528823614120483,2.0,4
3334,-12.97591781616211,-14.15560531616211,-11.02279281616211,-4.944668292999268,-0.007168170064687729,2.0,5
3335,-15.062206268310547,-16.155956268310547,-11.218456268310547,-0.523143470287323,-0.898143470287323,4.0,4
3336,-14.321968078613281,-15.439155578613281,-12.657905578613281,-6.407905578613281,-0.001655637752264738,4.0,5
3337,-14.328664779663086,-13.883352279663086,-8.375539779663086,-0.7661644220352173,-0.6255394220352173,4.0,5
3338,-15.087610244750977,-14.861047744750977,-8.845422744750977,-0.0016731324139982462,-6.486048221588135,2.0,4
3339,-13.392349243164062,-14.126724243164062,-10.884536743164062,-4.0642242431640625,-0.017349382862448692,1.0,5
3340,-13.11156940460205,-13.31469440460205,-8.90844440460205,-2.017819404602051,-0.14281946420669556,2.0,5
3341,-11.535386085510254,-12.652573585510254,-10.105698585510254,-5.504136562347412,-0.004136340692639351,5.0,5
3342,-14.477346420288086,-15.016408920288086,-11.305471420288086,-3.242971897125244,-0.039846789091825485,3.0,5
3343,-4.262814521789551,-0.9346897006034851,-0.5596897006034851,-3.85656476020813,-8.11437702178955,3.0,3
3344,-13.662618637084961,-14.904806137084961,-11.350118637084961,-4.264180660247803,-0.014180726371705532,5.0,5
3345,-14.034284591674805,-14.276472091674805,-10.518659591674805,-2.4639720916748047,-0.0889720618724823,5.0,5
3346,-6.517231464385986,-0.001606484642252326,-8.985981941223145,-13.603169441223145,-16.900043487548828,3.0,2
3347,-6.147464752197266,-0.006839673034846783,-5.366214752197266,-12.428714752197266,-16.452152252197266,1.0,2
3348,-14.618629455566406,-15.103004455566406,-10.423316955566406,-1.0639418363571167,-0.4233168661594391,4.0,5
3349,-16.110130310058594,-15.633566856384277,-9.680441856384277,-0.07106728106737137,-2.6804423332214355,3.0,4
3350,-0.025589222088456154,-3.6818392276763916,-9.463088989257812,-12.322463989257812,-13.361526489257812,2.0,1
3351,-12.297245979309082,-11.336308479309082,-5.086308002471924,-0.0863080844283104,-2.570683002471924,4.0,4
3352,-14.892889976501465,-15.072577476501465,-10.174139976501465,-0.7913276553153992,-0.6038276553153992,5.0,5
3353,-13.930694580078125,-14.586944580078125,-10.547882080078125,-3.063506841659546,-0.04788178578019142,5.0,5
3354,-2.218035936355591,-0.12428604066371918,-4.82741117477417,-10.678973197937012,-13.991473197937012,2.0,2
3355,-11.512925464970229,-11.512925464970229,-11.512925464970229,-11.512925464970229,-11.512925464970229,2.0,-1
3356,-14.50773811340332,-14.84367561340332,-9.49211311340332,-0.9452379941940308,-0.4921129643917084,3.0,5
3357,-13.923065185546875,-4.680877685546875,-0.024627458304166794,-4.196502685546875,-14.673065185546875,5.0,3
3358,-13.240288734436035,-3.544976234436035,-0.029351236298680305,-9.857476234436035,-15.451226234436035,1.0,3
3359,-11.447675704956055,-0.06486351788043976,-2.767988443374634,-12.533613204956055,-16.127363204956055,2.0,2
3360,-16.595430374145508,-16.665742874145508,-10.501680374145508,-0.001680511049926281,-6.407930374145508,1.0,4
3361,-15.909093856811523,-8.526281356811523,-0.04190649837255478,-3.1981565952301025,-13.643468856811523,5.0,3
3362,-15.88956356048584,-15.84268856048584,-9.21768856048584,-0.0458131805062294,-3.1083130836486816,3.0,4
3363,-17.31400489807129,-14.860878944396973,-4.681191444396973,-0.009316658601164818,-12.743691444396973,3.0,4
3364,-13.637436866760254,-14.793686866760254,-10.910874366760254,-3.153061628341675,-0.04368653893470764,5.0,5
3365,-15.332018852233887,-15.910143852233887,-10.363268852233887,-0.417956680059433,-1.0742067098617554,5.0,4
3366,-14.071557998657227,-11.009057998657227,-4.094995498657227,-0.016870323568582535,-9.899682998657227,1.0,4
3367,-0.005942534189671278,-5.130942344665527,-11.490317344665527,-14.216879844665527,-14.935629844665527,1.0,1
3368,-3.4763388633728027,-0.03883890435099602,-4.945088863372803,-9.991964340209961,-13.835714340209961,5.0,2
3369,-17.527345657348633,-15.31640911102295,-5.550784111022949,-0.00390909006819129,-11.27734661102295,3.0,4
3370,-14.10330581665039,-2.7829930782318115,-0.06424304097890854,-7.907992839813232,-15.47049331665039,2.0,3
3371,-12.833794593811035,-10.794732093811035,-3.4587948322296143,-0.052544739097356796,-3.9275448322296143,4.0,4
3372,-17.848596572875977,-15.606409072875977,-5.332971572875977,-0.004846610594540834,-12.786096572875977,5.0,4
3373,-15.344635009765625,-14.000885009765625,-6.039947986602783,-0.00869795773178339,-5.071197986602783,3.0,4
3374,-15.803947448730469,-15.764884948730469,-9.678947448730469,-0.21019704639911652,-1.6633220911026,1.0,4
3375,-13.794734001159668,-14.661921501159668,-11.466609001159668,-5.177546501159668,-0.0056714811362326145,4.0,5
3376,-14.084943771362305,-14.397443771362305,-10.686506271362305,-3.2880687713623047,-0.03806884214282036,2.0,5
3377,-11.512925464970229,-11.512925464970229,-11.512925464970229,-11.512925464970229,-11.512925464970229,2.0,-1
3378,-14.781800270080566,-13.656800270080566,-7.344300270080566,-0.28180035948753357,-1.406800389289856,2.0,4
3379,-0.6186128258705139,-0.7748628258705139,-7.556112766265869,-11.493613243103027,-14.071738243103027,1.0,1
3380,-15.503194808959961,-14.042257308959961,-5.886007308959961,-0.011007302440702915,-4.807882308959961,2.0,4
3381,-15.283768653869629,-15.838456153869629,-10.752518653869629,-0.11970633268356323,-2.182206392288208,3.0,4
3382,-4.770690441131592,-0.02069055661559105,-4.426940441131592,-10.01287841796875,-14.09100341796875,2.0,2
3383,-13.966386795043945,-14.075761795043945,-8.497636795043945,-0.23201200366020203,-1.5757620334625244,4.0,4
3384,-13.430150032043457,-11.508275032043457,-5.305149555206299,-0.008274558931589127,-5.727024555206299,4.0,4
3385,-14.98204231262207,-14.63829231262207,-8.48204231262207,-0.18516744673252106,-1.7789174318313599,4.0,4
3386,-0.005710122641175985,-5.177585124969482,-10.021334648132324,-12.724459648132324,-14.326022148132324,3.0,1
3387,-14.56612777709961,-5.667690277099609,-0.04269040375947952,-3.2614405155181885,-14.29269027709961,2.0,3
3388,-16.11908721923828,-15.767523765563965,-9.376898765563965,-0.001898868940770626,-6.314398765563965,5.0,4
3389,-14.904495239257812,-8.177932739257812,-0.6779324412345886,-0.7091824412345886,-12.482620239257812,5.0,3
3390,-14.544772148132324,-13.568209648132324,-6.544772624969482,-0.12289752066135406,-2.1697726249694824,1.0,4
3391,-15.954280853271484,-15.649593353271484,-9.446468353271484,-0.008968782611191273,-4.727718830108643,5.0,4
3392,-14.443624496459961,-14.951436996459961,-10.865499496459961,-1.7014368772506714,-0.20143692195415497,5.0,5
3393,-15.530102729797363,-15.092602729797363,-8.209790229797363,-0.06916561722755432,-2.7097907066345215,3.0,4
3394,-14.901053428649902,-14.151053428649902,-8.158865928649902,-0.0026154855731874704,-6.065115451812744,2.0,4
3395,-14.593981742858887,-14.539294242858887,-9.172106742858887,-0.34398216009140015,-1.234607219696045,4.0,4
3396,-13.736250877380371,-15.322188377380371,-12.642500877380371,-6.283125400543213,-0.0018754289485514164,4.0,5
3397,-15.669095993041992,-15.973783493041992,-9.864408493041992,-0.09878312051296234,-2.364408016204834,4.0,4
3398,-6.485988140106201,-0.0016132686287164688,-9.37661361694336,-14.05630111694336,-16.99380111694336,4.0,2
3399,-15.307822227478027,-12.253134727478027,-3.6515724658966064,-0.026572583243250847,-8.245322227478027,4.0,4
3400,-8.97774887084961,-6.016811370849609,-4.829311370849609,-0.01681136153638363,-6.766811370849609,4.0,4
3401,-15.918436050415039,-16.28562355041504,-10.473123550415039,-0.09031065553426743,-2.449685573577881,4.0,4
3402,-14.300701141357422,-13.167888641357422,-6.746013641357422,-0.18351367115974426,-1.7928886413574219,1.0,4
3403,-14.289325714111328,-13.390888214111328,-6.023701190948486,-0.0862010195851326,-2.5237009525299072,1.0,4
3404,-11.73548698425293,-13.03236198425293,-11.04798698425293,-6.8292365074157715,-0.0011116046225652099,4.0,5
3405,-14.082467079162598,-14.207467079162598,-9.238717079162598,-0.26996710896492004,-1.4418420791625977,4.0,4
3406,-10.064093589782715,-6.196905612945557,-0.712530791759491,-0.681280791759491,-6.493780612945557,2.0,4
3407,-14.303916931152344,-14.975791931152344,-10.397666931152344,-1.6632919311523438,-0.21016690135002136,2.0,5
3408,-10.910534858703613,-1.676160216331482,-0.20741021633148193,-8.519909858703613,-14.316784858703613,2.0,3
3409,-16.790658950805664,-16.064096450805664,-8.610971450805664,-0.0015966061037033796,-6.564096450805664,3.0,4
3410,-15.169639587402344,-14.091514587402344,-6.935264587402344,-0.044639505445957184,-3.1540145874023438,3.0,4
3411,-14.682811737060547,-15.464061737060547,-10.534374237060547,-0.362499475479126,-1.190624475479126,4.0,4
3412,-16.330297470092773,-14.236546516418457,-4.619359016418457,-0.009984076954424381,-9.580296516418457,5.0,4
3413,-14.9597806930542,-15.6316556930542,-10.7800931930542,-0.8347808122634888,-0.5691558122634888,5.0,5
3414,-6.3147807121276855,-0.0022807319182902575,-7.6741557121276855,-13.283531188964844,-16.072593688964844,1.0,2
3415,-16.33458137512207,-13.904892921447754,-5.115830421447754,-0.006455520633608103,-7.756455421447754,4.0,4
3416,-14.007323265075684,-13.905760765075684,-8.671385765075684,-0.6401355862617493,-0.7495105862617493,4.0,4
3417,-15.168259620666504,-14.605759620666504,-8.957322120666504,-0.20732176303863525,-1.6760717630386353,4.0,4
3418,-5.846822738647461,-0.0030728999990969896,-8.643697738647461,-13.932760238647461,-16.83901023864746,1.0,2
3419,-16.572378158569336,-12.19737720489502,-2.0176899433135986,-0.14268997311592102,-11.84581470489502,2.0,4
3420,-17.094430923461914,-17.633493423461914,-11.656929969787598,-0.008492663502693176,-4.774117469787598,1.0,4
3421,-4.232298374176025,-0.21667353808879852,-1.732298493385315,-5.685423374176025,-12.482298851013184,4.0,2
3422,-15.870989799499512,-13.660052299499512,-5.988177299499512,-0.003802452003583312,-6.660052299499512,4.0,4
3423,-8.46144962310791,-0.27394965291023254,-1.4301996231079102,-8.78957462310791,-14.37551212310791,3.0,2
3424,-15.852452278137207,-15.977452278137207,-10.375889778137207,-0.0008895016508176923,-7.063389301300049,4.0,4
3425,-7.441768646240234,-1.9105186462402344,-0.2386436015367508,-2.7542686462402344,-10.027706146240234,4.0,3
3426,-11.512925464970229,-11.512925464970229,-11.512925464970229,-11.512925464970229,-11.512925464970229,1.0,-1
3427,-17.31601905822754,-12.636331558227539,-1.00351881980896,-0.45664387941360474,-13.800394058227539,3.0,4
3428,-13.603838920593262,-14.174151420593262,-10.533526420593262,-4.0335259437561035,-0.017901049926877022,5.0,5
3429,-14.118376731872559,-7.2668137550354,-0.0011887634173035622,-7.6261887550354,-14.719939231872559,1.0,3
3430,-12.706193923950195,-3.9093189239501953,-0.09681901335716248,-2.6280689239501953,-13.823381423950195,1.0,3
3431,-0.1336807906627655,-2.086805820465088,-6.899305820465088,-10.71180534362793,-12.36805534362793,2.0,1
3432,-13.796112060546875,-15.061737060546875,-11.585174560546875,-4.960175037384033,-0.0070499237626791,5.0,5
3433,-15.220592498779297,-14.267467498779297,-8.236217498779297,-0.0018424693262204528,-6.454967498779297,4.0,4
3434,-14.636273384094238,-15.136273384094238,-10.073773384094238,-1.2456483840942383,-0.33939844369888306,2.0,5
3435,-13.72511100769043,-13.84229850769043,-8.42823600769043,-0.7251112461090088,-0.6626112461090088,5.0,5
3436,-17.545921325683594,-14.663108825683594,-4.991234302520752,-0.006859090179204941,-10.241233825683594,5.0,4
3437,-13.574285507202148,-14.316473007202148,-8.472723007202148,-0.2852233350276947,-1.394598364830017,2.0,4
3438,-15.866060256958008,-15.209810256958008,-8.014497756958008,-0.014498126693069935,-4.264498233795166,1.0,4
3439,-14.175037384033203,-8.706287384033203,-0.8000378012657166,-0.5969128012657166,-11.917224884033203,5.0,4
3440,-10.766918182373047,-11.087230682373047,-8.204418182373047,-3.063793182373047,-0.048168107867240906,5.0,5
3441,-14.247584342956543,-13.794459342956543,-6.567896842956543,-0.021021656692028046,-3.942896604537964,5.0,4
3442,-18.18915557861328,-16.32196807861328,-6.407905578613281,-0.0016553997993469238,-12.361030578613281,3.0,4
3443,-14.03048324584961,-15.34298324584961,-11.84298324584961,-4.960171222686768,-0.007046017330139875,1.0,5
3444,-15.480592727661133,-15.668092727661133,-10.089967727661133,-0.01965498924255371,-3.9415299892425537,4.0,4
3445,-16.01604652404785,-15.453546524047852,-8.031671524047852,-0.0004219118563923985,-9.266046524047852,4.0,4
3446,-14.853607177734375,-15.416107177734375,-10.978607177734375,-1.587981939315796,-0.22860698401927948,1.0,5
3447,-13.48869800567627,-13.81682300567627,-10.48869800567627,-3.9261982440948486,-0.019948219880461693,4.0,5
3448,-13.721014022827148,-14.892889022827148,-11.971014022827148,-6.096014022827148,-0.002264199312776327,2.0,5
3449,-14.451045989990234,-14.380733489990234,-9.201045989990234,-0.8260456323623657,-0.5760456323623657,2.0,5
3450,-10.13073444366455,-0.16979674994945526,-1.8572967052459717,-10.53698444366455,-15.14635944366455,1.0,2
3451,-15.145145416259766,-15.012332916259766,-9.027957916259766,-0.3092082440853119,-1.3248332738876343,1.0,4
3452,-15.54852294921875,-16.82196044921875,-13.24383544921875,-4.66571044921875,-0.00946061685681343,5.0,5
3453,-12.910501480102539,-12.074563980102539,-7.004251480102539,-0.004251370672136545,-5.707376480102539,5.0,4
3454,-14.715089797973633,-16.004152297973633,-12.019777297973633,-2.0041520595550537,-0.1447770595550537,2.0,5
3455,-14.832077980041504,-14.636765480041504,-10.058640480041504,-1.4180151224136353,-0.27739009261131287,4.0,5
3456,-14.129902839660645,-15.395527839660645,-11.825215339660645,-4.372090816497803,-0.012715808115899563,4.0,5
3457,-14.289533615112305,-15.437971115112305,-12.711408615112305,-7.672346115112305,-0.00047100416850298643,2.0,5
3458,-13.117382049560547,-1.2345699071884155,-0.34394487738609314,-9.593944549560547,-15.304882049560547,2.0,3
3459,-16.96401596069336,-14.91714096069336,-5.799953460693359,-0.003078485606238246,-10.03432846069336,5.0,4
3460,-15.636357307434082,-14.964482307434082,-9.144169807434082,-0.003545072628185153,-5.67542028427124,3.0,4
3461,-7.4788432121276855,-0.10384342819452286,-2.3225934505462646,-9.994468688964844,-14.861656188964844,5.0,2
3462,-12.980000495910645,-13.745625495910645,-10.065937995910645,-3.9721875190734863,-0.01906253583729267,3.0,5
3463,-16.375001907348633,-17.554689407348633,-14.710938453674316,-14.421875953674316,-1.0728830375228426e-06,4.0,5
3464,-14.374510765075684,-14.374510765075684,-9.843260765075684,-0.022948402911424637,-3.7885735034942627,5.0,4
3465,-14.677931785583496,-13.732619285583496,-7.763868808746338,-0.5763689279556274,-0.8263689279556274,5.0,4
3466,-17.305057525634766,-16.086307525634766,-7.953495502471924,-0.00037055302527733147,-10.969120979309082,1.0,4
3467,-14.431605339050293,-14.650355339050293,-10.400355339050293,-0.03316823020577431,-3.423793315887451,5.0,4
3468,-14.473435401916504,-14.489060401916504,-8.559372901916504,-0.4343724548816681,-1.0437474250793457,5.0,4
3469,-14.588269233703613,-13.955456733703613,-8.103894233703613,-0.22889414429664612,-1.5882691144943237,4.0,4
3470,-17.375986099243164,-13.891611099243164,-3.063485860824585,-0.0478607639670372,-12.344736099243164,1.0,4
3471,-11.512925464970229,-11.512925464970229,-11.512925464970229,-11.512925464970229,-11.512925464970229,2.0,-1
3472,-13.814237594604492,-15.017362594604492,-12.103300094604492,-6.361112117767334,-0.0017372767906636,5.0,5
3473,-14.86916732788086,-15.33791732788086,-10.66604232788086,-1.1582293510437012,-0.37697941064834595,4.0,5
3474,-11.496060371398926,-2.7851226329803467,-0.06637252867221832,-6.003872394561768,-13.761685371398926,2.0,3
3475,-13.343911170959473,-5.351723670959473,-0.0548485666513443,-3.0235986709594727,-13.476723670959473,2.0,3
3476,-15.955470085144043,-15.752345085144043,-9.002345085144043,-0.002345313085243106,-6.111720085144043,4.0,4
3477,-17.22463607788086,-10.529324531555176,-0.029324263334274292,-3.5449492931365967,-14.841824531555176,3.0,3
3478,-14.669963836669922,-15.584026336669922,-11.849651336669922,-3.849651575088501,-0.021526500582695007,2.0,5
3479,-16.079187393188477,-14.59481143951416,-6.88387393951416,-0.008874144405126572,-4.85262393951416,5.0,4
3480,-14.540900230407715,-14.439337730407715,-10.064337730407715,-2.251837730407715,-0.11121272295713425,3.0,5
3481,-14.875164031982422,-14.961101531982422,-9.195476531982422,-0.17985181510448456,-1.804851770401001,5.0,4
3482,-17.015817642211914,-16.023630142211914,-8.890816688537598,-0.00019178935326635838,-9.859566688537598,4.0,4
3483,-15.270898818969727,-15.708398818969727,-10.395898818969727,-0.23183608055114746,-1.5755860805511475,3.0,4
3484,-16.594356536865234,-16.524044036865234,-9.938106536865234,-0.0006063529872335494,-7.500606536865234,4.0,4
3485,-17.20012664794922,-14.754813194274902,-5.364188194274902,-0.004813393112272024,-9.051688194274902,4.0,4
3486,-0.002538912231102586,-5.986913681030273,-11.018163681030273,-13.408788681030273,-13.549413681030273,3.0,1
3487,-0.0005459486856125295,-7.531795978546143,-11.953670501708984,-14.023983001708984,-14.242733001708984,2.0,1
3488,-14.193626403808594,-15.209251403808594,-10.888938903808594,-1.701438546180725,-0.20143857598304749,5.0,5
3489,-8.485336303710938,-0.21971169114112854,-1.6259616613388062,-8.063461303710938,-13.915023803710938,4.0,2
3490,-16.599218368530273,-10.310155868530273,-0.25546789169311523,-1.4898428916931152,-13.888280868530273,3.0,3
3491,-12.976400375366211,-3.773275136947632,-0.023275146260857582,-10.570150375366211,-15.085775375366211,3.0,3
3492,-17.938264846801758,-16.719514846801758,-7.688265323638916,-0.0007655074005015194,-8.094515800476074,5.0,4
3493,-17.691287994384766,-12.714726448059082,-0.2928510308265686,-1.3709759712219238,-13.808476448059082,2.0,3
3494,-18.582677841186523,-16.410802841186523,-5.395178318023682,-0.004553544335067272,-12.80142879486084,5.0,4
3495,-13.448512077331543,-3.745387554168701,-0.026637472212314606,-5.932887554168701,-14.456324577331543,4.0,3
3496,-17.106260299682617,-15.2625093460083,-5.364072322845459,-0.004697122145444155,-13.6765718460083,5.0,4
3497,-15.06222152709961,-15.09347152709961,-10.42940902709961,-0.5231587290763855,-0.8981587290763855,3.0,4
3498,-14.85550594329834,-16.316444396972656,-12.79300594329834,-3.168006181716919,-0.04300619289278984,4.0,5
3499,-17.828170776367188,-17.171920776367188,-10.515670776367188,-4.577531944960356e-05,-10.968795776367188,2.0,4
3500,-17.937902450561523,-18.359777450561523,-12.87540340423584,-0.0004029654082842171,-7.828527927398682,5.0,4
3501,-17.665546417236328,-15.735859870910645,-6.517109394073486,-0.0014844838296994567,-12.884297370910645,5.0,4
3502,-17.663991928100586,-14.523366928100586,-4.171804428100586,-0.015554538927972317,-12.648366928100586,4.0,4
3503,-17.306066513061523,-14.85294246673584,-2.78262996673584,-0.06387987732887268,-13.04044246673584,3.0,4
3504,-18.070383071899414,-17.203195571899414,-10.79694652557373,-7.116541382856667e-05,-9.93757152557373,5.0,4
3505,-17.28366470336914,-14.252413749694824,-4.588351726531982,-0.010226706974208355,-13.080538749694824,2.0,4
3506,-7.849077224731445,-0.020952433347702026,-3.8959524631500244,-11.060014724731445,-14.942827224731445,2.0,2
3507,-13.520630836486816,-4.372193336486816,-0.012818205170333385,-9.122193336486816,-14.692505836486816,3.0,3
3508,-14.518519401550293,-14.987269401550293,-10.760706901550293,-1.5263320207595825,-0.24508197605609894,4.0,5
3509,-16.21195411682129,-8.844766616821289,-0.0010162194957956672,-7.047891139984131,-14.868204116821289,3.0,3
3510,-13.540792465209961,-3.517354965209961,-0.03298000991344452,-5.892354965209961,-14.587667465209961,2.0,3
3511,-3.850402355194092,-0.022277461364865303,-7.194152355194092,-12.38165283203125,-15.27227783203125,2.0,2
3512,-15.576033592224121,-15.294783592224121,-9.896346092224121,-0.16978366672992706,-1.8572837114334106,4.0,4
3513,-17.563196182250977,-14.750696182250977,-4.774133682250977,-0.008508620783686638,-10.735071182250977,4.0,4
3514,-16.512298583984375,-14.723237037658691,-5.473236560821533,-0.004486732184886932,-8.191987037658691,2.0,4
3515,-17.204639434814453,-12.19682788848877,-0.35307765007019043,-1.2124526500701904,-14.22026538848877,3.0,3
3516,-14.595797538757324,-15.103610038757324,-10.853610038757324,-1.5879848003387451,-0.22860974073410034,4.0,5
3517,-16.531431198120117,-15.773618698120117,-9.640806198120117,-0.00018165845540352166,-9.078306198120117,2.0,4
3518,-17.68768882751465,-16.72675132751465,-8.687688827514648,-0.00018857131362892687,-10.937688827514648,4.0,4
3519,-17.440887451171875,-15.011198997497559,-5.690886497497559,-0.0033865978475660086,-13.440886497497559,3.0,4
3520,-16.57591438293457,-16.19310188293457,-10.23997688293457,-0.021226845681667328,-3.8649768829345703,4.0,4
3521,-17.469064712524414,-17.875314712524414,-12.64094066619873,-0.00031549722189083695,-8.07844066619873,4.0,4
3522,-16.073244094848633,-5.846681118011475,-0.0029309908859431744,-10.221680641174316,-15.940430641174316,2.0,3
3523,-17.4169921875,-13.7138671875,-3.393554449081421,-0.03417942300438881,-12.7373046875,3.0,4
3524,-17.029796600341797,-17.725109100341797,-12.21729564666748,-0.061045944690704346,-2.8266708850860596,4.0,4
3525,-12.314087867736816,-0.4625253975391388,-0.9937753677368164,-8.993775367736816,-14.626587867736816,2.0,2
3526,-15.45009994506836,-12.03603744506836,-2.9891626834869385,-0.05166279152035713,-11.38759994506836,3.0,4
3527,-18.07040023803711,-16.71102523803711,-9.687588691711426,-8.868777513271198e-05,-10.562588691711426,3.0,4
3528,-13.893491744995117,-12.237241744995117,-5.909116744995117,-0.002866566414013505,-8.909116744995117,4.0,4
3529,-0.0030525776091963053,-5.799927711486816,-11.198365211486816,-13.776490211486816,-13.713990211486816,3.0,1
3530,-0.0010302717564627528,-6.891655445098877,-11.891654968261719,-14.274467468261719,-14.016654968261719,2.0,1
3531,-0.08323933184146881,-2.6769893169403076,-4.801989555358887,-6.583239555358887,-6.872302055358887,3.0,1
3532,-16.3861026763916,-16.9876651763916,-11.628290176391602,-0.0032900036312639713,-5.722040176391602,5.0,4
3533,-0.0641821101307869,-3.0485570430755615,-4.564182281494141,-6.368869781494141,-6.532932281494141,3.0,1
3534,-5.893570423126221,-0.0029456105548888445,-8.627945899963379,-13.331070899963379,-15.776383399963379,2.0,2
3535,-16.11308479309082,-13.152146339416504,-4.480271339416504,-0.011521468870341778,-9.042771339416504,1.0,4
3536,-15.844934463500977,-16.290246963500977,-10.837121963500977,-0.20430932939052582,-1.688684344291687,4.0,4
3537,-15.594630241394043,-15.000880241394043,-9.110255241394043,-0.07900486141443253,-2.5790047645568848,5.0,4
3538,-9.930785179138184,-0.055784981697797775,-2.9151599407196045,-11.352660179138184,-15.563597679138184,5.0,2
3539,-11.05978012084961,-0.005092388018965721,-5.286342620849609,-13.52071762084961,-16.69259262084961,3.0,2
3540,-16.486162185668945,-10.915850639343262,-0.07210055738687515,-2.6658506393432617,-13.501788139343262,4.0,3
3541,-14.74706745147705,-3.34863018989563,-0.03613010421395302,-7.958004951477051,-14.66894245147705,2.0,3
3542,-8.014436721801758,-0.07693657279014587,-2.6081864833831787,-9.897249221801758,-15.444124221801758,4.0,2
3543,-14.19664478302002,-3.4700822830200195,-0.03258223086595535,-6.9700822830200195,-15.34508228302002,4.0,3
3544,-16.046825408935547,-16.054637908935547,-10.187450408935547,-0.031200777739286423,-3.484325885772705,4.0,4
3545,-11.6844482421875,-0.5360103249549866,-0.8797603249549866,-10.4578857421875,-15.7078857421875,4.0,2
3546,-17.209877014160156,-14.069252967834473,-0.6473776698112488,-0.7411276698112488,-13.717690467834473,3.0,3
3547,-18.086105346679688,-17.297042846679688,-9.953292846679688,-0.00016807096835691482,-9.047042846679688,3.0,4
3548,-15.862245559692383,-16.674745559692383,-11.776308059692383,-0.07318352162837982,-2.651308536529541,5.0,4
3549,-14.70303726196289,-14.92178726196289,-9.72647476196289,-0.4920996427536011,-0.9452246427536011,3.0,4
3550,-13.039612770080566,-2.7974250316619873,-0.06305006891489029,-8.938050270080566,-14.500550270080566,5.0,3
3551,-10.17481803894043,-0.0029428766574710608,-5.84669303894043,-11.62013053894043,-15.84669303894043,2.0,2
3552,-15.116171836853027,-8.756796836853027,-0.5692967176437378,-0.8349217176437378,-13.413046836853027,5.0,3
3553,-10.710943222045898,-0.5234435796737671,-0.8984435796737671,-8.148443222045898,-14.359380722045898,3.0,2
3554,-14.713232040405273,-16.142919540405273,-12.861669540405273,-6.080419540405273,-0.0022947664838284254,1.0,5
3555,-14.28527545928955,-14.24621295928955,-9.88683795928955,-2.6368377208709717,-0.07433769106864929,1.0,5
3556,-15.573311805725098,-16.315500259399414,-11.354561805725098,-0.7998745441436768,-0.5967495441436768,5.0,5
3557,-0.5299044847488403,-0.8892794847488403,-7.920529365539551,-11.70177936553955,-13.81115436553955,1.0,1
3558,-16.59552764892578,-17.33771514892578,-11.923653602600098,-0.07209068536758423,-2.6658406257629395,3.0,4
3559,-16.957674026489258,-17.473299026489258,-11.301424026489258,-0.035798680037260056,-3.3482987880706787,4.0,4
3560,-17.12787437438965,-14.252873420715332,-3.651311159133911,-0.026311244815587997,-12.338810920715332,3.0,4
3561,-15.891138076782227,-14.805200576782227,-7.875513076782227,-0.0005131834768690169,-8.969263076782227,2.0,4
3562,-6.801299571990967,-0.0512995570898056,-3.020049571990967,-9.332549095153809,-14.129424095153809,1.0,2
3563,-14.70531940460205,-4.049068927764893,-0.017818963155150414,-8.42406940460205,-14.84594440460205,5.0,3
3564,-17.091379165649414,-14.37263011932373,-5.224192142486572,-0.005442208144813776,-10.63825511932373,5.0,4
3565,-0.0006699701189063489,-7.328794956207275,-11.711607933044434,-13.774107933044434,-14.227232933044434,1.0,1
3566,-16.797834396362305,-15.344709396362305,-6.9697089195251465,-0.0009590555564500391,-11.188459396362305,4.0,4
3567,-18.44428253173828,-12.030219078063965,-0.030219530686736107,-3.514594554901123,-15.202094078063965,4.0,3
3568,-17.461868286132812,-15.180618286132812,-6.9853057861328125,-0.0009307105210609734,-12.969680786132812,5.0,4
3569,-16.47637367248535,-13.804499626159668,-4.882624626159668,-0.007624453864991665,-11.234187126159668,5.0,4
3570,-16.87529945373535,-16.88311195373535,-10.500300407409668,-0.0003002431185450405,-8.219050407409668,5.0,4
3571,-15.8935546875,-16.6123046875,-11.5654296875,-0.034179650247097015,-3.3935546875,5.0,4
3572,-14.24966812133789,-14.09341812133789,-9.21060562133789,-0.007480822503566742,-4.913730621337891,5.0,4
3573,-15.275490760803223,-10.931740760803223,-3.2129909992218018,-0.04111591354012489,-10.603615760803223,1.0,4
3574,-17.951980590820312,-14.889480590820312,-1.600417971611023,-0.22541795670986176,-13.881668090820312,4.0,4
3575,-15.316749572753906,-5.566749572753906,-0.004249709192663431,-7.785499572753906,-15.160499572753906,3.0,3
3576,-16.899890899658203,-10.87645435333252,-0.0014542490243911743,-6.5483293533325195,-15.14989185333252,5.0,3
3577,-3.6676905155181885,-0.027065584436058998,-6.761440753936768,-12.20675277709961,-15.57394027709961,5.0,2
3578,-18.03910255432129,-17.63285255432129,-11.851603507995605,-4.076874756719917e-05,-10.343791007995605,4.0,4
3579,-15.735430717468262,-6.9385552406311035,-0.0010553987231105566,-9.391680717468262,-15.454180717468262,5.0,3
3580,-15.39444351196289,-16.87100601196289,-12.42569351196289,-0.8085057139396667,-0.5897557139396667,4.0,5
3581,-14.558427810668945,-15.394365310668945,-10.870927810668945,-1.1053025722503662,-0.402177631855011,3.0,5
3582,-11.512925464970229,-11.512925464970229,-11.512925464970229,-11.512925464970229,-11.512925464970229,2.0,-1
3583,-13.390682220458984,-12.828182220458984,-8.257869720458984,-0.6328692436218262,-0.7578692436218262,1.0,4
3584,-14.149791717529297,-14.157604217529297,-9.688854217529297,-1.126354455947876,-0.3919794261455536,2.0,5
3585,-15.895236015319824,-13.363986015319824,-5.645235538482666,-0.004610740579664707,-6.848360538482666,1.0,4
3586,-14.99102783203125,-15.86602783203125,-11.34259033203125,-0.5691523551940918,-0.8347773551940918,4.0,4
3587,-11.612496376037598,-0.36249658465385437,-1.1906216144561768,-10.823433876037598,-15.682808876037598,3.0,2
3588,-14.715841293334961,-15.747091293334961,-11.418966293334961,-1.1689664125442505,-0.3720914125442505,4.0,5
3589,-16.779306411743164,-16.966806411743164,-10.45118236541748,-0.005869415123015642,-5.146494388580322,4.0,4
3590,-15.825969696044922,-8.763469696044922,-0.013469647616147995,-4.325969696044922,-14.435344696044922,3.0,3
3591,-10.783624649047852,-3.4633119106292725,-0.10393701493740082,-2.6976869106292725,-12.924249649047852,2.0,3
3592,-15.207531929016113,-16.40284538269043,-12.191906929016113,-1.3247194290161133,-0.30909448862075806,5.0,5
3593,-14.953993797302246,-14.477431297302246,-8.578993797302246,-0.2352439910173416,-1.5633690357208252,3.0,4
3594,-16.95561408996582,-15.479052543640137,-6.033740043640137,-0.0024899214040488005,-9.361865043640137,4.0,4
3595,-17.07077407836914,-16.24264907836914,-8.797335624694824,-0.000460876093711704,-8.094210624694824,4.0,4
3596,-17.828527450561523,-18.312902450561523,-13.109777450561523,-0.0004020121123176068,-7.828526973724365,5.0,4
3597,-15.390636444091797,-15.937511444091797,-10.921886444091797,-0.445323646068573,-1.0234487056732178,4.0,4
3598,-15.663087844848633,-16.577150344848633,-11.889650344848633,-1.0537132024765015,-0.42871323227882385,4.0,5
3599,-15.829719543457031,-13.478157043457031,-4.759407043457031,-0.009407240897417068,-7.150032043457031,3.0,4
3600,-15.272462844848633,-16.678712844848633,-12.639650344848633,-2.209962844848633,-0.11621280014514923,5.0,5
3601,-15.512535095214844,-16.231285095214844,-10.950035095214844,-0.3484721779823303,-1.2234721183776855,4.0,4
3602,-16.32823944091797,-15.218865394592285,-9.187615394592285,-0.00011503035057103261,-11.898552894592285,1.0,4
3603,-9.550607681274414,-0.003732857992872596,-5.613107681274414,-12.964670181274414,-16.292795181274414,2.0,2
3604,-17.180742263793945,-15.586991310119629,-6.876054286956787,-0.0010542079107835889,-10.938553810119629,3.0,4
3605,-16.670000076293945,-17.904375076293945,-12.654374122619629,-0.005936846137046814,-5.130936622619629,2.0,4
3606,-12.584827423095703,-1.6004527807235718,-0.22545278072357178,-10.319202423095703,-14.787952423095703,3.0,3
3607,-16.570695877075195,-8.203508377075195,-0.00038342276820912957,-9.125383377075195,-16.359758377075195,4.0,3
3608,-17.60215187072754,-15.813089370727539,-7.469339370727539,-0.0005895545473322272,-11.070901870727539,4.0,4
3609,-11.707544326782227,-0.004419203847646713,-5.426294326782227,-13.973169326782227,-17.270044326782227,4.0,2
3610,-14.524920463562012,-16.345233917236328,-13.509295463562012,-6.51710844039917,-0.0014834124594926834,4.0,5
3611,-14.911026000976562,-15.989151000976562,-11.989151000976562,-2.9891507625579834,-0.05165068060159683,3.0,5
3612,-17.82827377319336,-18.08608627319336,-12.40639877319336,-0.00014852374442853034,-8.85952377319336,5.0,4
3613,-15.47879409790039,-14.41629409790039,-7.994418621063232,-0.05691874027252197,-2.9006686210632324,3.0,4
3614,-17.6949405670166,-13.234004020690918,-0.06994134187698364,-2.694941282272339,-14.593379020690918,5.0,3
3615,-15.93115520477295,-16.626466751098633,-11.39990520477295,-0.3217800557613373,-1.2905300855636597,3.0,4
3616,-17.7817440032959,-18.1489315032959,-12.297369956970215,-0.000494715350214392,-7.625494480133057,5.0,4
3617,-15.61010456085205,-15.55541706085205,-10.21947956085205,-0.07104252278804779,-2.680417537689209,5.0,4
3618,-6.048759460449219,-0.06438455730676651,-2.8143844604492188,-9.923759460449219,-15.134696960449219,2.0,2
3619,-14.971590042114258,-13.995027542114258,-7.760652542114258,-0.010652347467839718,-4.588777542114258,3.0,4
3620,-14.746271133422852,-15.840021133422852,-11.285333633422852,-1.6759591102600098,-0.20720906555652618,4.0,5
3621,-17.043771743774414,-14.262521743774414,-4.387521743774414,-0.012521814554929733,-11.481271743774414,3.0,4
3622,-10.414485931396484,-0.0863611176609993,-2.4926111698150635,-11.469173431396484,-15.500423431396484,4.0,2
3623,-17.804853439331055,-17.047040939331055,-8.828289985656738,-0.00016509123088326305,-11.047039985656738,4.0,4
3624,-17.006370544433594,-17.951683044433594,-12.584495544433594,-0.05324598401784897,-2.959496021270752,5.0,4
3625,-17.970623016357422,-12.380778312683105,-0.7089036107063293,-0.6776536107063293,-13.685465812683105,4.0,4
3626,-14.188342094421387,-3.7430295944213867,-0.024279633536934853,-8.102404594421387,-15.110217094421387,3.0,3
3627,-15.549973487854004,-14.948410987854004,-8.768723487854004,-0.0030983323231339455,-5.831223487854004,3.0,4
3628,-17.16956901550293,-14.16956901550293,-4.3258185386657715,-0.013318737037479877,-12.81019401550293,4.0,4
3629,-16.935710906982422,-8.716960906982422,-0.029461203143000603,-3.545086145401001,-15.060710906982422,2.0,3
3630,-14.434076309204102,-2.4497017860412598,-0.09032666683197021,-9.996576309204102,-15.465326309204102,4.0,3
3631,-17.97702407836914,-16.43796157836914,-7.687962055206299,-0.0004619484825525433,-13.39889907836914,4.0,4
3632,-15.733880996704102,-15.952630996704102,-10.804193496704102,-0.06200559809803963,-2.8120055198669434,5.0,4
3633,-16.047664642333984,-7.250789165496826,-0.0007893307483755052,-9.453914642333984,-15.914852142333984,3.0,3
3634,-17.12227439880371,-14.645711898803711,-5.286336421966553,-0.0050865765661001205,-11.747274398803711,3.0,4
3635,-12.26594352722168,-11.15656852722168,-0.00031895318534225225,-8.12531852722168,-13.03156852722168,3.0,3
3636,-16.571027755737305,-9.360089302062988,-0.000714523543138057,-7.375714302062988,-15.586651802062988,3.0,3
3637,-17.07573127746582,-13.724169731140137,-3.5601072311401367,-0.028857160359621048,-12.958544731140137,4.0,4
3638,-16.967294692993164,-13.842293739318848,-4.264169216156006,-0.014169090427458286,-12.982918739318848,2.0,4
3639,-16.767091751098633,-16.595216751098633,-10.423340797424316,-0.0014662717003375292,-6.548341274261475,4.0,4
3640,-15.4734468460083,-17.004697799682617,-12.6765718460083,-0.5828219056129456,-0.8171969056129456,4.0,4
3641,-12.193642616271973,-0.013955512084066868,-4.279580593109131,-12.490517616271973,-16.43583106994629,3.0,2
3642,-17.41423797607422,-14.375176429748535,-4.156425952911377,-0.01580110192298889,-11.601738929748535,4.0,4
3643,-15.77588176727295,-6.033694267272949,-0.0024442579597234726,-10.04931926727295,-16.072755813598633,5.0,3
3644,-17.31287384033203,-16.35974884033203,-9.187873840332031,-0.0003741279651876539,-8.219123840332031,4.0,4
3645,-17.947084426879883,-12.384584426879883,-0.07208480685949326,-2.665834903717041,-14.626771926879883,1.0,3
3646,-11.042999267578125,-2.058624267578125,-0.136749267578125,-8.730499267578125,-14.144561767578125,1.0,3
3647,-15.262248039245605,-15.621623039245605,-10.379435539245605,-0.3091231882572174,-1.324748158454895,4.0,4
3648,-17.109527587890625,-16.468902587890625,-9.375153541564941,-0.00015352977789007127,-9.625153541564941,2.0,4
3649,-17.231271743774414,-17.371896743774414,-11.200020790100098,-0.004708749707788229,-5.364083766937256,3.0,4
3650,-16.957834243774414,-14.426584243774414,-5.364083766937256,-0.004708987195044756,-11.700021743774414,4.0,4
3651,-17.105724334716797,-17.199474334716797,-11.004161834716797,-0.004161627031862736,-5.488536834716797,5.0,4
3652,-17.95426368713379,-15.938637733459473,-6.782388210296631,-0.0011381583753973246,-13.219887733459473,5.0,4
3653,-14.967511177062988,-8.490948677062988,-0.053448282182216644,-2.95969820022583,-13.405011177062988,4.0,3
3654,-17.109460830688477,-16.796960830688477,-10.89070987701416,-8.523101132595912e-05,-9.64070987701416,2.0,4
3655,-16.711328506469727,-15.344141006469727,-7.891015529632568,-0.00039057256071828306,-11.344141006469727,5.0,4
3656,-11.512925464970229,-11.512925464970229,-11.512925464970229,-11.512925464970229,-11.512925464970229,4.0,-1
3657,-17.21708106994629,-14.834268569946289,-5.099893569946289,-0.006143494974821806,-10.771768569946289,4.0,4
3658,-12.169768333435059,-1.8572683334350586,-0.16976837813854218,-10.286955833435059,-15.326018333435059,5.0,3
3659,-10.772695541381836,-1.6633204221725464,-0.2101954072713852,-10.116445541381836,-14.272695541381836,1.0,3
3660,-5.493804454803467,-0.02505457028746605,-3.884429454803467,-9.642242431640625,-13.931304931640625,2.0,2
3661,-9.345928192138672,-0.0021782023832201958,-6.174053192138672,-12.478740692138672,-15.861553192138672,2.0,2
3662,-17.075475692749023,-16.645788192749023,-9.63797664642334,-0.012976604513823986,-4.35672664642334,3.0,4
3663,-17.69590950012207,-16.13340950012207,-7.531847953796387,-0.0005977750988677144,-9.750597953796387,4.0,4
3664,-16.894779205322266,-12.44165325164795,-2.0041537284851074,-0.14477869868278503,-12.67602825164795,4.0,4
3665,-18.210142135620117,-11.569518089294434,-0.21014302968978882,-1.6632680892944336,-14.225768089294434,3.0,3
3666,-11.118103981018066,-0.03216605633497238,-3.454041004180908,-10.797791481018066,-15.532166481018066,1.0,2
3667,-17.980552673339844,-14.418052673339844,-3.363365411758423,-0.03524034470319748,-13.207115173339844,4.0,4
3668,-7.1783037185668945,-0.006428633816540241,-5.1783037185668945,-12.193928718566895,-15.662678718566895,3.0,2
3669,-15.774794578552246,-8.595107078552246,-0.0013566347770392895,-6.751356601715088,-15.673232078552246,4.0,3
3670,-18.351606369018555,-17.359418869018555,-10.234417915344238,-4.31528314948082e-05,-11.992230415344238,4.0,4
3671,-17.761371612548828,-15.214495658874512,-5.64418363571167,-0.0035584955476224422,-11.753558158874512,3.0,4
3672,-16.476642608642578,-11.250080108642578,-1.179767370223999,-0.367267370223999,-12.695392608642578,4.0,4
3673,-13.856023788452148,-13.918523788452148,-9.715398788452148,-1.3247742652893066,-0.30914926528930664,1.0,5
3674,-15.618082046508789,-14.657144546508789,-8.235269546508789,-0.0008948612376116216,-7.375895023345947,1.0,4
3675,-14.364815711975098,-15.388253211975098,-11.849190711975098,-2.8413779735565186,-0.06012802571058273,1.0,5
3676,-13.404061317443848,-13.474373817443848,-9.318123817443848,-1.7399990558624268,-0.19312399625778198,5.0,5
3677,-10.439886093139648,-0.0648864209651947,-2.7680113315582275,-11.986761093139648,-15.111761093139648,3.0,2
3678,-13.940957069396973,-3.3784568309783936,-0.03470691666007042,-11.636269569396973,-15.769082069396973,2.0,3
3679,-14.93809700012207,-7.53965950012207,-0.18028442561626434,-1.8052843809127808,-13.05528450012207,2.0,3
3680,-15.415596961975098,-8.392159461975098,-0.001534000039100647,-6.6421589851379395,-14.243721961975098,3.0,3
3681,-16.88962173461914,-9.288060188293457,-0.00680995499715209,-5.006810188293457,-14.928685188293457,1.0,3
3682,-17.6567325592041,-16.2504825592041,-7.65673303604126,-0.00048315772437490523,-11.789546012878418,2.0,4
3683,-16.20304298400879,-17.15616798400879,-12.062417984008789,-0.031168077141046524,-3.484292984008789,4.0,4
3684,-15.318470001220703,-15.693470001220703,-10.943470001220703,-0.4981575012207031,-0.9356575012207031,4.0,4
3685,-16.199663162231445,-12.723100662231445,-2.4496634006500244,-0.09028832614421844,-12.660600662231445,3.0,4
3686,-15.023271560668945,-10.327959060668945,-0.632646918296814,-0.757646918296814,-11.679521560668945,3.0,3
3687,-16.664554595947266,-15.656743049621582,-8.766118049621582,-0.0004928089329041541,-8.016118049621582,4.0,4
3688,-16.276588439941406,-14.768775939941406,-5.800025939941406,-0.003150739474222064,-9.065650939941406,2.0,4
3689,-17.329208374023438,-16.852645874023438,-9.954207420349121,-0.0010826685465872288,-6.876082897186279,3.0,4
3690,-16.97845458984375,-13.79876708984375,-3.42376708984375,-0.03314216807484627,-12.61907958984375,4.0,4
3691,-17.062732696533203,-15.836169242858887,-8.406481742858887,-0.0002320735511602834,-12.101794242858887,4.0,4
3692,-13.46496868133545,-1.9102813005447388,-0.16028128564357758,-9.83215618133545,-15.41028118133545,4.0,3
3693,-11.791677474975586,-11.190114974975586,-6.994801998138428,-0.10417711734771729,-2.3229269981384277,2.0,4
3694,-13.69368839263916,-13.55306339263916,-9.42025089263916,-1.7015008926391602,-0.20150095224380493,2.0,5
3695,-14.268758773803711,-15.815633773803711,-12.698446273803711,-5.768759250640869,-0.0031342213042080402,4.0,5
3696,-13.567137718200684,-13.645262718200684,-10.332762718200684,-3.1530752182006836,-0.043700117617845535,1.0,5
3697,-16.46161651611328,-8.610054969787598,-0.0006797387031838298,-7.610054969787598,-15.742867469787598,3.0,3
3698,-15.798959732055664,-6.267709732055664,-0.0020848223939538,-8.595834732055664,-15.259897232055664,1.0,3
3699,-17.609760284423828,-16.141010284423828,-7.875385761260986,-0.0003856868715956807,-12.789447784423828,4.0,4
3700,-7.6575727462768555,-0.0013228246243670583,-7.0794477462768555,-12.462260246276855,-15.352885246276855,4.0,2
3701,-9.798371315002441,-0.017121482640504837,-4.079621315002441,-12.259308815002441,-16.329622268676758,3.0,2
3702,-17.050722122192383,-14.722597122192383,-5.566347122192383,-0.0038469848223030567,-11.777284622192383,4.0,4
3703,-17.492563247680664,-17.445688247680664,-11.44568920135498,-0.0003766304289456457,-7.9222517013549805,4.0,4
3704,-16.779333114624023,-8.966833114624023,-0.13870838284492493,-2.0449583530426025,-13.927770614624023,4.0,3
3705,-17.640933990478516,-16.508121490478516,-8.125309944152832,-0.000309657771140337,-11.414372444152832,3.0,4
3706,-17.603620529174805,-7.345808029174805,-0.00205781776458025,-6.564558029174805,-15.798933029174805,3.0,3
3707,-16.19580078125,-17.10986328125,-11.85205078125,-0.19580043852329254,-1.7270504236221313,5.0,4
3708,-18.2269287109375,-10.437865257263184,-0.00036542891757562757,-8.000365257263184,-16.3597412109375,4.0,3
3709,-17.743581771850586,-13.954519271850586,-3.227956533432007,-0.04045659303665161,-12.181081771850586,2.0,4
3710,-17.036956787109375,-7.146331787109375,-0.0057069226168096066,-5.318206787109375,-15.122894287109375,3.0,3
3711,-16.74761390686035,-16.34136390686035,-8.950738906860352,-0.013238979503512383,-4.341363906860352,3.0,4
3712,-17.217012405395508,-12.982637405395508,-2.154512882232666,-0.12326285243034363,-13.146699905395508,2.0,4
3713,-3.6238969187252223e-05,-10.625036239624023,-11.718786239624023,-14.085973739624023,-15.687536239624023,2.0,1
3714,-3.8955814838409424,-0.020581373944878578,-10.208081245422363,-14.426831245422363,-16.28620719909668,2.0,2
3715,-0.0009252319578081369,-7.000925064086914,-11.860300064086914,-14.047800064086914,-13.805612564086914,1.0,1
3716,-17.339786529541016,-17.410099029541016,-11.2616605758667,-0.003848528489470482,-5.566348552703857,4.0,4
3717,-13.45306396484375,-3.484313488006592,-0.03118852898478508,-10.43743896484375,-15.43743896484375,3.0,3
3718,-16.2684326171875,-17.2528076171875,-11.9324951171875,-0.17468227446079254,-1.8309322595596313,5.0,4
3719,-16.761056900024414,-16.065744400024414,-9.784493446350098,-0.003243544837459922,-5.753243446350098,4.0,4
3720,-17.454130172729492,-15.493193626403809,-6.938506126403809,-0.0010060969507321715,-10.360381126403809,4.0,4
3721,-17.469921112060547,-12.673046112060547,-1.4777331352233887,-0.25898316502571106,-13.860546112060547,4.0,4
3722,-15.245055198669434,-16.83099365234375,-13.401305198669434,-3.651305675506592,-0.026305556297302246,5.0,5
3723,-16.93497657775879,-13.614665031433105,-3.1381020545959473,-0.04435217007994652,-12.700602531433105,5.0,4
3724,-14.763636589050293,-14.591761589050293,-9.099574089050293,-0.1308237910270691,-2.099573850631714,3.0,4
3725,-0.02027033641934395,-3.910895347595215,-10.270270347595215,-13.106207847595215,-14.051520347595215,3.0,1
3726,-15.418764114379883,-16.442201614379883,-11.723451614379883,-0.5828264951705933,-0.8172014951705933,1.0,4
3727,-14.85265827178955,-9.36047077178955,-0.5557833313941956,-0.8526583313941956,-12.34484577178955,2.0,3
3728,-12.119314193725586,-0.0021266955882310867,-6.158376693725586,-12.939626693725586,-17.314626693725586,3.0,2
3729,-13.225915908813477,-0.7493537068367004,-0.6399787068367004,-10.757165908813477,-16.429040908813477,3.0,3
3730,-16.925029754638672,-16.401592254638672,-9.815654754638672,-0.0187795739620924,-3.9875295162200928,5.0,4
3731,-15.025680541992188,-14.502243041992188,-8.767868041992188,-0.09599281847476959,-2.3928678035736084,2.0,4
3732,-15.088774681091309,-5.95596170425415,-0.002836730098351836,-8.330962181091309,-15.471587181091309,4.0,3
3733,-15.594613075256348,-8.797738075256348,-0.0008631794480606914,-7.250863075256348,-15.078988075256348,5.0,3
3734,-14.95960521697998,-14.35804271697998,-8.45960521697998,-0.14710545539855957,-1.9908554553985596,5.0,4
3735,-0.3486478328704834,-1.2236478328704834,-8.567398071289062,-12.231460571289062,-14.403335571289062,5.0,1
3736,-17.821542739868164,-15.798104286193848,-6.704354763031006,-0.0012297218199819326,-13.751229286193848,4.0,4
3737,-17.486196517944336,-15.853384017944336,-6.314321041107178,-0.001821169862523675,-12.322134017944336,4.0,4
3738,-14.839162826538086,-16.604787826538086,-12.651662826538086,-3.018850564956665,-0.05010044947266579,5.0,5
3739,-17.695419311523438,-17.164169311523438,-9.625105857849121,-0.00010609064338495955,-10.187605857849121,4.0,4
3740,-15.253894805908203,-5.660145282745361,-0.0038950780872255564,-7.816395282745361,-14.550769805908203,4.0,3
3741,-10.829682350158691,-0.3531200885772705,-1.2124950885772705,-10.399994850158691,-15.368744850158691,3.0,2
3742,-17.267841339111328,-15.525654792785645,-6.1584672927856445,-0.0022170981392264366,-9.267842292785645,5.0,4
3743,-17.218223571777344,-10.569786071777344,-0.00728604756295681,-4.929161071777344,-15.038536071777344,2.0,3
3744,-17.03133201599121,-16.67195701599121,-10.328206062316895,-8.141662692651153e-05,-9.968831062316895,3.0,4
3745,-15.263032913208008,-13.700532913208008,-5.28646993637085,-0.005219997372478247,-8.864595413208008,2.0,4
3746,-16.933435440063477,-17.144372940063477,-10.534997940063477,-0.0037480599712580442,-5.597497940063477,4.0,4
3747,-16.813365936279297,-17.360240936279297,-12.00086498260498,-0.0008650851668789983,-7.0633649826049805,3.0,4
3748,-8.823750495910645,-0.026875166222453117,-3.6362502574920654,-11.136250495910645,-15.073750495910645,1.0,2
3749,-15.307761192321777,-14.370261192321777,-7.760885715484619,-0.04213590547442436,-3.1983859539031982,4.0,4
3750,-15.532519340515137,-6.813769340515137,-0.0012693690368905663,-8.688769340515137,-16.259082794189453,5.0,3
3751,-15.62462329864502,-12.22618579864502,-2.5933730602264404,-0.07774810492992401,-11.17931079864502,4.0,4
3752,-16.61971664428711,-14.74471664428711,-6.002529144287109,-0.0025289240293204784,-10.07284164428711,4.0,4
3753,-16.80559539794922,-16.20403289794922,-9.922783851623535,-0.0009086770587600768,-7.063408851623535,3.0,4
3754,-17.593822479248047,-17.515697479248047,-12.078197479248047,-7.235741941258311e-05,-9.640697479248047,5.0,4
3755,-16.11220932006836,-16.33095932006836,-10.495022773742676,-0.1747101992368698,-1.8309601545333862,4.0,4
3756,-13.642020225524902,-13.157645225524902,-8.376395225524902,-0.20451998710632324,-1.6888949871063232,3.0,4
3757,-16.486690521240234,-14.66637897491455,-6.205440998077393,-0.0023161747958511114,-8.14294147491455,4.0,4
3758,-16.391706466674805,-17.118268966674805,-12.219831466674805,-0.008893639780580997,-4.7276434898376465,5.0,4
3759,-0.0002320735511602834,-8.406481742858887,-12.250231742858887,-14.297106742858887,-13.781481742858887,4.0,1
3760,-14.476394653320312,-4.882644176483154,-0.0076443287543952465,-10.210769653320312,-16.242019653320312,2.0,3
3761,-4.641359329223633,-0.016359485685825348,-5.031984329223633,-9.852296829223633,-14.180421829223633,1.0,2
3762,-16.98672103881836,-14.69765853881836,-6.064846515655518,-0.00234650238417089,-11.29140853881836,4.0,4
3763,-1.36049485206604,-0.29799485206604004,-6.782369613647461,-10.985494613647461,-14.016744613647461,2.0,2
3764,-15.116663932800293,-16.08541488647461,-12.280726432800293,-2.811976432800293,-0.061976466327905655,3.0,5
3765,-15.227104187011719,-16.85210418701172,-13.438041687011719,-4.789604187011719,-0.008354240097105503,2.0,5
3766,-16.227981567382812,-16.306106567382812,-10.110793113708496,-0.06391823291778564,-2.782668113708496,4.0,4
3767,-17.29905128479004,-15.228738784790039,-6.142801284790039,-0.002176299225538969,-10.884988784790039,4.0,4
3768,-17.30312156677246,-13.842185020446777,-2.6078097820281982,-0.07655977457761765,-13.045310020446777,3.0,4
3769,-17.06825828552246,-9.919821739196777,-0.1307588368654251,-2.099508762359619,-13.833884239196777,4.0,3
3770,-18.02357292175293,-17.90638542175293,-11.812636375427246,-0.00013636612857226282,-8.968886375427246,4.0,4
3771,-12.79543685913086,-0.10793699324131012,-2.2798120975494385,-11.82668685913086,-16.07668685913086,3.0,2
3772,-17.32501220703125,-11.957825660705566,-0.8172004222869873,-0.5828254222869873,-13.325013160705566,5.0,4
3773,-16.884078979492188,-15.259078979492188,-6.751266002655029,-0.0012660353677347302,-9.282516479492188,4.0,4
3774,-16.03248405456543,-15.92310905456543,-9.76685905456543,-0.0012338890228420496,-6.75123405456543,4.0,4
3775,-18.273569107055664,-17.007944107055664,-9.000131607055664,-0.00013124081306159496,-12.117319107055664,3.0,4
3776,-17.6558837890625,-13.3980712890625,-2.694946050643921,-0.06994612514972687,-12.4840087890625,5.0,4
3777,-13.761292457580566,-14.276917457580566,-10.581604957580566,-2.2378549575805664,-0.11285503953695297,4.0,5
3778,-16.469432830810547,-12.34443187713623,-2.4069321155548096,-0.09443200379610062,-11.92255687713623,5.0,4
3779,-14.444689750671387,-3.335314989089966,-0.03844000771641731,-6.163440227508545,-15.499377250671387,3.0,3
3780,-16.42658042907715,-17.09064292907715,-11.918767929077148,-0.004705427680164576,-5.364080429077148,5.0,4
3781,-15.010842323303223,-14.432717323303223,-8.393654823303223,-0.19053004682064056,-1.7530300617218018,1.0,4
3782,-14.853827476501465,-14.783514976501465,-9.439764976501465,-0.5491395592689514,-0.8616395592689514,4.0,4
3783,-7.828922271728516,-0.3601722717285156,-1.2039222717285156,-6.203922271728516,-13.664859771728516,4.0,2
3784,-8.72376537322998,-0.9659525156021118,-0.48157748579978943,-6.575327396392822,-12.80970287322998,4.0,3
3785,-16.18892478942871,-15.431112289428711,-8.532674789428711,-0.0014249657979235053,-6.704549789428711,2.0,4
3786,-15.3099946975708,-5.817807197570801,-0.005307156592607498,-6.067807197570801,-14.4037446975708,3.0,3
3787,-16.956804275512695,-16.956804275512695,-10.761492729187012,-0.003680124878883362,-5.613055229187012,4.0,4
3788,-17.346006393432617,-18.205381393432617,-12.806943893432617,-0.010069051757454872,-4.603818893432617,3.0,4
3789,-17.922754287719727,-16.446191787719727,-8.375880241394043,-0.0008799732895568013,-7.344629764556885,4.0,4
3790,-15.203063011169434,-15.804625511169434,-11.312438011169434,-0.015563341788947582,-4.171813488006592,5.0,4
3791,-17.191740036010742,-17.129240036010742,-10.472989082336426,-0.004239500500261784,-5.472989559173584,5.0,4
3792,-15.973601341247559,-13.473601341247559,-5.332976341247559,-0.004851356148719788,-12.168913841247559,4.0,4
3793,-16.063024520874023,-7.750524997711182,-0.0005248599336482584,-9.281774520874023,-16.172399520874023,4.0,3
3794,-15.13896656036377,-5.8030290603637695,-0.006153921131044626,-5.7717790603637695,-14.62334156036377,4.0,3
3795,-17.32438087463379,-12.277505874633789,-1.1368809938430786,-0.3868809938430786,-13.496255874633789,3.0,4
3796,-18.39847183227539,-18.19534683227539,-12.01565933227539,-3.4689302992774174e-05,-10.50003433227539,5.0,4
3797,-15.370197296142578,-16.378009796142578,-12.174884796142578,-2.4639475345611572,-0.08894763886928558,4.0,5
3798,-17.133649826049805,-15.532088279724121,-7.125838279724121,-0.0008380476501770318,-10.547713279724121,4.0,4
3799,-16.336925506591797,-16.352550506591797,-9.930675506591797,-0.008800884708762169,-4.743175983428955,5.0,4
3800,-15.20362377166748,-16.992685317993164,-13.78174877166748,-7.609873294830322,-0.0004985281848348677,5.0,5
3801,-12.10033130645752,-0.014393904246389866,-4.2487688064575195,-13.21751880645752,-16.811269760131836,3.0,2
3802,-14.820701599121094,-16.508201599121094,-13.766014099121094,-7.8597636222839355,-0.0003887851198669523,5.0,5
3803,-18.281774520874023,-16.672399520874023,-7.563024044036865,-0.0005240259342826903,-12.984898567199707,3.0,4
3804,-14.673186302185059,-15.845061302185059,-11.016936302185059,-1.1263110637664795,-0.3919360041618347,4.0,5
3805,-16.143449783325195,-16.120012283325195,-10.541887283325195,-0.17470009624958038,-1.830950140953064,4.0,4
3806,-15.712565422058105,-17.03287696838379,-12.259440422058105,-0.486002653837204,-0.9547526836395264,5.0,4
3807,-4.789799213409424,-0.008549162186682224,-8.555423736572266,-12.914798736572266,-15.203861236572266,2.0,2
3808,-16.716217041015625,-7.739654064178467,-0.005279171280562878,-5.333404064178467,-14.739654541015625,4.0,3
3809,-17.74546241760254,-15.253274917602539,-3.636087656021118,-0.0267125703394413,-13.800149917602539,4.0,4
3810,-18.445343017578125,-17.882843017578125,-10.859406471252441,-3.135155202471651e-05,-11.437531471252441,4.0,4
3811,-16.40644073486328,-17.07050323486328,-11.086129188537598,-0.10956642031669617,-2.2658164501190186,4.0,4
3812,-16.929277420043945,-14.765215873718262,-4.913653373718262,-0.007403201423585415,-10.483965873718262,1.0,4
3813,-17.601768493652344,-16.664268493652344,-8.609580993652344,-0.00020632999076042324,-10.750205993652344,4.0,4
3814,-16.211767196655273,-9.399266242980957,-0.11801633983850479,-2.196141242980957,-13.860203742980957,5.0,3
3815,-10.741317749023438,-11.577255249023438,-9.366317749023438,-4.991318225860596,-0.006943146698176861,4.0,5
3816,-12.323770523071289,-0.11283299326896667,-2.237833023071289,-12.542520523071289,-16.15189552307129,2.0,2
3817,-5.38060998916626,-0.005610196385532618,-6.92748498916626,-12.482172966003418,-15.349360466003418,2.0,2
3818,-16.157142639160156,-8.40714168548584,-0.0008917645900510252,-7.31339168548584,-15.43057918548584,2.0,3
3819,-6.8388166427612305,-0.010691504925489426,-4.6513166427612305,-11.43256664276123,-15.19819164276123,2.0,2
3820,-16.891313552856445,-12.242876052856445,-1.563188910484314,-0.23506391048431396,-12.946001052856445,4.0,4
3821,-18.375823974609375,-16.977386474609375,-7.125824451446533,-0.0008244690834544599,-10.938324928283691,4.0,4
3822,-14.412771224975586,-14.436208724975586,-8.975271224975586,-0.39714667201042175,-1.1158967018127441,4.0,4
3823,-17.234575271606445,-16.109575271606445,-8.609575271606445,-0.00020001317898277193,-11.133012771606445,4.0,4
3824,-2.5933754444122314,-0.07775042206048965,-10.327750205993652,-14.187125205993652,-15.999625205993652,2.0,2
3825,-17.87454605102539,-13.66751480102539,-2.2378275394439697,-0.11282756179571152,-13.83157730102539,4.0,4
3826,-14.191917419433594,-15.770042419433594,-12.496604919433594,-5.426292419433594,-0.004417186137288809,4.0,5
3827,-16.623998641967773,-13.756811141967773,-4.233373641967773,-0.014623836614191532,-12.444311141967773,4.0,4
3828,-13.506582260131836,-14.826894760131836,-11.756582260131836,-3.819082498550415,-0.022207392379641533,4.0,5
3829,-17.539419174194336,-15.812857627868652,-7.953482627868652,-0.00035744477645494044,-12.640982627868652,4.0,4
3830,-15.748589515686035,-15.850152015686035,-10.240777015686035,-0.06108968332409859,-2.8267147541046143,5.0,4
3831,-17.65056610107422,-14.978691101074219,-6.158379077911377,-0.0021289559081196785,-11.658378601074219,5.0,4
3832,-17.843978881835938,-17.812728881835938,-11.015853881835938,-0.00022849810193292797,-8.468978881835938,3.0,4
3833,-11.71365737915039,-12.35428237915039,-9.75271987915039,-3.1980321407318115,-0.04178222641348839,4.0,5
3834,-14.645158767700195,-15.965471267700195,-12.410783767700195,-2.856096029281616,-0.0592210628092289,5.0,5
3835,-15.622302055358887,-16.33323860168457,-11.356677055358887,-0.07542674243450165,-2.6223018169403076,5.0,4
3836,-11.54457950592041,-12.18520450592041,-9.40395450592041,-3.560204267501831,-0.028954211622476578,3.0,5
3837,-17.181093215942383,-13.157655715942383,-3.227968454360962,-0.04046838730573654,-11.970155715942383,4.0,4
3838,-17.359731674194336,-17.398794174194336,-11.633170127868652,-0.00035744477645494044,-7.969107627868652,3.0,4
3839,-17.184856414794922,-15.880168914794922,-5.270793914794922,-0.0051687657833099365,-11.286418914794922,2.0,4
3840,-14.548027992248535,-13.805840492248535,-6.798027992248535,-0.0011529234470799565,-10.360527992248535,5.0,4
3841,-17.660015106201172,-12.097514152526855,-0.13657666742801666,-2.0584516525268555,-14.222514152526855,4.0,3
3842,-16.22850227355957,-17.58787727355957,-12.619126319885254,-0.25193896889686584,-1.5019389390945435,5.0,4
3843,-17.979053497314453,-11.127490997314453,-0.002491467399522662,-6.002491474151611,-15.549365997314453,4.0,3
3844,-0.007169353775680065,-4.944669246673584,-11.624357223510742,-14.460294723510742,-14.835294723510742,3.0,1
3845,-5.022467613220215,-0.006842751521617174,-8.397467613220215,-13.022467613220215,-15.374030113220215,4.0,2
3846,-3.591864585876465,-0.02936454862356186,-6.591864585876465,-11.373114585876465,-14.240302085876465,5.0,2
3847,-15.94264030456543,-15.03639030456543,-8.73170280456543,-0.02857823111116886,-3.575453281402588,3.0,4
3848,-15.777021408081055,-9.894208908081055,-0.2223336547613144,-1.6129586696624756,-13.808271408081055,4.0,3
3849,-18.039087295532227,-17.976587295532227,-11.726587295532227,-2.5152843591058627e-05,-11.093774795532227,4.0,4
3850,-14.676129341125488,-5.855816841125488,-0.04331662878394127,-3.230816602706909,-14.121441841125488,4.0,3
3851,-15.367098808288574,-16.578035354614258,-12.179598808288574,-1.4061610698699951,-0.2811610996723175,5.0,5
3852,-15.37930679321289,-6.348057270050049,-0.0043071601539850235,-5.973057270050049,-15.41836929321289,2.0,3
3853,-15.180171966552734,-16.492671966552734,-12.172359466552734,-1.7270467281341553,-0.19579671323299408,5.0,5
3854,-17.13873863220215,-15.068426132202148,-4.294988632202148,-0.013738594949245453,-12.529363632202148,5.0,4
3855,-16.056095123291016,-16.509220123291016,-11.188907623291016,-0.04047033190727234,-3.2279703617095947,3.0,4
3856,-16.9300479888916,-10.265986442565918,-0.00036137725692242384,-8.031611442565918,-15.515986442565918,3.0,3
3857,-17.04755973815918,-15.45380973815918,-7.406935214996338,-0.0006850994541309774,-9.54755973815918,4.0,4
3858,-18.21884536743164,-17.96884536743164,-11.015721321105957,-9.63164638960734e-05,-9.453221321105957,4.0,4
3859,-0.02637847326695919,-3.6513783931732178,-9.682628631591797,-12.534191131591797,-13.557628631591797,1.0,1
3860,-0.0017683359328657389,-6.345518112182617,-11.923643112182617,-14.415830612182617,-14.743955612182617,1.0,1
3861,-16.649372100830078,-15.563433647155762,-8.204058647155762,-0.000933926145080477,-7.32905912399292,5.0,4
3862,-0.002005472080782056,-6.220755577087402,-11.494193077087402,-14.033255577087402,-14.486380577087402,1.0,1
3863,-16.359556198120117,-16.625181198120117,-10.9923677444458,-0.10955563187599182,-2.265805721282959,3.0,4
3864,-17.62693977355957,-15.58787727355957,-6.25193977355957,-0.0019396792631596327,-11.75193977355957,5.0,4
3865,-4.698596954345703,-0.011096787638962269,-6.261096954345703,-11.253284454345703,-14.175159454345703,1.0,2
3866,-16.542314529418945,-13.237627029418945,-4.511064529418945,-0.011064484715461731,-12.018877029418945,3.0,4
3867,-16.134265899658203,-16.454578399658203,-11.040514945983887,-0.017077889293432236,-4.079577922821045,5.0,4
3868,-16.846410751342773,-16.612035751342773,-10.752659797668457,-0.0026600712444633245,-5.940160274505615,4.0,4
3869,-13.905717849731445,-14.749467849731445,-10.858842849731445,-4.2025933265686035,-0.015093288384377956,4.0,5
3870,-16.657135009765625,-12.907135009765625,-3.454010248184204,-0.03213523328304291,-13.336822509765625,5.0,4
3871,-16.83712387084961,-7.048060417175293,-0.0011854295153170824,-8.063685417175293,-15.938685417175293,3.0,3
3872,-17.368078231811523,-12.844639778137207,-0.7743273973464966,-0.6180773973464966,-13.930577278137207,4.0,4
3873,-0.0005274811992421746,-7.563027381896973,-12.508339881896973,-14.656777381896973,-14.406777381896973,1.0,1
3874,-16.177614212036133,-15.771364212036133,-9.286989212036133,-0.03698885813355446,-3.3182389736175537,4.0,4
3875,-15.680570602416992,-7.53213357925415,-0.0008834273321554065,-7.96963357925415,-15.454008102416992,4.0,3
3876,-18.45315933227539,-17.89065933227539,-11.203160285949707,-3.528532761265524e-05,-10.812535285949707,4.0,4
3877,-17.29693031311035,-16.48443031311035,-10.078180313110352,-5.495397272170521e-05,-11.445367813110352,4.0,4
3878,-14.496070861816406,-2.1132583618164062,-0.12888331711292267,-9.457008361816406,-16.238258361816406,5.0,3
3879,-11.512925464970229,-11.512925464970229,-11.512925464970229,-11.512925464970229,-11.512925464970229,3.0,-1
3880,-11.013199806213379,-0.013200156390666962,-4.341325283050537,-9.481949806213379,-15.560074806213379,3.0,2
3881,-17.781326293945312,-16.820388793945312,-9.718826293945312,-7.629103492945433e-05,-11.203201293945312,5.0,4
3882,-14.008234024047852,-13.422296524047852,-7.98479700088501,-0.0004219118563923985,-9.531671524047852,3.0,4
3883,-14.267621994018555,-3.048872232437134,-0.0488721989095211,-8.173871994018555,-15.244184494018555,1.0,3
3884,-9.610953330993652,-0.001578157884068787,-6.501578330993652,-11.759390830993652,-16.290639877319336,1.0,2
3885,-15.41707992553711,-15.84676742553711,-10.58895492553711,-0.7998920679092407,-0.5967670679092407,5.0,5
3886,-15.650238037109375,-6.329926013946533,-0.0018009409541264176,-11.017425537109375,-16.158050537109375,2.0,3
3887,-16.258041381835938,-16.390853881835938,-10.601792335510254,-0.054916948080062866,-2.9299168586730957,4.0,4
3888,-16.120920181274414,-15.206857681274414,-7.972483158111572,-0.0037329767365008593,-5.691233158111572,5.0,4
3889,-17.230716705322266,-14.65259075164795,-5.488528251647949,-0.004153435584157705,-11.95727825164795,4.0,4
3890,-14.992673873901367,-15.977048873901367,-11.594236373901367,-1.7270487546920776,-0.19579876959323883,3.0,5
3891,-16.943368911743164,-17.654306411743164,-12.021493911743164,-0.029305972158908844,-3.544930934906006,5.0,4
3892,-16.895050048828125,-14.754425048828125,-5.426300048828125,-0.004425256513059139,-11.410675048828125,5.0,4
3893,-17.328227996826172,-17.007915496826172,-10.437603950500488,-0.00010358751023886725,-9.546978950500488,4.0,4
3894,-15.603426933288574,-14.751864433288574,-8.079989433288574,-0.001864363206550479,-6.470614433288574,5.0,4
3895,-16.58842658996582,-14.494675636291504,-6.002488136291504,-0.0024882566649466753,-11.674363136291504,3.0,4
3896,-16.93002700805664,-15.40658950805664,-8.06283950805664,-0.00033945043105632067,-10.76596450805664,2.0,4
3897,-14.484360694885254,-13.570298194885254,-7.789048194885254,-0.007798345293849707,-4.914048194885254,4.0,4
3898,-11.831899642944336,-0.011587459594011307,-4.464712619781494,-12.699087142944336,-16.027212142944336,2.0,2
3899,-17.023685455322266,-16.656497955322266,-10.015872955322266,-0.00024780540843494236,-8.515872955322266,4.0,4
3900,-17.141977310180664,-15.37635326385498,-6.610727787017822,-0.0013529442949220538,-12.67322826385498,3.0,4
3901,-16.329557418823242,-16.071744918823242,-9.017057418823242,-0.0014321081107482314,-6.642056941986084,5.0,4
3902,-18.672996520996094,-16.766746520996094,-6.797996520996094,-0.001121726119890809,-12.547996520996094,1.0,4
3903,-10.813329696655273,-0.0008299481705762446,-7.125830173492432,-12.313329696655273,-16.969579696655273,2.0,2
3904,-16.781980514526367,-15.578855514526367,-7.860105991363525,-0.0007308434578590095,-8.016355514526367,4.0,4
3905,-17.092872619628906,-14.48349666595459,-4.975684642791748,-0.006934622768312693,-13.01474666595459,5.0,4
3906,-12.117237091064453,-0.007861742749810219,-4.851611614227295,-11.734424591064453,-16.085987091064453,4.0,2
3907,-17.719093322753906,-16.750343322753906,-8.187844276428223,-0.0003438596613705158,-9.672219276428223,3.0,4
3908,-11.547806739807129,-0.02436956763267517,-3.727494478225708,-11.493119239807129,-15.532181739807129,4.0,2
3909,-17.617332458496094,-16.226707458496094,-8.87514591217041,-0.00014578233822248876,-12.62514591217041,4.0,4
3910,-14.32486343383789,-10.23111343383789,-0.012363460846245289,-4.402988433837891,-11.91080093383789,3.0,3
3911,-16.313331604003906,-7.8602070808410645,-0.0008318539476022124,-7.7195820808410645,-15.563331604003906,3.0,3
3912,-14.150136947631836,-15.290761947631836,-11.064199447631836,-1.9235748052597046,-0.1579498052597046,4.0,5
3913,-17.459266662597656,-14.74832820892334,-4.27957820892334,-0.01395327877253294,-12.32645320892334,4.0,4
3914,-16.739612579345703,-16.419300079345703,-9.442737579345703,-0.005237548612058163,-5.270862579345703,3.0,4
3915,-16.336645126342773,-15.844457626342773,-7.735082149505615,-0.0007072569569572806,-8.235082626342773,3.0,4
3916,-14.868669509887695,-15.821794509887695,-11.173357009887695,-0.46241968870162964,-0.9936696887016296,4.0,4
3917,-15.502918243408203,-12.526355743408203,-2.651355504989624,-0.07323060929775238,-9.979480743408203,3.0,4
3918,-16.11002540588379,-14.664711952209473,-7.391274452209473,-0.0006495987763628364,-10.500649452209473,4.0,4
3919,-17.358789443969727,-13.741602897644043,-1.9369152784347534,-0.15566523373126984,-13.304102897644043,3.0,4
3920,-16.96122932434082,-16.74247932434082,-11.07841682434082,-0.00029202012228779495,-8.20341682434082,4.0,4
3921,-16.92204475402832,-15.79704475402832,-8.84391975402832,-0.00017021637177094817,-10.74235725402832,3.0,4
3922,-18.020723342895508,-16.333223342895508,-4.35666036605835,-0.012910587713122368,-12.411348342895508,4.0,4
3923,-16.742549896240234,-16.797237396240234,-10.85192584991455,-0.0003632839070633054,-7.984738349914551,3.0,4
3924,-17.057798385620117,-17.292173385620117,-11.698423385620117,-0.018735583871603012,-3.987485647201538,3.0,4
3925,-15.580609321594238,-6.1899847984313965,-0.0024846892338246107,-7.7524847984313965,-14.861859321594238,3.0,3
3926,-16.243408203125,-9.360596656799316,-0.0012216256000101566,-6.782471656799316,-15.087159156799316,4.0,3
3927,-11.098076820373535,-0.019951609894633293,-3.926201581954956,-11.004326820373535,-15.098076820373535,4.0,2
3928,-16.43351936340332,-9.62101936340332,-0.011644254438579082,-4.46476936340332,-14.49601936340332,5.0,3
3929,-16.814855575561523,-12.74454402923584,-2.7679810523986816,-0.0648561418056488,-12.94766902923584,2.0,4
3930,-16.89961814880371,-12.149619102478027,-0.01680632121860981,-4.094931125640869,-14.165244102478027,3.0,3
3931,-16.60214614868164,-11.930270195007324,-1.4537076950073242,-0.266207754611969,-12.789645195007324,4.0,4
3932,-17.00972557067871,-15.322225570678711,-6.267538070678711,-0.001912908861413598,-11.556600570678711,1.0,4
3933,-17.975801467895508,-11.217988967895508,-0.007051581051200628,-4.960176467895508,-14.944551467895508,3.0,3
3934,-9.974839210510254,-0.006089467089623213,-5.115464687347412,-10.818589210510254,-15.873276710510254,5.0,2
3935,-17.027786254882812,-13.863722801208496,-2.7387232780456543,-0.06684818863868713,-12.582472801208496,5.0,4
3936,-15.422891616821289,-13.282266616821289,-4.821329593658447,-0.008829361759126186,-7.227579593658447,3.0,4
3937,-16.617456436157227,-8.594018936157227,-0.00026854246971197426,-9.406518936157227,-15.906518936157227,3.0,3
3938,-18.00029945373535,-16.54717445373535,-8.140925407409668,-0.0003002431185450405,-11.922175407409668,4.0,4
3939,-14.777461051940918,-15.347773551940918,-10.761836051940918,-1.347773790359497,-0.3008987605571747,5.0,5
3940,-17.718833923339844,-17.711021423339844,-11.48445987701416,-8.451581379631534e-05,-9.54695987701416,3.0,4
3941,-17.547454833984375,-17.219329833984375,-10.594329833984375,-0.0005800233921036124,-7.500579833984375,3.0,4
3942,-17.007070541381836,-14.60863208770752,-4.960195064544678,-0.0070699285715818405,-10.49925708770752,3.0,4
3943,-17.735334396362305,-15.680647850036621,-6.954084873199463,-0.0009600082994438708,-12.836897850036621,4.0,4
3944,-17.563940048217773,-15.282689094543457,-6.548314094543457,-0.0014392504235729575,-12.603001594543457,4.0,4
3945,-16.899826049804688,-9.704513549804688,-0.001389015233144164,-6.626389026641846,-15.556076049804688,3.0,3
3946,-14.250692367553711,-3.07881760597229,-0.04756764695048332,-7.735067844390869,-14.781942367553711,3.0,3
3947,-18.373546600341797,-15.279796600341797,-4.264171123504639,-0.014171323738992214,-12.725109100341797,4.0,4
3948,-10.659164428710938,-0.07322695106267929,-2.6513519287109375,-10.456039428710938,-15.831039428710938,1.0,2
3949,-9.900921821594238,-0.0337345227599144,-3.4087345600128174,-10.268109321594238,-14.377484321594238,3.0,2
3950,-16.227436065673828,-15.899311065673828,-9.313373565673828,-0.0008740180637687445,-7.157124042510986,3.0,4
3951,-14.16491985321045,-14.00085735321045,-8.50085735321045,-0.0008573431987315416,-7.344607353210449,4.0,4
3952,-17.45429229736328,-13.321479797363281,-1.4777297973632812,-0.2589797377586365,-13.383979797363281,3.0,4
3953,-17.54060173034668,-16.25153923034668,-6.485914707183838,-0.0015397133538499475,-11.321852684020996,3.0,4
3954,-17.59413719177246,-17.75038719177246,-11.047262191772461,-0.0003868784988299012,-7.906636714935303,4.0,4
3955,-17.07489585876465,-16.21552085876465,-9.238958358764648,-0.004583566915243864,-5.410833358764648,4.0,4
3956,-14.54816722869873,-14.18879222869873,-9.04816722869873,-0.001292346976697445,-6.7512922286987305,3.0,4
3957,-16.806543350219727,-15.134668350219727,-6.314356327056885,-0.0018562719924375415,-10.111230850219727,4.0,4
3958,-15.231975555419922,-15.708538055419922,-9.989788055419922,-0.06791279464960098,-2.7241628170013428,3.0,4
3959,-16.92521858215332,-12.964280128479004,-0.06584294885396957,-2.753342866897583,-13.581467628479004,5.0,3
3960,-15.805964469909668,-9.759089469909668,-0.009089401923120022,-4.712214469909668,-13.524714469909668,4.0,3
3961,-14.044177055358887,-3.5754270553588867,-0.028552165254950523,-8.856677055358887,-15.075427055358887,4.0,3
3962,-17.39855194091797,-16.32042694091797,-9.171989440917969,-0.00011407678539399058,-11.734489440917969,3.0,4
3963,-17.575307846069336,-13.895620346069336,-2.364370107650757,-0.09874500334262848,-11.372182846069336,3.0,4
3964,-14.657425880432129,-4.727738857269287,-0.008988630957901478,-9.212113380432129,-14.977738380432129,3.0,3
3965,-16.426576614379883,-16.020326614379883,-9.254701614379883,-0.020326757803559303,-3.910951852798462,3.0,4
3966,-16.141538619995117,-10.766539573669434,-0.7743518352508545,-0.6181018352508545,-12.766539573669434,4.0,4
3967,-16.961027145385742,-15.906340599060059,-9.453215599060059,-9.059495641849935e-05,-11.656340599060059,4.0,4
3968,-16.633262634277344,-10.336387634277344,-0.0629497766494751,-2.7973246574401855,-13.711387634277344,5.0,3
3969,-18.211536407470703,-16.227161407470703,-7.438098907470703,-0.0005987281911075115,-11.719348907470703,2.0,4
3970,-17.82050323486328,-17.65644073486328,-9.922064781188965,-0.00018988236843142658,-8.890814781188965,3.0,4
3971,-16.6070613861084,-17.1617488861084,-11.732061386108398,-0.005499234888702631,-5.208624362945557,4.0,4
3972,-17.633243560791016,-16.219181060791016,-7.797306537628174,-0.0004314445541240275,-11.039493560791016,3.0,4
3973,-16.74814796447754,-13.943460464477539,-3.123148202896118,-0.04502328485250473,-12.904397964477539,3.0,4
3974,-17.301223754882812,-15.269973754882812,-5.4418487548828125,-0.004348703194409609,-12.105911254882812,5.0,4
3975,-16.267337799072266,-16.587650299072266,-11.736088752746582,-0.0017133570509031415,-6.376713275909424,4.0,4
3976,-16.391271591186523,-14.766271591186523,-7.531896591186523,-0.0006466205231845379,-9.156896591186523,1.0,4
3977,-14.75781536102295,-17.046876907348633,-15.64844036102295,-13.89844036102295,-2.50339189733495e-06,2.0,5
3978,-0.0017087158048525453,-6.376708507537842,-12.478271484375,-15.314208984375,-15.822021484375,3.0,1
3979,-17.377256393432617,-14.463194847106934,-4.603819370269775,-0.010069523938000202,-12.955382347106934,3.0,4
3980,-9.74860954284668,-0.014234554022550583,-4.26423454284668,-11.42829704284668,-15.52985954284668,3.0,2
3981,-15.04738712310791,-4.80519962310791,-0.00832456722855568,-9.19582462310791,-15.35207462310791,3.0,3
3982,-14.189566612243652,-6.220816612243652,-0.0020663831382989883,-9.533316612243652,-14.189566612243652,3.0,3
3983,-18.28134536743164,-18.28915786743164,-10.093844413757324,-9.48860906646587e-05,-9.859469413757324,4.0,4
3984,-14.50610065460205,-5.131101131439209,-0.006101078819483519,-8.67797565460205,-14.92797565460205,3.0,3
3985,-17.4471378326416,-17.6502628326416,-11.478386878967285,-0.0018245016690343618,-6.314324378967285,2.0,4
3986,-16.439485549926758,-16.603548049926758,-10.166048049926758,-0.00979840662330389,-4.634798526763916,3.0,4
3987,-16.78145980834961,-17.46895980834961,-12.656458854675293,-0.00020895205670967698,-8.500208854675293,4.0,4
3988,-11.11571979522705,-0.029781891033053398,-3.5297818183898926,-11.10790729522705,-15.64696979522705,3.0,2
3989,-10.360365867614746,-0.0009913297835737467,-6.954116344451904,-12.829115867614746,-16.508804321289062,4.0,2
3990,-15.564590454101562,-15.869277954101562,-10.455215454101562,-0.14271549880504608,-2.0177154541015625,3.0,4
3991,-11.62596321105957,-12.16502571105957,-8.67283821105957,-1.313462734222412,-0.3134627640247345,5.0,5
3992,-16.196168899536133,-15.77429485321045,-9.36023235321045,-0.0008569859201088548,-7.172731876373291,1.0,4
3993,-16.39403533935547,-6.628410339355469,-0.0034104774240404367,-6.175285339355469,-14.737785339355469,4.0,3
3994,-17.251420974731445,-17.220170974731445,-10.431109428405762,-0.0014218707801774144,-6.579546928405762,4.0,4
3995,-17.17988395690918,-16.00800895690918,-9.26582145690918,-0.00019691436318680644,-9.21894645690918,5.0,4
3996,-15.657700538635254,-15.188950538635254,-9.782700538635254,-0.001450797077268362,-6.579576015472412,4.0,4
3997,-11.512925464970229,-11.512925464970229,-11.512925464970229,-11.512925464970229,-11.512925464970229,4.0,-1
3998,-16.93038558959961,-15.03194808959961,-4.774136066436768,-0.008510866202414036,-10.63351058959961,3.0,4
3999,-0.13668522238731384,-2.0585601329803467,-9.105435371398926,-12.628872871398926,-14.519497871398926,5.0,1
4000,-15.705342292785645,-15.869404792785645,-10.213154792785645,-0.2131551206111908,-1.6506551504135132,4.0,4
4001,-9.486111640930176,-0.0017363247461616993,-6.407986164093018,-11.822049140930176,-15.689236640930176,3.0,2
4002,-16.074256896972656,-9.894569396972656,-0.003944593947380781,-5.550819396972656,-14.777381896972656,3.0,3
4003,-16.547096252441406,-15.57834529876709,-8.53147029876709,-0.0002203936892328784,-10.85959529876709,3.0,4
4004,-16.360071182250977,-11.047571182250977,-0.0006958208978176117,-7.297570705413818,-14.922571182250977,3.0,3
4005,-16.37546157836914,-8.60983657836914,-0.0004619484825525433,-8.18796157836914,-15.41452407836914,3.0,3
4006,-16.58611488342285,-15.922052383422852,-9.328302383422852,-0.00017772526189219207,-9.390802383422852,3.0,4
4007,-9.816043853759766,-0.03479361534118652,-3.3785436153411865,-10.120731353759766,-14.605106353759766,4.0,2
4008,-15.003771781921387,-15.722521781921387,-11.449084281921387,-1.394396424293518,-0.2850213944911957,3.0,5
4009,-3.697021722793579,-0.025146644562482834,-10.322021484375,-14.165771484375,-15.720458984375,4.0,2
4010,-16.55809211730957,-15.26902961730957,-7.17527961730957,-0.0034045374486595392,-5.94090461730957,3.0,4
4011,-16.284395217895508,-14.276582717895508,-5.76876974105835,-0.003144797869026661,-11.706270217895508,5.0,4
4012,-17.25041961669922,-15.906669616699219,-8.062919616699219,-0.00041940953815355897,-9.203544616699219,3.0,4
4013,-14.773518562316895,-5.5391435623168945,-0.007893440313637257,-5.5391435623168945,-14.742268562316895,3.0,3
4014,-8.73719310760498,-0.0028181858360767365,-5.9403181076049805,-10.75281810760498,-15.78406810760498,3.0,2
4015,-16.833690643310547,-12.755565643310547,-0.052440788596868515,-2.974315881729126,-13.888378143310547,3.0,3
4016,-16.814926147460938,-11.213363647460938,-0.01023874245584011,-4.5883636474609375,-14.494613647460938,3.0,3
4017,-16.61912727355957,-12.666003227233887,-1.5019404888153076,-0.25194042921066284,-12.658190727233887,5.0,4
4018,-10.64403247833252,-0.06590712815523148,-2.7534072399139404,-10.02684497833252,-14.80809497833252,1.0,2
4019,-17.914188385009766,-17.422000885009766,-10.703250885009766,-0.00012587709352374077,-9.203250885009766,5.0,4
4020,-15.22658920288086,-15.62502670288086,-10.44533920288086,-0.445339560508728,-1.023464560508728,5.0,4
4021,-17.34402847290039,-16.98465347290039,-8.37527847290039,-0.00027807659353129566,-10.03152847290039,3.0,4
4022,-16.75078773498535,-17.46172523498535,-11.610162734985352,-0.03985045477747917,-3.2429754734039307,4.0,4
4023,-15.645915985107422,-16.856853485107422,-11.958415985107422,-0.18497821688652039,-1.7787282466888428,4.0,4
4024,-17.444896697998047,-14.015209197998047,-3.2730214595794678,-0.038646358996629715,-11.374584197998047,3.0,4
4025,-16.49312400817871,-16.42281150817871,-9.313436508178711,-0.0009367844904772937,-7.079061985015869,4.0,4
4026,-17.523555755615234,-17.257930755615234,-11.086055755615234,-0.00011812942830147222,-9.203243255615234,4.0,4
4027,-16.454856872558594,-16.595481872558594,-11.087669372558594,-0.0486067458987236,-3.0486066341400146,4.0,4
4028,-14.572019577026367,-12.298582077026367,-3.712644577026367,-0.0251446682959795,-7.806394577026367,3.0,4
4029,-16.496973037719727,-14.286035537719727,-2.2938480377197266,-0.10634809732437134,-12.614160537719727,3.0,4
4030,-17.45853042602539,-15.08353042602539,-5.224154949188232,-0.005404978524893522,-12.68509292602539,3.0,4
4031,-17.140918731689453,-17.070606231689453,-12.117481231689453,-0.00029404606902971864,-8.156543731689453,4.0,4
4032,-16.845064163208008,-16.618501663208008,-9.227877616882324,-0.009127438999712467,-4.712252616882324,1.0,4
4033,-16.42506217956543,-8.51881217956543,-0.003186864545568824,-5.8156867027282715,-14.90162467956543,3.0,3
4034,-16.72796630859375,-15.220152854919434,-6.579527854919434,-0.0014030622551217675,-11.438902854919434,2.0,4
4035,-15.9286470413208,-16.959896087646484,-11.7098970413208,-0.3348967432975769,-1.2567718029022217,4.0,4
4036,-16.203214645385742,-15.648527145385742,-9.593839645385742,-8.999896090244874e-05,-10.812589645385742,3.0,4
4037,-10.2532320022583,-0.0032316623255610466,-5.753231525421143,-10.9563570022583,-16.175106048583984,2.0,2
4038,-17.064441680908203,-17.431629180908203,-11.548816680908203,-0.0019413450499996543,-6.251941204071045,3.0,4
4039,-16.540115356445312,-15.126052856445312,-7.5323028564453125,-0.0010528980055823922,-7.5791778564453125,3.0,4
4040,-17.915081024169922,-17.852581024169922,-11.188518524169922,-0.0010188394226133823,-6.90726900100708,3.0,4
4041,-16.75025177001953,-16.60962677001953,-8.969000816345215,-0.00025102324434556067,-9.015875816345215,3.0,4
4042,-16.939180374145508,-15.657930374145508,-6.517305374145508,-0.0016801540041342378,-8.532930374145508,3.0,4
4043,-15.768274307250977,-14.026086807250977,-6.237024784088135,-0.0026497275102883577,-7.299524784088135,5.0,4
4044,-16.89859962463379,-16.52359962463379,-9.906411170959473,-0.00016139635408762842,-9.125161170959473,2.0,4
4045,-17.02505111694336,-15.103177070617676,-6.439114093780518,-0.0016141016967594624,-11.306302070617676,4.0,4
4046,-16.734643936157227,-16.523706436157227,-9.797143936157227,-0.00026901919045485556,-8.469018936157227,4.0,4
4047,-15.150450706481934,-16.705137252807617,-13.103575706481934,-3.2129504680633545,-0.041075412184000015,4.0,5
4048,-17.414234161376953,-14.765795707702637,-4.156420707702637,-0.015795938670635223,-12.242358207702637,5.0,4
4049,-15.578720092773438,-7.859969615936279,-0.0005946775199845433,-8.484970092773438,-14.742782592773438,3.0,3
4050,-15.780257225036621,-16.264631271362305,-10.967757225036621,-0.014631824567914009,-4.233381748199463,5.0,4
4051,-12.607624053955078,-2.795123815536499,-0.07637380063533783,-4.38887357711792,-14.373249053955078,5.0,3
4052,-13.247884750366211,-13.716634750366211,-9.974447250366211,-3.3181967735290527,-0.03694681078195572,4.0,5
4053,-16.891443252563477,-7.532069206237793,-0.0008191090892069042,-8.172694206237793,-15.703944206237793,4.0,3
4054,-10.297626495361328,-0.0007518087513744831,-7.250751972198486,-11.867938995361328,-16.305438995361328,3.0,2
4055,-15.96297550201416,-16.837976455688477,-11.96297550201416,-0.2286009043455124,-1.5879758596420288,4.0,4
4056,-17.57383155822754,-13.245705604553223,-0.4566432237625122,-1.0035182237625122,-13.917580604553223,3.0,3
4057,-15.947705268859863,-14.541455268859863,-7.0258307456970215,-0.010205703787505627,-4.6820807456970215,4.0,4
4058,-17.015756607055664,-16.375131607055664,-9.828256607055664,-0.00013159839727450162,-9.500131607055664,4.0,4
4059,-16.876279830932617,-17.040342330932617,-11.259092330932617,-0.00127948890440166,-6.673154354095459,5.0,4
4060,-14.440427780151367,-4.557614803314209,-0.010739860124886036,-8.557615280151367,-14.588865280151367,2.0,3
4061,-16.04189109802246,-16.71376609802246,-11.143452644348145,-0.018452763557434082,-4.0028276443481445,4.0,4
4062,-16.790424346923828,-13.868548393249512,-4.69667387008667,-0.00917386170476675,-13.235735893249512,2.0,4
4063,-13.709551811218262,-3.5298640727996826,-0.02986404299736023,-9.107989311218262,-15.029864311218262,3.0,3
4064,-10.879339218139648,-0.012151852250099182,-4.418401718139648,-12.613714218139648,-16.01215171813965,4.0,2
4065,-16.839492797851562,-15.159804344177246,-5.644179821014404,-0.0035548133309930563,-12.159804344177246,5.0,4
4066,-17.33609390258789,-16.63296890258789,-9.609530448913574,-0.00015555603022221476,-9.375155448913574,3.0,4
4067,-16.96547508239746,-13.426412582397461,-3.348287343978882,-0.03578729182481766,-12.535787582397461,4.0,4
4068,-15.90105152130127,-6.158864498138428,-0.00261429650709033,-7.611989498138428,-15.09636402130127,4.0,3
4069,-11.147432327270508,-0.030244745314121246,-3.514619827270508,-11.038057327270508,-15.163057327270508,3.0,2
4070,-16.86952018737793,-17.56483268737793,-12.846081733703613,-0.0023319926112890244,-6.0648322105407715,5.0,4
4071,-17.75672721862793,-11.53797721862793,-0.006726953200995922,-5.0067267417907715,-15.16297721862793,3.0,3
4072,-14.467087745666504,-5.115525722503662,-0.00615048548206687,-8.974900245666504,-14.849900245666504,3.0,3
4073,-8.859820365905762,-0.00044550508027896285,-8.109820365905762,-13.516070365905762,-16.477008819580078,5.0,2
4074,-13.070771217346191,-1.8442089557647705,-0.17233391106128693,-8.828583717346191,-14.562958717346191,3.0,3
4075,-10.551604270935059,-0.004729276057332754,-5.364104270935059,-12.004729270935059,-15.489104270935059,5.0,2
4076,-15.731677055358887,-11.106677055358887,-0.012927062809467316,-4.356677055358887,-12.239489555358887,3.0,3
4077,-12.095505714416504,-12.259568214416504,-8.189255714416504,-1.2908178567886353,-0.32206785678863525,5.0,5
4078,-16.499282836914062,-11.678970336914062,-2.4211575984954834,-0.09303266555070877,-12.358657836914062,4.0,4
4079,-0.22262433171272278,-1.6132493019104004,-8.019499778747559,-11.589812278747559,-13.636687278747559,5.0,1
4080,-15.286314010620117,-15.419126510620117,-9.512876510620117,-0.15350118279457092,-1.9503761529922485,1.0,4
4081,-17.289005279541016,-10.148380279541016,-0.2811930477619171,-1.4061930179595947,-13.843692779541016,2.0,3
4082,-16.25017547607422,-16.92986297607422,-11.586112976074219,-0.01580028049647808,-4.156425476074219,4.0,4
4083,-16.747657775878906,-10.169532775878906,-0.06015799939632416,-2.8414080142974854,-14.513282775878906,3.0,3
4084,-15.802041053771973,-16.028602600097656,-9.575478553771973,-0.012978486716747284,-4.356728553771973,3.0,4
4085,-16.62151336669922,-14.059013366699219,-4.418388366699219,-0.012138190679252148,-11.871513366699219,3.0,4
4086,-15.513266563415527,-16.333580017089844,-11.044516563415527,-0.25545406341552734,-1.4898290634155273,4.0,4
4087,-14.76892375946045,-5.893923759460449,-0.003298677271232009,-7.534548759460449,-14.45642375946045,3.0,3
4088,-16.89922332763672,-12.680474281311035,-2.578911542892456,-0.07891145348548889,-11.117974281311035,1.0,4
4089,-16.03058624267578,-16.13996124267578,-9.608711242675781,-0.09308577328920364,-2.421210765838623,5.0,4
4090,-17.063392639160156,-15.438393592834473,-7.0321431159973145,-0.0008933129138313234,-12.172768592834473,5.0,4
4091,-17.750200271606445,-16.273637771606445,-8.672074317932129,-0.0001995364436879754,-10.562699317932129,5.0,4
4092,-16.215478897094727,-13.043604850769043,-3.348292350769043,-0.035792239010334015,-11.973292350769043,4.0,4
4093,-17.687646865844727,-16.781396865844727,-8.937647819519043,-0.00014745102089364082,-11.211085319519043,5.0,4
4094,-16.786102294921875,-17.340789794921875,-11.856413841247559,-0.004851593170315027,-5.332976818084717,3.0,4
4095,-17.815778732299805,-15.534529685974121,-3.636091947555542,-0.026716863736510277,-12.542342185974121,5.0,4
4096,-15.547972679138184,-6.907347202301025,-0.0010973153403028846,-9.266722679138184,-15.243285179138184,5.0,3
4097,-6.610926151275635,-0.0015511397505179048,-8.517175674438477,-12.993738174438477,-16.071863174438477,4.0,2
4098,-14.039692878723145,-14.000630378723145,-9.992817878723145,-0.0006307758158072829,-7.453755855560303,5.0,4
4099,-16.882251739501953,-13.569751739501953,-3.499439239501953,-0.030689233914017677,-12.444751739501953,5.0,4
4100,-17.118486404418945,-17.032548904418945,-10.391923904418945,-0.0012988949893042445,-6.673173904418945,4.0,4
4101,-17.81268310546875,-16.90643310546875,-9.85955810546875,-0.0001829695247579366,-8.96893310546875,3.0,4
4102,-14.196364402770996,-6.969802379608154,-0.0010523025412112474,-9.126051902770996,-14.626051902770996,5.0,3
4103,-16.353496551513672,-15.830060005187988,-7.158185005187988,-0.0019348012283444405,-6.767560005187988,3.0,4
4104,-9.079395294189453,-0.0012702024541795254,-6.766895294189453,-12.962207794189453,-15.899707794189453,3.0,2
4105,-16.479042053222656,-16.846229553222656,-11.205604553222656,-0.049354102462530136,-3.033729076385498,3.0,4
4106,-16.39894676208496,-15.188009262084961,-7.625509262084961,-0.0005093707586638629,-11.063009262084961,4.0,4
4107,-15.564187049865723,-8.611062049865723,-0.0016866994556039572,-6.5016865730285645,-14.173562049865723,3.0,3
4108,-11.512925464970229,-11.512925464970229,-11.512925464970229,-11.512925464970229,-11.512925464970229,2.0,-1
4109,-9.531913757324219,-0.0006635371246375144,-7.438163757324219,-13.961601257324219,-16.95378875732422,4.0,2
4110,-17.55544662475586,-15.696072578430176,-7.672635078430176,-0.0007600279641337693,-8.157010078430176,5.0,4
4111,-17.359966278076172,-15.477154731750488,-7.469342231750488,-0.0005921755800954998,-10.828717231750488,4.0,4
4112,-13.281728744506836,-4.141104221343994,-0.01610402949154377,-9.625478744506836,-15.852041244506836,3.0,3
4113,-16.412500381469727,-16.600000381469727,-10.34999942779541,-0.037499718368053436,-3.3031246662139893,3.0,4
4114,-16.113880157470703,-13.871692657470703,-5.410755157470703,-0.00450536422431469,-10.910755157470703,5.0,4
4115,-16.931669235229492,-14.798856735229492,-6.236356735229492,-0.001981677720323205,-10.986356735229492,4.0,4
4116,-12.061577796936035,-0.3350149393081665,-1.2568899393081665,-8.975640296936035,-14.577202796936035,2.0,2
4117,-16.89879035949707,-16.75816535949707,-10.59410285949707,-0.0003530356043484062,-8.03160285949707,3.0,4
4118,-15.137537002563477,-15.660974502563477,-10.715662002563477,-0.3484746217727661,-1.2234746217727661,3.0,4
4119,-9.564390182495117,-0.0018903020536527038,-6.314390182495117,-11.900327682495117,-15.955015182495117,3.0,2
4120,-16.205163955688477,-15.337976455688477,-8.408288955688477,-0.0020385454408824444,-6.314538478851318,2.0,4
4121,-16.87514877319336,-16.09389877319336,-9.42202377319336,-0.00014840454969089478,-9.67202377319336,5.0,4
4122,-17.899045944213867,-18.024045944213867,-11.563109397888184,-0.0006089740199968219,-7.422483921051025,2.0,4
4123,-10.377850532531738,-0.15128757059574127,-1.96378755569458,-10.174725532531738,-14.830975532531738,5.0,2
4124,-16.136043548583984,-11.206355094909668,-2.307918071746826,-0.10479306429624557,-12.573542594909668,2.0,4
4125,-0.004779580980539322,-5.348529815673828,-11.442279815673828,-14.278217315673828,-15.340717315673828,2.0,1
4126,-17.407672882080078,-15.462361335754395,-6.563923358917236,-0.001423537265509367,-11.532673835754395,4.0,4
4127,-10.652581214904785,-0.027581535279750824,-3.6057064533233643,-11.472893714904785,-15.355706214904785,4.0,2
4128,-15.985244750976562,-11.680557250976562,-1.8836826086044312,-0.16493262350559235,-12.453994750976562,2.0,4
4129,-17.065460205078125,-10.917022705078125,-0.0029599922709167004,-5.831085205078125,-14.932647705078125,2.0,3
4130,-14.211161613464355,-14.679911613464355,-10.218974113464355,-0.0002244459028588608,-8.609599113464355,4.0,4
4131,-11.761190414428711,-0.1986902356147766,-1.7143151760101318,-9.245565414428711,-14.636190414428711,3.0,2
4132,-0.248675137758255,-1.5143001079559326,-8.545550346374512,-12.318987846374512,-14.162737846374512,2.0,1
4133,-15.017972946166992,-13.783597946166992,-6.627347469329834,-0.0023475727066397667,-6.892972469329834,4.0,4
4134,-17.27133560180664,-12.638524055480957,-2.435398817062378,-0.09164876490831375,-12.755711555480957,5.0,4
4135,-16.972270965576172,-13.566020965576172,-1.0035210847854614,-0.4566460847854614,-13.261333465576172,4.0,4
4136,-16.601703643798828,-16.218891143798828,-9.515766143798828,-0.00014125302550382912,-9.625141143798828,3.0,4
4137,-17.516681671142578,-15.860431671142578,-6.860432147979736,-0.0010569468140602112,-12.251056671142578,3.0,4
4138,-15.860218048095703,-15.211780548095703,-8.118030548095703,-0.008655177429318428,-4.789905071258545,3.0,4
4139,-16.94541358947754,-16.91416358947754,-11.156351089477539,-0.00010072677832795307,-9.390726089477539,2.0,4
4140,-0.0012278169160708785,-6.719977855682373,-11.126227378845215,-13.391852378845215,-13.251227378845215,3.0,1
4141,-15.705588340759277,-8.908713340759277,-0.0024634036235511303,-6.064963340759277,-14.900900840759277,4.0,3
4142,-16.487773895263672,-16.940898895263672,-11.229962348937988,-0.0033996663987636566,-5.690899848937988,3.0,4
4143,-14.564752578735352,-6.127252101898193,-0.002252305392175913,-9.642877578735352,-15.213190078735352,4.0,3
4144,-16.303672790527344,-16.764610290527344,-10.873985290527344,-0.030235260725021362,-3.5146102905273438,3.0,4
4145,-13.28598690032959,-0.8797370791435242,-0.5359870791435242,-11.41098690032959,-15.51254940032959,3.0,3
4146,-14.084907531738281,-9.725532531738281,-0.006782959681004286,-5.0067830085754395,-12.561470031738281,4.0,3
4147,-15.893081665039062,-14.322769165039062,-6.143082141876221,-0.00245710089802742,-8.111831665039062,4.0,4
4148,-16.76365852355957,-16.10740852355957,-8.904284477233887,-0.013659459538757801,-4.310534477233887,3.0,4
4149,-17.254629135131836,-15.270254135131836,-5.379629135131836,-0.004629132803529501,-12.035879135131836,3.0,4
4150,-17.48724365234375,-13.838807106018066,-2.6513068675994873,-0.07318197190761566,-12.588807106018066,4.0,4
4151,-17.015838623046875,-16.304901123046875,-8.828338623046875,-0.00021371940965764225,-9.656463623046875,4.0,4
4152,-17.1207218170166,-11.026971817016602,-0.45665937662124634,-1.0035343170166016,-13.339471817016602,3.0,3
4153,-16.809783935546875,-13.801972389221191,-4.356659889221191,-0.01290988177061081,-13.309784889221191,4.0,4
4154,-13.416446685791016,-13.338321685791016,-8.783634185791016,-0.0023842023219913244,-6.111759185791016,3.0,4
4155,-17.203617095947266,-15.56299114227295,-7.891116142272949,-0.0004913791781291366,-9.07861614227295,1.0,4
4156,-14.83785629272461,-6.298793792724609,-0.0019189768936485052,-9.48629379272461,-14.84566879272461,3.0,3
4157,-12.555217742919922,-8.891155242919922,-1.3599056005477905,-0.2974056005477905,-7.81303071975708,3.0,4
4158,-18.2276668548584,-16.2354793548584,-6.813605308532715,-0.0011051744222640991,-12.696417808532715,4.0,4
4159,-17.817481994628906,-13.536231994628906,-2.3643569946289062,-0.09873193502426147,-13.676856994628906,3.0,4
4160,-15.697101593017578,-6.361164569854736,-0.0017893984913825989,-9.736164093017578,-15.587726593017578,5.0,3
4161,-12.1834077835083,-0.019345417618751526,-3.95684552192688,-10.4255952835083,-16.113096237182617,1.0,2
4162,-14.9783935546875,-15.5252685546875,-10.1502685546875,-0.13464389741420746,-2.072143793106079,5.0,4
4163,-16.712915420532227,-17.580102920532227,-12.54885196685791,-0.017602063715457916,-4.04885196685791,2.0,4
4164,-15.429734230041504,-13.812546730041504,-10.218796730041504,-4.637133679352701e-05,-11.882859230041504,3.0,4
4165,-17.45331382751465,-16.77362632751465,-8.734564781188965,-0.00018976318824570626,-10.531439781188965,3.0,4
4166,-15.544412612915039,-16.04441261291504,-10.950662612915039,-0.4740998446941376,-0.97409987449646,2.0,4
4167,-14.886552810668945,-15.706865310668945,-11.097490310668945,-1.1053030490875244,-0.4021780490875244,4.0,5
4168,-16.329177856445312,-15.899490356445312,-9.001052856445312,-0.001053255284205079,-6.985428333282471,4.0,4
4169,-16.156890869140625,-16.313140869140625,-10.797516822814941,-0.0006414977833628654,-7.391266345977783,4.0,4
4170,-16.187776565551758,-15.398714065551758,-8.703401565551758,-0.0002768848498817533,-9.140901565551758,4.0,4
4171,-16.501388549804688,-16.931076049804688,-11.704513549804688,-0.06388814747333527,-2.7826380729675293,5.0,4
4172,-16.22269630432129,-12.910196304321289,-3.168009042739868,-0.04300893098115921,-12.839883804321289,3.0,4
4173,-16.641313552856445,-9.563189506530762,-0.0006891497760079801,-7.3913140296936035,-14.899127006530762,3.0,3
4174,-16.43546485900879,-12.122965812683105,-0.13859060406684875,-2.0448405742645264,-12.841715812683105,4.0,3
4175,-16.093944549560547,-8.73456859588623,-0.0001938155182870105,-10.37519359588623,-15.42206859588623,4.0,3
4176,-6.876105785369873,-0.00110600795596838,-9.547981262207031,-14.235481262207031,-16.65735626220703,2.0,2
4177,-15.869147300720215,-6.705085277557373,-0.0019602624233812094,-7.220710277557373,-14.900397300720215,4.0,3
4178,-15.893840789794922,-16.057903289794922,-10.292278289794922,-0.0032160962000489235,-5.75321626663208,5.0,4
4179,-16.859642028808594,-9.640892028808594,-0.00026675479602999985,-8.515892028808594,-15.297142028808594,5.0,3
4180,-16.03193473815918,-9.094435691833496,-0.0006852186052128673,-7.469435214996338,-14.516310691833496,5.0,3
4181,-16.445371627807617,-16.515684127807617,-10.531310081481934,-5.972207145532593e-05,-10.375060081481934,4.0,4
4182,-16.679765701293945,-16.843828201293945,-11.125078201293945,-7.86750388215296e-05,-9.703203201293945,3.0,4
4183,-17.323055267333984,-11.744929313659668,-0.010554683394730091,-4.557429790496826,-14.580866813659668,2.0,3
4184,-11.585772514343262,-0.023272117599844933,-3.7732720375061035,-11.171710014343262,-15.077960014343262,4.0,2
4185,-12.266345977783203,-0.899158239364624,-0.524158239364624,-6.883533477783203,-14.156970977783203,3.0,3
4186,-17.679845809936523,-16.570470809936523,-8.797032356262207,-0.00015770144818816334,-12.265782356262207,5.0,4
4187,-9.144455909729004,-0.0038309532683342695,-5.597580909729004,-11.855393409729004,-15.097580909729004,3.0,2
4188,-16.21361541748047,-13.283926963806152,-3.1979894638061523,-0.04173946753144264,-10.463614463806152,4.0,4
4189,-17.10433006286621,-17.79964256286621,-12.369955062866211,-0.002767187776044011,-5.893392086029053,4.0,4
4190,-17.086763381958008,-17.414888381958008,-11.922700881958008,-0.0008261366747319698,-7.110201358795166,2.0,4
4191,-10.488672256469727,-0.10585975646972656,-2.3089847564697266,-6.855859756469727,-13.332422256469727,4.0,2
4192,-16.13360023498535,-16.19610023498535,-10.438286781311035,-0.0007869484252296388,-7.188286781311035,3.0,4
4193,-18.031299591064453,-11.195362091064453,-0.007861742749810219,-4.851611614227295,-15.234424591064453,5.0,3
4194,-15.608250617980957,-16.577001571655273,-11.444188117980957,-0.22543850541114807,-1.6004384756088257,3.0,4
4195,-14.854392051696777,-7.252829551696777,-0.002829597797244787,-6.159079551696777,-14.377829551696777,4.0,3
4196,-14.548357963562012,-4.712420463562012,-0.009295636788010597,-8.228045463562012,-14.954607963562012,3.0,3
4197,-12.188425064086914,-0.01654980517923832,-4.110299587249756,-12.469675064086914,-16.360300064086914,3.0,2
4198,-14.422337532043457,-15.695775032043457,-11.062962532043457,-1.6254624128341675,-0.21921241283416748,4.0,5
4199,-13.051090240478516,-0.05109025537967682,-3.0042152404785156,-8.394840240478516,-15.808902740478516,3.0,2
4200,-16.80073356628418,-14.98823356628418,-5.566359043121338,-0.003858859883621335,-10.66010856628418,1.0,4
4201,-16.407764434814453,-16.907764434814453,-11.665576934814453,-0.0015142414486035705,-6.501514434814453,3.0,4
4202,-16.405717849731445,-16.890092849731445,-11.280718803405762,-0.022905878722667694,-3.7885308265686035,5.0,4
4203,-16.445791244506836,-15.359854698181152,-7.734854221343994,-0.000479344860650599,-10.156729698181152,5.0,4
4204,-16.270366668701172,-7.403180122375488,-0.012555013410747051,-4.434430122375488,-14.043805122375488,3.0,3
4205,-18.835927963256836,-14.078115463256836,-0.14061561226844788,-2.031240701675415,-14.523427963256836,3.0,3
4206,-14.739341735839844,-14.372154235839844,-8.583091735839844,-0.05184175819158554,-2.9893417358398438,4.0,4
4207,-12.04772663116455,-2.422727108001709,-0.0946020632982254,-6.453977108001709,-13.89928913116455,4.0,3
4208,-17.85171890258789,-16.50015640258789,-8.859530448913574,-0.00015555603022221476,-11.351717948913574,2.0,4
4209,-16.634153366088867,-16.134153366088867,-8.72008991241455,-0.0013399679446592927,-6.751339912414551,4.0,4
4210,-18.195417404174805,-17.507917404174805,-9.406355857849121,-0.00010585224663373083,-10.703230857849121,3.0,4
4211,-11.512925464970229,-11.512925464970229,-11.512925464970229,-11.512925464970229,-11.512925464970229,4.0,-1
4212,-17.24540901184082,-11.643847465515137,-0.10478490591049194,-2.3079099655151367,-13.534472465515137,3.0,3
4213,-10.525125503540039,-0.009500411339104176,-4.665750503540039,-11.072000503540039,-16.08762550354004,4.0,2
4214,-13.996963500976562,-13.411026000976562,-7.9422760009765625,-0.0047760214656591415,-5.4266510009765625,5.0,4
4215,-11.171943664550781,-6.913899414939806e-05,-9.843818664550781,-13.765693664550781,-17.02350616455078,3.0,2
4216,-17.414974212646484,-15.680599212646484,-7.016536712646484,-0.0009116546134464443,-11.727474212646484,2.0,4
4217,-16.851858139038086,-16.867483139038086,-10.844045639038086,-0.0002960720448754728,-8.203420639038086,4.0,4
4218,-17.51573371887207,-17.22667121887207,-11.523547172546387,-0.00010966652916977182,-9.250109672546387,5.0,4
4219,-11.845833778381348,-0.025521012023091316,-3.6817710399627686,-11.400521278381348,-15.884896278381348,4.0,2
4220,-17.025440216064453,-15.634815216064453,-6.252003192901611,-0.00200297380797565,-9.548877716064453,2.0,4
4221,-16.805448532104492,-9.407011032104492,-0.0007607426377944648,-7.297635555267334,-15.430448532104492,2.0,3
4222,-17.276853561401367,-14.808103561401367,-4.495603084564209,-0.011228230781853199,-12.753416061401367,2.0,4
4223,-16.93118667602539,-10.884312629699707,-0.0014998388942331076,-6.517124652862549,-15.290562629699707,2.0,3
4224,-17.18973159790039,-9.45535659790039,-0.0022314905654639006,-6.142856597900391,-15.43973159790039,3.0,3
4225,-11.512925464970229,-11.512925464970229,-11.512925464970229,-11.512925464970229,-11.512925464970229,2.0,-1
4226,-14.065733909606934,-15.276671409606934,-11.214171409606934,-2.3079211711883545,-0.10479606688022614,4.0,5
4227,-18.097312927246094,-10.972312927246094,-0.0035631281789392233,-5.644187927246094,-15.198875427246094,3.0,3
4228,-16.924522399902344,-13.38546085357666,-3.19796085357666,-0.04171076789498329,-12.89327335357666,3.0,4
4229,-15.495224952697754,-8.596787452697754,-0.003037127433344722,-5.862411975860596,-13.495224952697754,4.0,3
4230,-16.47031021118164,-14.42343521118164,-6.470310688018799,-0.0015605426160618663,-12.14999771118164,4.0,4
4231,-8.577835083007812,-0.030959833413362503,-3.4997098445892334,-9.327835083007812,-14.843460083007812,3.0,2
4232,-14.274189949035645,-4.141377925872803,-0.016377897933125496,-7.985127925872803,-14.657002449035645,3.0,3
4233,-16.045751571655273,-16.428564071655273,-11.045750617980957,-0.22543832659721375,-1.6004383563995361,4.0,4
4234,-16.90570831298828,-17.34320831298828,-11.765083312988281,-0.007271017879247665,-4.929145812988281,3.0,4
4235,-16.622390747070312,-9.942704200744629,-0.005203750915825367,-5.270828723907471,-14.473954200744629,4.0,3
4236,-16.70856285095215,-13.763249397277832,-1.4898122549057007,-0.2554372549057007,-13.177311897277832,3.0,4
4237,-14.248788833618164,-4.248788356781006,-0.014413527213037014,-10.545663833618164,-15.311288833618164,3.0,3
4238,-16.9036865234375,-17.1380615234375,-11.294312477111816,-0.005249525420367718,-5.255249500274658,4.0,4
4239,-15.907242774963379,-8.922867774963379,-0.0009925207123160362,-7.063492298126221,-14.321305274963379,4.0,3
4240,-17.101016998291016,-15.335391998291016,-4.202579498291016,-0.015079667791724205,-12.046329498291016,5.0,4
4241,-17.759347915649414,-15.97809886932373,-6.4859113693237305,-0.0015361425466835499,-11.93122386932373,4.0,4
4242,-16.090940475463867,-16.809690475463867,-11.762815475463867,-0.3175031542778015,-1.3018782138824463,4.0,4
4243,-14.282142639160156,-15.118080139160156,-11.594642639160156,-3.4540176391601562,-0.03214262053370476,4.0,5
4244,-17.28962516784668,-16.93025016784668,-11.07868766784668,-0.0005627478822134435,-7.51618766784668,4.0,4
4245,-17.35245132446289,-15.67276382446289,-7.235263347625732,-0.0008884296985343099,-8.71963882446289,4.0,4
4246,-16.528541564941406,-16.817604064941406,-11.091041564941406,-0.03635405749082565,-3.3332290649414062,4.0,4
4247,-18.086654663085938,-16.055404663085938,-7.250716686248779,-0.0007169060409069061,-12.297592163085938,3.0,4
4248,-14.00031566619873,-13.46125316619873,-8.82844066619873,-0.00031609306461177766,-8.71906566619873,3.0,4
4249,-9.50256061553955,-0.0025601964443922043,-6.002560138702393,-11.84631061553955,-15.21349811553955,3.0,2
4250,-14.95588493347168,-15.31525993347168,-10.84650993347168,-0.010572376661002636,-4.55744743347168,4.0,4
4251,-16.52385139465332,-10.75041389465332,-0.031663551926612854,-3.469163656234741,-14.13322639465332,4.0,3
4252,-11.512925464970229,-11.512925464970229,-11.512925464970229,-11.512925464970229,-11.512925464970229,3.0,-1
4253,-7.703835964202881,-0.0007110689766705036,-8.266336441040039,-14.094461441040039,-16.68821144104004,2.0,2
4254,-15.98058032989502,-16.613393783569336,-10.60558032989502,-0.05089302733540535,-3.0040180683135986,4.0,4
4255,-17.627347946166992,-16.807035446166992,-9.861723899841309,-0.0023487620055675507,-6.080473899841309,4.0,4
4256,-15.207208633422852,-16.01189613342285,-11.074396133422852,-0.38689661026000977,-1.1368966102600098,1.0,4
4257,-18.125244140625,-16.758056640625,-8.375243186950684,-0.000243634101934731,-11.375243186950684,4.0,4
4258,-17.76474952697754,-15.092874526977539,-4.975687026977539,-0.006936872377991676,-12.374124526977539,5.0,4
4259,-17.586009979248047,-17.015697479248047,-9.968822479248047,-7.223821739898995e-05,-10.687572479248047,4.0,4
4260,-10.27021312713623,-0.004588076379150152,-5.3952131271362305,-13.05927562713623,-16.020212173461914,3.0,2
4261,-17.708324432373047,-12.552074432373047,-0.21613654494285583,-1.6380115747451782,-13.575511932373047,3.0,3
4262,-16.318771362304688,-13.240646362304688,-3.8343966007232666,-0.02189662866294384,-10.475021362304688,4.0,4
4263,-17.039596557617188,-15.586471557617188,-7.5630340576171875,-0.0005340342177078128,-11.367721557617188,3.0,4
4264,-15.910407066345215,-11.808844566345215,-2.0041568279266357,-0.1447819024324417,-12.691657066345215,3.0,4
4265,-10.73510456085205,-0.625729501247406,-0.766354501247406,-7.828854560852051,-14.70385456085205,4.0,2
4266,-15.276979446411133,-15.831666946411133,-11.073854446411133,-0.09729231148958206,-2.378542423248291,2.0,4
4267,-17.078649520874023,-16.930212020874023,-10.84427547454834,-0.0005253365379758179,-7.59427547454834,3.0,4
4268,-15.783653259277344,-8.174278259277344,-0.0024029924534261227,-6.1586527824401855,-14.143028259277344,3.0,3
4269,-16.67355728149414,-15.587618827819824,-6.423556327819824,-0.0016813441179692745,-9.861056327819824,4.0,4
4270,-15.47282886505127,-15.69157886505127,-11.11345386505127,-1.1368910074234009,-0.3868910074234009,2.0,5
4271,-16.87528419494629,-16.35965919494629,-9.906533241271973,-0.0002834395272657275,-8.375283241271973,5.0,4
4272,-17.4010009765625,-15.3150634765625,-5.971313953399658,-0.0025638823863118887,-11.9947509765625,4.0,4
4273,-17.438875198364258,-17.517000198364258,-12.126376152038574,-0.0013759202556684613,-6.595126152038574,3.0,4
4274,-16.85959815979004,-16.25022315979004,-9.984597206115723,-0.00022230061586014926,-8.656472206115723,3.0,4
4275,-16.015853881835938,-16.226791381835938,-10.578352928161621,-0.054915592074394226,-2.9299156665802,1.0,4
4276,-0.30096176266670227,-1.3478367328643799,-9.4181489944458,-13.1134614944458,-14.8009614944458,4.0,1
4277,-10.07477855682373,-0.08259087055921555,-2.5357158184051514,-10.77009105682373,-14.92634105682373,5.0,2
4278,-17.72824478149414,-18.45480728149414,-12.51730728149414,-0.001682177186012268,-6.392307281494141,3.0,4
4279,-16.70327377319336,-16.14858627319336,-9.250147819519043,-0.0001481661747675389,-9.906397819519043,4.0,4
4280,-17.82861328125,-16.20361328125,-7.65673828125,-0.0004880429187323898,-11.20361328125,4.0,4
4281,-15.941925048828125,-7.254425048828125,-0.004425256513059139,-5.598175048828125,-14.309112548828125,4.0,3
4282,-16.390962600708008,-8.656587600708008,-0.10971245914697647,-2.2659623622894287,-14.273775100708008,4.0,3
4283,-16.398866653442383,-16.641054153442383,-11.172304153442383,-0.01605452597141266,-4.141054630279541,4.0,4
4284,-10.807393074035645,-0.041768163442611694,-3.1980180740356445,-10.073018074035645,-15.041768074035645,2.0,2
4285,-17.033313751220703,-15.119250297546387,-6.252063274383545,-0.002063052263110876,-8.939562797546387,5.0,4
4286,-16.017906188964844,-9.197593688964844,-0.2132187783718109,-1.6507188081741333,-13.650718688964844,4.0,3
4287,-15.987257957458496,-8.979445457458496,-0.05757056176662445,-2.885695457458496,-13.885695457458496,4.0,3
4288,-12.214960098266602,-3.6212096214294434,-0.02745964750647545,-8.027460098266602,-14.097772598266602,2.0,3
4289,-9.424493789672852,-0.018243374302983284,-4.018243312835693,-11.549493789672852,-14.986993789672852,3.0,2
4290,-15.225776672363281,-16.13202667236328,-11.288276672363281,-0.21015125513076782,-1.663276195526123,4.0,4
4291,-16.44560432434082,-16.65654182434082,-11.359667778015137,-0.0002924968139268458,-8.187792778015137,5.0,4
4292,-11.289874076843262,-0.11799906939268112,-2.1961240768432617,-9.852374076843262,-14.672686576843262,3.0,2
4293,-15.792303085327148,-16.05011558532715,-10.706365585327148,-0.10480283200740814,-2.3079278469085693,4.0,4
4294,-15.16749095916748,-16.542490005493164,-12.39405345916748,-1.2456157207489014,-0.33936575055122375,5.0,5
4295,-13.638191223144531,-3.1381914615631104,-0.044441573321819305,-9.169441223144531,-15.044441223144531,5.0,3
4296,-10.689332008361816,-10.697144508361816,-6.408082485198975,-0.0018324741395190358,-8.939332008361816,3.0,4
4297,-15.180963516235352,-7.03252649307251,-0.03252626582980156,-3.4700262546539307,-14.266901016235352,4.0,3
4298,-15.793435096740723,-16.24656105041504,-10.684060096740723,-0.09031032770872116,-2.4496853351593018,4.0,4
4299,-16.899999618530273,-15.681248664855957,-8.142186164855957,-0.0015614947769790888,-6.673436641693115,4.0,4
4300,-14.928794860839844,-5.0069193840026855,-0.006919469218701124,-8.506919860839844,-14.975669860839844,4.0,3
4301,-15.447166442871094,-8.689353942871094,-0.15810401737689972,-1.9237290620803833,-13.790916442871094,5.0,3
4302,-10.615869522094727,-0.10024411231279373,-2.3502440452575684,-11.475244522094727,-15.592432022094727,1.0,2
4303,-8.093983342405409e-05,-9.484456062316895,-13.211018562316895,-14.867268562316895,-14.515706062316895,5.0,1
4304,-3.433168603805825e-05,-10.40628433227539,-13.85940933227539,-15.37503433227539,-14.89065933227539,3.0,1
4305,-16.60968780517578,-16.09406280517578,-9.750313758850098,-0.0003137096355203539,-8.281563758850098,4.0,4
4306,-13.999022483825684,-4.295897006988525,-0.01464721467345953,-6.999022006988525,-14.530272483825684,4.0,3
4307,-8.701839447021484,-0.01433961559087038,-4.264339447021484,-11.928401947021484,-15.686214447021484,3.0,2
4308,-15.143157005310059,-7.057219982147217,-0.10409483313560486,-2.3228447437286377,-13.729094505310059,3.0,3
4309,-13.702935218811035,-3.1091856956481934,-0.04668562114238739,-6.937310695648193,-14.452935218811035,2.0,3
4310,-16.466480255126953,-11.802417755126953,-1.739917278289795,-0.1930423378944397,-12.778980255126953,4.0,4
4311,-13.185619354248047,-2.0449938774108887,-0.13874398171901703,-8.716869354248047,-15.451244354248047,4.0,3
4312,-14.591020584106445,-6.411333084106445,-0.005082899704575539,-5.676958084106445,-14.739458084106445,2.0,3
4313,-7.924964904785156,-0.0030898945406079292,-5.909339904785156,-12.057777404785156,-15.737464904785156,4.0,2
4314,-0.30936452746391296,-1.3249895572662354,-8.215614318847656,-12.098426818847656,-13.731239318847656,1.0,1
4315,-11.723388671875,-1.0046381950378418,-0.4577631950378418,-6.801513195037842,-14.301513671875,5.0,3
4316,-16.651687622070312,-14.323562622070312,-4.511062145233154,-0.011062362231314182,-11.706375122070312,3.0,4
4317,-16.591596603393555,-10.568158149719238,-0.5759708285331726,-0.8259708285331726,-13.060345649719238,5.0,3
4318,-15.739136695861816,-16.434450149536133,-11.528199195861816,-0.26257437467575073,-1.4656994342803955,4.0,4
4319,-16.153600692749023,-16.052038192749023,-10.32547664642334,-0.1145387813448906,-2.2239136695861816,5.0,4
4320,-17.364486694335938,-11.583236694335938,-0.07542464137077332,-2.6222996711730957,-14.450424194335938,2.0,3
4321,-18.09392738342285,-18.08611488342285,-10.750177383422852,-0.00017736769223120064,-8.781427383422852,3.0,4
4322,-17.077234268188477,-13.03035831451416,-2.5069210529327393,-0.08504612743854523,-12.88192081451416,3.0,4
4323,-13.509561538696289,-12.087686538696289,-6.517374038696289,-0.0017488199518993497,-8.267374038696289,5.0,4
4324,-15.333894729614258,-9.419832229614258,-0.6854572296142578,-0.7010822296142578,-13.880769729614258,2.0,3
4325,-0.0003234816831536591,-8.078448295593262,-12.172198295593262,-13.937823295593262,-13.367510795593262,5.0,1
4326,-16.746919631958008,-16.645357131958008,-10.465669631958008,-0.012544653378427029,-4.387544631958008,4.0,4
4327,-11.278448104858398,-0.0050104293040931225,-5.301885604858398,-13.380010604858398,-16.9425106048584,5.0,2
4328,-10.978779792785645,-0.21315434575080872,-1.6506543159484863,-10.595967292785645,-15.150654792785645,3.0,2
4329,-15.626190185546875,-15.985565185546875,-10.798065185546875,-0.2590026557445526,-1.477752685546875,5.0,4
4330,-17.047969818115234,-15.399531364440918,-6.922968864440918,-0.0010939810890704393,-9.157343864440918,3.0,4
4331,-11.855915069580078,-0.09029039740562439,-2.4496653079986572,-12.785602569580078,-16.277790069580078,3.0,2
4332,-17.020782470703125,-16.833282470703125,-9.684844970703125,-0.01296977885067463,-4.356719970703125,3.0,4
4333,-9.149547576904297,-1.0167350769042969,-0.4542350172996521,-5.751110076904297,-13.594860076904297,5.0,3
4334,-17.09482765197754,-15.469827651977539,-6.844827651977539,-0.001077548018656671,-11.665140151977539,3.0,4
4335,-6.86067533493042,-0.0013005617074668407,-8.298175811767578,-14.243488311767578,-16.774738311767578,2.0,2
4336,-9.156445503234863,-0.0001951265730895102,-9.343945503234863,-14.273633003234863,-17.101757049560547,4.0,2
4337,-15.940620422363281,-5.8781208992004395,-0.0031207927968353033,-8.065620422363281,-15.549995422363281,5.0,3
4338,-16.71364402770996,-16.85426902770996,-10.549581527709961,-0.002706794999539852,-5.924582004547119,4.0,4
4339,-18.133014678955078,-17.015827178955078,-8.578327178955078,-0.00020215852418914437,-11.320514678955078,5.0,4
4340,-7.2509331703186035,-0.0009333306807093322,-8.422808647155762,-14.149371147155762,-16.579057693481445,3.0,2
4341,-15.493927955627441,-14.947052955627441,-8.111115455627441,-0.017365317791700363,-4.079865455627441,4.0,4
4342,-15.783060073852539,-16.26743507385254,-10.478372573852539,-0.13462232053279877,-2.07212233543396,4.0,4
4343,-16.411571502685547,-13.536571502685547,-5.239696502685547,-0.005321622826159,-13.177196502685547,3.0,4
4344,-15.520666122436523,-15.512853622436523,-9.786291122436523,-0.09879101067781448,-2.3644161224365234,3.0,4
4345,-15.897967338562012,-15.733904838562012,-9.554217338562012,-0.022967394441366196,-3.7885923385620117,2.0,4
4346,-16.8438777923584,-17.4532527923584,-12.172003746032715,-0.0001284993631998077,-9.015753746032715,4.0,4
4347,-13.351836204528809,-3.0783984661102295,-0.0471484512090683,-10.953398704528809,-15.547148704528809,4.0,3
4348,-8.516280174255371,-0.0006550788530148566,-7.703780174255371,-13.570967674255371,-16.688154220581055,4.0,2
4349,-17.05138397216797,-11.145133972167969,-0.4341960847377777,-1.0435711145401,-13.824821472167969,4.0,3
4350,-16.12356185913086,-17.17824935913086,-12.045437812805176,-0.05325005203485489,-2.9595000743865967,5.0,4
4351,-17.321487426757812,-11.704300880432129,-0.5168008804321289,-0.9074258804321289,-13.727738380432129,4.0,3
4352,-11.213693618774414,-0.01056907419115305,-4.557444095611572,-11.666818618774414,-15.744943618774414,3.0,2
4353,-16.992481231689453,-15.929981231689453,-8.172168731689453,-0.00029392691794782877,-11.640918731689453,4.0,4
4354,-0.00010156115604331717,-9.234476089477539,-13.148538589477539,-14.882913589477539,-14.765726089477539,1.0,1
4355,-11.158551216125488,-0.5491763353347778,-0.8616763353347778,-9.189801216125488,-14.627301216125488,3.0,2
4356,-16.521604537963867,-16.834104537963867,-10.998167037963867,-0.045042429119348526,-3.1231675148010254,3.0,4
4357,-11.162047386169434,-0.6854845881462097,-0.7011095881462097,-9.216734886169434,-14.404234886169434,4.0,2
4358,-16.642335891723633,-15.525147438049316,-4.064210414886475,-0.017335206270217896,-12.337647438049316,4.0,4
4359,-11.032367706298828,-0.0011174393584951758,-6.81361722946167,-14.462055206298828,-17.508930206298828,4.0,2
4360,-17.672407150268555,-16.477094650268555,-7.609907627105713,-0.0005327236140146852,-10.328658103942871,4.0,4
4361,-16.487749099731445,-10.050250053405762,-0.003374716965481639,-5.7064995765686035,-15.065875053405762,5.0,3
4362,-15.0736083984375,-6.253295421600342,-0.0032954690977931023,-6.597045421600342,-14.5111083984375,2.0,3
4363,-12.342809677124023,-1.053747296333313,-0.4287473261356354,-10.131872177124023,-15.209997177124023,5.0,3
4364,-16.898893356323242,-15.844205856323242,-7.844205856323242,-0.0004558716027531773,-9.703580856323242,3.0,4
4365,-17.17982292175293,-16.86732292175293,-9.906386375427246,-0.00013636612857226282,-9.375136375427246,5.0,4
4366,-17.03939437866211,-15.76595687866211,-8.03158187866211,-0.0003323002893012017,-12.32064437866211,5.0,4
4367,-16.767333984375,-14.806396484375,-6.376708984375,-0.0017090728506445885,-12.728271484375,5.0,4
4368,-17.75836753845215,-15.961493492126465,-7.500555515289307,-0.0005557184922508895,-13.758368492126465,3.0,4
4369,-16.930328369140625,-17.000640869140625,-10.735016822814941,-0.0006413786904886365,-7.391266345977783,4.0,4
4370,-16.7374324798584,-14.448369026184082,-5.815556526184082,-0.0030567371286451817,-9.643681526184082,4.0,4
4371,-16.86676597595215,-13.304265022277832,-3.2730154991149902,-0.03864039480686188,-12.780827522277832,5.0,4
4372,-16.071075439453125,-12.047638893127441,-2.1960761547088623,-0.11795118451118469,-12.242951393127441,3.0,4
4373,-16.258413314819336,-15.164663314819336,-7.500601291656494,-0.0006011109799146652,-10.047475814819336,5.0,4
4374,-17.557907104492188,-13.346969604492188,-2.3079071044921875,-0.10478221625089645,-12.386032104492188,4.0,4
4375,-14.369180679321289,-15.025430679321289,-10.314493179321289,-0.3769930601119995,-1.1582430601119995,5.0,4
4376,-16.1534366607666,-12.567499160766602,-1.3018746376037598,-0.3174996078014374,-12.973749160766602,3.0,4
4377,-15.530231475830078,-8.006793975830078,-0.1005442887544632,-2.3505442142486572,-13.788043975830078,5.0,3
4378,-17.10443687438965,-12.643498420715332,-0.2450612634420395,-1.5263112783432007,-14.166935920715332,4.0,3
4379,-16.752822875976562,-13.690322875976562,-4.0028228759765625,-0.01844773069024086,-11.776260375976562,5.0,4
4380,-16.33756446838379,-14.743814468383789,-6.486001968383789,-0.0016271935310214758,-9.236001968383789,2.0,4
4381,-16.814836502075195,-14.869524002075195,-6.1429619789123535,-0.002336750039830804,-8.627336502075195,3.0,4
4382,-15.814448356628418,-16.4550724029541,-11.259760856628418,-0.25194820761680603,-1.5019482374191284,4.0,4
4383,-8.036201477050781,-0.004951832816004753,-5.3799519538879395,-12.161201477050781,-15.614326477050781,5.0,2
4384,-16.697969436645508,-9.205781936645508,-0.002656504511833191,-5.97140645980835,-15.385469436645508,4.0,3
4385,-16.154857635498047,-10.404857635498047,-0.3970455527305603,-1.115795612335205,-12.959545135498047,5.0,3
4386,-12.440479278564453,-4.190479278564453,-0.08110416680574417,-2.768604278564453,-13.104541778564453,4.0,3
4387,-16.220003128051758,-14.063752174377441,-6.688752174377441,-0.0012522244360297918,-12.720002174377441,2.0,4
4388,-14.248291969299316,-3.123291492462158,-0.04516652598977089,-8.826416969299316,-15.459229469299316,4.0,3
4389,-9.495421409606934,-0.07354686409235,-2.651671886444092,-8.136046409606934,-13.307921409606934,4.0,2
4390,-14.849512100219727,-5.224512100219727,-0.005761919543147087,-7.927637100219727,-14.958887100219727,4.0,3
4391,-14.374377250671387,-15.515002250671387,-11.897814750671387,-2.944690227508545,-0.05406521260738373,4.0,5
4392,-13.351248741149902,-2.5074989795684814,-0.08562396466732025,-7.444998741149902,-14.624686241149902,3.0,3
4393,-13.573654174804688,-3.0189669132232666,-0.050216998904943466,-9.018966674804688,-14.784591674804688,5.0,3
4394,-16.472379684448242,-16.394254684448242,-10.550504684448242,-0.003629408311098814,-5.628629207611084,2.0,4
4395,-17.778413772583008,-14.145601272583008,-3.575289011001587,-0.028413942083716393,-13.450288772583008,5.0,4
4396,-14.821178436279297,-15.555553436279297,-11.532115936279297,-1.8836785554885864,-0.1649285852909088,4.0,5
4397,-17.47661018371582,-17.29692268371582,-10.98442268371582,-4.732496745418757e-05,-10.53129768371582,5.0,4
4398,-17.336030960083008,-16.523530960083008,-9.468844413757324,-9.417090768693015e-05,-11.125094413757324,4.0,4
4399,-0.00042489083716645837,-7.781674861907959,-12.297300338745117,-14.250425338745117,-14.508237838745117,1.0,1
4400,-15.496342658996582,-6.61353063583374,-0.019780520349740982,-4.00415563583374,-14.011967658996582,4.0,3
4401,-14.812434196472168,-5.734309196472168,-0.01555899903178215,-4.406184196472168,-14.632746696472168,4.0,3
4402,-16.172561645507812,-16.485061645507812,-11.172562599182129,-0.008499992080032825,-4.774125099182129,5.0,4
4403,-16.720258712768555,-10.501507759094238,-0.00150781380943954,-6.517132759094238,-15.290570259094238,4.0,3
4404,-12.264280319213867,-1.9908429384231567,-0.14709289371967316,-8.537717819213867,-14.170530319213867,3.0,3
4405,-17.067350387573242,-17.536100387573242,-12.207974433898926,-0.004849576391279697,-5.332974433898926,5.0,4
4406,-17.579017639160156,-16.094642639160156,-7.0321431159973145,-0.0008933129138313234,-11.774331092834473,4.0,4
4407,-16.316871643066406,-16.371559143066406,-10.504371643066406,-0.0668712705373764,-2.738746166229248,5.0,4
4408,-16.109296798706055,-16.890546798706055,-11.468671798706055,-0.031171774491667747,-3.4842967987060547,2.0,4
4409,-17.174022674560547,-9.642773628234863,-0.0958985984325409,-2.3927736282348633,-14.767773628234863,5.0,3
4410,-17.413610458374023,-13.655797958374023,-3.0932977199554443,-0.046422772109508514,-12.991735458374023,4.0,4
4411,-14.181659698486328,-15.689472198486328,-12.001972198486328,-2.56447172164917,-0.0800967738032341,5.0,5
4412,-17.931743621826172,-15.517681121826172,-6.18955659866333,-0.002056509256362915,-13.423931121826172,4.0,4
4413,-15.305916786193848,-8.329354286193848,-0.0012288884026929736,-6.9231038093566895,-14.243416786193848,5.0,3
4414,-7.732773780822754,-0.09214876592159271,-2.435898780822754,-9.607773780822754,-14.139023780822754,4.0,2
4415,-16.02365493774414,-14.37521743774414,-8.45334243774414,-0.00021741411183029413,-12.91427993774414,5.0,4
4416,-10.69141960144043,-0.9648566842079163,-0.48048168420791626,-7.7148566246032715,-13.87891960144043,3.0,3
4417,-15.63958740234375,-16.23333740234375,-11.14739990234375,-0.3349001407623291,-1.256775140762329,4.0,4
4418,-15.196237564086914,-7.219675064086914,-0.0009248746791854501,-8.563425064086914,-15.133737564086914,4.0,3
4419,-17.13320541381836,-16.39101791381836,-8.34414291381836,-0.00039319414645433426,-8.78164291381836,4.0,4
4420,-9.705341339111328,-0.0022162655368447304,-6.142841339111328,-13.252216339111328,-16.330341339111328,1.0,2
4421,-17.446592330932617,-15.571592330932617,-6.704404830932617,-0.001279846066609025,-9.876279830932617,5.0,4
4422,-5.535469055175781,-0.0042188456282019615,-8.254219055175781,-12.988594055175781,-15.316719055175781,1.0,2
4423,-17.06265640258789,-10.414219856262207,-0.3439069986343384,-1.2345319986343384,-14.468907356262207,5.0,3
4424,-11.866080284118652,-0.8348302245140076,-0.5692052245140076,-9.631705284118652,-14.944205284118652,2.0,3
4425,-17.462921142578125,-14.408234596252441,-4.048859119415283,-0.017609208822250366,-12.134797096252441,4.0,4
4426,-16.767335891723633,-15.96264934539795,-8.97046184539795,-0.0017114529618993402,-6.454836368560791,4.0,4
4427,-15.973856925964355,-14.208231925964355,-5.2863569259643555,-0.005106738768517971,-10.473856925964355,4.0,4
4428,-15.96191692352295,-7.204103946685791,-0.0009791824268177152,-8.36035442352295,-15.79785442352295,2.0,3
4429,-16.259769439697266,-16.962894439697266,-11.830082893371582,-0.009770193137228489,-4.634770393371582,5.0,4
4430,-16.43256950378418,-9.42475700378418,-0.17475704848766327,-1.8310070037841797,-13.84663200378418,4.0,3
4431,-14.134387016296387,-4.079699516296387,-0.017199525609612465,-8.892199516296387,-15.314074516296387,4.0,3
4432,-15.974966049194336,-9.123403549194336,-0.20152853429317474,-1.701528549194336,-13.967153549194336,1.0,3
4433,-16.066238403320312,-11.128739356994629,-1.1053016185760498,-0.4021765887737274,-12.909989356994629,4.0,4
4434,-0.00020752183627337217,-8.515832901000977,-12.453332901000977,-13.961145401000977,-13.820520401000977,1.0,1
4435,-16.196571350097656,-15.868447303771973,-10.298134803771973,-0.009072153829038143,-4.712197303771973,4.0,4
4436,-14.915534019470215,-4.220221519470215,-0.017096523195505142,-6.095221519470215,-15.517096519470215,3.0,3
4437,-17.91413116455078,-17.58600616455078,-10.078192710876465,-6.806619057897478e-05,-10.625067710876465,4.0,4
4438,-6.937739817658439e-05,-9.625069618225098,-13.484444618225098,-15.148507118225098,-14.859444618225098,1.0,1
4439,-9.972880363464355,-0.004130048677325249,-5.504129886627197,-12.511942863464355,-16.71506690979004,4.0,2
4440,-13.148755073547363,-2.930004835128784,-0.05500473454594612,-9.055005073547363,-14.398755073547363,2.0,3
4441,-16.696714401245117,-14.821715354919434,-6.579527854919434,-0.0014027050929144025,-11.602965354919434,4.0,4
4442,-0.00045563330058939755,-7.703580856323242,-12.727018356323242,-15.039518356323242,-15.367643356323242,1.0,1
4443,-17.102401733398438,-15.750839233398438,-8.063339233398438,-0.0008387623238377273,-7.563338756561279,4.0,4
4444,-15.718052864074707,-15.897740364074707,-10.319615364074707,-0.09305297583341599,-2.421177864074707,3.0,4
4445,-16.532127380371094,-15.063376426696777,-7.141501426696777,-0.0008765193051658571,-9.454001426696777,5.0,4
4446,-17.594131469726562,-16.000381469726562,-7.969132423400879,-0.00038223114097490907,-10.344132423400879,2.0,4
4447,-14.862839698791504,-3.987839937210083,-0.019090021029114723,-7.909715175628662,-15.237839698791504,5.0,3
4448,-16.836673736572266,-9.633548736572266,-0.008549162186682224,-4.774174213409424,-15.289798736572266,4.0,3
4449,-13.5462064743042,-4.272769451141357,-0.03839423879981041,-3.7415192127227783,-14.1790189743042,4.0,3
4450,-0.00012313561455812305,-9.031373023986816,-13.140748023986816,-14.851685523986816,-14.820435523986816,1.0,1
4451,-15.076272964477539,-15.279397964477539,-10.373147964477539,-0.7168977856636047,-0.6700227856636047,4.0,5
4452,-9.988166809082031,-0.5428542494773865,-0.8709792494773865,-8.042854309082031,-14.285041809082031,3.0,2
4453,-17.469127655029297,-17.547252655029297,-11.320690155029297,-0.00037722624256275594,-7.922252178192139,4.0,4
4454,-17.7227783203125,-15.1055908203125,-5.5196533203125,-0.0040281834080815315,-11.9493408203125,4.0,4
4455,-12.18900203704834,-1.4780644178390503,-0.2593144178390503,-8.00931453704834,-14.86087703704834,4.0,3
4456,-15.211810111999512,-7.250872611999512,-0.0008727079257369041,-8.735247611999512,-15.336810111999512,2.0,3
4457,-17.328989028930664,-16.196176528930664,-8.250864028930664,-0.0008642514003440738,-7.422739028930664,5.0,4
4458,-17.652507781982422,-11.660321235656738,-0.38688331842422485,-1.13688325881958,-14.379071235656738,4.0,3
4459,-16.909626007080078,-14.909625053405762,-6.065875053405762,-0.003375073429197073,-6.862750053405762,5.0,4
4460,-16.143281936645508,-12.947970390319824,-1.7917203903198242,-0.18234534561634064,-12.127657890319824,4.0,4
4461,-16.440492630004883,-8.862367630004883,-0.0029924397822469473,-5.862367630004883,-15.331117630004883,4.0,3
4462,-15.481569290161133,-16.614381790161133,-12.012819290161133,-0.3175070583820343,-1.301882028579712,4.0,4
4463,-12.612760543823242,-3.019010066986084,-0.05026008188724518,-8.722135543823242,-14.894010543823242,3.0,3
4464,-14.886800765991211,-16.14461326599121,-12.472738265991211,-3.363363742828369,-0.035238735377788544,3.0,5
4465,-17.062850952148438,-16.172225952148438,-8.344099998474121,-0.0003502947511151433,-9.125349998474121,4.0,4
4466,-17.930004119873047,-16.109691619873047,-8.297192573547363,-0.00031716562807559967,-9.703442573547363,4.0,4
4467,-1.6382988691329956,-0.2164238542318344,-8.224236488342285,-11.958611488342285,-14.052361488342285,4.0,2
4468,-17.021583557128906,-14.380959510803223,-3.1231465339660645,-0.045021574944257736,-13.474709510803223,2.0,4
4469,-17.63487434387207,-15.767687797546387,-6.2364373207092285,-0.0020624573808163404,-9.220812797546387,5.0,4
4470,-16.750028610229492,-17.671903610229492,-12.710966110229492,-2.8609820219571702e-05,-10.671903610229492,5.0,4
4471,-16.341039657592773,-13.37229061126709,-4.356665134429932,-0.012915177270770073,-12.42697811126709,5.0,4
4472,-16.142438888549805,-16.579938888549805,-11.048688888549805,-0.11118936538696289,-2.251814365386963,3.0,4
4473,-17.360137939453125,-16.563262939453125,-8.797638893127441,-0.0007638397510163486,-7.407013893127441,4.0,4
4474,-15.011261940002441,-15.651886940002441,-10.901886940002441,-0.5425121188163757,-0.8706371188163757,4.0,4
4475,-17.10992431640625,-13.992735862731934,-3.7427361011505127,-0.023986155167222023,-12.313048362731934,5.0,4
4476,-16.063318252563477,-16.750818252563477,-11.41487979888916,-0.008630240336060524,-4.758630275726318,4.0,4
4477,-16.38806915283203,-11.622444152832031,-1.5755690336227417,-0.2318190634250641,-12.927131652832031,2.0,4
4478,-16.47467613220215,-13.505926132202148,-4.294988632202148,-0.01373883057385683,-12.849676132202148,4.0,4
4479,-12.191967964172363,-2.1685304641723633,-0.12165550142526627,-8.559155464172363,-14.113842964172363,4.0,3
4480,-16.263193130493164,-15.856943130493164,-9.153818130493164,-0.044443510472774506,-3.1381936073303223,2.0,4
4481,-15.825780868530273,-12.122655868530273,-2.8414053916931152,-0.060155417770147324,-10.458593368530273,4.0,4
4482,-15.720954895019531,-16.08814239501953,-10.580329895019531,-0.2131423056125641,-1.6506422758102417,4.0,4
4483,-10.066530227661133,-0.07434266805648804,-2.636842727661133,-11.386842727661133,-15.113405227661133,4.0,2
4484,-16.43166732788086,-8.00979232788086,-0.009792622178792953,-4.666042804718018,-14.47854232788086,3.0,3
4485,-17.118581771850586,-13.509206771850586,-3.2279562950134277,-0.040456365793943405,-12.860769271850586,3.0,4
4486,-15.674076080322266,-16.002201080322266,-10.783451080322266,-0.21313855051994324,-1.6506385803222656,4.0,4
4487,-10.190564155578613,-0.08900129050016403,-2.464001178741455,-10.760876655578613,-15.081189155578613,2.0,2
4488,-15.425318717956543,-16.269067764282227,-11.097193717956543,-0.5425058603286743,-0.8706308603286743,4.0,4
4489,-16.648662567138672,-16.609600067138672,-10.015850067138672,-0.00022504181833937764,-8.656475067138672,5.0,4
4490,-13.458392143249512,-2.6224541664123535,-0.07557928562164307,-8.716204643249512,-14.630267143249512,5.0,3
4491,-15.883805274963379,-7.641617774963379,-0.0009927588980644941,-7.579117774963379,-15.086930274963379,4.0,3
4492,-17.414247512817383,-17.273622512817383,-11.1251859664917,-0.00018594920402392745,-8.6876859664917,2.0,4
4493,-17.375179290771484,-16.140804290771484,-8.765804290771484,-0.0001793938863556832,-10.765804290771484,5.0,4
4494,-16.633872985839844,-16.524497985839844,-9.547935485839844,-0.0010601620888337493,-6.9229350090026855,2.0,4
4495,-12.944981575012207,-2.6949820518493652,-0.06998202204704285,-10.116856575012207,-14.765294075012207,5.0,3
4496,-15.120635986328125,-15.987823486328125,-11.144073486328125,-0.5425105094909668,-0.8706355094909668,3.0,4
4497,-17.573862075805664,-15.495736122131348,-5.659798622131348,-0.0035487550776451826,-9.769173622131348,5.0,4
4498,-16.77699089050293,-14.761366844177246,-5.644178867340088,-0.003554100636392832,-12.050429344177246,3.0,4
4499,-11.582980155944824,-0.004855270963162184,-5.332980155944824,-12.864230155944824,-16.29391860961914,4.0,2
4500,-16.85848617553711,-13.928797721862793,-3.803797721862793,-0.022547779604792595,-12.522547721862793,3.0,4
4501,-16.133907318115234,-16.469844818115234,-11.337032318115234,-0.008907463401556015,-4.727657318115234,5.0,4
4502,-16.355205535888672,-13.206768989562988,-2.870831251144409,-0.05833126977086067,-12.394268989562988,4.0,4
4503,-11.920637130737305,-1.0846997499465942,-0.41282472014427185,-8.475324630737305,-15.225324630737305,4.0,3
4504,-11.24071216583252,-0.1625867635011673,-1.8969618082046509,-10.89696216583252,-15.43602466583252,3.0,2
4505,-15.465397834777832,-7.879460334777832,-0.004460386000573635,-5.504460334777832,-14.231022834777832,5.0,3
4506,-15.399863243103027,-15.587363243103027,-10.313925743103027,-0.032675690948963165,-3.4389257431030273,4.0,4
4507,-2.5220541954040527,-0.08455418050289154,-7.162679195404053,-12.232991218566895,-15.357991218566895,5.0,2
4508,-16.834476470947266,-14.482913970947266,-5.068851947784424,-0.006351759657263756,-10.209476470947266,3.0,4
4509,-16.007160186767578,-11.413411140441895,-0.7493482232093811,-0.6399732232093811,-13.093098640441895,4.0,4
4510,-15.99997615814209,-16.335912704467773,-11.20310115814209,-0.29685109853744507,-1.3593511581420898,3.0,4
4511,-17.042478561401367,-14.589353561401367,-4.495603084564209,-0.011228112503886223,-12.261228561401367,5.0,4
4512,-15.347504615783691,-6.191254615783691,-0.00375459180213511,-6.378754615783691,-14.410004615783691,3.0,3
4513,-16.275419235229492,-16.720731735229492,-10.970731735229492,-0.08010656386613846,-2.564481496810913,5.0,4
4514,-12.57954216003418,-2.782667398452759,-0.06391733884811401,-10.20454216003418,-14.79829216003418,4.0,3
4515,-11.275229454040527,-0.07210466265678406,-2.6658546924591064,-11.462729454040527,-15.361166954040527,4.0,2
4516,-15.403021812438965,-15.528021812438965,-10.379584312438965,-0.004584160167723894,-5.395209312438965,4.0,4
4517,-11.813209533691406,-0.000709401210770011,-7.266334533691406,-13.610084533691406,-16.547584533691406,5.0,2
4518,-16.461902618408203,-16.704090118408203,-10.64940357208252,-0.008778196759521961,-4.743153095245361,4.0,4
4519,-9.141633033752441,-0.0010081215295940638,-7.016633033752441,-13.165070533752441,-16.360383987426758,5.0,2
4520,-15.050288200378418,-5.831538200378418,-0.003413091180846095,-7.659663200378418,-15.386225700378418,3.0,3
4521,-17.195613861083984,-16.359676361083984,-8.3909273147583,-0.000302030734019354,-9.5315523147583,3.0,4
4522,-15.897648811340332,-16.530460357666016,-11.436711311340332,-0.21014834940433502,-1.6632733345031738,2.0,4
4523,-15.72518539428711,-15.37362289428711,-9.40487289428711,-0.06112309917807579,-2.8267481327056885,2.0,4
4524,-14.901790618896484,-6.018978118896484,-0.01897820457816124,-4.112728118896484,-14.433040618896484,3.0,3
4525,-17.500093460083008,-17.445405960083008,-10.562593460083008,-9.357491217087954e-05,-9.625093460083008,4.0,4
4526,-15.563970565795898,-16.2045955657959,-11.251470565795898,-0.3217833638191223,-1.2905333042144775,4.0,4
4527,-16.056026458740234,-7.766964435577393,-0.016964443027973175,-4.110714435577393,-14.40758991241455,5.0,3
4528,-16.676958084106445,-14.091020584106445,-5.286333084106445,-0.005083136726170778,-12.333208084106445,3.0,4
4529,-15.838418006896973,-7.096230506896973,-0.002480527386069298,-6.408730506896973,-14.611855506896973,3.0,3
4530,-13.228582382202148,-2.1270198822021484,-0.12701991200447083,-9.345769882202148,-14.673894882202148,2.0,3
4531,-11.52937126159668,-0.013746473006904125,-4.29499626159668,-12.61530876159668,-16.33405876159668,5.0,2
4532,-17.704235076904297,-12.485485076904297,-1.0948604345321655,-0.40736040472984314,-14.219860076904297,3.0,4
4533,-12.238241195678711,-2.113240957260132,-0.12886592745780945,-9.800741195678711,-15.136678695678711,3.0,3
4534,-10.996140480041504,-0.09770344197750092,-2.378953456878662,-7.785203456878662,-14.433640480041504,3.0,2
4535,-10.043096542358398,-0.03528430685400963,-3.3634092807769775,-12.043096542358398,-15.949346542358398,4.0,2
4536,-17.03618621826172,-11.004936218261719,-0.020561637356877327,-3.895561695098877,-14.583061218261719,3.0,3
4537,-16.564590454101562,-13.095840454101562,-2.3927154541015625,-0.09584054350852966,-12.377090454101562,5.0,4
4538,-15.783149719238281,-16.79877471923828,-12.072212219238281,-0.05658749118447304,-2.9003374576568604,4.0,4
4539,-16.516193389892578,-15.344319343566895,-7.500568866729736,-0.0005689432728104293,-11.445881843566895,4.0,4
4540,-16.5253849029541,-8.634759902954102,-0.07226026803255081,-2.6660103797912598,-14.119134902954102,2.0,3
4541,-17.789583206176758,-16.523958206176758,-7.609896183013916,-0.0005210472736507654,-10.719270706176758,5.0,4
4542,-16.82485580444336,-14.895167350769043,-3.590480089187622,-0.027980146929621696,-12.434229850769043,1.0,4
4543,-16.355388641357422,-15.160076141357422,-8.191326141357422,-0.003825846826657653,-5.644450664520264,5.0,4
4544,-15.732112884521484,-16.138362884521484,-10.794612884521484,-0.19305038452148438,-1.7399253845214844,3.0,4
4545,-6.933090686798096,-0.011215735226869583,-4.589340686798096,-11.198716163635254,-14.847153663635254,4.0,2
4546,-14.610133171081543,-15.172633171081543,-11.414820671081543,-2.196070909500122,-0.11794588714838028,4.0,5
4547,-12.798934936523438,-0.14268532395362854,-2.0176854133605957,-12.197372436523438,-16.431747436523438,4.0,2
4548,-16.67845916748047,-17.17064666748047,-12.037833213806152,-0.014395784586668015,-4.248770713806152,5.0,4
4549,-0.23191340267658234,-1.575663447380066,-9.138163566589355,-12.958476066589355,-14.614726066589355,4.0,1
4550,-10.366328239440918,-0.08507799357175827,-2.506953001022339,-11.600703239440918,-15.608515739440918,4.0,2
4551,-15.575690269470215,-5.567877769470215,-0.005377945024520159,-6.474127769470215,-15.247565269470215,3.0,3
4552,-16.548908233642578,-17.064533233642578,-11.908282279968262,-0.0020325970835983753,-6.20515775680542,5.0,4
4553,-16.469684600830078,-15.571248054504395,-7.250935077667236,-0.0009352362249046564,-8.438435554504395,2.0,4
4554,-16.8359375,-16.375,-9.484375,-0.01562472339719534,-4.171874523162842,5.0,4
4555,-15.974600791931152,-16.482412338256836,-11.490225791931152,-0.005850689951330423,-5.146475791931152,3.0,4
4556,-16.853601455688477,-16.025476455688477,-8.705163955688477,-0.002039021346718073,-6.283288955688477,4.0,4
4557,-15.131852149963379,-15.834977149963379,-11.100602149963379,-0.4287272095680237,-1.053727149963379,1.0,4
4558,-13.235884666442871,-4.024946689605713,-0.04057175666093826,-3.821821689605713,-14.095259666442871,3.0,3
4559,-3.2407009601593018,-2.7875759601593018,-1.3969509601593018,-0.6782010197639465,-1.9438259601593018,4.0,4
4560,-17.555194854736328,-16.805194854736328,-7.625506401062012,-0.000506511190906167,-11.281756401062012,5.0,4
4561,-17.440933227539062,-17.065933227539062,-9.987808227539062,-0.0034331686329096556,-5.6909332275390625,4.0,4
4562,-15.993626594543457,-8.376439094543457,-0.0014390123542398214,-6.720189094543457,-15.438939094543457,4.0,3
4563,-15.659265518188477,-10.659265518188477,-0.7998909950256348,-0.5967659950256348,-12.924890518188477,4.0,4
4564,-16.106060028076172,-16.246685028076172,-11.113871574401855,-0.004496582318097353,-5.4107465744018555,5.0,4
4565,-15.452000617980957,-16.03012466430664,-10.928563117980957,-0.22543784976005554,-1.600437879562378,3.0,4
4566,-14.160870552062988,-3.348370313644409,-0.03587033227086067,-9.317120552062988,-15.028058052062988,5.0,3
4567,-17.3940372467041,-14.433098793029785,-4.495599269866943,-0.011224223300814629,-13.925286293029785,3.0,4
4568,-12.836725234985352,-3.4148502349853516,-0.03985033929347992,-5.086725234985352,-14.180475234985352,4.0,3
4569,-15.30218505859375,-12.66156005859375,-4.34124755859375,-0.013122390024363995,-11.72406005859375,2.0,4
4570,-13.36063289642334,-1.477820634841919,-0.25907066464424133,-9.27469539642334,-15.46219539642334,3.0,3
4571,-16.506141662597656,-14.006142616271973,-4.2795796394348145,-0.013954688794910908,-12.224892616271973,3.0,4
4572,-17.351951599121094,-17.226951599121094,-11.016013145446777,-0.00038842763751745224,-7.9066386222839355,5.0,4
4573,-10.983139991760254,-2.475327253341675,-0.1315772980451584,-3.240952253341675,-12.975327491760254,4.0,3
4574,-17.60950469970703,-16.93762969970703,-9.156380653381348,-0.00013052565918769687,-10.672005653381348,4.0,4
4575,-11.107540130615234,-0.701289713382721,-0.685664713382721,-8.185665130615234,-14.310665130615234,2.0,3
4576,-16.537662506103516,-16.240787506103516,-9.748600959777832,-0.014225621707737446,-4.264225482940674,5.0,4
4577,-0.00044228785554878414,-7.7348175048828125,-12.734817504882812,-14.930130004882812,-14.695755004882812,2.0,1
4578,-9.859776496887207,-0.0004010588163509965,-7.969151020050049,-13.695713996887207,-16.96133804321289,3.0,2
4579,-16.927745819091797,-11.498058319091797,-0.029308287426829338,-3.544933319091797,-14.474620819091797,4.0,3
4580,-15.874072074890137,-9.155322074890137,-0.030321884900331497,-3.5146968364715576,-13.436572074890137,3.0,3
4581,-10.937468528747559,-6.218718528747559,-0.7030935883522034,-0.6874685883522034,-9.531218528747559,2.0,4
4582,-17.150774002075195,-15.697649955749512,-6.0648369789123535,-0.0023369877599179745,-11.846087455749512,3.0,4
4583,-17.335981369018555,-15.421917915344238,-4.851605415344238,-0.007855474948883057,-12.078167915344238,3.0,4
4584,-17.091630935668945,-11.802568435668945,-0.7010054588317871,-0.6853804588317871,-12.810380935668945,4.0,4
4585,-16.98554039001465,-15.680852890014648,-6.954290390014648,-0.0011654258705675602,-8.485540390014648,4.0,4
4586,-16.198246002197266,-7.784182548522949,-0.002932773670181632,-5.987307548522949,-15.14355754852295,3.0,3
4587,-15.102361679077148,-15.719549179077148,-10.946111679077148,-0.313299298286438,-1.313299298286438,3.0,4
4588,-16.10721778869629,-10.880656242370605,-0.8259683847427368,-0.5759683847427368,-12.833781242370605,5.0,4
4589,-16.60200309753418,-15.078564643859863,-7.766064643859863,-0.0004396664153318852,-11.406689643859863,3.0,4
4590,-5.504279136657715,-0.004279265645891428,-8.535529136657715,-13.230841636657715,-15.832404136657715,5.0,2
4591,-16.032936096191406,-14.657936096191406,-6.439185619354248,-0.0016856284346431494,-9.392311096191406,3.0,4
4592,-15.15294075012207,-16.22325325012207,-11.82481575012207,-1.043565273284912,-0.4341903030872345,4.0,5
4593,-4.756337511935271e-05,-10.04692268371582,-13.60942268371582,-14.91411018371582,-13.89067268371582,1.0,1
4594,-16.448314666748047,-15.870189666748047,-8.846752166748047,-0.0030024233274161816,-5.862377643585205,5.0,4
4595,-14.064556121826172,-2.5645556449890137,-0.08018072694540024,-9.267681121826172,-15.431743621826172,2.0,3
4596,-10.979400634765625,-0.01846317946910858,-4.002838134765625,-11.463775634765625,-15.354400634765625,5.0,2
4597,-17.851707458496094,-17.453269958496094,-11.047019958496094,-0.00014530557382386178,-8.968894958496094,4.0,4
4598,-10.182942390441895,-0.597004771232605,-0.800129771232605,-8.378254890441895,-14.112629890441895,4.0,2
4599,-16.07880401611328,-15.141304016113281,-8.235054016113281,-0.0006786665762774646,-7.797553539276123,2.0,4
4600,-15.867652893066406,-14.789527893066406,-8.000465393066406,-0.0004650464979931712,-8.984840393066406,4.0,4
4601,-16.11279296875,-17.29248046875,-12.48779296875,-0.011230941861867905,-4.495605945587158,4.0,4
4602,-14.970060348510742,-7.251309871673584,-0.0013100859941914678,-7.423184871673584,-14.516935348510742,5.0,3
4603,-17.235363006591797,-13.48536205291748,-3.0634872913360596,-0.047862354665994644,-12.75879955291748,3.0,4
4604,-17.227590560913086,-15.610403060913086,-6.985403060913086,-0.0010282472940161824,-9.235403060913086,4.0,4
4605,-16.68024253845215,-13.875555992126465,-4.789618492126465,-0.00836842693388462,-11.789618492126465,2.0,4
4606,-7.3776140213012695,-0.01823892630636692,-4.0494890213012695,-11.23698902130127,-14.96355152130127,5.0,2
4607,-16.41432762145996,-17.00807762145996,-12.008078575134277,-0.04714060574769974,-3.078390598297119,4.0,4
4608,-16.62443733215332,-17.77287483215332,-12.63224983215332,-0.030687732622027397,-3.4994378089904785,5.0,4
4609,-11.027994155883789,-0.027994057163596153,-3.590494155883789,-12.754556655883789,-16.22330665588379,4.0,2
4610,-1.4183136224746704,-0.277688592672348,-8.012063980102539,-12.230813980102539,-14.426126480102539,4.0,2
4611,-0.3355594277381897,-1.632434368133545,-2.694934368133545,-4.241809368133545,-5.038684368133545,2.0,1
4612,-16.55906105041504,-13.504372596740723,-3.9262478351593018,-0.01999788172543049,-9.519997596740723,5.0,4
4613,-16.25455093383789,-16.82486343383789,-11.61392593383789,-0.027988145127892494,-3.5904881954193115,4.0,4
4614,-16.441184997558594,-10.566184997558594,-0.0036852320190519094,-5.613059997558594,-14.331809997558594,5.0,3
4615,-16.157302856445312,-16.219802856445312,-10.329176902770996,-0.0010520643554627895,-6.891676902770996,3.0,4
4616,-17.61746597290039,-17.91434097290039,-11.94559097290039,-0.0002783149539027363,-8.21902847290039,4.0,4
4617,-14.52645206451416,-4.190514087677002,-0.01863929070532322,-5.706139087677002,-14.76082706451416,2.0,3
4618,-0.3307044506072998,-1.2682044506072998,-8.361954689025879,-12.166642189025879,-14.104142189025879,5.0,1
4619,-16.937707901000977,-11.523645401000977,-0.05489562079310417,-2.9298956394195557,-13.898645401000977,4.0,3
4620,-15.747845649719238,-10.685345649719238,-1.0134711265563965,-0.4509710967540741,-12.450970649719238,5.0,4
4621,-15.653623580932617,-13.278623580932617,-5.270811080932617,-0.005186199210584164,-10.677061080932617,4.0,4
4622,-15.729280471801758,-14.533967971801758,-7.2058424949646,-0.01834251545369625,-4.0495924949646,4.0,4
4623,-11.075979232788086,-0.8259787559509277,-0.5759787559509277,-10.779104232788086,-15.208791732788086,3.0,3
4624,-15.29360294342041,-11.73110294342041,-2.856102705001831,-0.05922769010066986,-12.71547794342041,5.0,4
4625,-16.6256046295166,-15.141229629516602,-7.422479629516602,-0.000604565953835845,-12.594354629516602,5.0,4
4626,-9.87093448638916,-0.027184735983610153,-3.6209347248077393,-11.91780948638916,-15.62093448638916,4.0,2
4627,-13.757780075073242,-3.484342098236084,-0.031217185780405998,-9.749967575073242,-15.187467575073242,3.0,3
4628,-14.368630409240723,-7.079567909240723,-0.0014428215799853206,-7.423317909240723,-14.649880409240723,3.0,3
4629,-17.956348419189453,-13.90947437286377,-3.0188488960266113,-0.050098974257707596,-13.08134937286377,4.0,4
4630,-16.993547439575195,-15.891984939575195,-8.501359939575195,-0.00135996809694916,-6.766984939575195,4.0,4
4631,-8.453988075256348,-0.0008634176338091493,-7.344613552093506,-12.985238075256348,-15.993050575256348,3.0,2
4632,-14.940930366516113,-15.862805366516113,-11.417492866516113,-1.2456176280975342,-0.3393676280975342,4.0,5
4633,-16.595415115356445,-13.579791069030762,-4.665728569030762,-0.009478566236793995,-11.142291069030762,4.0,4
4634,-13.808277130126953,-5.706714153289795,-0.0035893793683499098,-8.269214630126953,-15.347339630126953,4.0,3
4635,-17.883129119873047,-16.633129119873047,-8.078441619873047,-0.00031680811662226915,-12.320629119873047,3.0,4
4636,-16.92586898803711,-16.77743148803711,-10.222743034362793,-0.003993157297372818,-5.535243034362793,5.0,4
4637,-8.596839904785156,-0.0030901322606951,-5.846839904785156,-11.659339904785156,-14.964027404785156,1.0,2
4638,-4.325993061065674,-0.013492935337126255,-8.638492584228516,-13.036930084228516,-15.372867584228516,5.0,2
4639,-15.852682113647461,-7.922994613647461,-0.0011198208667337894,-7.188619613647461,-15.532369613647461,3.0,3
4640,-16.836273193359375,-16.844085693359375,-11.156585693359375,-0.0003359945258125663,-8.047210693359375,4.0,4
4641,-14.879528045654297,-15.707653045654297,-11.184215545654297,-0.4342154860496521,-1.0435905456542969,4.0,4
4642,-17.461139678955078,-16.351764678955078,-8.547078132629395,-0.00020287363440729678,-12.187703132629395,4.0,4
4643,-17.601882934570312,-16.187820434570312,-8.828446388244629,-0.00032109825406223536,-8.687821388244629,3.0,4
4644,-12.183303833007812,-2.3239283561706543,-0.10517847537994385,-6.245803356170654,-14.136428833007812,4.0,3
4645,-16.789913177490234,-15.344600677490234,-7.438351154327393,-0.0008511496125720441,-8.266475677490234,4.0,4
4646,-11.086108207702637,-0.10173279792070389,-2.3361077308654785,-11.687670707702637,-16.00798225402832,4.0,2
4647,-10.472872734069824,-0.20724782347679138,-1.6759978532791138,-10.480685234069824,-14.980685234069824,3.0,2
4648,-17.173309326171875,-15.665497779846191,-6.907684803009033,-0.0014349650591611862,-7.751434803009033,3.0,4
4649,-15.152262687683105,-16.324138641357422,-11.683512687683105,-0.8085130453109741,-0.5897630453109741,4.0,5
4650,-3.288820266723633,-0.038820214569568634,-7.179445266723633,-11.882570266723633,-14.741945266723633,5.0,2
4651,-16.403303146362305,-16.161115646362305,-10.825179100036621,-0.004866303876042366,-5.332991123199463,4.0,4
4652,-2.4934771060943604,-0.08722709119319916,-7.024726867675781,-11.704414367675781,-14.376289367675781,4.0,2
4653,-8.126981735229492,-0.001981677720323205,-6.392606735229492,-11.728544235229492,-14.978544235229492,1.0,2
4654,-9.774415016174316,-0.02441493794322014,-3.7275400161743164,-11.766602516174316,-15.844727516174316,4.0,2
4655,-15.367597579956055,-7.781660556793213,-0.1410355120897293,-2.031660556793213,-13.773847579956055,4.0,3
4656,-15.4730806350708,-7.277768135070801,-0.05901813134551048,-2.871518135070801,-13.9808931350708,5.0,3
4657,-16.116436004638672,-16.624248504638672,-10.757061004638672,-0.007060931995511055,-4.960186004638672,4.0,4
4658,-16.449615478515625,-10.582427978515625,-0.004302649293094873,-5.457427501678467,-15.058990478515625,4.0,3
4659,-16.660579681396484,-7.480891704559326,-0.012141487561166286,-4.465266704559326,-14.965266227722168,3.0,3
4660,-15.60352611541748,-16.861339569091797,-12.25977611541748,-0.3769639730453491,-1.1582139730453491,5.0,4
4661,-14.343123435974121,-15.218123435974121,-10.554060935974121,-0.6399987936019897,-0.7493737936019897,4.0,4
4662,-16.861005783081055,-11.618818283081055,-0.4860060214996338,-0.9547560214996338,-13.603193283081055,5.0,3
4663,-17.46880340576172,-17.13286590576172,-10.093804359436035,-5.4238757002167404e-05,-11.476616859436035,5.0,4
4664,-16.222217559814453,-16.480030059814453,-11.15971851348877,-0.11284332722425461,-2.2378432750701904,5.0,4
4665,-10.411364555358887,-0.005114685278385878,-5.286364555358887,-11.551989555358887,-15.458239555358887,1.0,2
4666,-7.234750747680664,-0.07850078493356705,-2.594125747680664,-9.867563247680664,-14.336313247680664,4.0,2
4667,-13.996461868286133,-5.473023891448975,-0.004273924510926008,-9.660524368286133,-14.535524368286133,4.0,3
4668,-15.997998237609863,-10.591748237609863,-0.7089359760284424,-0.6776859760284424,-12.630810737609863,5.0,4
4669,-10.76377010345459,-0.013770577497780323,-4.295020580291748,-11.06845760345459,-15.02158260345459,4.0,2
4670,-9.97334098815918,-0.02802848443388939,-3.5905284881591797,-11.94209098815918,-15.79365348815918,4.0,2
4671,-16.94660758972168,-9.360669136047363,-0.0012946089264005423,-6.7200446128845215,-15.540356636047363,4.0,3
4672,-15.309127807617188,-9.012252807617188,-0.012252893298864365,-4.4185028076171875,-13.660690307617188,5.0,3
4673,-11.512925464970229,-11.512925464970229,-11.512925464970229,-11.512925464970229,-11.512925464970229,5.0,-1
4674,-15.394429206848145,-14.495991706848145,-8.269429206848145,-0.003804589621722698,-5.644429683685303,1.0,4
4675,-11.512925464970229,-11.512925464970229,-11.512925464970229,-11.512925464970229,-11.512925464970229,3.0,-1
4676,-16.03146743774414,-16.30490493774414,-10.03146743774414,-0.023654872551560402,-3.7580299377441406,1.0,4
4677,-17.273616790771484,-17.195491790771484,-11.172054290771484,-0.00017975145601667464,-8.718929290771484,1.0,4
4678,-15.79747200012207,-13.04747200012207,-3.7427849769592285,-0.02403491921722889,-9.80528450012207,3.0,4
4679,-16.90485954284668,-12.08454704284668,-0.7329843640327454,-0.6548593640327454,-13.69392204284668,4.0,4
4680,-16.250322341918945,-16.570634841918945,-11.117509841918945,-0.7659476399421692,-0.6253226399421692,2.0,5
4681,-13.32060718536377,-14.97685718536377,-12.57841968536377,-8.15654468536377,-0.00029452278977259994,5.0,5
4682,-14.448088645935059,-14.534026145935059,-9.565276145935059,-0.510588526725769,-0.916838526725769,1.0,4
4683,-13.60116195678711,-14.10897445678711,-10.53084945678711,-3.2730367183685303,-0.03866161033511162,5.0,5
4684,-14.291483879089355,-14.002421379089355,-8.486796379089355,-0.4399212896823883,-1.033671259880066,3.0,4
4685,-15.107215881347656,-15.435340881347656,-10.583778381347656,-1.013466238975525,-0.4509662389755249,5.0,5
4686,-13.843134880065918,-14.569697380065918,-11.233759880065918,-2.944697618484497,-0.054072555154561996,4.0,5
4687,-14.787079811096191,-14.748017311096191,-9.802704811096191,-0.7089544534683228,-0.6777044534683228,5.0,5
4688,-0.1217481717467308,-2.168623208999634,-8.215497970581055,-11.590497970581055,-13.254560470581055,1.0,1
4689,-15.865880012512207,-15.006505012512207,-7.904942512512207,-0.014317640103399754,-4.279942512512207,5.0,4
4690,-17.06322479248047,-15.281974792480469,-7.2507243156433105,-0.0007244108128361404,-11.305412292480469,5.0,4
4691,-11.653997421264648,-11.521184921264648,-8.896184921264648,-5.224309921264648,-0.005559814628213644,5.0,5
4692,-11.653997421264648,-11.521184921264648,-8.896184921264648,-5.224309921264648,-0.005559814628213644,5.0,5
4693,-15.282794952392578,-15.267169952392578,-10.110919952392578,-0.009357167407870293,-4.68123197555542,5.0,4
4694,-0.000448841426987201,-7.750448703765869,-11.281699180603027,-13.180136680603027,-13.414511680603027,4.0,1
4695,-0.0004773192631546408,-7.672352313995361,-11.85985279083252,-13.38329029083252,-13.15672779083252,2.0,1
4696,-14.268399238586426,-14.494961738586426,-9.619961738586426,-0.5105863213539124,-0.9168363213539124,5.0,4
4697,-15.40520191192627,-16.100515365600586,-11.31926441192627,-0.6473895907402039,-0.7411395907402039,4.0,4
4698,-9.70242691040039,-0.6477392911911011,-0.7414892911911011,-8.10086441040039,-14.58523941040039,4.0,2
4699,-16.641918182373047,-12.446606636047363,-0.3919191062450409,-1.1262941360473633,-13.407544136047363,5.0,3
4700,-0.9078639149665833,-0.5172389149665833,-7.735989093780518,-11.98598861694336,-14.61880111694336,4.0,2
4701,-16.240100860595703,-16.505725860595703,-10.747912406921387,-0.09166279435157776,-2.435412883758545,5.0,4
4702,-16.7880916595459,-16.3427791595459,-9.991215705871582,-0.038090988993644714,-3.288090944290161,2.0,4
4703,-17.078384399414062,-16.234634399414062,-9.250260353088379,-0.00026008085114881396,-8.734635353088379,5.0,4
4704,-17.423900604248047,-18.025463104248047,-12.494214057922363,-0.002026410773396492,-6.205151557922363,5.0,4
4705,-17.008264541625977,-17.133264541625977,-11.336389541625977,-0.00045217780279926956,-7.734827041625977,5.0,4
4706,-14.755081176757812,-14.512893676757812,-9.309768676757812,-0.1535184681415558,-1.9503934383392334,4.0,4
4707,-13.968334197998047,-14.616771697998047,-11.249584197998047,-3.2730214595794678,-0.03864647448062897,4.0,5
4708,-14.29554271697998,-14.63148021697998,-9.69398021697998,-0.7330424189567566,-0.6549174189567566,5.0,5
4709,-15.89266586303711,-15.51766586303711,-9.45516586303711,-0.08016543090343475,-2.564540386199951,5.0,4
4710,-15.369699478149414,-11.471261978149414,-2.182199716567993,-0.11969967186450958,-12.268136978149414,5.0,4
4711,-16.734539031982422,-15.961100578308105,-9.109538078308105,-0.00016330339713022113,-9.890788078308105,5.0,4
4712,-16.887611389160156,-10.80167293548584,-0.10636063665151596,-2.293860673904419,-14.27823543548584,1.0,3
4713,-16.195941925048828,-7.680315971374512,-0.039691098034381866,-3.258441209793091,-14.461565971374512,5.0,3
4714,-13.260899543762207,-1.9640246629714966,-0.15152466297149658,-8.089024543762207,-15.518712043762207,3.0,3
4715,-15.064823150634766,-14.752323150634766,-8.838260650634766,-0.2132602035999298,-1.6507601737976074,4.0,4
4716,-11.46369457244873,-0.010569191537797451,-4.557444095611572,-11.26056957244873,-16.252756118774414,2.0,2
4717,-15.310460090637207,-16.185461044311523,-11.919835090637207,-2.0448355674743652,-0.13858552277088165,5.0,5
4718,-16.7071475982666,-17.6212100982666,-12.371211051940918,-0.004023196641355753,-5.51964807510376,4.0,4
4719,-15.985443115234375,-8.469818115234375,-0.0010681406129151583,-7.063568115234375,-14.868255615234375,5.0,3
4720,-15.784022331237793,-16.401208877563477,-11.151209831237793,-0.057459816336631775,-2.885584831237793,4.0,4
4721,-11.650744438171387,-12.822619438171387,-10.096056938171387,-4.033556938171387,-0.01793196238577366,5.0,5
4722,-7.041747093200684,-0.01049688272178173,-4.651122093200684,-11.190184593200684,-14.971434593200684,4.0,2
4723,-16.523860931396484,-15.406673431396484,-8.141048431396484,-0.0004233417857903987,-8.953548431396484,3.0,4
4724,-11.874351501464844,-1.5149767398834229,-0.24935178458690643,-7.046226978302002,-14.858726501464844,3.0,3
4725,-14.170995712280273,-15.264745712280273,-10.999120712280273,-2.5069327354431152,-0.08505773544311523,5.0,5
4726,-14.696991920471191,-15.759491920471191,-11.548554420471191,-2.3219921588897705,-0.10324227064847946,4.0,5
4727,-11.512925464970229,-11.512925464970229,-11.512925464970229,-11.512925464970229,-11.512925464970229,3.0,-1
4728,-17.023746490478516,-16.156558990478516,-8.820621490478516,-0.008121206425130367,-4.836246013641357,4.0,4
4729,-12.765581130981445,-12.632768630981445,-7.867143630981445,-0.007768537383526564,-4.914018630981445,4.0,4
4730,-0.0007418026216328144,-7.219491958618164,-11.867929458618164,-14.321054458618164,-14.672616958618164,2.0,1
4731,-14.427995681762695,-5.1154961585998535,-0.006120983976870775,-9.240495681762695,-14.951433181762695,1.0,3
4732,-17.141956329345703,-15.61070728302002,-6.6419572830200195,-0.0013321106089279056,-10.65758228302002,3.0,4
4733,-14.322112083435059,-15.814299583435059,-12.665862083435059,-4.650237083435059,-0.00961187481880188,5.0,5
4734,-13.839848518371582,-11.667973518371582,-4.144535541534424,-0.019535638391971588,-5.660160541534424,4.0,4
4735,-14.326290130615234,-12.857540130615234,-6.177852630615234,-0.005977491848170757,-5.552852630615234,5.0,4
4736,-14.326290130615234,-12.857540130615234,-6.177852630615234,-0.005977491848170757,-5.552852630615234,4.0,4
4737,-15.077215194702148,-16.02252769470215,-11.327215194702148,-0.3819030225276947,-1.147528052330017,1.0,4
4738,-0.013123213313519955,-4.341248035430908,-11.239686012268066,-14.497498512268066,-14.958436012268066,1.0,1
4739,-14.966634750366211,-15.576009750366211,-11.146322250366211,-0.6853846311569214,-0.7010096311569214,5.0,4
4740,-15.765898704528809,-16.648712158203125,-12.101836204528809,-1.3362113237380981,-0.30496129393577576,1.0,5
4741,-15.439239501953125,-15.017364501953125,-9.290802001953125,-0.009552366100251675,-4.665802478790283,5.0,4
4742,-15.763450622558594,-16.529075622558594,-11.880638122558594,-0.5759506225585938,-0.8259506225585938,4.0,4
4743,-12.87804126739502,-12.24522876739502,-7.8702287673950195,-0.18272891640663147,-1.792103886604309,5.0,4
4744,-12.87804126739502,-12.24522876739502,-7.8702287673950195,-0.18272891640663147,-1.792103886604309,5.0,4
4745,-16.299440383911133,-14.05725383758545,-5.971315860748291,-0.0025660227984189987,-11.86194133758545,3.0,4
4746,-0.05842100456357002,-2.8709208965301514,-9.34748363494873,-12.55842113494873,-13.77717113494873,1.0,1
4747,-14.721782684326172,-14.518657684326172,-8.729595184326172,-0.24522051215171814,-1.5264705419540405,3.0,4
4748,-0.012739583849906921,-4.372114658355713,-10.512739181518555,-13.379926681518555,-14.270551681518555,1.0,1
4749,-14.286477088928223,-14.786477088928223,-10.333352088928223,-1.6380398273468018,-0.21616478264331818,1.0,5
4750,-12.703583717346191,-11.937958717346191,-11.680146217346191,-12.609833717346191,-0.00045849301386624575,5.0,5
4751,-14.929146766662598,-15.741646766662598,-12.140084266662598,-3.788522243499756,-0.02289714105427265,2.0,5
4752,-14.366785049438477,-15.913660049438477,-12.304285049438477,-2.5933477878570557,-0.07772273570299149,1.0,5
4753,-17.003768920898438,-14.855331420898438,-4.464705944061279,-0.01158109586685896,-13.050643920898438,5.0,4
4754,-17.86842918395996,-16.01686668395996,-6.735617637634277,-0.0012425805907696486,-9.876242637634277,3.0,4
4755,-16.519296646118164,-16.448984146118164,-10.292734146118164,-0.05835915729403496,-2.870859146118164,1.0,4
4756,-17.992877960205078,-14.110065460205078,-0.07100299000740051,-2.680377960205078,-14.477252960205078,4.0,3
4757,-14.262717247009277,-15.379904747009277,-11.708029747009277,-4.372091770172119,-0.012716985307633877,5.0,5
4758,-16.490753173828125,-16.967315673828125,-11.256378173828125,-0.10794051736593246,-2.279815435409546,4.0,4
4759,-12.067070960998535,-2.387383222579956,-0.10613317042589188,-4.731132984161377,-14.129570960998535,5.0,3
4760,-7.499622821807861,-0.2027476727962494,-1.7027477025985718,-7.171497821807861,-12.757434844970703,4.0,2
4761,-14.321300506591797,-15.368175506591797,-11.813488006591797,-3.063488483428955,-0.04786337539553642,4.0,5
4762,-14.404815673828125,-15.162628173828125,-11.381378173828125,-2.959502696990967,-0.05325276404619217,5.0,5
4763,-13.941872596740723,-4.434060096740723,-0.012185297906398773,-8.324685096740723,-15.707497596740723,5.0,3
4764,-12.921998023986816,-3.0391852855682373,-0.054810307919979095,-5.211060523986816,-14.836060523986816,5.0,3
4765,-15.326103210449219,-15.669853210449219,-10.982353210449219,-0.6776660680770874,-0.7089160680770874,5.0,4
4766,-13.690167427062988,-13.072979927062988,-8.526104927062988,-0.026104658842086792,-3.666729688644409,4.0,4
4767,-13.034942626953125,-12.917755126953125,-8.363067626953125,-0.11306745558977127,-2.238067388534546,5.0,4
4768,-13.034942626953125,-12.917755126953125,-8.363067626953125,-0.11306745558977127,-2.238067388534546,5.0,4
4769,-16.401262283325195,-16.377824783325195,-10.924699783325195,-0.0028246049769222736,-5.877824783325195,5.0,4
4770,-13.535751342773438,-6.8013763427734375,-0.004501210525631905,-5.6920013427734375,-13.254501342773438,5.0,3
4771,-13.468172073364258,-11.444734573364258,-4.6166090965271,-0.022859273478388786,-4.3666090965271,4.0,4
4772,-15.000925064086914,-12.672800064086914,-5.571237087249756,-0.024362238124012947,-3.899362325668335,4.0,4
4773,-17.11191177368164,-14.18222427368164,-4.018162250518799,-0.018162019550800323,-11.95566177368164,5.0,4
4774,-14.714776039123535,-15.363213539123535,-10.644463539123535,-0.589776337146759,-0.808526337146759,5.0,4
4775,-16.86287498474121,-14.761312484741211,-5.659749984741211,-0.003500170074403286,-11.792562484741211,5.0,4
4776,-16.493179321289062,-16.204116821289062,-9.477554321289062,-0.02442924678325653,-3.7275543212890625,1.0,4
4777,-15.177755355834961,-14.818380355834961,-9.107442855834961,-0.13869251310825348,-2.044942617416382,5.0,4
4778,-15.601984977722168,-11.398859977722168,-2.492609977722168,-0.08636002242565155,-10.656672477722168,1.0,4
4779,-15.528621673583984,-15.184871673583984,-9.356746673583984,-0.012996725738048553,-4.356746673583984,1.0,4
4780,-17.07992172241211,-17.56429672241211,-11.40023422241211,-0.0017970141489058733,-6.329922199249268,1.0,4
4781,-16.540176391601562,-16.032363891601562,-9.969863891601562,-0.0011141052236780524,-6.8448638916015625,5.0,4
4782,-15.140809059143066,-14.632996559143066,-9.007996559143066,-0.17987163364887238,-1.804871678352356,5.0,4
4783,-14.13183879852295,-14.28027629852295,-9.47558879852295,-0.33496418595314026,-1.2568391561508179,5.0,4
4784,-14.4700288772583,-13.7512788772583,-8.3919038772583,-0.001279012649320066,-6.860653877258301,4.0,4
4785,-13.650867462158203,-12.353992462158203,-6.236805438995361,-0.002430344233289361,-7.689930438995361,2.0,4
4786,-12.895236015319824,-12.903048515319824,-9.590548515319824,-3.590548515319824,-0.02804853767156601,3.0,5
4787,-14.51887321472168,-4.557936191558838,-0.011061183176934719,-7.573561191558838,-14.72199821472168,4.0,3
4788,-6.749693870544434,-0.03094388358294964,-3.5309438705444336,-10.898131370544434,-15.398131370544434,2.0,2
4789,-15.568546295166016,-13.552921295166016,-5.115421295166016,-0.00604610051959753,-11.021671295166016,5.0,4
4790,-15.410088539123535,-15.464776039123535,-10.386651039123535,-0.5897760391235352,-0.8085260391235352,4.0,4
4791,-13.081520080566406,-12.956520080566406,-8.690895080566406,-3.019019603729248,-0.05026960372924805,5.0,5
4792,-13.081520080566406,-12.956520080566406,-8.690895080566406,-3.019019603729248,-0.05026960372924805,5.0,5
4793,-14.54114818572998,-14.79896068572998,-10.33021068572998,-2.0177109241485596,-0.1427108496427536,5.0,5
4794,-14.601043701171875,-15.257293701171875,-11.382293701171875,-2.811981439590454,-0.06198139488697052,5.0,5
4795,-16.047426223754883,-16.016176223754883,-10.047425270080566,-0.0005504761938937008,-7.594300270080566,5.0,4
4796,-14.462905883789062,-14.291030883789062,-9.439468383789062,-0.03321792930364609,-3.4238429069519043,4.0,4
4797,-14.740097999572754,-15.318222999572754,-11.154160499572754,-2.099473237991333,-0.1307232826948166,1.0,5
4798,-12.547608375549316,-11.328858375549316,-6.430421352386475,-0.08667128533124924,-2.5085463523864746,1.0,4
4799,-15.722370147705078,-15.198932647705078,-9.519245147705078,-0.0036204999778419733,-5.644245624542236,3.0,4
4800,-14.198124885559082,-6.299687385559082,-0.002812598831951618,-6.940312385559082,-14.268437385559082,1.0,3
4801,-17.218915939331055,-17.351728439331055,-11.281415939331055,-0.00016616393986623734,-8.797040939331055,5.0,4
4802,-14.622447967529297,-14.239635467529297,-8.974010467529297,-0.11463572829961777,-2.224010705947876,4.0,4
4803,-12.305190086364746,-12.398940086364746,-8.430190086364746,-0.305189847946167,-1.336439847946167,5.0,4
4804,-12.217741012573242,-12.467741012573242,-9.491178512573242,-5.006803512573242,-0.006803561467677355,5.0,5
4805,-14.743549346923828,-13.595111846923828,-6.829486846923828,-0.0013619918609037995,-8.220111846923828,5.0,4
4806,-14.273849487304688,-14.820724487304688,-10.930099487304688,-3.4691617488861084,-0.03166170418262482,1.0,5
4807,-11.512925464970229,-11.512925464970229,-11.512925464970229,-11.512925464970229,-11.512925464970229,3.0,-1
4808,-13.957862854003906,-14.270362854003906,-10.239112854003906,-1.2234878540039062,-0.348487913608551,4.0,5
4809,-12.127274513244629,-13.580399513244629,-11.471024513244629,-6.096024513244629,-0.002274547005072236,5.0,5
4810,-14.352341651916504,-15.571091651916504,-12.024216651916504,-3.2429661750793457,-0.039841290563344955,5.0,5
4811,-16.380939483642578,-13.966877937316895,-4.2950029373168945,-0.013752822764217854,-10.959065437316895,5.0,4
4812,-14.196172714233398,-15.813360214233398,-13.086797714233398,-7.063360691070557,-0.0008605591137893498,5.0,5
4813,-14.717293739318848,-16.162607192993164,-12.896981239318848,-4.264168739318848,-0.014168973080813885,5.0,5
4814,-16.00848388671875,-15.57879638671875,-8.94598388671875,-0.02410881593823433,-3.74285888671875,4.0,4
4815,-0.01497585792094469,-4.2181010246276855,-9.046225547790527,-11.577475547790527,-12.858725547790527,3.0,1
4816,-14.700348854064941,-14.762848854064941,-10.028473854064941,-1.3019115924835205,-0.3175366520881653,3.0,5
4817,-14.406673431396484,-15.766048431396484,-12.156673431396484,-2.7972986698150635,-0.06292358785867691,5.0,5
4818,-17.571365356445312,-15.555741310119629,-6.860428810119629,-0.0010536124464124441,-12.899491310119629,5.0,4
4819,-17.518526077270508,-15.245087623596191,-5.846650123596191,-0.0029002055525779724,-12.682587623596191,4.0,4
4820,-16.928926467895508,-17.311738967895508,-11.405488014221191,-0.00705098919570446,-4.96017599105835,3.0,4
4821,-14.484380722045898,-13.656255722045898,-14.296880722045898,-5.602820692729438e-06,-13.992193222045898,5.0,4
4822,-11.09377384185791,-11.96877384185791,-2.4199192921514623e-05,-13.14064884185791,-16.867212295532227,1.0,3
4823,-14.13718032836914,-14.98874282836914,-10.86374282836914,-2.4496800899505615,-0.09030499309301376,3.0,5
4824,-14.208355903625488,-14.606793403625488,-10.255230903625488,-1.6380434036254883,-0.21616843342781067,1.0,5
4825,-15.249468803405762,-16.335407257080078,-12.038531303405762,-0.9838441610336304,-0.468219131231308,5.0,5
4826,-14.574688911437988,-14.965313911437988,-10.348126411437988,-0.06687640398740768,-2.7387514114379883,4.0,4
4827,-15.436694145202637,-14.960131645202637,-8.475756645202637,-0.038256336003541946,-3.2882564067840576,3.0,4
4828,-0.5232080817222595,-0.8982080817222595,-9.468520164489746,-13.116957664489746,-14.952895164489746,3.0,1
4829,-0.00012575789878610522,-9.093875885009766,-12.242313385009766,-13.382938385009766,-12.531375885009766,1.0,1
4830,-17.177509307861328,-12.654071807861328,-0.5759468078613281,-0.8259468078613281,-14.161884307861328,4.0,3
4831,-17.929594039916992,-12.788969039916992,-0.2811563313007355,-1.406156301498413,-14.812406539916992,4.0,3
4832,-17.328495025634766,-17.180057525634766,-11.086307525634766,-0.00037019551382400095,-7.953495025634766,4.0,4
4833,-15.265710830688477,-16.593835830688477,-12.445398330688477,-2.1407113075256348,-0.12508624792099,5.0,5
4834,-16.90717887878418,-15.40717887878418,-7.17280387878418,-0.0009288049186579883,-8.75092887878418,3.0,4
4835,-14.853921890258789,-14.064859390258789,-8.205484390258789,-0.09610934555530548,-2.392984390258789,4.0,4
4836,-15.246509552001953,-15.473072052001953,-10.613697052001953,-0.9261974096298218,-0.5043224096298218,2.0,5
4837,-17.08942985534668,-16.05036735534668,-9.831618309020996,-0.0034932801499962807,-5.675368309020996,5.0,4
4838,-12.383252143859863,-13.906689643859863,-11.633252143859863,-7.766064643859863,-0.0004397855664137751,4.0,5
4839,-11.653997421264648,-11.521184921264648,-8.896184921264648,-5.224309921264648,-0.005559814628213644,5.0,5
4840,-11.653997421264648,-11.521184921264648,-8.896184921264648,-5.224309921264648,-0.005559814628213644,5.0,5
4841,-14.998456954956055,-14.850019454956055,-9.357831954956055,-0.3578318655490875,-1.2015818357467651,5.0,4
4842,-11.512925464970229,-11.512925464970229,-11.512925464970229,-11.512925464970229,-11.512925464970229,5.0,-1
4843,-11.512925464970229,-11.512925464970229,-11.512925464970229,-11.512925464970229,-11.512925464970229,4.0,-1
4844,-14.008761405944824,-14.016573905944824,-7.665011882781982,-0.19626176357269287,-1.7275117635726929,1.0,4
4845,-12.392065048217773,-13.259252548217773,-10.110815048217773,-3.2280020713806152,-0.0405021570622921,5.0,5
4846,-14.679452896118164,-13.984140396118164,-8.570077896118164,-0.03882823884487152,-3.273203134536743,3.0,4
4847,-8.374597549438477,-0.09334739297628403,-2.4214723110198975,-9.233972549438477,-14.671472549438477,3.0,2
4848,-7.196845054626465,-0.07184486091136932,-2.6812198162078857,-9.290595054626465,-14.470282554626465,2.0,2
4849,-11.512925464970229,-11.512925464970229,-11.512925464970229,-11.512925464970229,-11.512925464970229,5.0,-1
4850,-17.507917404174805,-16.875104904174805,-10.296978950500488,-0.00010406429646536708,-9.593853950500488,4.0,4
4851,-16.03525161743164,-17.39462661743164,-12.70712661743164,-1.347751498222351,-0.30087652802467346,5.0,5
4852,-14.842615127563477,-15.842615127563477,-11.483240127563477,-1.6004281044006348,-0.22542804479599,4.0,5
4853,-14.932351112365723,-15.674538612365723,-11.182351112365723,-1.7917264699935913,-0.1823514997959137,5.0,5
4854,-13.585590362548828,-14.374652862548828,-10.694965362548828,-2.6949656009674072,-0.06996568292379379,5.0,5
4855,-14.304825782775879,-14.312638282775879,-9.078263282775879,-0.0001382732152706012,-10.742325782775879,5.0,4
4856,-15.132808685302734,-16.203121185302734,-11.992183685302734,-2.0312466621398926,-0.140621617436409,4.0,5
4857,-16.375288009643555,-14.890912055969238,-8.250287055969238,-0.0002874914789572358,-10.625287055969238,5.0,4
4858,-13.21675968170166,-10.20113468170166,-2.435509443283081,-0.09175937622785568,-9.46675968170166,1.0,4
4859,-16.525407791137695,-14.791031837463379,-6.236344814300537,-0.0019696613308042288,-11.876969337463379,2.0,4
4860,-15.588310241699219,-15.041435241699219,-9.064872741699219,-0.0023731421679258347,-6.096123218536377,2.0,4
4861,-14.227203369140625,-15.875640869140625,-12.914703369140625,-7.360016345977783,-0.0006411403883248568,5.0,5
4862,-14.476724624633789,-15.468912124633789,-11.336099624633789,-2.336099624633789,-0.10172472149133682,2.0,5
4863,-14.929065704345703,-15.436878204345703,-11.671253204345703,-2.944690465927124,-0.054065439850091934,3.0,5
4864,-0.037572167813777924,-3.303197145462036,-9.256321907043457,-12.420384407043457,-13.482884407043457,1.0,1
4865,-14.704805374145508,-15.493867874145508,-11.532930374145508,-2.3219926357269287,-0.10324270278215408,5.0,5
4866,-14.875843048095703,-12.258655548095703,-4.141467571258545,-0.016467725858092308,-7.766467571258545,5.0,4
4867,-14.64868450164795,-14.07837200164795,-8.47680950164795,-0.008059244602918625,-4.851809024810791,4.0,4
4868,-14.83030891418457,-14.05687141418457,-8.35374641418457,-0.009996351785957813,-4.63499641418457,3.0,4
4869,-14.959409713745117,-15.435972213745117,-10.896909713745117,-0.14691011607646942,-1.9906600713729858,5.0,4
4870,-13.250213623046875,-12.023651123046875,-6.648651599884033,-0.008026369847357273,-5.008026599884033,5.0,4
4871,-13.15890121459961,-11.36983871459961,-4.229213714599609,-0.026088746264576912,-4.494838714599609,5.0,4
4872,-15.094213485717773,-14.187963485717773,-8.148900985717773,-0.023901307955384254,-3.7582762241363525,5.0,4
4873,-14.378998756408691,-15.269623756408691,-11.519623756408691,-3.9414987564086914,-0.019623661413788795,5.0,5
4874,-16.485206604003906,-15.032081604003906,-7.172706127166748,-0.0008312584250234067,-9.688331604003906,4.0,4
4875,-15.893279075622559,-16.322967529296875,-11.026091575622559,-0.0026543643325567245,-5.940154552459717,5.0,4
4876,-8.799877166748047,-0.1748773455619812,-1.831127405166626,-9.831127166748047,-14.831127166748047,1.0,2
4877,-16.718996047973633,-17.164308547973633,-11.140871047973633,-0.0002464944263920188,-8.375246047973633,4.0,4
4878,-11.777657508850098,-5.644845008850098,-0.004220151342451572,-7.316720008850098,-13.847970008850098,4.0,3
4879,-13.359146118164062,-12.327896118164062,-6.4060211181640625,-0.015396312810480595,-4.2966461181640625,5.0,4
4880,-15.224400520324707,-16.044713973999023,-10.763463020324707,-1.0134632587432861,-0.45096319913864136,3.0,5
4881,-15.590232849121094,-14.355857849121094,-6.801170825958252,-0.004295764956623316,-5.754295825958252,1.0,4
4882,-11.417394638061523,-11.268957138061523,-4.636145114898682,-2.7923951148986816,-0.07364499568939209,5.0,5
4883,-16.764171600341797,-13.459485054016113,-4.264172554016113,-0.014172381721436977,-12.834485054016113,2.0,4
4884,-12.910710334777832,-2.0591483116149902,-0.13727326691150665,-7.26227331161499,-15.746647834777832,2.0,3
4885,-17.352508544921875,-17.946258544921875,-11.852509498596191,-0.008759289979934692,-4.743134498596191,4.0,4
4886,-14.630005836486816,-5.317505359649658,-0.005005566403269768,-9.380005836486816,-15.028443336486816,3.0,3
4887,-11.093147277832031,-0.054084524512290955,-2.944709539413452,-11.210334777832031,-16.03064727783203,4.0,2
4888,-16.052427291870117,-16.544614791870117,-10.7321138381958,-0.19305147230625153,-1.7399264574050903,3.0,4
4889,-13.814133644104004,-15.001633644104004,-12.126633644104004,-6.423508167266846,-0.0016332633094862103,5.0,5
4890,-14.574895858764648,-14.738958358764648,-9.879583358764648,-0.05927083268761635,-2.8561458587646484,5.0,4
4891,-15.346635818481445,-14.596635818481445,-7.940385818481445,-0.018510691821575165,-4.018510818481445,5.0,4
4892,-14.515389442443848,-14.015389442443848,-8.421639442443848,-0.04663931578397751,-3.0935142040252686,4.0,4
4893,-14.930386543273926,-15.156949043273926,-10.906949043273926,-1.5631985664367676,-0.23507362604141235,5.0,5
4894,-16.959157943725586,-14.412282943725586,-5.115407943725586,-0.00603282917290926,-11.701345443725586,5.0,4
4895,-0.0014941253466531634,-6.51711893081665,-11.470244407653809,-13.642119407653809,-13.696806907653809,2.0,1
4896,-15.442049980163574,-15.910799980163574,-10.957674980163574,-0.035799942910671234,-3.348299980163574,5.0,4
4897,-17.120044708251953,-17.448169708251953,-12.06535816192627,-0.0028580077923834324,-5.8622331619262695,5.0,4
4898,-17.429386138916016,-11.827824592590332,-0.898137092590332,-0.523137092590332,-12.898137092590332,1.0,4
4899,-16.159130096435547,-14.581005096435547,-6.846630096435547,-0.0028799984138458967,-6.315380096435547,3.0,4
4900,-16.38604164123535,-16.08916664123535,-9.831354141235352,-0.08135421574115753,-2.5501041412353516,3.0,4
4901,-16.378263473510742,-16.503263473510742,-10.557951927185059,-0.01107686385512352,-4.511076927185059,3.0,4
4902,-0.0021693999879062176,-6.142794609069824,-11.228732109069824,-13.509982109069824,-13.970919609069824,1.0,1
4903,-16.173349380493164,-11.37647533416748,-0.9936624765396118,-0.4624124765396118,-12.99366283416748,5.0,4
4904,-16.84621238708496,-14.768087387084961,-6.064962863922119,-0.0024628089740872383,-8.939962387084961,3.0,4
4905,-15.871596336364746,-16.621597290039062,-11.871596336364746,-0.08253390341997147,-2.535658836364746,5.0,4
4906,-12.309794425964355,-13.372294425964355,-10.637919425964355,-5.286356449127197,-0.005106620490550995,5.0,5
4907,-12.914571762084961,-14.086446762084961,-11.719259262084961,-7.609883785247803,-0.0005090133054181933,5.0,5
4908,-15.7765531539917,-15.9874906539917,-10.7609281539917,-0.36249110102653503,-1.1906161308288574,5.0,4
4909,-15.392007827758789,-16.51700782775879,-12.649820327758789,-3.438882350921631,-0.03263242170214653,5.0,5
4910,-12.079804420471191,-12.728241920471191,-10.032929420471191,-6.42355489730835,-0.0016796779818832874,4.0,5
4911,-12.088276863098145,-12.822651863098145,-10.205464363098145,-6.0804643630981445,-0.002339128637686372,5.0,5
4912,-12.088276863098145,-12.822651863098145,-10.205464363098145,-6.0804643630981445,-0.002339128637686372,5.0,5
4913,-14.965271949768066,-14.965271949768066,-10.285584449768066,-0.9262097477912903,-0.5043347477912903,5.0,5
4914,-13.960333824157715,-11.671271324157715,-4.804083347320557,-0.03845847770571709,-3.5228335857391357,5.0,4
4915,-15.702275276184082,-14.741337776184082,-8.608525276184082,-0.030399944633245468,-3.514775037765503,5.0,4
4916,-0.1034039631485939,-2.3221540451049805,-8.74402904510498,-12.24402904510498,-13.76746654510498,3.0,1
4917,-17.422033309936523,-16.468908309936523,-8.96890926361084,-0.00015889335190877318,-10.43765926361084,1.0,4
4918,-8.281620979309082,-0.00037079135654494166,-9.062870979309082,-15.015995979309082,-17.789432525634766,1.0,2
4919,-17.28951644897461,-16.03170394897461,-8.891079902648926,-0.0004545609117485583,-8.062954902648926,3.0,4
4920,-16.19930648803711,-16.88680648803711,-11.793057441711426,-0.01961992122232914,-3.941494941711426,5.0,4
4921,-15.135475158691406,-14.854225158691406,-9.174537658691406,-0.0026624491438269615,-5.971412658691406,5.0,4
4922,-16.711334228515625,-13.469145774841309,-3.4691460132598877,-0.031646113842725754,-13.133208274841309,4.0,4
4923,-0.0002613918040879071,-8.297136306762695,-11.953386306762695,-13.406511306762695,-12.906511306762695,1.0,1
4924,-15.146328926086426,-15.740078926086426,-10.732266426086426,-0.701016366481781,-0.685391366481781,3.0,5
4925,-14.530688285827637,-15.788500785827637,-12.452563285827637,-3.4994380474090576,-0.030687963590025902,3.0,5
4926,-13.844697952270508,-14.899385452270508,-11.797822952270508,-4.743135452270508,-0.00876047182828188,1.0,5
4927,-13.232736587524414,-12.888986587524414,-7.529612064361572,-1.0139869451522827,-0.4514869451522827,3.0,5
4928,-16.470317840576172,-14.579692840576172,-6.47031831741333,-0.001568279112689197,-11.157817840576172,2.0,4
4929,-14.863462448120117,-15.215024948120117,-10.652524948120117,-1.1369001865386963,-0.38690024614334106,5.0,5
4930,-0.0006575806182809174,-7.344407558441162,-11.78190803527832,-13.96940803527832,-14.07097053527832,1.0,1
4931,-13.917616844177246,-14.261366844177246,-10.425429344177246,-2.378554344177246,-0.09730442613363266,3.0,5
4932,-17.074941635131836,-17.590566635131836,-11.949941635131836,-0.004628895781934261,-5.379628658294678,1.0,4
4933,-16.259523391723633,-16.907960891723633,-12.17358684539795,-0.017336729913949966,-4.064211845397949,5.0,4
4934,-11.486126899719238,-0.048626843839883804,-3.0486268997192383,-10.564251899719238,-15.259564399719238,4.0,2
4935,-13.92621898651123,-14.41840648651123,-10.01996898651123,-0.019969254732131958,-3.9262192249298096,4.0,4
4936,-16.197900772094727,-15.82289981842041,-9.79946231842041,-0.018212705850601196,-4.018212795257568,4.0,4
4937,-13.512994766235352,-3.7161192893981934,-0.04424440115690231,-3.9661192893981934,-14.028619766235352,5.0,3
4938,-15.909029006958008,-15.065279006958008,-8.877779006958008,-0.002779432339593768,-5.940279483795166,5.0,4
4939,-12.836127281188965,-8.086127281188965,-1.3830019235610962,-0.2892519235610962,-10.320502281188965,4.0,4
4940,-12.836127281188965,-8.086127281188965,-1.3830019235610962,-0.2892519235610962,-10.320502281188965,4.0,4
4941,-16.713939666748047,-16.995189666748047,-11.15143871307373,-0.003001472447067499,-5.815501689910889,1.0,4
4942,-13.535751342773438,-6.8013763427734375,-0.004501210525631905,-5.6920013427734375,-13.254501342773438,5.0,3
4943,-13.468172073364258,-11.444734573364258,-4.6166090965271,-0.022859273478388786,-4.3666090965271,5.0,4
4944,-13.468172073364258,-11.444734573364258,-4.6166090965271,-0.022859273478388786,-4.3666090965271,5.0,4
4945,-17.133800506591797,-17.149425506591797,-11.071300506591797,-0.0009884715545922518,-6.938488483428955,3.0,4
4946,-8.907133102416992,-0.0008829509024508297,-7.204008102416992,-13.344633102416992,-16.594633102416992,1.0,2
4947,-12.227288246154785,-11.102288246154785,-6.164788246154785,-0.00853840634226799,-5.055413246154785,5.0,4
4948,-15.430624961853027,-15.414999961853027,-9.469687461853027,-0.1649998426437378,-1.8837498426437378,1.0,4
4949,-12.982257843017578,-13.302570343017578,-10.396320343017578,-5.17756986618042,-0.005694950930774212,5.0,5
4950,-15.860057830810547,-15.461620330810547,-9.141307830810547,-0.0006823595031164587,-7.469432353973389,1.0,4
4951,-15.186539649963379,-15.600602149963379,-9.889664649963379,-0.014664248563349247,-4.233414173126221,3.0,4
4952,-16.206676483154297,-17.183238983154297,-12.339489936828613,-0.0035523187834769487,-5.644177436828613,1.0,4
4953,-14.681917190551758,-15.431917190551758,-10.978792190551758,-1.0334794521331787,-0.4397294819355011,5.0,5
4954,-14.383478164672852,-8.235040664672852,-0.03191576153039932,-3.4694156646728516,-12.039728164672852,5.0,3
4955,-19.671878814697266,-17.984378814697266,-12.79687786102295,-2.9802276912960224e-06,-15.33594036102295,5.0,4
4956,-15.038896560668945,-15.077959060668945,-10.273271560668945,-0.007646339945495129,-4.882646560668945,5.0,4
4957,-16.107929229736328,-15.818867683410645,-9.803242683410645,-0.006367395631968975,-5.068867206573486,4.0,4
4958,-13.508234977722168,-12.820734977722168,-8.156672477722168,-0.3441726267337799,-1.2347975969314575,2.0,4
4959,-14.445257186889648,-14.273382186889648,-9.703069686889648,-0.843694806098938,-0.562444806098938,3.0,5
4960,-13.833850860595703,-13.982288360595703,-9.568225860595703,-0.6932263374328613,-0.6932263374328613,5.0,4
4961,-15.32820987701416,-16.679773330688477,-12.37508487701416,-2.1407103538513184,-0.12508529424667358,5.0,5
4962,-14.298657417297363,-15.462719917297363,-11.298657417297363,-2.665844440460205,-0.07209446281194687,5.0,5
4963,-13.872528076171875,-4.356903553009033,-0.01315333228558302,-8.310028076171875,-15.052215576171875,5.0,3
4964,-15.171978950500488,-17.507915496826172,-14.515728950500488,-9.187603950500488,-0.00010394509445177391,4.0,5
4965,-17.59426498413086,-18.39113998413086,-12.781765937805176,-0.0005158047424629331,-7.578640937805176,3.0,4
4966,-9.298257827758789,-0.0013825867790728807,-6.657632350921631,-12.282632827758789,-16.09513282775879,3.0,2
4967,-1.6506664752960205,-0.2131664901971817,-9.931916236877441,-13.220978736877441,-14.775666236877441,3.0,2
4968,-14.898853302001953,-15.906665802001953,-12.414478302001953,-4.805103302001953,-0.008228330872952938,2.0,5
4969,-15.750338554382324,-15.226901054382324,-9.125338554382324,-0.00033861625706776977,-8.390963554382324,5.0,4
4970,-7.64102369430475e-05,-9.531326293945312,-13.390701293945312,-15.062576293945312,-14.515701293945312,1.0,1
4971,-16.59674835205078,-16.83112335205078,-11.487372398376465,-0.0029974314384162426,-5.815497398376465,4.0,4
4972,-0.0016160060185939074,-6.43911600112915,-11.220366477966309,-13.884428977966309,-14.446928977966309,5.0,1
4973,-13.420910835266113,-12.780285835266113,-7.624035358428955,-0.06153547018766403,-2.827160358428955,5.0,4
4974,-13.250213623046875,-12.023651123046875,-6.648651599884033,-0.008026369847357273,-5.008026599884033,5.0,4
4975,-13.15890121459961,-11.36983871459961,-4.229213714599609,-0.026088746264576912,-4.494838714599609,4.0,4
4976,-15.142853736877441,-15.736603736877441,-10.908478736877441,-1.033478856086731,-0.43972885608673096,3.0,5
4977,-0.15378692746162415,-1.9506618976593018,-7.981912136077881,-11.497536659240723,-13.544411659240723,2.0,1
4978,-2.5370888710021973,-0.08396389335393906,-6.552713871002197,-11.677714347839355,-14.951151847839355,3.0,2
4979,-16.055564880371094,-15.875876426696777,-9.164938926696777,-0.03993911296129227,-3.2430641651153564,5.0,4
4980,-15.0360107421875,-15.1844482421875,-9.7078857421875,-0.3485109508037567,-1.223510980606079,5.0,4
4981,-17.172639846801758,-16.375764846801758,-8.860139846801758,-0.000764673575758934,-7.391389846801758,5.0,4
4982,-0.0008778294431976974,-7.047752857208252,-12.243064880371094,-14.844627380371094,-14.743064880371094,3.0,1
4983,-15.578723907470703,-15.774036407470703,-10.555286407470703,-0.2662235498428345,-1.4537235498428345,3.0,4
4984,-16.378765106201172,-12.870951652526855,-2.0584516525268555,-0.13657677173614502,-12.941264152526855,3.0,4
4985,-13.094793319702148,-3.6182305812835693,-0.04010564461350441,-4.383855819702148,-14.532293319702148,4.0,3
4986,-13.169897079467773,-4.568334579467773,-0.1152096837759018,-2.3183345794677734,-13.208959579467773,3.0,3
4987,-15.23271656036377,-15.96709156036377,-11.19365406036377,-0.6624037623405457,-0.7249037623405457,5.0,4
4988,-16.588634490966797,-16.198009490966797,-9.205821990966797,-0.002697046147659421,-5.955821990966797,4.0,4
4989,-13.679546356201172,-14.343608856201172,-10.312358856201172,-2.085796356201172,-0.13267125189304352,5.0,5
4990,-15.899303436279297,-8.703990936279297,-0.0008663953049108386,-7.266491413116455,-14.735240936279297,5.0,3
4991,-13.128905296325684,-13.332030296325684,-9.613280296325684,-0.003905527526512742,-5.566405296325684,5.0,4
4992,-15.388965606689453,-11.701465606689453,-0.7249028086662292,-0.6624028086662292,-12.771778106689453,5.0,4
4993,-13.964125633239746,-13.511000633239746,-8.167250633239746,-0.011000463739037514,-4.542250633239746,4.0,4
4994,-13.964125633239746,-13.511000633239746,-8.167250633239746,-0.011000463739037514,-4.542250633239746,4.0,4
4995,-15.172167778015137,-15.203417778015137,-10.211230278015137,-0.047167327255010605,-3.0784173011779785,5.0,4
4996,-14.792834281921387,-5.628772258758545,-0.003772168420255184,-8.675646781921387,-16.160022735595703,5.0,3
4997,-12.166699409484863,-11.955761909484863,-8.737011909484863,-3.033886432647705,-0.04951147362589836,5.0,5
4998,-12.166699409484863,-11.955761909484863,-8.737011909484863,-3.033886432647705,-0.04951147362589836,5.0,5
4999,-13.6561861038208,-14.4061861038208,-10.6796236038208,-3.4843108654022217,-0.031185757368803024,5.0,5
5000,-14.412763595581055,-4.170576095581055,-0.029951278120279312,-4.264326095581055,-14.850263595581055,4.0,3
5001,-11.050561904907227,-2.1286869049072266,-0.14431197941303253,-4.175561904907227,-13.706811904907227,1.0,3
5002,-0.0007184546557255089,-7.250718593597412,-12.414780616760254,-14.422593116760254,-14.375718116760254,3.0,1
5003,-15.090559005737305,-14.988996505737305,-9.598371505737305,-0.00462106429040432,-5.3952460289001465,2.0,4
5004,-16.100801467895508,-13.147675514221191,-4.217988014221191,-0.014863229356706142,-11.085175514221191,5.0,4
5005,-16.626188278198242,-15.798064231872559,-7.9386887550354,-0.0011888825101777911,-7.0949387550354,3.0,4
5006,-14.759245872497559,-15.392058372497559,-10.720183372497559,-1.0639336109161377,-0.4233085811138153,1.0,5
5007,-16.28803253173828,-17.19428253173828,-12.186469078063965,-0.030219530686736107,-3.514594554901123,5.0,4
5008,-15.908742904663086,-13.752492904663086,-6.002492904663086,-0.0024927754420787096,-11.127492904663086,1.0,4
5009,-15.785881996154785,-14.668694496154785,-6.879632472991943,-0.004632455296814442,-5.629632472991943,5.0,4
5010,-14.546314239501953,-15.655689239501953,-12.249439239501953,-3.499438762664795,-0.030688771978020668,1.0,5
5011,-11.981329917907715,-12.684454917907715,-9.809454917907715,-4.387580394744873,-0.0125802056863904,5.0,5
5012,-11.89594554901123,-12.11469554901123,-8.66157054901123,-2.2240703105926514,-0.11469536274671555,4.0,5
5013,-0.9348481297492981,-0.5442231297492981,-3.6692230701446533,-6.512973308563232,-9.755160331726074,3.0,2
5014,-0.015644792467355728,-4.1718950271606445,-9.343770027160645,-12.093770027160645,-13.226582527160645,3.0,1
5015,-16.12813377380371,-14.010947227478027,-5.815634250640869,-0.0031343402806669474,-8.846884727478027,5.0,4
5016,-12.760273933410645,-13.002461433410645,-10.041523933410645,-4.588398456573486,-0.010273550637066364,5.0,5
5017,-14.13183879852295,-14.28027629852295,-9.47558879852295,-0.33496418595314026,-1.2568391561508179,5.0,4
5018,-14.4700288772583,-13.7512788772583,-8.3919038772583,-0.001279012649320066,-6.860653877258301,4.0,4
5019,-12.243532180786133,-12.501344680786133,-8.681032180786133,-1.688844919204712,-0.20446985960006714,3.0,5
5020,-15.48126220703125,-8.81719970703125,-0.004699732642620802,-5.39532470703125,-14.45001220703125,5.0,3
5021,-15.845934867858887,-15.627184867858887,-9.369372367858887,-0.009997296147048473,-4.619372367858887,5.0,4
5022,-16.941280364990234,-17.222530364990234,-11.105342864990234,-0.011592525988817215,-4.464717388153076,4.0,4
5023,-0.019079143181443214,-3.9722042083740234,-9.753454208374023,-12.636266708374023,-13.675329208374023,5.0,1
5024,-14.337966918945312,-3.4239044189453125,-0.03327939286828041,-8.845779418945312,-15.056716918945312,1.0,3
5025,-0.0002811751910485327,-8.20340633392334,-12.45340633392334,-14.13309383392334,-14.09403133392334,1.0,1
5026,-0.0009349980391561985,-7.000935077667236,-10.985309600830078,-13.000934600830078,-13.368122100830078,3.0,1
5027,-14.56643295288086,-15.30080795288086,-10.79299545288086,-1.417995572090149,-0.2773705720901489,3.0,5
5028,-12.544282913208008,-1.911470651626587,-0.16147059202194214,-6.692720413208008,-15.216157913208008,3.0,3
5029,-16.547218322753906,-15.945655822753906,-9.805030822753906,-0.00815596990287304,-4.820655822753906,3.0,4
5030,-14.687314987182617,-4.343565464019775,-0.015440450049936771,-6.062315464019775,-14.804502487182617,3.0,3
5031,-15.411170959472656,-15.887733459472656,-10.708045959472656,-0.012733228504657745,-4.372108459472656,4.0,4
5032,-3.9934315282152966e-05,-10.218790054321289,-13.812540054321289,-15.328165054321289,-14.609415054321289,1.0,1
5033,-6.329813186312094e-05,-9.718812942504883,-13.734437942504883,-15.492250442504883,-14.961000442504883,5.0,1
5034,-0.03474422171711922,-3.3784942626953125,-10.065994262695312,-13.198806762695312,-14.503494262695312,1.0,1
5035,-16.567283630371094,-16.309471130371094,-9.418846130371094,-0.01259621512144804,-4.387596130371094,4.0,4
5036,-11.512925464970229,-11.512925464970229,-11.512925464970229,-11.512925464970229,-11.512925464970229,1.0,-1
5037,-15.281460762023926,-14.773648262023926,-8.422085762023926,-0.1408359855413437,-2.031461000442505,2.0,4
5038,-14.613059043884277,-5.691184043884277,-0.003684281837195158,-8.113059043884277,-15.261496543884277,3.0,3
5039,-15.845314979553223,-15.892189979553223,-10.251564979553223,-0.0015653035370633006,-6.485940456390381,4.0,4
5040,-15.07144546508789,-15.69644546508789,-10.57925796508789,-0.407382607460022,-1.094882607460022,1.0,4
5041,-0.02092289924621582,-3.880297899246216,-9.927172660827637,-12.802172660827637,-14.161547660827637,3.0,1
5042,-0.02291974239051342,-3.7885446548461914,-10.655732154846191,-13.530732154846191,-14.155732154846191,4.0,1
5043,-7.235769748687744,-0.017019644379615784,-4.126394748687744,-11.438894271850586,-15.415456771850586,3.0,2
5044,-17.282285690307617,-16.001035690307617,-7.079160213470459,-0.0010353925172239542,-8.579160690307617,3.0,4
5045,-15.145736694335938,-7.137924671173096,-0.01292459201067686,-4.419174671173096,-14.098861694335938,4.0,3
5046,-16.312925338745117,-17.375425338745117,-11.898863792419434,-0.0629262700676918,-2.7973012924194336,4.0,4
5047,-16.232282638549805,-16.904157638549805,-11.365095138549805,-0.13071972131729126,-2.0994696617126465,4.0,4
5048,-0.6327425241470337,-0.7577425241470337,-8.953055381774902,-12.671805381774902,-14.679617881774902,4.0,1
5049,-7.345313549041748,-0.0015633992152288556,-7.001563549041748,-12.54843807220459,-15.66562557220459,4.0,2
5050,-16.66357421875,-16.34326171875,-9.804198265075684,-0.022948402911424637,-3.7885735034942627,5.0,4
5051,-17.60215950012207,-16.39903450012207,-7.438096523284912,-0.0005964645533822477,-12.102158546447754,4.0,4
5052,-13.493897438049316,-14.564209938049316,-10.907959938049316,-2.4782724380493164,-0.08764740079641342,3.0,5
5053,-15.452949523925781,-15.835762023925781,-10.406074523925781,-0.6326369047164917,-0.7576369047164917,4.0,4
5054,-14.137359619140625,-15.113922119140625,-11.699859619140625,-3.590485095977783,-0.027985015884041786,1.0,5
5055,-15.539251327514648,-11.523626327514648,-2.2658135890960693,-0.10956353694200516,-11.172063827514648,5.0,4
5056,-13.175834655761719,-13.222709655761719,-7.7539591789245605,-0.0977092832326889,-2.3789591789245605,3.0,4
5057,-15.192255020141602,-14.582880020141602,-8.450067520141602,-0.028192374855279922,-3.5906922817230225,1.0,4
5058,-17.601764678955078,-16.414264678955078,-8.578327178955078,-0.0002019201492657885,-11.422077178955078,4.0,4
5059,-13.516270637512207,-1.9772077798843384,-0.14908280968666077,-10.039708137512207,-15.110020637512207,4.0,3
5060,-17.299518585205078,-14.869830131530762,-5.940142631530762,-0.002642831765115261,-12.244830131530762,3.0,4
5061,-18.086015701293945,-17.437578201293945,-9.562578201293945,-7.795983401592821e-05,-11.992265701293945,3.0,4
5062,-15.193604469299316,-15.943604469299316,-10.943604469299316,-0.529542088508606,-0.888917088508606,4.0,4
5063,-10.867219924926758,-10.960969924926758,-7.828157901763916,-2.593782901763916,-0.07815786451101303,5.0,5
5064,-18.013996124267578,-14.615558624267578,-1.2014964818954468,-0.35774651169776917,-13.974933624267578,5.0,4
5065,-15.693641662597656,-13.545204162597656,-5.115516662597656,-0.00614171801134944,-9.178016662597656,2.0,4
5066,-15.696240425109863,-15.016552925109863,-8.313427925109863,-0.0009279712685383856,-7.297802925109863,5.0,4
5067,-12.904541015625,-11.943603515625,-6.068603038787842,-0.006103092804551125,-5.584228038787842,1.0,4
5068,-13.751559257507324,-14.899996757507324,-12.017184257507324,-6.470309257507324,-0.0015591143164783716,1.0,5
5069,-16.74421501159668,-17.90046501159668,-12.86921501159668,-0.002027957234531641,-6.205152988433838,4.0,4
5070,-17.595571517944336,-11.83775806427002,-0.0018208129331469536,-6.314321041107178,-15.24400806427002,3.0,3
5071,-17.112878799438477,-14.792566299438477,-5.659753322601318,-0.0035033775493502617,-11.917566299438477,4.0,4
5072,-16.4282169342041,-14.029779434204102,-5.06884241104126,-0.0063424017280340195,-10.943841934204102,4.0,4
5073,-17.453367233276367,-17.468992233276367,-11.609618186950684,-0.00024279984063468874,-8.375243186950684,5.0,4
5074,-9.829968452453613,-0.0018430643249303102,-6.329967975616455,-12.775280952453613,-15.970593452453613,4.0,2
5075,-16.969057083129883,-16.820619583129883,-10.812807083129883,-0.0003066784702241421,-8.172182083129883,5.0,4
5076,-17.91783905029297,-16.19127655029297,-5.581901550292969,-0.0037764438893646,-13.433464050292969,3.0,4
5077,-14.659658432006836,-13.972158432006836,-7.081532955169678,-0.0034079826436936855,-5.972157955169678,4.0,4
5078,-18.00871467590332,-16.18058967590332,-7.016528129577637,-0.0009029601933434606,-12.766528129577637,3.0,4
5079,-16.772876739501953,-13.132251739501953,-3.4994397163391113,-0.030689697712659836,-12.851001739501953,3.0,4
5080,-17.737937927246094,-15.448875427246094,-5.644188404083252,-0.003563365899026394,-11.230125427246094,3.0,4
5081,-14.16367244720459,-15.33554744720459,-11.59335994720459,-2.593360424041748,-0.07773541659116745,5.0,5
5082,-17.437559127807617,-16.500059127807617,-9.921934127807617,-5.8887653722194955e-05,-11.781309127807617,4.0,4
5083,-15.975598335266113,-16.467784881591797,-11.389660835266113,-0.11622320115566254,-2.209973096847534,3.0,4
5084,-15.825427055358887,-16.833240509033203,-11.778552055358887,-0.07542751729488373,-2.622302532196045,4.0,4
5085,-16.343936920166016,-13.367374420166016,-4.156436443328857,-0.01581166312098503,-11.101749420166016,5.0,4
5086,-17.403846740722656,-11.708535194396973,-0.005410077050328255,-5.224160194396973,-14.708535194396973,4.0,3
5087,-16.242101669311523,-10.554601669311523,-0.5624141693115234,-0.8436641693115234,-13.148351669311523,4.0,3
5088,-17.1807861328125,-16.5635986328125,-9.3135986328125,-0.0010987442219629884,-6.9073486328125,5.0,4
5089,-15.068358421325684,-13.240233421325684,-5.162108421325684,-0.005858512129634619,-9.255858421325684,5.0,4
5090,-15.28725528717041,-5.16225528717041,-0.006005338858813047,-8.27163028717041,-14.70131778717041,3.0,3
5091,-16.328723907470703,-7.578723430633545,-0.0005983707960695028,-9.359972953796387,-15.891222953796387,4.0,3
5092,-15.541461944580078,-8.010211944580078,-0.025836924090981483,-3.682086944580078,-13.955524444580078,3.0,3
5093,-17.296100616455078,-14.358600616455078,-4.217976093292236,-0.014850896783173084,-12.139850616455078,5.0,4
5094,-16.535783767700195,-12.301408767700195,-2.8560962677001953,-0.05922117456793785,-13.606096267700195,5.0,4
5095,-17.757965087890625,-13.273591041564941,-1.4298410415649414,-0.273591011762619,-13.445466041564941,4.0,4
5096,-14.512073516845703,-15.332386016845703,-11.449573516845703,-1.441760778427124,-0.269885778427124,4.0,5
5097,-16.72777557373047,-14.923088073730469,-6.735588550567627,-0.0012134101707488298,-11.024650573730469,5.0,4
5098,-14.417764663696289,-3.9568276405334473,-0.019327528774738312,-11.003702163696289,-16.27713966369629,4.0,3
5099,-16.925657272338867,-10.980344772338867,-0.011595118790864944,-4.464720249176025,-14.558469772338867,4.0,3
5100,-16.276586532592773,-16.581274032592773,-11.159399032592773,-0.003149075899273157,-5.768774032592773,5.0,4
5101,-0.1428087204694748,-2.017808675765991,-9.00218391418457,-12.63499641418457,-13.97093391418457,4.0,1
5102,-15.488751411437988,-5.4418768882751465,-0.004376832861453295,-10.285626411437988,-15.418438911437988,2.0,3
5103,-11.805872917175293,-0.2589980661869049,-1.4777480363845825,-11.126185417175293,-15.516810417175293,3.0,2
5104,-0.00014661667228210717,-8.906396865844727,-12.468896865844727,-13.593896865844727,-12.515771865844727,3.0,1
5105,-15.99827766418457,-16.62327766418457,-11.65452766418457,-0.12327750027179718,-2.154527425765991,4.0,4
5106,-18.528539657592773,-13.114477157592773,-0.0754142478108406,-2.6222891807556152,-14.505102157592773,3.0,3
5107,-17.615493774414062,-11.217055320739746,-0.20143058896064758,-1.7014305591583252,-14.115492820739746,4.0,3
5108,-16.2910099029541,-16.2753849029541,-11.205072402954102,-0.0019474128494039178,-6.251947402954102,4.0,4
5109,-7.127328872680664,-0.8304536938667297,-0.5960786938667297,-4.392953872680664,-12.142953872680664,4.0,3
5110,-17.040576934814453,-8.704639434814453,-0.0015140033792704344,-6.610888957977295,-15.157764434814453,5.0,3
5111,-11.50932502746582,-0.009324690327048302,-4.681199550628662,-13.50932502746582,-16.93120002746582,4.0,2
5112,-0.2775515019893646,-1.418176531791687,-8.558801651000977,-12.050989151000977,-13.558801651000977,4.0,1
5113,-14.568750381469727,-16.217187881469727,-12.725000381469727,-2.6078131198883057,-0.07656319439411163,5.0,5
5114,-16.67630958557129,-10.754433631896973,-0.004433801863342524,-5.426308631896973,-14.738808631896973,2.0,3
5115,-18.234817504882812,-13.973098754882812,-2.4496614933013916,-0.09028647840023041,-13.191848754882812,4.0,4
5116,-15.373891830444336,-16.303579330444336,-11.514516830444336,-0.22545458376407623,-1.600454568862915,3.0,4
5117,-16.85289192199707,-16.52476692199707,-9.45445442199707,-0.001329253427684307,-6.68882942199707,5.0,4
5118,-18.172515869140625,-16.563140869140625,-7.375639915466309,-0.0006399490521289408,-11.438139915466309,3.0,4
5119,-15.298064231872559,-16.274625778198242,-11.696501731872559,-0.2043139934539795,-1.6886889934539795,5.0,4
5120,-15.153425216674805,-16.504987716674805,-12.536237716674805,-2.3643624782562256,-0.09873754531145096,5.0,5
5121,-17.412342071533203,-10.740467071533203,-0.12327992916107178,-2.1545300483703613,-14.334217071533203,4.0,3
5122,-17.414106369018555,-17.234418869018555,-10.718793869018555,-4.410646579344757e-05,-10.890668869018555,5.0,4
5123,-14.871184349060059,-15.839934349060059,-11.363371849060059,-1.5508718490600586,-0.2383718192577362,5.0,5
5124,-17.213459014892578,-17.955646514892578,-12.627521514892578,-0.0025215516798198223,-5.986896514892578,5.0,4
5125,-18.031417846679688,-14.562667846679688,-3.2579801082611084,-0.039230190217494965,-13.414230346679688,2.0,4
5126,-16.998275756835938,-12.912338256835938,-0.8889012336730957,-0.5295262336730957,-13.537338256835938,5.0,4
5127,-16.916934967041016,-16.245059967041016,-8.9169340133667,-0.010684428736567497,-4.557559490203857,4.0,4
5128,-14.869211196899414,-15.720773696899414,-11.611398696899414,-3.212960720062256,-0.04108582064509392,5.0,5
5129,-16.974552154541016,-10.833927154541016,-0.3261142373085022,-1.2792391777038574,-12.794864654541016,4.0,3
5130,-17.076181411743164,-14.044931411743164,-3.544931411743164,-0.029306435957551003,-12.724618911743164,4.0,4
5131,-15.961752891540527,-16.82893943786621,-12.164877891540527,-0.008627758361399174,-4.758627891540527,3.0,4
5132,-15.781381607055664,-16.492319107055664,-11.351694107055664,-0.18763116002082825,-1.7657561302185059,5.0,4
5133,-16.11393928527832,-7.2233147621154785,-0.004564580507576466,-5.5670647621154785,-14.30143928527832,4.0,3
5134,-17.35946273803711,-16.21883773803711,-9.43758773803711,-8.785339014139026e-05,-11.99227523803711,5.0,4
5135,-16.149290084838867,-14.571165084838867,-7.110227108001709,-0.0008523407159373164,-10.500852584838867,5.0,4
5136,-15.076009750366211,-16.16194725036621,-11.841634750366211,-0.70100998878479,-0.68538498878479,5.0,5
5137,-17.547321319580078,-15.875446319580078,-7.734821319580078,-0.0004462200158741325,-12.109821319580078,3.0,4
5138,-16.906375885009766,-17.007938385009766,-11.750126838684082,-0.0001264730526600033,-9.062626838684082,4.0,4
5139,-17.07823944091797,-16.67980194091797,-10.648551940917969,-0.00011491115583339706,-9.359489440917969,4.0,4
5140,-13.472350120544434,-13.511412620544434,-7.581725120544434,-0.003600307274609804,-5.784850120544434,4.0,4
5141,-17.549022674560547,-9.283397674560547,-0.00214775069616735,-6.189647674560547,-15.228710174560547,5.0,3
5142,-1.3712432384490967,-0.29311826825141907,-8.230618476867676,-12.652493476867676,-14.910305976867676,4.0,2
5143,-14.522661209106445,-16.116411209106445,-12.866411209106445,-4.217973709106445,-0.014848665334284306,3.0,5
5144,-17.650266647338867,-16.400266647338867,-7.970579624176025,-0.0018296183552592993,-6.517454624176025,5.0,4
5145,-17.797222137451172,-16.476909637451172,-7.984722137451172,-0.0003469580551609397,-12.476909637451172,3.0,4
5146,-17.279083251953125,-11.036896705627441,-0.450959175825119,-1.0134592056274414,-13.349396705627441,4.0,3
5147,-16.183502197265625,-12.035064697265625,-2.113189935684204,-0.12881499528884888,-13.324127197265625,5.0,4
5148,-14.894160270690918,-15.987910270690918,-11.659785270690918,-2.378535509109497,-0.09728560596704483,5.0,5
5149,-17.359878540039062,-17.750503540039062,-12.219253540039062,-0.0005032941699028015,-7.609878063201904,3.0,4
5150,-16.657182693481445,-13.758745193481445,-4.110307693481445,-0.016557779163122177,-11.680620193481445,5.0,4
5151,-15.242074966430664,-15.742074966430664,-10.492074966430664,-0.4920749068260193,-0.9451999068260193,4.0,4
5152,-17.64594841003418,-18.32563591003418,-12.69282341003418,-0.0053232829086482525,-5.23969841003418,5.0,4
5153,-15.861289978027344,-6.3925395011901855,-0.0019145745318382978,-8.345664978027344,-15.040977478027344,3.0,3
5154,-18.524295806884766,-16.516483306884766,-7.094609260559082,-0.0008592489175498486,-10.610234260559082,3.0,4
5155,-16.85199737548828,-16.93012237548828,-10.703558921813965,-0.008246774785220623,-4.805121898651123,5.0,4
5156,-17.08609390258789,-12.906407356262207,-2.336094617843628,-0.10171965509653091,-12.031407356262207,5.0,4
5157,-16.954402923583984,-15.4934663772583,-7.485653400421143,-0.001278536394238472,-7.251278400421143,4.0,4
5158,-16.75859832763672,-10.969534873962402,-0.07890991121530533,-2.5789098739624023,-14.578909873962402,4.0,3
5159,-14.898906707763672,-15.812969207763672,-11.000469207763672,-1.6254693269729614,-0.21921931207180023,4.0,5
5160,-17.471433639526367,-18.080808639526367,-12.291746139526367,-0.002684087259694934,-5.924559116363525,5.0,4
5161,-15.430315971374512,-3.7428157329559326,-0.024065643548965454,-9.320940971374512,-15.578753471374512,2.0,3
5162,-17.947481155395508,-13.623262405395508,-2.1545119285583496,-0.12326201051473618,-13.295137405395508,5.0,4
5163,-15.335291862487793,-16.10091781616211,-11.413416862487793,-0.6399795413017273,-0.7493545413017273,4.0,4
5164,-17.16416358947754,-16.23447608947754,-9.421976089477539,-0.00010096516780322418,-10.984476089477539,5.0,4
5165,-15.641711235046387,-6.876086235046387,-0.00108624086715281,-9.860461235046387,-16.219837188720703,1.0,3
5166,-12.734522819519043,-0.18764737248420715,-1.7657723426818848,-10.343897819519043,-15.406397819519043,3.0,2
5167,-16.571428298950195,-16.782365798950195,-11.352678298950195,-0.0011155341053381562,-6.813615322113037,4.0,4
5168,-16.053916931152344,-16.350791931152344,-10.655479431152344,-0.21016670763492584,-1.6632916927337646,5.0,4
5169,-17.127260208129883,-15.291322708129883,-6.111635208129883,-0.0022603932302445173,-10.221010208129883,4.0,4
5170,-18.10169792175293,-16.65638542175293,-8.95326042175293,-0.00013529339048545808,-12.49232292175293,4.0,4
5171,-16.134756088256836,-16.697256088256836,-12.072256088256836,-0.12694337964057922,-2.126943349838257,5.0,4
5172,-17.346120834350586,-17.775808334350586,-12.135183334350586,-0.0023707635700702667,-6.049245834350586,5.0,4
5173,-16.954200744628906,-9.78232479095459,-0.0010750473011285067,-6.891700267791748,-15.39169979095459,1.0,3
5174,-18.438175201416016,-11.9225492477417,-0.0006744970451109111,-7.313174724578857,-16.047550201416016,4.0,3
5175,-16.518417358398438,-16.369979858398438,-9.885604858398438,-0.010604813694953918,-4.5574798583984375,3.0,4
5176,-16.292407989501953,-16.737720489501953,-11.550220489501953,-0.0033452522475272417,-5.706470489501953,5.0,4
5177,-16.248023986816406,-5.224586009979248,-0.005835875868797302,-7.740211009979248,-15.77927303314209,4.0,3
5178,-17.375179290771484,-15.820491790771484,-8.656429290771484,-0.00017891713650897145,-12.851741790771484,3.0,4
5179,-15.76386547088623,-15.46699047088623,-8.78730297088623,-0.021678045392036438,-3.8498029708862305,4.0,4
5180,-14.131402969360352,-15.764215469360352,-12.170465469360352,-2.7095284461975098,-0.0689033791422844,5.0,5
5181,-17.016040802001953,-15.586352348327637,-7.812914848327637,-0.0004148814477957785,-12.125414848327637,5.0,4
5182,-17.468990325927734,-16.203365325927734,-8.390864372253418,-0.0002397011558059603,-11.578364372253418,4.0,4
5183,-15.109271049499512,-16.218647003173828,-11.382708549499512,-0.8436461687088013,-0.5623961687088013,4.0,5
5184,-16.618003845214844,-11.33675479888916,-0.00862976722419262,-4.75862979888916,-14.39144229888916,5.0,3
5185,-17.205015182495117,-13.822202682495117,-3.423765182495117,-0.03314020484685898,-12.970640182495117,1.0,4
5186,-16.44550132751465,-13.148626327514648,-3.7580010890960693,-0.023625999689102173,-11.976751327514648,4.0,4
5187,-17.673126220703125,-15.751252174377441,-6.704377174377441,-0.0012521054595708847,-10.720002174377441,3.0,4
5188,-16.044931411743164,-17.060556411743164,-12.427743911743164,-0.029305972158908844,-3.544930934906006,5.0,4
5189,-17.296106338500977,-12.100794792175293,-0.007044715341180563,-4.960169792175293,-14.663294792175293,4.0,3
5190,-17.555152893066406,-15.98483943939209,-7.891089916229248,-0.0004646890447475016,-9.37546443939209,3.0,4
5191,-16.043359756469727,-11.660547256469727,-2.1683602333068848,-0.12148522585630417,-12.137109756469727,4.0,4
5192,-17.150819778442383,-16.346132278442383,-8.5648832321167,-0.0023831319995224476,-6.127383232116699,4.0,4
5193,-17.458908081054688,-11.646409034729004,-0.67765873670578,-0.70890873670578,-13.732346534729004,4.0,3
5194,-17.680103302001953,-12.43791675567627,-0.016041386872529984,-4.141041278839111,-15.35197925567627,4.0,3
5195,-15.33781909942627,-15.55656909942627,-11.36125659942627,-0.11125677078962326,-2.2518818378448486,5.0,4
5196,-16.493589401245117,-14.915464401245117,-6.579526424407959,-0.0014016337227076292,-11.642026901245117,5.0,4
5197,-16.820526123046875,-9.484587669372559,-0.0002127659390680492,-8.906462669372559,-15.906462669372559,3.0,3
5198,-17.99343490600586,-15.868435859680176,-6.688748359680176,-0.0012481764424592257,-14.009060859680176,4.0,4
5199,-15.680801391601562,-17.055801391601562,-12.219863891601562,-1.0948638916015625,-0.4073638916015625,4.0,5
5200,-17.6103515625,-15.5556640625,-6.938476085662842,-0.0009760859538801014,-12.4931640625,5.0,4
5201,-16.125715255737305,-13.399153709411621,-4.774153232574463,-0.008528241887688637,-10.406966209411621,4.0,4
5202,-16.651962280273438,-12.605086326599121,-0.4566490352153778,-1.0035240650177002,-13.503523826599121,3.0,3
5203,-13.703808784484863,-14.570996284484863,-11.727246284484863,-4.774121284484863,-0.008496091701090336,4.0,5
5204,-16.61692237854004,-9.874735832214355,-0.01536074373871088,-4.1872358322143555,-14.062235832214355,5.0,3
5205,-17.655195236206055,-12.006757736206055,-0.6473827958106995,-0.7411327958106995,-13.545820236206055,4.0,3
5206,-16.734479904174805,-16.320417404174805,-9.656353950500488,-0.00010442188795423135,-10.203228950500488,4.0,4
5207,-16.549320220947266,-17.057132720947266,-12.549321174621582,-0.0024459226988255978,-6.018070697784424,4.0,4
5208,-13.993231773376465,-13.696356773376465,-7.688544273376465,-0.0010442048078402877,-7.454169273376465,5.0,4
5209,-17.113876342773438,-12.871687889099121,-1.043562889099121,-0.4341879189014435,-12.863875389099121,3.0,4
5210,-8.657184600830078,-0.0009341643890365958,-7.18843412399292,-13.039997100830078,-15.789997100830078,4.0,2
5211,-16.399221420288086,-17.430471420288086,-11.961721420288086,-0.03984644263982773,-3.242971420288086,4.0,4
5212,-5.98184061050415,-0.01309062261134386,-4.55996561050415,-11.192778587341309,-14.724028587341309,3.0,2
5213,-17.442846298217773,-10.442846298217773,-0.005346642341464758,-5.239721775054932,-15.075658798217773,3.0,3
5214,-14.799656867980957,-4.557468891143799,-0.010593962855637074,-9.948094367980957,-16.11996841430664,4.0,3
5215,-11.126266479492188,-0.5168910622596741,-0.9075160622596741,-9.376266479492188,-14.376266479492188,4.0,2
5216,-16.95797348022461,-15.66109848022461,-5.332973003387451,-0.004848152864724398,-12.77047348022461,5.0,4
5217,-16.219696044921875,-13.141571044921875,-4.743133544921875,-0.008758699521422386,-13.282196044921875,5.0,4
5218,-13.611651420593262,-5.760088920593262,-0.01008875947445631,-4.978838920593262,-13.697588920593262,4.0,3
5219,-15.116229057312012,-15.920916557312012,-11.459979057312012,-0.4287290871143341,-1.0537290573120117,5.0,4
5220,-17.992223739624023,-17.117223739624023,-10.828160285949707,-3.576214658096433e-05,-11.210972785949707,3.0,4
5221,-16.83660316467285,-13.938165664672852,-4.125665664672852,-0.01629052683711052,-13.133478164672852,2.0,4
5222,-15.396336555480957,-16.919775009155273,-13.427586555480957,-4.310399532318115,-0.013524336740374565,5.0,5
5223,-17.492523193359375,-16.008148193359375,-8.297210693359375,-0.0003361137059982866,-9.453460693359375,4.0,4
5224,-18.25008201599121,-17.99226951599121,-11.890707015991211,-8.225102646974847e-05,-9.515707015991211,5.0,4
5225,-16.627948760986328,-15.784199714660645,-8.659199714660645,-0.002949414076283574,-5.893574237823486,4.0,4
5226,-16.37041473388672,-15.229789733886719,-8.628227233886719,-0.0032269093208014965,-5.8001017570495605,5.0,4
5227,-17.735687255859375,-18.079437255859375,-12.298187255859375,-0.001312705222517252,-6.641937732696533,4.0,4
5228,-16.126113891601562,-7.907364845275879,-0.0011147005716338754,-7.204239845275879,-14.743302345275879,4.0,3
5229,-14.321405410766602,-4.126092910766602,-0.0167176965624094,-7.751092910766602,-14.407342910766602,4.0,3
5230,-17.563365936279297,-17.703990936279297,-12.11023998260498,-0.0008654424455016851,-7.063365459442139,5.0,4
5231,-15.96523666381836,-16.55117416381836,-11.78554916381836,-0.12148628383874893,-2.168361186981201,5.0,4
5232,-15.96523666381836,-16.55117416381836,-11.78554916381836,-0.12148628383874893,-2.168361186981201,5.0,4
5233,-14.367752075195312,-2.9302520751953125,-0.05525202304124832,-7.9146270751953125,-14.734939575195312,3.0,3
5234,-16.599937438964844,-14.232749938964844,-1.201500415802002,-0.3577503561973572,-13.178062438964844,1.0,4
5235,-13.2033109664917,-14.3517484664917,-11.4298734664917,-3.257998466491699,-0.03924841433763504,4.0,5
5236,-15.528595924377441,-16.372344970703125,-11.036408424377441,-0.11453304439783096,-2.223907947540283,4.0,4
5237,-17.65387725830078,-13.778877258300781,-2.8413772583007812,-0.06012735143303871,-12.950752258300781,2.0,4
5238,-16.28233528137207,-7.782336235046387,-0.001086002797819674,-7.313586235046387,-15.274523735046387,4.0,3
5239,-15.70486831665039,-15.86111831665039,-9.86111831665039,-0.15799348056316376,-1.9236184358596802,5.0,4
5240,-15.454894065856934,-14.165831565856934,-6.486143589019775,-0.0017688118387013674,-8.392394065856934,5.0,4
5241,-17.55086898803711,-14.386807441711426,-3.9414947032928467,-0.019619803875684738,-12.761807441711426,4.0,4
5242,-15.739716529846191,-17.044404983520508,-12.395966529846191,-0.47409188747406006,-0.9740918874740601,4.0,4
5243,-14.15296459197998,-14.78577709197998,-10.62952709197998,-1.04358971118927,-0.43421471118927,4.0,5
5244,-17.8439884185791,-18.2971134185791,-13.164299964904785,-0.00023779425828251988,-8.359612464904785,4.0,4
5245,-14.131452560424805,-5.0689520835876465,-0.006452085450291634,-8.881452560424805,-14.764265060424805,3.0,3
5246,-17.224103927612305,-17.067853927612305,-10.356916427612305,-0.005354112479835749,-5.239728927612305,4.0,4
5247,-15.692204475402832,-16.70783042907715,-11.871891975402832,-0.8172048926353455,-0.5828298926353455,5.0,5
5248,-7.64102369430475e-05,-9.531326293945312,-13.164138793945312,-14.664138793945312,-14.593826293945312,1.0,1
5249,-13.500104904174805,-13.109479904174805,-9.328229904174805,-0.000105375460407231,-11.812604904174805,2.0,4
5250,-13.540741920471191,-4.681366920471191,-0.00949179194867611,-8.634491920471191,-15.259491920471191,5.0,3
5251,-15.872879981994629,-16.763504028320312,-11.802567481994629,-0.701004683971405,-0.685379683971405,4.0,5
5252,-12.158324241638184,-0.025511715561151505,-3.6817617416381836,-12.892699241638184,-16.181760787963867,5.0,2
5253,-17.367341995239258,-16.398591995239258,-8.906404495239258,-0.00015484087634831667,-11.101716995239258,3.0,4
5254,-15.186923027038574,-16.74942398071289,-12.202548027038574,-0.155673086643219,-1.9369230270385742,4.0,4
5255,-0.0013330630026757717,-6.626333236694336,-12.618520736694336,-14.931020736694336,-14.391958236694336,1.0,1
5256,-15.236148834228516,-6.376774311065674,-0.0017742858035489917,-9.564273834228516,-15.384586334228516,3.0,3
5257,-17.735280990600586,-15.899343490600586,-7.141530513763428,-0.0009056995622813702,-9.125905990600586,3.0,4
5258,-17.87510108947754,-17.92197608947754,-11.109475135803223,-0.00010048838157672435,-9.390725135803223,4.0,4
5259,-15.87852668762207,-17.02696418762207,-11.85508918762207,-0.45665204524993896,-1.003527045249939,5.0,4
5260,-17.3187255859375,-14.842164039611816,-5.084351062774658,-0.006226071622222662,-11.896851539611816,3.0,4
5261,-17.062599182128906,-16.984474182128906,-10.882911682128906,-9.881961887003854e-05,-9.484474182128906,4.0,4
5262,-16.074735641479492,-16.715360641479492,-11.371609687805176,-0.3091100752353668,-1.3247350454330444,5.0,4
5263,-0.00013433984713628888,-8.968884468078613,-12.586071968078613,-14.328259468078613,-14.257946968078613,1.0,1
5264,-17.35485076904297,-14.917350769042969,-5.722038269042969,-0.0032881025690585375,-12.300163269042969,3.0,4
5265,-14.176871299743652,-2.3643715381622314,-0.09874662011861801,-10.997183799743652,-15.872183799743652,4.0,3
5266,-15.202231407165527,-16.803794860839844,-12.944418907165527,-2.5069189071655273,-0.08504393696784973,4.0,5
5267,-17.164119720458984,-16.781307220458984,-11.046932220458984,-5.686121585313231e-05,-10.156307220458984,5.0,4
5268,-16.469017028808594,-8.390892028808594,-0.0002671123365871608,-10.156517028808594,-16.140892028808594,3.0,3
5269,-16.912466049194336,-10.373403549194336,-0.3577781021595001,-1.2015280723571777,-13.928091049194336,2.0,3
5270,-16.169639587402344,-11.864952087402344,-2.974327325820923,-0.0524522140622139,-12.646202087402344,4.0,4
5271,-13.69765567779541,-13.30703067779541,-7.33046817779541,-0.0023432911839336157,-6.39296817779541,4.0,4
5272,-16.987722396850586,-14.222097396850586,-2.753347158432007,-0.06584719568490982,-12.331472396850586,4.0,4
5273,-14.48679256439209,-15.66648006439209,-12.59616756439209,-4.58835506439209,-0.010230128653347492,5.0,5
5274,-16.29644775390625,-17.37457275390625,-12.38238525390625,-0.007384978234767914,-4.913634777069092,5.0,4
5275,-16.77174949645996,-17.49831199645996,-12.615498542785645,-0.0061239455826580524,-5.099874019622803,3.0,4
5276,-16.490694046020508,-14.568819999694824,-5.068819999694824,-0.006319776643067598,-12.443819999694824,4.0,4
5277,-16.62677574157715,-15.290838241577148,-6.34552526473999,-0.0017753568245097995,-11.376775741577148,4.0,4
5278,-15.500222206115723,-15.867409706115723,-11.093972206115723,-0.1017845869064331,-2.3361597061157227,5.0,4
5279,-17.333206176757812,-15.661330223083496,-5.286330699920654,-0.005080527625977993,-12.426955223083496,5.0,4
5280,-17.5391845703125,-16.4688720703125,-9.3126220703125,-0.00012242044613230973,-10.4063720703125,4.0,4
5281,-17.485307693481445,-10.282182693481445,-0.0009324969723820686,-7.016557693481445,-16.164995193481445,3.0,3
5282,-14.693069458007812,-15.802444458007812,-12.036819458007812,-2.9743194580078125,-0.05244440585374832,4.0,5
5283,-16.99357795715332,-17.43889045715332,-11.759203910827637,-0.032640960067510605,-3.4388909339904785,5.0,4
5284,-15.400630950927734,-8.267818450927734,-0.2521939277648926,-1.5021939277648926,-13.424068450927734,5.0,3
5285,-16.466571807861328,-13.029071807861328,-1.013446569442749,-0.45094650983810425,-13.325946807861328,4.0,4
5286,-15.912931442260742,-16.748868942260742,-12.139493942260742,-0.22543108463287354,-1.6004310846328735,5.0,4
5287,-14.865822792053223,-15.662697792053223,-10.881447792053223,-0.7330106496810913,-0.6548856496810913,4.0,5
5288,-16.5146427154541,-14.100580215454102,-4.991205215454102,-0.006830319762229919,-12.381830215454102,4.0,4
5289,-17.39592742919922,-12.013114929199219,-0.013114859350025654,-4.341239929199219,-14.513114929199219,4.0,3
5290,-14.295095443725586,-15.795095443725586,-12.318532943725586,-5.115407943725586,-0.006032947916537523,5.0,5
5291,-16.575687408447266,-12.645999908447266,-2.7241246700286865,-0.06787469983100891,-12.216312408447266,4.0,4
5292,-16.144351959228516,-6.191227436065674,-0.0037273948546499014,-6.394352436065674,-14.714664459228516,4.0,3
5293,-16.437074661254883,-13.562074661254883,-4.913637638092041,-0.007387581747025251,-11.898012161254883,3.0,4
5294,-0.0003079893649555743,-8.1253080368042,-12.0315580368042,-13.5784330368042,-13.1174955368042,4.0,1
5295,-14.36740779876709,-16.242408752441406,-13.60178279876709,-8.43772029876709,-0.00022063204960431904,5.0,5
5296,-16.844871520996094,-14.883934020996094,-6.797996520996094,-0.001121726119890809,-13.102684020996094,3.0,4
5297,-17.02667808532715,-17.37042808532715,-11.932929039001465,-0.003241524798795581,-5.737616539001465,4.0,4
5298,-15.09045696258545,-16.723268508911133,-12.50451946258545,-0.4342065155506134,-1.043581485748291,5.0,4
5299,-16.627466201782227,-14.486841201782227,-3.0337159633636475,-0.04934094101190567,-13.080591201782227,5.0,4
5300,-17.10995101928711,-10.391201972961426,-0.0005766874528490007,-7.516201496124268,-15.430264472961426,5.0,3
5301,-17.229276657104492,-11.729276657104492,-0.9167771339416504,-0.5105271339416504,-14.119901657104492,4.0,4
5302,-15.093681335449219,-15.968681335449219,-11.281181335449219,-0.8436815738677979,-0.5624315738677979,4.0,5
5303,-17.258378982543945,-16.180253982543945,-7.609941005706787,-0.0005660838796757162,-9.672441482543945,5.0,4
5304,-8.505776405334473,-0.021401422098279,-3.8651514053344727,-11.638588905334473,-15.654213905334473,3.0,2
5305,-14.251642227172852,-7.04851770401001,-0.3141426742076874,-1.3141427040100098,-12.970392227172852,3.0,3
5306,-16.774145126342773,-16.547582626342773,-10.172582626342773,-0.09445770829916,-2.4069576263427734,5.0,4
5307,-9.708677291870117,-0.005551871843636036,-5.208676815032959,-12.161802291870117,-15.786802291870117,4.0,2
5308,-1.0036287307739258,-0.45675376057624817,-9.144253730773926,-12.847378730773926,-14.667691230773926,3.0,2
5309,-17.317764282226562,-14.716200828552246,-5.255263328552246,-0.005263399798423052,-10.903700828552246,5.0,4
5310,-13.86809253692627,-15.53996753692627,-13.11028003692627,-7.0165300369262695,-0.0009052231325767934,4.0,5
5311,-16.314361572265625,-7.204986572265625,-0.0018615075387060642,-6.798736572265625,-14.853424072265625,4.0,3
5312,-14.916568756103516,-13.815006256103516,-7.877506256103516,-0.002506331307813525,-6.158756256103516,3.0,4
5313,-15.64334774017334,-16.533971786499023,-11.92459774017334,-0.5105350017547607,-0.9167850017547607,5.0,4
5314,-14.051215171813965,-14.598090171813965,-10.379340171813965,-0.5043402910232544,-0.9262152910232544,5.0,4
5315,-16.44015121459961,-14.33858871459961,-5.940151214599609,-0.0026510353200137615,-11.73702621459961,3.0,4
5316,-16.45463752746582,-13.899949073791504,-6.501511573791504,-0.0015116228023543954,-12.517136573791504,3.0,4
5317,-14.910331726074219,-15.894706726074219,-11.558769226074219,-1.6759569644927979,-0.20720693469047546,4.0,5
5318,-15.073859214782715,-16.40979766845703,-11.597296714782715,-1.0035468339920044,-0.4566718339920044,5.0,5
5319,-16.89076805114746,-16.53920555114746,-10.172018051147461,-0.0001431601122021675,-9.203268051147461,4.0,4
5320,-14.664397239685059,-13.687834739685059,-8.078459739685059,-0.00033504117163829505,-10.836272239685059,4.0,4
5321,-16.602109909057617,-17.602109909057617,-12.1021089553833,-0.008359205909073353,-4.789609432220459,5.0,4
5322,-16.755773544311523,-17.665929794311523,-12.396398544311523,-0.13858571648597717,-2.0448358058929443,5.0,4
5323,-16.618173599243164,-7.563486099243164,-0.0009863278828561306,-7.672861099243164,-15.282236099243164,5.0,3
5324,-17.78203582763672,-16.74297332763672,-7.157036781311035,-0.000786591088399291,-12.477349281311035,4.0,4
5325,-15.202609062194824,-16.608858108520508,-12.561984062194824,-0.46823376417160034,-0.9838587641716003,5.0,4
5326,-14.28242015838623,-12.76679515838623,-6.782419681549072,-0.0011698314920067787,-10.52460765838623,5.0,4
5327,-17.823179244995117,-13.080992698669434,-0.026304742321372032,-3.6513047218322754,-14.807555198669434,3.0,3
5328,-16.55951499938965,-8.489203453063965,-0.0048279850743710995,-5.379827976226807,-14.442328453063965,3.0,3
5329,-17.031471252441406,-15.578346252441406,-8.453346252441406,-0.00022146634000819176,-12.187721252441406,5.0,4
5330,-7.64102369430475e-05,-9.531326293945312,-13.164138793945312,-14.664138793945312,-14.593826293945312,1.0,1
5331,-17.447010040283203,-10.47826099395752,-0.10326054692268372,-2.3220105171203613,-14.11107349395752,4.0,3
5332,-17.421932220458984,-17.125057220458984,-10.734431266784668,-5.638440416078083e-05,-10.328181266784668,4.0,4
5333,-0.06229854375123978,-2.812298536300659,-8.093548774719238,-11.218548774719238,-12.359173774719238,5.0,1
5334,-17.08320426940918,-17.91132926940918,-12.739455223083496,-0.005079934373497963,-5.286329746246338,4.0,4
5335,-0.0025039531756192446,-6.002503871917725,-10.783754348754883,-12.947816848754883,-13.127504348754883,5.0,1
5336,-13.271821022033691,-13.560883522033691,-7.959321022033691,-0.0061959801241755486,-5.146821022033691,4.0,4
5337,-15.778727531433105,-16.645915985107422,-12.216227531433105,-0.044352855533361435,-3.1381027698516846,5.0,4
5338,-17.047822952270508,-14.618134498596191,-4.74313497543335,-0.008759880438446999,-12.532196998596191,3.0,4
5339,-16.704191207885742,-16.719816207885742,-11.180753707885742,-0.0010662352433428168,-6.860441207885742,4.0,4
5340,-14.821866035461426,-15.642178535461426,-11.071866035461426,-0.7828034162521362,-0.6109284162521362,4.0,5
5341,-15.841520309448242,-12.333707809448242,-2.974332571029663,-0.05245764181017876,-11.599332809448242,5.0,4
5342,-9.639199256896973,-0.029824240133166313,-3.5298242568969727,-11.943886756896973,-15.795449256896973,4.0,2
5343,-16.805593490600586,-7.6415300369262695,-0.0009051040397025645,-7.7665300369262695,-15.25090503692627,4.0,3
5344,-15.744260787963867,-17.127073287963867,-12.486448287963867,-0.025511018931865692,-3.6817610263824463,5.0,4
5345,-16.746015548706055,-10.956953048706055,-0.8085159063339233,-0.5897659063339233,-13.066328048706055,3.0,4
5346,-17.44709587097168,-12.77522087097168,-2.072096347808838,-0.13459627330303192,-13.18147087097168,5.0,4
5347,-16.387561798095703,-10.87975025177002,-0.87975013256073,-0.53600013256073,-12.70787525177002,4.0,4
5348,-15.99596118927002,-16.667835235595703,-11.33189868927002,-0.28502345085144043,-1.3943984508514404,4.0,4
5349,-17.12531852722168,-16.93000602722168,-10.437819480895996,-0.00031931069679558277,-8.172194480895996,4.0,4
5350,-17.137161254882812,-17.785598754882812,-12.527785301208496,-0.004348228219896555,-5.441848278045654,4.0,4
5351,-15.404513359069824,-16.77170181274414,-12.693575859069824,-2.154513359069824,-0.12326338142156601,4.0,5
5352,-17.632966995239258,-16.476716995239258,-8.968903541564941,-0.00015400654228869826,-10.687653541564941,4.0,4
5353,-17.280263900756836,-15.319326400756836,-4.991201400756836,-0.006826294120401144,-12.975576400756836,4.0,4
5354,-17.51628875732422,-18.36785125732422,-12.555351257324219,-0.000663894519675523,-7.328788757324219,5.0,4
5355,-15.70319652557373,-6.234446048736572,-0.015696194022893906,-4.296946048736572,-14.46882152557373,4.0,3
5356,-16.648637771606445,-15.976762771606445,-9.734575271606445,-0.0002002515539061278,-8.890825271606445,3.0,4
5357,-17.335769653320312,-12.757644653320312,-2.0857696533203125,-0.13264474272727966,-12.757644653320312,4.0,4
5358,-17.546953201293945,-17.898515701293945,-12.562579154968262,-7.891343557275832e-05,-9.515704154968262,4.0,4
5359,-17.13115119934082,-11.73271369934082,-0.6624013185501099,-0.7249013185501099,-13.74833869934082,2.0,3
5360,-17.01030158996582,-15.275925636291504,-6.002488613128662,-0.002488494385033846,-11.682175636291504,4.0,4
5361,-14.675727844238281,-15.425727844238281,-10.589790344238281,-0.8085404634475708,-0.5897904634475708,5.0,5
5362,-17.562702178955078,-17.711139678955078,-12.093952178955078,-0.00020203932945150882,-8.547077178955078,4.0,4
5363,-16.8721866607666,-12.098749160766602,-0.3174996078014374,-1.3018746376037598,-13.379999160766602,4.0,3
5364,-14.250946998596191,-2.5790717601776123,-0.07907172292470932,-8.625946998596191,-15.469696998596191,3.0,3
5365,-15.992143630981445,-15.507768630981445,-8.804643630981445,-0.007769010495394468,-4.8827691078186035,5.0,4
5366,-8.359822273254395,-0.0004469349514693022,-8.469197273254395,-13.594197273254395,-16.492633819580078,2.0,2
5367,-17.516599655151367,-15.571287155151367,-6.938474178314209,-0.0009741804678924382,-13.243162155151367,3.0,4
5368,-8.516331672668457,-0.0007064230740070343,-7.594456195831299,-13.860081672668457,-16.83664321899414,4.0,2
5369,-17.961172103881836,-17.265859603881836,-8.406484603881836,-0.0002348147245356813,-11.601797103881836,5.0,4
5370,-17.4067440032959,-15.758306503295898,-7.62549352645874,-0.0004936429904773831,-12.578619003295898,4.0,4
5371,-15.12702465057373,-6.2520246505737305,-0.002024626126512885,-9.26764965057373,-15.17389965057373,4.0,3
5372,-13.803842544555664,-2.608529806137085,-0.07727969437837601,-7.233529567718506,-14.655405044555664,4.0,3
5373,-16.485130310058594,-17.407005310058594,-12.22731876373291,-0.11794345080852509,-2.196068525314331,5.0,4
5374,-14.3533935546875,-15.0174560546875,-11.2127685546875,-0.0018306892598047853,-6.314330577850342,4.0,4
5375,-18.008573532104492,-18.703886032104492,-12.867947578430176,-0.0007605044520460069,-7.188260555267334,4.0,4
5376,-15.564035415649414,-16.212472915649414,-11.009347915649414,-0.35309815406799316,-1.2124731540679932,5.0,4
5377,-14.8494291305542,-15.9041166305542,-11.9275541305542,-1.857241153717041,-0.1697412133216858,4.0,5
5378,-17.02364730834961,-17.67989730834961,-11.664271354675293,-0.0002090712368953973,-8.547083854675293,3.0,4
5379,-18.046894073486328,-17.593769073486328,-11.570331573486328,-1.9073304429184645e-05,-11.765644073486328,1.0,4
5380,-15.700241088867188,-13.481491088867188,-5.317428112030029,-0.004928227048367262,-12.153366088867188,5.0,4
5381,-14.574610710144043,-15.926173210144043,-12.855860710144043,-3.9261727333068848,-0.01992274634540081,4.0,5
5382,-18.015701293945312,-17.187576293945312,-9.546952247619629,-7.70062324590981e-05,-12.476639747619629,3.0,4
5383,-16.60295867919922,-16.10295867919922,-10.102958679199219,-0.00139639584813267,-6.610771179199219,4.0,4
5384,-15.172956466674805,-16.321393966674805,-12.993268966674805,-4.7276434898376465,-0.008893639780580997,5.0,5
5385,-17.32821273803711,-16.52352523803711,-9.687588691711426,-8.844937838148326e-05,-10.687588691711426,5.0,4
5386,-12.528396606445312,-1.1690212488174438,-0.37214621901512146,-9.590896606445312,-15.106521606445312,5.0,3
5387,-16.906925201416016,-13.8444242477417,-4.774112224578857,-0.008487108163535595,-13.2506742477417,4.0,4
5388,-17.330078125,-15.767578125,-4.634765625,-0.009765825234353542,-11.892578125,5.0,4
5389,-17.868722915649414,-16.595285415649414,-8.314035415649414,-0.0015351902693510056,-6.657785415649414,5.0,4
5390,-13.088894844055176,-2.182645320892334,-0.12014524638652802,-7.682645320892334,-14.737332344055176,3.0,3
5391,-18.297292709350586,-12.141042709350586,-0.0004172646440565586,-7.797292232513428,-16.016042709350586,3.0,3
5392,-17.42197036743164,-17.17978286743164,-10.43759536743164,-9.560128091834486e-05,-9.65634536743164,5.0,4
5393,-15.009848594665527,-16.31453514099121,-12.041098594665527,-1.5879734754562378,-0.2285984456539154,4.0,5
5394,-17.148914337158203,-10.641101837158203,-0.0004766043566633016,-7.703601837158203,-15.570789337158203,4.0,3
5395,-18.203229904174805,-17.453229904174805,-9.359479904174805,-0.0001045410826918669,-11.148542404174805,5.0,4
5396,-15.864630699157715,-16.59119415283203,-11.638068199157715,-0.23181819915771484,-1.5755681991577148,5.0,4
5397,-14.919066429138184,-16.8565673828125,-12.778441429138184,-1.3018791675567627,-0.3175041079521179,4.0,5
5398,-15.283894538879395,-4.018269062042236,-0.01826912723481655,-9.049519538879395,-15.494832038879395,3.0,3
5399,-16.681821823120117,-9.955260276794434,-0.0021349035669118166,-6.174009799957275,-15.150572776794434,4.0,3
5400,-13.777616500854492,-13.394804000854492,-7.37917947769165,-0.00417931517586112,-5.64480447769165,4.0,4
5401,-15.186091423034668,-15.834528923034668,-10.975153923034668,-1.1157793998718262,-0.3970293402671814,5.0,5
5402,-17.63621711730957,-13.421372413635254,-0.24168521165847778,-1.538560152053833,-13.663559913635254,3.0,3
5403,-17.40582275390625,-14.569884300231934,-4.913634300231934,-0.007384504657238722,-12.335509300231934,3.0,4
5404,-16.865306854248047,-17.513744354248047,-12.11530590057373,-0.01374365109950304,-4.294993877410889,4.0,4
5405,-15.592244148254395,-16.16255760192871,-11.107869148254395,-0.24849440157413483,-1.5141193866729736,5.0,4
5406,-16.932029724121094,-13.439842224121094,-1.267967700958252,-0.33046770095825195,-13.189842224121094,4.0,4
5407,-16.256620407104492,-16.186307907104492,-10.209745407104492,-0.022245166823267937,-3.819120168685913,4.0,4
5408,-16.025264739990234,-16.204952239990234,-11.689327239990234,-0.0018274764297530055,-6.314327239990234,5.0,4
5409,-16.492351531982422,-12.242350578308105,-2.3361008167266846,-0.10172579437494278,-12.234538078308105,2.0,4
5410,-17.718164443969727,-13.288477897644043,-0.15566502511501312,-1.9369150400161743,-14.124415397644043,4.0,3
5411,-17.133405685424805,-17.438093185424805,-11.617780685424805,-0.0005933669744990766,-7.453718185424805,3.0,4
5412,-17.859479904174805,-17.843854904174805,-10.390729904174805,-0.0001045410826918669,-9.562604904174805,5.0,4
5413,-16.371280670166016,-14.3009672164917,-5.504092693328857,-0.004092533141374588,-11.9415922164917,5.0,4
5414,-16.75455665588379,-14.207682609558105,-5.395182132720947,-0.004557223059237003,-12.527995109558105,3.0,4
5415,-17.395034790039062,-12.348160743713379,-1.324723243713379,-0.3090982437133789,-13.199723243713379,3.0,4
5416,-14.7520751953125,-15.4395751953125,-10.9395751953125,-2.0177001953125,-0.14270031452178955,5.0,5
5417,-16.664962768554688,-15.696213722229004,-8.922776222229004,-0.0009011736838147044,-7.188401222229004,4.0,4
5418,-17.549898147583008,-10.979585647583008,-0.08896050602197647,-2.4639604091644287,-14.253023147583008,3.0,3
5419,-17.556087493896484,-11.5560884475708,-0.001400800421833992,-6.579525947570801,-14.8685884475708,4.0,3
5420,-17.581071853637695,-18.752946853637695,-13.065447807312012,-0.0029475123155862093,-5.8310723304748535,5.0,4
5421,-15.261680603027344,-16.644493103027344,-12.206993103027344,-1.0741807222366333,-0.4179306924343109,4.0,5
5422,-17.811729431152344,-15.59298038482666,-4.96016788482666,-0.007042821496725082,-12.92891788482666,4.0,4
5423,-16.17316246032715,-7.891912937164307,-0.0012878228444606066,-7.001287937164307,-14.759099960327148,4.0,3
5424,-14.757828712463379,-15.585953712463379,-11.250016212463379,-1.0234534740447998,-0.4453285336494446,4.0,5
5425,-16.227855682373047,-17.048168182373047,-12.212230682373047,-0.001293299370445311,-6.657543182373047,5.0,4
5426,-13.96357250213623,-8.72919750213623,-0.02607283554971218,-3.6666977405548096,-11.79169750213623,3.0,3
5427,-14.37641716003418,-3.438917398452759,-0.03266749903559685,-10.17329216003418,-15.42329216003418,3.0,3
5428,-14.79959774017334,-15.30741024017334,-10.73709774017334,-0.18241040408611298,-1.7917853593826294,5.0,4
5429,-16.52025604248047,-16.99681854248047,-10.957756042480469,-0.04369327425956726,-3.1530683040618896,5.0,4
5430,-17.354204177856445,-12.143266677856445,-0.002641761675477028,-5.940141677856445,-15.112016677856445,3.0,3
5431,-16.49703598022461,-13.387660026550293,-5.332973003387451,-0.0048477970995008945,-13.629847526550293,5.0,4
5432,-17.117219924926758,-16.703157424926758,-10.796907424926758,-3.2305197237292305e-05,-11.617219924926758,5.0,4
5433,-17.320783615112305,-15.891097068786621,-7.672347068786621,-0.00047183825518004596,-12.508284568786621,4.0,4
5434,-17.78136444091797,-16.75011444091797,-9.109489440917969,-0.00011443436960689723,-13.164176940917969,5.0,4
5435,-16.83475112915039,-8.444127082824707,-0.006626891903579235,-5.053502082824707,-14.342564582824707,4.0,3
5436,-16.665000915527344,-16.860313415527344,-10.422813415527344,-0.03218856453895569,-3.454063653945923,5.0,4
5437,-18.20355987548828,-16.78949737548828,-7.750435829162598,-0.0004357342259027064,-12.687935829162598,5.0,4
5438,-16.978233337402344,-10.892295837402344,-0.0016703951405361295,-6.4079203605651855,-15.142295837402344,3.0,3
5439,-11.262981414794922,-0.00516912154853344,-5.270793914794922,-13.411418914794922,-16.505168914794922,3.0,2
5440,-17.672868728637695,-16.868181228637695,-9.485367774963379,-0.000993116176687181,-7.000993251800537,5.0,4
5441,-17.406831741333008,-15.852144241333008,-7.563081741333008,-0.0005816913326270878,-9.797456741333008,4.0,4
5442,-16.171083450317383,-8.522645950317383,-0.00702104065567255,-4.991395950317383,-14.428895950317383,4.0,3
5443,-10.51066780090332,-0.17473001778125763,-1.8309800624847412,-10.43254280090332,-15.19035530090332,4.0,2
5444,-14.992362022399902,-15.789237022399902,-10.843924522399902,-1.4298615455627441,-0.2736116051673889,5.0,5
5445,-16.150407791137695,-13.705095291137695,-4.634782791137695,-0.009782706387341022,-10.970720291137695,4.0,4
5446,-16.251070022583008,-15.891695022583008,-8.422945022583008,-0.0010698077967390418,-7.079195022583008,4.0,4
5447,-16.633298873901367,-12.250487327575684,-1.727049469947815,-0.19579945504665375,-12.258299827575684,4.0,4
5448,-14.814191818237305,-15.900129318237305,-11.814191818237305,-1.9235671758651733,-0.15794217586517334,5.0,5
5449,-16.501619338989258,-14.618806838989258,-6.439119815826416,-0.0016196954529732466,-11.181306838989258,5.0,4
5450,-14.725189208984375,-5.053314208984375,-0.00643905671313405,-10.459564208984375,-16.131439208984375,3.0,3
5451,-16.870895385742188,-17.277145385742188,-11.089645385742188,-0.027144942432641983,-3.6208949089050293,4.0,4
5452,-15.141073226928711,-16.32076072692871,-12.125448226928711,-1.6254485845565796,-0.219198539853096,5.0,5
5453,-11.662260055541992,-1.615384578704834,-0.22475957870483398,-6.006009578704834,-13.998197555541992,5.0,3
5454,-14.406668663024902,-13.992606163024902,-8.750418663024902,-0.0004182179400231689,-8.281668663024902,4.0,4
5455,-17.002063751220703,-12.46300220489502,-2.0176897048950195,-0.14268966019153595,-13.11143970489502,4.0,4
5456,-16.664113998413086,-17.187551498413086,-11.187552452087402,-0.007864936254918575,-4.851614952087402,5.0,4
5457,-17.117250442504883,-16.078187942504883,-9.859436988830566,-6.210611172718927e-05,-11.781311988830566,5.0,4
5458,-18.174943923950195,-15.612442970275879,-4.526505470275879,-0.0108805475756526,-13.792130470275879,3.0,4
5459,-17.28024673461914,-13.44430923461914,-3.288059711456299,-0.03805965930223465,-12.34274673461914,4.0,4
5460,-14.786605834960938,-15.513168334960938,-11.044418334960938,-0.974105954170227,-0.47410592436790466,5.0,5
5461,-14.974411010742188,-16.193161010742188,-11.740036010742188,-0.6931610107421875,-0.6931610107421875,5.0,4
5462,-11.512925464970229,-11.512925464970229,-11.512925464970229,-11.512925464970229,-11.512925464970229,4.0,-1
5463,-11.512925464970229,-11.512925464970229,-11.512925464970229,-11.512925464970229,-11.512925464970229,4.0,-1
5464,-14.9373140335083,-16.335750579833984,-12.9607515335083,-3.7732512950897217,-0.02325127087533474,5.0,5
5465,-13.298211097717285,-13.829461097717285,-10.227898597717285,-1.1263360977172852,-0.39196106791496277,4.0,5
5466,-14.887736320495605,-15.809611320495605,-12.254923820495605,-3.8955490589141846,-0.020549023523926735,5.0,5
5467,-13.03106689453125,-12.25762939453125,-7.25762939453125,-0.08575461059808731,-2.507629632949829,5.0,4
5468,-14.716599464416504,-16.20097541809082,-13.044724464416504,-5.177536964416504,-0.005662116687744856,5.0,5
5469,-14.859770774841309,-15.031645774841309,-11.258208274841309,-2.492583751678467,-0.08633366972208023,5.0,5
5470,-15.623129844665527,-16.248130798339844,-11.045004844665527,-0.6700050234794617,-0.7168800234794617,4.0,4
5471,-15.344359397888184,-16.188108444213867,-11.805296897888184,-1.9771718978881836,-0.1490468680858612,5.0,5
5472,-12.362067222595215,-4.807379722595215,-0.01050455030053854,-6.088629722595215,-12.830817222595215,5.0,3
5473,-11.512925464970229,-11.512925464970229,-11.512925464970229,-11.512925464970229,-11.512925464970229,1.0,-1
5474,-10.745381355285645,-10.839131355285645,-8.167256355285645,-2.6516318321228027,-0.07350677251815796,4.0,5
5475,-17.094310760498047,-17.180248260498047,-11.180248260498047,-0.0005611990345641971,-7.516186237335205,1.0,4
5476,-14.090780258178711,-4.434530258178711,-0.012655189260840416,-7.247030258178711,-15.036092758178711,2.0,3
5477,-15.190601348876953,-15.581226348876953,-10.339038848876953,-0.010913446545600891,-4.526538372039795,4.0,4
5478,-14.383624076843262,-15.500811576843262,-11.985186576843262,-4.7586236000061035,-0.008623622357845306,5.0,5
5479,-16.395265579223633,-15.37182903289795,-7.614016056060791,-0.004641236271709204,-5.489016056060791,5.0,4
5480,-17.312952041625977,-15.906702041625977,-7.719202041625977,-0.0004520586517173797,-12.258264541625977,5.0,4
5481,-18.882884979248047,-17.554759979248047,-9.68757152557373,-7.188061863416806e-05,-11.67194652557373,5.0,4
5482,-14.7339506149292,-16.358949661254883,-12.4683256149292,-3.273012638092041,-0.038637641817331314,3.0,5
5483,-16.411754608154297,-13.41175365447998,-4.3258161544799805,-0.013316384516656399,-13.25550365447998,3.0,4
5484,-15.268632888793945,-15.721757888793945,-10.854570388793945,-0.5967575907707214,-0.7998825907707214,5.0,4
5485,-8.871115684509277,-0.011740398593246937,-4.464865207672119,-10.714865684509277,-14.738303184509277,2.0,2
5486,-15.930731773376465,-8.118231773376465,-0.11823190003633499,-2.196357011795044,-13.626044273376465,4.0,3
5487,-12.642932891845703,-11.353870391845703,-5.306995868682861,-0.11949563771486282,-2.2288706302642822,1.0,4
5488,-14.959365844726562,-14.709365844726562,-9.240615844726562,-0.7249906659126282,-0.6624906659126282,3.0,5
5489,-9.09488582611084,-0.001135776867158711,-6.89176082611084,-12.19644832611084,-15.54019832611084,4.0,2
5490,-15.370718955993652,-15.191031455993652,-8.566031455993652,-0.06603167206048965,-2.7535316944122314,4.0,4
5491,-12.486156463623047,-0.07209368050098419,-2.6658437252044678,-11.548656463623047,-15.884593963623047,2.0,2
5492,-15.329495429992676,-14.899807929992676,-9.423245429992676,-0.39199569821357727,-1.1263706684112549,4.0,4
5493,-10.517361640930176,-0.01736156828701496,-4.064236640930176,-12.001736640930176,-15.548611640930176,1.0,2
5494,-12.436408996582031,-0.5692212581634521,-0.8348462581634521,-9.350471496582031,-15.561408996582031,4.0,2
5495,-12.642932891845703,-11.353870391845703,-5.306995868682861,-0.11949563771486282,-2.2288706302642822,4.0,4
5496,-16.9937744140625,-16.8531494140625,-10.2672119140625,-0.0015873225638642907,-6.470337390899658,4.0,4
5497,-15.33812427520752,-15.60374927520752,-11.40062427520752,-1.6506246328353882,-0.21312467753887177,3.0,5
5498,-14.817952156066895,-15.692952156066895,-11.185139656066895,-0.2554517388343811,-1.4898266792297363,5.0,4
5499,-14.131613731384277,-13.186301231384277,-6.959738731384277,-0.006613509729504585,-5.178488731384277,5.0,4
5500,-15.138497352600098,-15.029122352600098,-9.810372352600098,-0.4509970545768738,-1.0134971141815186,2.0,4
5501,-15.446743965148926,-14.985806465148926,-8.446743965148926,-0.009244258515536785,-4.712369441986084,5.0,4
5502,-16.674856185913086,-16.338918685913086,-10.112356185913086,-0.002981624100357294,-5.831106662750244,3.0,4
5503,-15.387843132019043,-14.786280632019043,-8.255030632019043,-0.05190547928214073,-2.989405393600464,1.0,4
5504,-11.512925464970229,-11.512925464970229,-11.512925464970229,-11.512925464970229,-11.512925464970229,4.0,-1
5505,-0.10485639423131943,-2.307981491088867,-9.479856491088867,-13.003293991088867,-14.284543991088867,1.0,1
5506,-15.11805534362793,-7.3914923667907715,-0.000867467257194221,-8.29774284362793,-15.11024284362793,2.0,3
5507,-15.189833641052246,-14.283583641052246,-7.392958164215088,-0.04920828714966774,-3.049208402633667,5.0,4
5508,-12.796956062316895,-13.062581062316895,-10.812581062316895,-8.093983342405409e-05,-9.859456062316895,4.0,4
5509,-15.363652229309082,-13.973027229309082,-6.301151752471924,-0.004276891704648733,-6.019901752471924,5.0,4
5510,-17.408899307250977,-14.20577335357666,-1.7917109727859497,-0.1823360025882721,-13.59639835357666,5.0,4
5511,-14.185043334960938,-13.442855834960938,-6.4741058349609375,-0.13035564124584198,-2.1147305965423584,5.0,4
5512,-13.447794914245605,-12.510294914245605,-5.3071699142456055,-0.1821700930595398,-1.8227951526641846,5.0,4
5513,-13.665818214416504,-14.079880714416504,-10.173630714416504,-3.048630952835083,-0.048630934208631516,5.0,5
5514,-14.509538650512695,-6.5642266273498535,-0.17360147833824158,-1.845476508140564,-13.509538650512695,5.0,3
5515,-15.013338088989258,-13.208650588989258,-5.278963088989258,-0.01333826407790184,-4.810213088989258,5.0,4
5516,-14.99023151397705,-14.45116901397705,-8.14648151397705,-0.021481115370988846,-3.8652310371398926,5.0,4
5517,-14.328237533569336,-9.093862533569336,-1.023550271987915,-0.4454253017902374,-11.492300033569336,5.0,4
5518,-15.254430770874023,-8.988805770874023,-0.9263060688972473,-0.5044310688972473,-12.449743270874023,4.0,4
5519,-18.046876907348633,-15.89844036102295,-15.69531536102295,-17.500001907348633,-2.7418097943154862e-06,5.0,5
5520,-14.407959938049316,-14.868897438049316,-10.415772438049316,-1.923585295677185,-0.15796029567718506,5.0,5
5521,-10.37640380859375,-0.0014037764631211758,-6.59515380859375,-13.18890380859375,-16.61077880859375,4.0,2
5522,-13.5038480758667,-14.6054105758667,-11.4491605758667,-5.566348075866699,-0.0038481722585856915,5.0,5
5523,-15.735821723937988,-16.446758270263672,-11.610821723937988,-0.01707167737185955,-4.079571723937988,5.0,4
5524,-10.174243927001953,-0.0023689798545092344,-6.064868927001953,-12.775806427001953,-16.150806427001953,4.0,2
5525,-15.847743034362793,-12.355555534362793,-1.9102426767349243,-0.1602426916360855,-11.597743034362793,5.0,4
5526,-16.07491111755371,-7.348348617553711,-0.004598518367856741,-5.535848617553711,-15.270223617553711,5.0,3
5527,-16.532325744628906,-15.329200744628906,-7.2510762214660645,-0.0010761191369965672,-7.9229512214660645,5.0,4
5528,-13.76759147644043,-11.60352897644043,-3.9472784996032715,-0.04102861508727074,-3.8691534996032715,5.0,4
5529,-13.476821899414062,-15.078384399414062,-12.711196899414062,-8.281509399414062,-0.00025948495022021234,5.0,5
5530,-15.832608222961426,-15.574795722961426,-9.441983222961426,-0.08260831981897354,-2.535733222961426,4.0,4
5531,-14.916043281555176,-13.791043281555176,-7.384793758392334,-0.009793566539883614,-4.697293758392334,5.0,4
5532,-13.246238708496094,-13.339988708496094,-9.121238708496094,-3.168114185333252,-0.04311409592628479,5.0,5
5533,-14.141974449157715,-13.032599449157715,-7.063849925994873,-0.0013497299514710903,-7.626349925994873,5.0,4
5534,-13.734074592590332,-12.702824592590332,-7.28876256942749,-0.007512413896620274,-4.99188756942749,1.0,4
5535,-11.250924110412598,-13.024361610412598,-10.657174110412598,-7.032174587249756,-0.0009245174005627632,1.0,5
5536,-16.672683715820312,-14.922683715820312,-7.157058238983154,-0.0008083889842964709,-10.633621215820312,4.0,4
5537,-16.353248596191406,-13.423561096191406,-1.923560619354248,-0.15793566405773163,-13.017311096191406,5.0,4
5538,-14.864656448364258,-10.474031448364258,-1.5755939483642578,-0.23184391856193542,-11.341218948364258,5.0,4
5539,-13.685662269592285,-5.130974769592285,-0.005974885076284409,-10.037224769592285,-15.966912269592285,5.0,3
5540,-16.46930694580078,-15.867743492126465,-8.453680992126465,-0.0005564333405345678,-7.984931468963623,5.0,4
5541,-15.52530288696289,-14.93155288696289,-8.58780288696289,-0.02530333586037159,-3.697178363800049,5.0,4
5542,-16.514867782592773,-14.491430282592773,-4.960180282592773,-0.007055487018078566,-11.030492782592773,3.0,4
5543,-15.473226547241211,-13.895101547241211,-6.129476547241211,-0.004476526286453009,-6.082601547241211,5.0,4
5544,-10.380899429321289,-9.544961929321289,-6.310586929321289,-2.638711929321289,-0.07621198892593384,1.0,5
5545,-16.070484161376953,-13.195483207702637,-4.836108207702637,-0.007983441464602947,-11.601733207702637,5.0,4
5546,-15.537654876708984,-15.498592376708984,-9.326717376708984,-0.029842058196663857,-3.5298421382904053,5.0,4
5547,-11.512925464970229,-11.512925464970229,-11.512925464970229,-11.512925464970229,-11.512925464970229,5.0,-1
5548,-15.962703704833984,-16.025203704833984,-9.689266204833984,-0.0017661938909441233,-6.376766204833984,4.0,4
5549,-16.160449981689453,-15.105762481689453,-7.426074981689453,-0.0041998522356152534,-5.629199981689453,5.0,4
5550,-18.523582458496094,-18.586082458496094,-11.84389591217041,-0.00014554394874721766,-8.89077091217041,3.0,4
5551,-16.078760147094727,-14.875635147094727,-7.242822647094727,-0.008447864092886448,-4.867822647094727,5.0,4
5552,-16.064313888549805,-16.525251388549805,-10.931501388549805,-0.009626751765608788,-4.650251865386963,5.0,4
5553,-14.492941856384277,-15.750754356384277,-11.680441856384277,-2.1960668563842773,-0.11794186383485794,5.0,5
5554,-16.026317596435547,-15.120067596435547,-8.354442596435547,-0.04194227606058121,-3.1981923580169678,4.0,4
5555,-16.16551399230957,-14.821764945983887,-7.4702019691467285,-0.032701995223760605,-3.4545769691467285,4.0,4
5556,-11.952427864074707,-0.21024051308631897,-1.6633654832839966,-9.194615364074707,-14.608677864074707,4.0,2
5557,-15.863248825073242,-15.261686325073242,-8.456998825073242,-0.0038740597665309906,-5.613248825073242,2.0,4
5558,-16.38431167602539,-14.907748222351074,-6.642123699188232,-0.0014985294546931982,-8.563998222351074,5.0,4
5559,-15.0139799118042,-15.5061674118042,-10.5842924118042,-0.7249175310134888,-0.6624175310134888,5.0,5
5560,-6.92398738861084,-0.002112539717927575,-6.79898738861084,-11.68179988861084,-14.96304988861084,3.0,2
5561,-16.133527755737305,-16.383527755737305,-10.266339302062988,-0.0007147617870941758,-7.2975897789001465,4.0,4
5562,-14.155407905578613,-4.506970405578613,-0.03822030872106552,-3.6319704055786133,-14.460095405578613,5.0,3
5563,-9.281983375549316,-0.0007331067463383079,-7.360107898712158,-13.180420875549316,-16.289794921875,2.0,2
5564,-16.62019920349121,-12.323324203491211,-0.08894883841276169,-2.4639487266540527,-13.878011703491211,5.0,3
5565,-16.082551956176758,-16.715364456176758,-10.926301956176758,-0.08255168050527573,-2.5356767177581787,4.0,4
5566,-15.594569206237793,-16.89925765991211,-13.813319206237793,-7.110194683074951,-0.0008195855189114809,4.0,5
5567,-14.424235343933105,-15.494547843933105,-11.830485343933105,-2.7679851055145264,-0.06486005336046219,4.0,5
5568,-15.93423843383789,-16.70767593383789,-11.55923843383789,-0.027988260611891747,-3.5904881954193115,5.0,4
5569,-16.60314178466797,-15.040640830993652,-6.5797038078308105,-0.0015787529991939664,-8.595328330993652,2.0,4
5570,-17.390939712524414,-17.875314712524414,-11.828439712524414,-0.00031454383861273527,-8.094064712524414,5.0,4
5571,-9.517114639282227,-0.03273937851190567,-3.4389894008636475,-10.251489639282227,-14.673364639282227,3.0,2
5572,-17.70367431640625,-16.14117431640625,-7.516174793243408,-0.0005499995895661414,-12.500550270080566,3.0,4
5573,-0.003921914380043745,-5.550796985626221,-10.550796508789062,-13.433609008789062,-14.003921508789062,1.0,1
5574,-15.703824996948242,-16.375699996948242,-11.547574996948242,-0.07101287692785263,-2.6803879737854004,5.0,4
5575,-16.28334617614746,-16.73647117614746,-11.650533676147461,-0.0020961235277354717,-6.173971176147461,4.0,4
5576,-17.597869873046875,-15.785370826721191,-3.6056830883026123,-0.027558108791708946,-11.613495826721191,5.0,4
5577,-17.232589721679688,-18.162277221679688,-12.896653175354004,-0.0060279713943600655,-5.115403175354004,5.0,4
5578,-17.968921661376953,-16.601734161376953,-8.765796661376953,-0.00017128908075392246,-11.203296661376953,3.0,4
5579,-16.469995498657227,-15.134057998657227,-7.610620021820068,-0.0012450808426365256,-7.204370021820068,1.0,4
5580,-12.938356399536133,-2.711794137954712,-0.07116920500993729,-6.086794376373291,-14.586793899536133,5.0,3
5581,-15.735898971557617,-16.290586471557617,-11.314023971557617,-0.35308608412742615,-1.2124611139297485,1.0,4
5582,-14.464455604553223,-4.612893104553223,-0.019143233075737953,-4.706643104553223,-14.487893104553223,5.0,3
5583,-14.419533729553223,-14.177346229553223,-8.880471229553223,-0.47422099113464355,-0.9742209911346436,5.0,4
5584,-11.512925464970229,-11.512925464970229,-11.512925464970229,-11.512925464970229,-11.512925464970229,4.0,-1
5585,-8.965232849121094,-5.746482849121094,-0.7777329087257385,-0.6214829087257385,-9.504295349121094,5.0,4
5586,-15.20217514038086,-15.44436264038086,-10.42092514038086,-0.42873722314834595,-1.0537371635437012,5.0,4
5587,-18.27372932434082,-16.93779182434082,-8.15654182434082,-0.0002919009421020746,-12.64091682434082,1.0,4
5588,-15.673991203308105,-15.861491203308105,-9.947428703308105,-0.025553317740559578,-3.6818032264709473,2.0,4
5589,-15.550681114196777,-16.394432067871094,-11.042868614196777,-0.29286888241767883,-1.3709938526153564,5.0,4
5590,-16.645587921142578,-16.379962921142578,-10.114338874816895,-0.02058861404657364,-3.8955886363983154,4.0,4
5591,-15.682686805725098,-16.40143585205078,-11.323311805725098,-0.799873948097229,-0.596748948097229,5.0,5
5592,-15.481761932373047,-16.559886932373047,-12.184886932373047,-1.6380116939544678,-0.216136634349823,5.0,5
5593,-15.245132446289062,-13.807632446289062,-6.596694469451904,-0.002944659674540162,-6.456069469451904,4.0,4
5594,-16.033245086669922,-10.228557586669922,-0.3769954442977905,-1.1582454442977905,-12.916057586669922,5.0,3
5595,-16.860553741455078,-17.579303741455078,-12.094928741455078,-0.0011784045491367579,-6.75117826461792,5.0,4
5596,-14.915852546691895,-12.720540046691895,-4.142414569854736,-0.01741475611925125,-6.595539569854736,4.0,4
5597,-16.72002601623535,-15.040338516235352,-6.673151016235352,-0.0012760362587869167,-11.923151016235352,5.0,4
5598,-16.582406997680664,-17.238656997680664,-11.99647045135498,-0.004282708279788494,-5.457407474517822,5.0,4
5599,-16.859657287597656,-15.937783241271973,-10.000283241271973,-0.00028308198670856655,-8.359658241271973,3.0,4
5600,-14.067946434020996,-13.169508934020996,-7.982008934020996,-0.07575888186693192,-2.622633934020996,5.0,4
5601,-14.753532409667969,-15.589469909667969,-11.550407409667969,-2.3785324096679688,-0.09728235751390457,5.0,5
5602,-13.672297477722168,-14.187922477722168,-10.484797477722168,-3.469172477722168,-0.03167256340384483,4.0,5
5603,-16.079805374145508,-14.493867874145508,-6.79855489730835,-0.0016800350276753306,-7.48605489730835,5.0,4
5604,-16.173263549804688,-16.837326049804688,-11.735762596130371,-0.03263796120882034,-3.4388880729675293,5.0,4
5605,-6.229880332946777,-0.026755165308713913,-3.7142550945281982,-9.901755332946777,-13.612692832946777,1.0,2
5606,-16.529909133911133,-17.209596633911133,-11.561159133911133,-0.10022135823965073,-2.3502213954925537,5.0,4
5607,-15.027493476867676,-15.089993476867676,-9.730618476867676,-0.1603061556816101,-1.9103062152862549,5.0,4
5608,-14.242666244506836,-13.258291244506836,-7.828603744506836,-0.0004786299541592598,-9.516103744506836,4.0,4
5609,-16.203838348388672,-9.985088348388672,-0.09446302056312561,-2.4069631099700928,-13.508525848388672,5.0,3
5610,-16.22305679321289,-13.38711929321289,-3.9261817932128906,-0.019931742921471596,-11.48868179321289,5.0,4
5611,-15.4437894821167,-15.5141019821167,-9.5609769821167,-0.03753909841179848,-3.303164005279541,4.0,4
5612,-14.177452087402344,-15.974327087402344,-12.771202087402344,-5.193077564239502,-0.005577359814196825,5.0,5
5613,-11.512925464970229,-11.512925464970229,-11.512925464970229,-11.512925464970229,-11.512925464970229,5.0,-1
5614,-12.537644386291504,-13.147019386291504,-9.561081886291504,-0.02983233891427517,-3.529832363128662,3.0,4
5615,-15.368261337280273,-15.454198837280273,-9.297948837280273,-0.04794905707240105,-3.0635740756988525,5.0,4
5616,-14.182722091674805,-3.7452216148376465,-0.026471702381968498,-5.9952216148376465,-14.315534591674805,5.0,3
5617,-15.395626068115234,-15.942501068115234,-11.005001068115234,-0.0987512618303299,-2.3643763065338135,5.0,4
5618,-15.052546501159668,-15.740046501159668,-11.068171501159668,-0.6931712627410889,-0.6931712627410889,4.0,4
5619,-16.579113006591797,-15.12598705291748,-6.954112529754639,-0.0009873997187241912,-10.40723705291748,4.0,4
5620,-15.979381561279297,-13.299694061279297,-4.002819061279297,-0.01844421960413456,-11.924694061279297,4.0,4
5621,-15.159976959228516,-16.355289459228516,-11.816226959228516,-1.1052892208099365,-0.40216416120529175,4.0,5
5622,-13.90929889678955,-12.91711139678955,-7.346798896789551,-0.03429899737238884,-3.409298896789551,5.0,4
5623,-13.929375648498535,-13.257500648498535,-8.070000648498535,-0.05437584966421127,-2.9450008869171143,5.0,4
5624,-11.956314086914062,-12.198501586914062,-9.479751586914062,-3.9875640869140625,-0.018814202398061752,5.0,5
5625,-11.512925464970229,-11.512925464970229,-11.512925464970229,-11.512925464970229,-11.512925464970229,1.0,-1
5626,-13.865812301635742,-13.959562301635742,-9.897062301635742,-1.115812063217163,-0.39706212282180786,3.0,5
5627,-13.836331367492676,-14.141018867492676,-9.430081367492676,-0.17226918041706085,-1.8441442251205444,5.0,4
5628,-15.092777252197266,-16.139652252197266,-11.936527252197266,-1.0537149906158447,-0.42871493101119995,5.0,5
5629,-14.098062515258789,-14.051187515258789,-10.934000015258789,-3.926187753677368,-0.019937703385949135,5.0,5
5630,-11.512925464970229,-11.512925464970229,-11.512925464970229,-11.512925464970229,-11.512925464970229,4.0,-1
5631,-13.887359619140625,-14.434234619140625,-11.020172119140625,-3.348297595977783,-0.03579752892255783,5.0,5
5632,-15.531461715698242,-11.312711715698242,-2.3361496925354004,-0.10177457332611084,-9.867399215698242,4.0,4
5633,-0.013320501893758774,-4.325820446014404,-12.153945922851562,-15.333633422851562,-15.708633422851562,4.0,1
5634,-12.968305587768555,-13.147993087768555,-9.374555587768555,-0.9839305877685547,-0.4683055579662323,5.0,5
5635,-14.692477226257324,-15.770602226257324,-12.465914726257324,-3.5752899646759033,-0.02841486781835556,5.0,5
5636,-14.178017616271973,-12.662392616271973,-6.967080116271973,-0.21708033978939056,-1.6389553546905518,4.0,4
5637,-15.184195518493652,-15.613883018493652,-11.192008018493652,-1.0435702800750732,-0.434195339679718,5.0,5
5638,-12.831853866577148,-13.175603866577148,-9.355291366577148,-2.8709158897399902,-0.05841594189405441,4.0,5
5639,-15.02736759185791,-13.81643009185791,-7.05861759185791,-0.011742637492716312,-4.52736759185791,5.0,4
5640,-11.40041446685791,-11.27541446685791,-8.36135196685791,-3.04885196685791,-0.04885187745094299,5.0,5
5641,-16.582124710083008,-17.261812210083008,-11.660249710083008,-0.05087433382868767,-3.0039992332458496,5.0,4
5642,-16.237241744995117,-14.5419282913208,-8.1356782913208,-0.01067876722663641,-4.573178768157959,5.0,4
5643,-13.377490043640137,-13.721240043640137,-10.627490043640137,-3.0337398052215576,-0.049364883452653885,5.0,5
5644,-15.751150131225586,-15.837087631225586,-9.985525131225586,-0.407399982213974,-1.0949000120162964,4.0,4
5645,-13.046021461486816,-7.171021938323975,-1.2022716999053955,-0.3585217595100403,-12.921021461486816,5.0,4
5646,-15.419857025146484,-11.622982025146484,-1.2792315483093262,-0.32610657811164856,-12.388607025146484,5.0,4
5647,-13.541926383972168,-4.002863883972168,-0.01848880760371685,-9.862238883972168,-15.174738883972168,4.0,3
5648,-0.0005902693956159055,-7.4537153244018555,-11.828715324401855,-13.891215324401855,-13.992777824401855,1.0,1
5649,-14.669189453125,-5.302001953125,-0.0051271384581923485,-8.942626953125,-15.520751953125,5.0,3
5650,-9.535345077514648,-0.004094788804650307,-5.51971960067749,-12.097845077514648,-15.847845077514648,4.0,2
5651,-17.390851974487305,-16.570539474487305,-9.218976020812988,-0.000226472009671852,-8.984601020812988,5.0,4
5652,-12.99044418334961,-12.13106918334961,-7.802944660186768,-0.0841945931315422,-2.5216946601867676,5.0,4
5653,-16.063493728637695,-14.860368728637695,-7.625993251800537,-0.0009934734553098679,-7.594743251800537,1.0,4
5654,-16.570791244506836,-15.695792198181152,-9.328604698181152,-0.00047922570956870914,-7.859854221343994,5.0,4
5655,-15.394373893737793,-15.613123893737793,-10.363123893737793,-0.4021860957145691,-1.1053111553192139,5.0,4
5656,-14.476187705993652,-14.421500205993652,-9.437125205993652,-0.046499814838171005,-3.093374729156494,4.0,4
5657,-13.856697082519531,-14.216072082519531,-10.395759582519531,-2.622321844100952,-0.07544674724340439,5.0,5
5658,-7.8759989738464355,-0.0009990707039833069,-7.3916239738464355,-13.649436950683594,-16.938499450683594,3.0,2
5659,-12.72712516784668,-12.75837516784668,-7.80525016784668,-1.4302502870559692,-0.2740003168582916,5.0,5
5660,-14.904688835144043,-15.701563835144043,-11.732813835144043,-2.607814073562622,-0.07656396925449371,5.0,5
5661,-0.02676224522292614,-3.6361372470855713,-10.011137008666992,-13.143949508666992,-13.917387008666992,5.0,1
5662,-15.516399383544922,-16.446086883544922,-11.977336883544922,-1.3132741451263428,-0.3132741153240204,4.0,5
5663,-0.015302867628633976,-4.218427658081055,-7.827802658081055,-9.929365158081055,-11.640302658081055,5.0,1
5664,-14.680732727050781,-15.586982727050781,-12.219795227050781,-2.9151079654693604,-0.05573289468884468,5.0,5
5665,-15.373498916625977,-16.568811416625977,-12.623498916625977,-1.896936297416687,-0.1625613272190094,5.0,5
5666,-15.320493698120117,-14.640806198120117,-9.039243698120117,-0.17986825108528137,-1.804868221282959,5.0,4
5667,-18.125110626220703,-17.054798126220703,-9.187610626220703,-0.00011073929636040702,-12.148548126220703,4.0,4
5668,-14.67188835144043,-15.14845085144043,-10.89063835144043,-0.445326030254364,-1.0234510898590088,4.0,4
5669,-15.666255950927734,-15.408443450927734,-9.549068450927734,-0.0021934278775006533,-6.158443450927734,5.0,4
5670,-14.157313346862793,-13.165125846862793,-7.688563346862793,-0.0010631391778588295,-7.422938346862793,5.0,4
5671,-13.069135665893555,-13.616010665893555,-9.725385665893555,-0.02226043865084648,-3.8191354274749756,5.0,4
5672,-12.505047798156738,-11.723797798156738,-7.755047798156738,-0.020672574639320374,-3.911297559738159,5.0,4
5673,-13.765766143798828,-15.343891143798828,-12.906391143798828,-8.906391143798828,-0.00014125302550382912,4.0,5
5674,-16.10538673400879,-15.628824234008789,-8.722574234008789,-0.003824540413916111,-5.613199710845947,3.0,4
5675,-9.004828453063965,-0.0048279850743710995,-5.364202976226807,-11.372015953063965,-15.973578453063965,3.0,2
5676,-15.566417694091797,-14.832042694091797,-8.863292694091797,-0.00391763960942626,-5.582042694091797,5.0,4
5677,-14.60059928894043,-15.70216178894043,-11.02247428894043,-0.4287244975566864,-1.0537245273590088,1.0,4
5678,-15.89180850982666,-16.883996963500977,-12.18087100982666,-0.016808900982141495,-4.094933986663818,5.0,4
5679,-16.17217254638672,-16.04717254638672,-10.195610046386719,-0.047172218561172485,-3.0784223079681396,5.0,4
5680,-14.53923511505127,-15.25017261505127,-11.83611011505127,-4.156423091888428,-0.01579793356359005,4.0,5
5681,-14.661044120788574,-15.481356620788574,-11.246981620788574,-2.293856620788574,-0.1063566654920578,3.0,5
5682,-15.976991653442383,-16.226991653442383,-11.070741653442383,-0.008241454139351845,-4.805116653442383,5.0,4
5683,-16.336872100830078,-15.891558647155762,-10.039996147155762,-0.03218371793627739,-3.4540586471557617,4.0,4
5684,-15.924899101257324,-15.581149101257324,-9.206149101257324,-0.03427400067448616,-3.393649101257324,5.0,4
5685,-14.714055061340332,-15.581242561340332,-11.065617561340332,-1.1906172037124634,-0.362492173910141,3.0,5
5686,-16.644704818725586,-11.62126636505127,-1.675953984260559,-0.20720402896404266,-12.90251636505127,4.0,4
5687,-15.629029273986816,-16.1212158203125,-10.316529273986816,-0.1602790504693985,-1.9102790355682373,4.0,4
5688,-17.867637634277344,-17.516075134277344,-7.734825611114502,-0.0004505096294451505,-11.477012634277344,5.0,4
5689,-17.320466995239258,-16.461091995239258,-9.047029495239258,-0.00015448330668732524,-10.359529495239258,4.0,4
5690,-16.836441040039062,-8.641127586364746,-0.0005026984144933522,-8.031752586364746,-15.711440086364746,5.0,3
5691,-16.450597763061523,-12.856847763061523,-3.1380977630615234,-0.044347722083330154,-12.309972763061523,5.0,4
5692,-12.216422080993652,-9.817984580993652,-3.9586100578308105,-0.021110016852617264,-6.3648600578308105,3.0,4
5693,-16.572351455688477,-11.877038955688477,-1.5879768133163452,-0.2286018580198288,-12.900476455688477,4.0,4
5694,-15.22182846069336,-15.33120346069336,-9.54214096069336,-0.08901623636484146,-2.4640161991119385,3.0,4
5695,-17.417072296142578,-10.737383842468262,-0.0030089602805674076,-5.815508842468262,-15.049883842468262,4.0,3
5696,-13.2818021774292,-13.4693021774292,-9.5474271774292,-0.000552263343706727,-7.656802177429199,5.0,4
5697,-15.725455284118652,-15.842642784118652,-9.991080284118652,-0.04576808586716652,-3.1082680225372314,1.0,4
5698,-15.95577335357666,-8.47139835357666,-0.0026487763971090317,-6.018273830413818,-15.22139835357666,4.0,3
5699,-14.769613265991211,-5.550863265991211,-0.003988289274275303,-9.269613265991211,-15.253988265991211,4.0,3
5700,-15.62925910949707,-16.16050910949707,-11.23082160949707,-0.2698845863342285,-1.4417595863342285,4.0,4
5701,-13.446614265441895,-3.0638017654418945,-0.048176854848861694,-8.048176765441895,-14.165364265441895,2.0,3
5702,-16.084491729736328,-11.982929229736328,-2.8266794681549072,-0.06105446815490723,-11.576679229736328,5.0,4
5703,-16.406538009643555,-15.859663963317871,-8.828413963317871,-0.00028880240279249847,-8.875288963317871,1.0,4
5704,-16.775848388671875,-17.197723388671875,-11.752410888671875,-0.002411198103800416,-6.033661365509033,2.0,4
5705,-13.10901927947998,-11.04651927947998,-3.3199572563171387,-0.03870714083313942,-6.335582256317139,5.0,4
5706,-16.334857940673828,-16.819232940673828,-11.155170440673828,-0.0067327553406357765,-5.006732940673828,5.0,4
5707,-16.909677505493164,-11.753427505493164,-1.2456154823303223,-0.33936548233032227,-13.675302505493164,5.0,4
5708,-16.987506866455078,-17.128131866455078,-10.323445320129395,-0.01875757984817028,-3.9875075817108154,5.0,4
5709,-11.102384567260742,-0.0008220868767239153,-7.125822067260742,-14.266447067260742,-17.071134567260742,2.0,2
5710,-13.998885154724121,-3.108259916305542,-0.04576000198721886,-9.952010154724121,-15.389510154724121,3.0,3
5711,-15.39431095123291,-15.37868595123291,-9.40993595123291,-0.0036855884827673435,-5.628685474395752,3.0,4
5712,-16.833423614501953,-10.48967456817627,-0.18498674035072327,-1.7787367105484009,-13.26311206817627,3.0,3
5713,-15.75519847869873,-7.7786359786987305,-0.10676087439060211,-2.2942609786987305,-14.25519847869873,3.0,3
5714,-17.60962677001953,-16.67993927001953,-8.375250816345215,-0.00025102324434556067,-10.929938316345215,4.0,4
5715,-17.071353912353516,-12.985416412353516,-0.05572928488254547,-2.915104389190674,-13.899478912353516,1.0,3
5716,-15.007621765136719,-15.656059265136719,-11.156059265136719,-0.7576218843460083,-0.6326218843460083,4.0,5
5717,-16.321998596191406,-11.204812049865723,-0.10324925929307938,-2.3219993114471436,-14.025124549865723,3.0,3
5718,-17.018404006958008,-16.346529006958008,-9.815279960632324,-0.0027796700596809387,-5.909029483795166,5.0,4
