sample_id,s2_lp1,s2_lp2,s2_lp3,s2_lp4,s2_lp5,gt_score,parsed_score
0,-19.175402,-11.512925464970229,-11.512925464970229,-13.697827,-1.4304238e-06,3.0,5
1,-11.512925464970229,-18.619934,-8.611065,-0.00018318502,-18.463215,2.0,4
2,-0.023864232,-3.7474456,-18.050022,-17.628672,-17.086243,4.0,1
3,-10.495502,-3.3975615e-05,-12.080029,-18.580334,-17.964485,2.0,2
4,-11.512925464970229,-11.512925464970229,-18.9768,-0.00012444664,-8.99773,3.0,4
5,-11.512925464970229,-11.512925464970229,-11.512925464970229,-9.289757,-9.345168e-05,4.0,5
6,-11.512925464970229,-11.512925464970229,-11.512925464970229,-7.9405246,-0.0003582567,5.0,5
7,-15.142083,-14.603561,-5.8408214e-06,-14.14201,-17.86385,3.0,3
8,-0.00018366176,-8.605552,-19.05513,-19.371853,-19.144579,2.0,1
9,-11.512925464970229,-11.512925464970229,-11.512925464970229,-8.332424,-0.00024243875,1.0,5
10,-19.157873,-11.512925464970229,-11.512925464970229,-9.830642,-5.459614e-05,5.0,5
11,-19.228682,-11.512925464970229,-11.512925464970229,-11.780554,-8.225878e-06,1.0,5
12,-11.512925464970229,-11.512925464970229,-11.512925464970229,-4.763916,-0.008571624,4.0,5
13,-11.512925464970229,-11.512925464970229,-11.512925464970229,-5.543447,-0.0039231437,4.0,5
14,-19.417477,-11.512925464970229,-11.512925464970229,-12.745848,-3.2185512e-06,4.0,5
15,-11.512925464970229,-11.512925464970229,-11.512925464970229,-11.512925464970229,-11.512925464970229,5.0,-1
16,-11.512925464970229,-11.512925464970229,-13.471798,-1.9075815e-06,-18.951908,3.0,4
17,-11.512925464970229,-11.512925464970229,-11.512925464970229,-9.803435,-5.6385157e-05,4.0,5
18,-11.512925464970229,-19.200693,-9.697949,-6.199544e-05,-17.280367,3.0,4
19,-11.512925464970229,-11.512925464970229,-10.75254,-2.2171263e-05,-19.184452,3.0,4
20,-11.512925464970229,-11.512925464970229,-11.512925464970229,-11.512925464970229,-11.512925464970229,4.0,-1
21,-19.315739,-11.512925464970229,-11.512925464970229,-9.81616,-5.5550263e-05,4.0,5
22,-11.512925464970229,-11.512925464970229,-11.512925464970229,-12.582745,-4.4107555e-06,5.0,5
23,-11.512925464970229,-11.512925464970229,-14.966313,-1.0729074e-06,-16.411753,3.0,4
24,-19.997976,-11.512925464970229,-11.512925464970229,-15.815755,-2.3844768e-07,3.0,5
25,-19.440348,-7.3341804,-0.0006538571,-15.481917,-19.639595,4.0,3
26,-19.650436,-11.512925464970229,-11.512925464970229,-16.34713,-2.3844768e-07,5.0,5
27,-19.18165,-11.512925464970229,-11.512925464970229,-11.49805,-1.060888e-05,4.0,5
28,-19.300497,-11.512925464970229,-11.512925464970229,-14.072978,-1.1920517e-06,3.0,5
29,-8.83214,-0.00014719875,-14.676827,-18.654024,-16.31574,5.0,2
30,-19.467188,-11.512925464970229,-11.512925464970229,-12.674975,-3.5763796e-06,4.0,5
31,-18.839558,-11.512925464970229,-11.512925464970229,-9.4452305,-7.986527e-05,4.0,5
32,-19.109144,-11.512925464970229,-11.512925464970229,-11.855804,-7.868537e-06,4.0,5
33,-19.350613,-11.512925464970229,-11.512925464970229,-15.497125,-5.9602587e-07,5.0,5
34,-1.9044975,-0.16124,-16.236652,-16.939327,-15.287641,4.0,2
35,-0.0005975161,-7.42438,-19.438673,-18.925314,-18.34649,4.0,1
36,-11.512925464970229,-11.512925464970229,-17.135899,-8.344534e-07,-16.073376,4.0,4
37,-11.512925464970229,-11.512925464970229,-11.512925464970229,-14.128763,-1.5496514e-06,5.0,5
38,-11.512925464970229,-11.512925464970229,-11.512925464970229,-0.0012938445,-6.6515527,3.0,4
39,-19.110767,-11.512925464970229,-11.512925464970229,-11.350062,-1.251619e-05,4.0,5
40,-11.512925464970229,-17.722912,-2.4273717,-0.09241088,-11.512925464970229,3.0,4
41,-11.512925464970229,-11.512925464970229,-11.512925464970229,-12.786889,-3.4570896e-06,4.0,5
42,-18.015726,-3.8196385,-0.02218558,-14.483946,-16.30479,4.0,3
43,-15.524238,-0.0011688254,-6.7535186,-15.949708,-17.21946,3.0,2
44,-0.21074724,-1.6606584,-16.820377,-16.329592,-15.634384,3.0,1
45,-18.859846,-11.512925464970229,-11.512925464970229,-16.123436,-4.7689537e-07,4.0,5
46,-11.512925464970229,-11.512925464970229,-15.807468,-0.007038477,-4.9601846,3.0,4
47,-11.512925464970229,-11.512925464970229,-11.512925464970229,-3.7134483,-0.02470089,2.0,5
48,-11.512925464970229,-11.512925464970229,-11.512925464970229,-8.286679,-0.00025270466,2.0,5
49,-11.512925464970229,-11.512925464970229,-11.512925464970229,-7.9208965,-0.00036421473,3.0,5
50,-11.512925464970229,-11.512925464970229,-11.512925464970229,-5.3888264,-0.0045794975,3.0,5
51,-19.148973,-11.512925464970229,-11.512925464970229,-13.354296,-1.9075815e-06,2.0,5
52,-11.512925464970229,-11.512925464970229,-11.512925464970229,-3.3519216,-0.03564685,3.0,5
53,-19.099012,-11.512925464970229,-11.512925464970229,-13.889979,-1.3112239e-06,3.0,5
54,-18.984198,-11.512925464970229,-11.512925464970229,-14.425029,-9.537907e-07,3.0,5
55,-19.454264,-11.512925464970229,-11.512925464970229,-14.562364,-1.0729074e-06,3.0,5
56,-11.512925464970229,-11.512925464970229,-11.512925464970229,-0.7501598,-0.6392265,4.0,5
57,-19.211731,-11.512925464970229,-11.512925464970229,-12.8674135,-3.2185512e-06,4.0,5
58,-11.512925464970229,-11.512925464970229,-11.512925464970229,-0.61898404,-0.77328473,5.0,4
59,-17.24596,-0.0013886084,-6.5833664,-17.3591,-13.454749,4.0,2
60,-19.167452,-11.512925464970229,-11.512925464970229,-13.290741,-2.0266912e-06,3.0,5
61,-18.792961,-11.512925464970229,-11.512925464970229,-15.896011,-3.5760596e-07,4.0,5
62,-19.950327,-11.505176,-1.0728064e-05,-16.38656,-11.512925464970229,4.0,3
63,-3.512097,-0.030289266,-16.734062,-18.335548,-16.737526,4.0,2
64,-11.512925464970229,-8.409534,-0.00022359732,-16.735437,-18.725508,4.0,3
65,-18.996876,-11.512925464970229,-11.512925464970229,-16.012331,-3.5760596e-07,5.0,5
66,-11.512925464970229,-16.04895,-3.2888317,-0.03801727,-16.183548,2.0,4
67,-11.512925464970229,-11.512925464970229,-11.512925464970229,-3.177208,-0.042602543,4.0,5
68,-11.512925464970229,-11.512925464970229,-12.394259,-4.649037e-06,-17.552528,3.0,4
69,-11.512925464970229,-11.512925464970229,-11.512925464970229,-3.802634e-05,-10.195669,4.0,4
70,-11.512925464970229,-1.0773299,-0.41631722,-14.6912985,-15.92514,4.0,3
71,-11.512925464970229,-11.512925464970229,-11.512925464970229,-10.860494,-1.9906858e-05,5.0,5
72,-11.512925464970229,-11.512925464970229,-11.512925464970229,-6.475208,-0.0015446589,4.0,5
73,-11.512925464970229,-11.512925464970229,-11.512925464970229,-2.6722374,-0.07160754,4.0,5
74,-11.512925464970229,-16.340405,-2.8788602,-0.05784968,-17.366846,3.0,4
75,-11.512925464970229,-11.512925464970229,-11.512925464970229,-8.427604,-0.00022013951,4.0,5
76,-11.512925464970229,-11.512925464970229,-11.512925464970229,-10.393733,-3.1712367e-05,4.0,5
77,-11.512925464970229,-11.512925464970229,-11.512925464970229,-16.693052,-3.5760596e-07,5.0,5
78,-19.702564,-11.512925464970229,-11.512925464970229,-12.708112,-3.5763796e-06,4.0,5
79,-11.512925464970229,-13.378813,-1.7881898e-06,-16.835125,-11.512925464970229,4.0,3
80,-11.512925464970229,-11.512925464970229,-11.512925464970229,-0.9800171,-0.47046512,3.0,5
81,-11.512925464970229,-11.512925464970229,-11.512925464970229,-13.237689,-2.6224477e-06,5.0,5
82,-14.958909,-4.8873435e-06,-12.43132,-11.512925464970229,-17.897623,3.0,2
83,-11.512925464970229,-11.512925464970229,-11.512925464970229,-4.5651603,-0.010466918,4.0,5
84,-16.07024,-4.053381e-06,-12.752774,-17.638649,-14.69523,4.0,2
85,-19.20563,-11.512925464970229,-11.512925464970229,-14.81404,-7.152119e-07,5.0,5
86,-11.512925464970229,-11.512925464970229,-11.512925464970229,-11.512925464970229,-11.512925464970229,4.0,-1
87,-11.512925464970229,-11.512925464970229,-11.512925464970229,-0.020069035,-3.918789,3.0,4
88,-11.512925464970229,-11.512925464970229,-11.512925464970229,-9.271495,-9.595494e-05,3.0,5
89,-19.148045,-11.512925464970229,-11.512925464970229,-13.543647,-1.9075815e-06,4.0,5
90,-11.512925464970229,-11.512925464970229,-11.512925464970229,-2.5119007,-0.08459159,3.0,5
91,-18.941317,-19.96538,-11.512925464970229,-12.751626,-3.2185512e-06,1.0,5
92,-4.7689537e-07,-15.172448,-19.857899,-19.152493,-19.765362,1.0,1
93,-11.512925464970229,-11.512925464970229,-11.512925464970229,-13.605161,-1.9075815e-06,4.0,5
94,-19.224842,-18.647861,-11.512925464970229,-10.745091,-2.205207e-05,4.0,5
95,-11.512925464970229,-11.512925464970229,-11.512925464970229,-6.630058,-0.001323013,4.0,5
96,-11.512925464970229,-11.512925464970229,-11.512925464970229,-10.579159,-2.6463276e-05,4.0,5
97,-19.312834,-11.512925464970229,-11.512925464970229,-14.951821,-7.152119e-07,5.0,5
98,-11.512925464970229,-11.512925464970229,-11.512925464970229,-2.1920793,-0.11843462,4.0,5
99,-11.512925464970229,-11.512925464970229,-11.512925464970229,-10.995586,-1.7523887e-05,4.0,5
100,-19.408745,-11.512925464970229,-11.512925464970229,-14.434117,-8.344534e-07,4.0,5
101,-11.512925464970229,-11.512925464970229,-11.512925464970229,-14.997714,-8.344534e-07,5.0,5
102,-19.608656,-11.512925464970229,-11.512925464970229,-10.738069,-2.2290456e-05,4.0,5
103,-11.512925464970229,-11.512925464970229,-11.512925464970229,-0.23720668,-1.5549634,3.0,4
104,-11.512925464970229,-11.512925464970229,-16.778177,-4.7689537e-07,-16.53242,3.0,4
105,-11.512925464970229,-11.512925464970229,-11.512925464970229,-11.512925464970229,-11.512925464970229,5.0,-1
106,-11.512925464970229,-11.512925464970229,-11.512925464970229,-0.29780605,-1.3564475,4.0,4
107,-19.9252,-11.512925464970229,-11.512925464970229,-14.411196,-9.537907e-07,3.0,5
108,-19.59881,-11.512925464970229,-11.512925464970229,-14.533066,-7.152119e-07,4.0,5
109,-18.603062,-21.140219,-11.512925464970229,-16.582348,-2.3844768e-07,5.0,5
110,-11.512925464970229,-11.512925464970229,-11.512925464970229,-12.961356,-3.4570896e-06,4.0,5
111,-11.512925464970229,-11.512925464970229,-15.065997,-0.05370321,-2.9510517,2.0,4
112,-11.512925464970229,-11.512925464970229,-17.558805,-1.003677,-0.4564968,4.0,5
113,-11.512925464970229,-11.512925464970229,-11.512925464970229,-8.922349,-0.00013445209,4.0,5
114,-0.04261786,-11.512925464970229,-11.512925464970229,-11.512925464970229,-11.512925464970229,3.0,1
115,-11.512925464970229,-11.512925464970229,-11.512925464970229,-11.578811,-1.0489701e-05,4.0,5
116,-16.432367,-0.28481895,-1.39481,-15.536818,-13.657349,3.0,2
117,-11.512925464970229,-13.008079,-2.5032687e-06,-16.770351,-20.716702,5.0,3
118,-19.29644,-11.512925464970229,-11.512925464970229,-15.179758,-5.9602587e-07,4.0,5
119,-19.156885,-11.512925464970229,-11.512925464970229,-12.3338,-4.768187e-06,3.0,5
120,-3.5760596e-07,-15.163479,-19.952902,-19.48422,-19.21934,2.0,1
121,-20.019934,-11.512925464970229,-11.512925464970229,-14.137393,-1.0729074e-06,2.0,5
122,-11.512925464970229,-11.512925464970229,-11.512925464970229,-8.6045685,-0.00018473441,3.0,5
123,-7.630326e-06,-11.809239,-20.359577,-20.207403,-19.857803,2.0,1
124,-11.512925464970229,-11.512925464970229,-11.512925464970229,-14.573524,-9.537907e-07,4.0,5
125,-11.512925464970229,-11.512925464970229,-11.512925464970229,-0.15483253,-1.9419247,4.0,4
126,-15.152872,-0.0002475831,-8.3105545,-18.288925,-15.816195,5.0,2
127,-11.512925464970229,-11.512925464970229,-11.512925464970229,-10.556965,-2.705955e-05,3.0,5
128,-11.512925464970229,-11.512925464970229,-11.512925464970229,-7.54913,-0.0005286711,5.0,5
129,-11.512925464970229,-11.512925464970229,-11.512925464970229,-10.796531,-2.193288e-05,5.0,5
130,-11.512925464970229,-11.512925464970229,-11.512925464970229,-1.6549504,-0.21209261,5.0,5
131,-11.512925464970229,-11.512925464970229,-11.512925464970229,-12.648055,-3.9342685e-06,4.0,5
132,-11.512925464970229,-11.512925464970229,-11.512925464970229,-6.1393104,-0.0021606248,4.0,5
133,-19.898165,-11.512925464970229,-11.512925464970229,-15.204667,-5.9602587e-07,4.0,5
134,-11.512925464970229,-11.512925464970229,-11.512925464970229,-15.285968,-7.152119e-07,4.0,5
135,-0.22978695,-1.5832816,-17.351334,-17.593863,-15.155499,3.0,1
136,-11.512925464970229,-20.034822,-13.458379,-6.5561944e-06,-12.317861,4.0,4
137,-11.512925464970229,-11.512925464970229,-11.512925464970229,-4.4753036,-0.011455746,5.0,5
138,-9.290031,-9.333248e-05,-15.945964,-11.512925464970229,-16.163776,3.0,2
139,-19.49982,-11.512925464970229,-11.512925464970229,-15.592417,-2.3844768e-07,5.0,5
140,-0.00059727783,-7.424475,-18.80427,-18.90042,-18.43319,4.0,1
141,-11.512925464970229,-11.512925464970229,-11.512925464970229,-8.50142,-0.00020464062,4.0,5
142,-18.64944,-20.40403,-11.512925464970229,-15.682989,-3.5760596e-07,4.0,5
143,-11.512925464970229,-11.512925464970229,-11.512925464970229,-12.121554,-6.43695e-06,5.0,5
144,-11.512925464970229,-11.512925464970229,-17.963991,-0.00063110597,-7.3695965,3.0,4
145,-11.512925464970229,-11.512925464970229,-11.512925464970229,-10.5803585,-2.6344025e-05,4.0,5
146,-0.00019069391,-8.5664215,-19.244156,-20.279743,-19.787254,4.0,1
147,-0.0035364209,-5.646805,-18.351501,-18.027422,-17.070133,3.0,1
148,-7.974611e-05,-9.440132,-19.486658,-19.270248,-19.828802,3.0,1
149,-20.123497,-11.512925464970229,-11.512925464970229,-14.489169,-8.344534e-07,4.0,5
150,-0.005916098,-5.133304,-19.250502,-18.624598,-17.9206,3.0,1
151,-19.378878,-11.512925464970229,-11.512925464970229,-12.296104,-5.2448504e-06,4.0,5
152,-19.457893,-11.512925464970229,-11.512925464970229,-13.258655,-2.2649522e-06,3.0,5
153,-19.21551,-11.512925464970229,-11.512925464970229,-15.877205,-4.7689537e-07,4.0,5
154,-11.512925464970229,-11.512925464970229,-11.512925464970229,-13.486687,-1.7881898e-06,2.0,5
155,-8.439557,-0.0002169203,-17.047544,-11.512925464970229,-17.951656,3.0,2
156,-0.6894526,-11.512925464970229,-11.512925464970229,-11.512925464970229,-11.512925464970229,1.0,1
157,-11.512925464970229,-11.512925464970229,-11.512925464970229,-5.241924,-0.005309484,5.0,5
158,-11.512925464970229,-11.512925464970229,-11.512925464970229,-11.512925464970229,-11.512925464970229,4.0,-1
159,-11.512925464970229,-11.512925464970229,-11.512925464970229,-11.512925464970229,-11.512925464970229,4.0,-1
160,-4.674766,-0.009372417,-16.717487,-18.532799,-16.852245,4.0,2
161,-11.512925464970229,-11.512925464970229,-11.512925464970229,-6.2724266,-0.0018918873,5.0,5
162,-2.4317016e-05,-10.640958,-11.512925464970229,-19.949316,-19.834547,3.0,1
163,-11.512925464970229,-11.512925464970229,-11.512925464970229,-5.7444935,-0.00320796,3.0,5
164,-11.512925464970229,-11.512925464970229,-11.512925464970229,-8.765647,-0.00015696842,5.0,5
165,-11.512925464970229,-11.512925464970229,-11.512925464970229,-10.6707945,-2.4197792e-05,5.0,5
166,-11.512925464970229,-11.512925464970229,-11.512925464970229,-0.29561874,-11.633872,5.0,4
167,-11.512925464970229,-11.512925464970229,-11.512925464970229,-1.9268934,-0.15736978,4.0,5
168,-19.126318,-11.512925464970229,-11.512925464970229,-10.877499,-1.9549374e-05,3.0,5
169,-11.512925464970229,-11.512925464970229,-11.512925464970229,-14.862625,-1.0729074e-06,4.0,5
170,-19.28816,-11.512925464970229,-11.512925464970229,-13.241226,-2.1458147e-06,4.0,5
171,-1.6689067e-06,-13.425231,-19.238407,-19.083193,-18.839705,3.0,1
172,-0.05371791,-2.9507992,-17.7934,-11.512925464970229,-16.277252,3.0,1
173,-11.512925464970229,-11.512925464970229,-11.512925464970229,-11.512925464970229,-11.512925464970229,5.0,-1
174,-6.079254e-06,-12.061793,-19.66553,-19.50142,-19.743088,3.0,1
175,-11.512925464970229,-11.512925464970229,-11.512925464970229,-11.257734,-1.3589405e-05,3.0,5
176,-11.512925464970229,-11.512925464970229,-11.512925464970229,-9.799864,-5.686226e-05,4.0,5
177,-11.512925464970229,-11.512925464970229,-11.512925464970229,-15.90296,-4.7689537e-07,4.0,5
178,-11.512925464970229,-11.512925464970229,-8.537861,-0.00019653456,-18.182243,5.0,4
179,-11.512925464970229,-11.512925464970229,-15.910483,-2.5032687e-06,-13.132775,3.0,4
180,-6.220463,-0.0019914238,-17.469475,-18.845613,-16.340748,3.0,2
181,-11.512925464970229,-11.512925464970229,-19.485455,-5.960584e-05,-9.73733,3.0,4
182,-11.512925464970229,-11.512925464970229,-16.915583,-1.4304238e-06,-13.989999,5.0,4
183,-11.512925464970229,-11.512925464970229,-11.512925464970229,-3.3678193,-0.035078637,3.0,5
184,-11.512925464970229,-11.512925464970229,-15.167086,-5.9602587e-07,-19.168781,2.0,4
185,-19.808409,-11.512925464970229,-11.512925464970229,-16.529898,-3.5760596e-07,4.0,5
186,-11.512925464970229,-11.512925464970229,-11.512925464970229,-8.958305,-0.00012968745,2.0,5
187,-19.652271,-11.512925464970229,-11.512925464970229,-14.454423,-8.344534e-07,5.0,5
188,-19.24801,-11.512925464970229,-11.512925464970229,-12.34563,-4.8873435e-06,5.0,5
189,-19.131937,-11.512925464970229,-11.512925464970229,-16.858551,-2.3844768e-07,4.0,5
190,-19.543322,-11.512925464970229,-11.512925464970229,-13.385351,-1.9075815e-06,5.0,5
191,-11.512925464970229,-11.512925464970229,-11.512925464970229,-7.2202754,-0.00073390553,4.0,5
192,-11.512925464970229,-11.512925464970229,-11.512925464970229,-9.466029,-7.903117e-05,4.0,5
193,-19.537096,-11.512925464970229,-11.512925464970229,-15.594205,-4.7689537e-07,4.0,5
194,-11.512925464970229,-11.512925464970229,-11.512925464970229,-10.709849,-2.3601708e-05,3.0,5
195,-19.463068,-11.512925464970229,-11.512925464970229,-12.617538,-3.9342685e-06,3.0,5
196,-14.52877,-1.3112239e-06,-15.431373,-19.390987,-17.064867,4.0,2
197,-17.680618,-2.3844768e-07,-18.163425,-20.638302,-11.512925464970229,5.0,2
198,-11.512925464970229,-11.512925464970229,-13.092761,-2.6224477e-06,-17.279634,5.0,4
199,-11.512925464970229,-20.151926,-14.529099,-1.1920517e-06,-15.426501,4.0,4
200,-16.94796,-1.6280537,-0.21853642,-15.707799,-15.247936,5.0,3
201,-11.512925464970229,-11.512925464970229,-11.512925464970229,-10.723366,-2.3363285e-05,4.0,5
202,-12.129288,-6.1984797e-06,-15.705183,-11.512925464970229,-16.713314,2.0,2
203,-11.512925464970229,-11.512925464970229,-10.168984,-3.8979586e-05,-18.535606,3.0,4
204,-11.512925464970229,-11.512925464970229,-11.512925464970229,-9.552737,-7.200156e-05,5.0,5
205,-18.488874,-11.512925464970229,-11.512925464970229,-13.618555,-1.7881898e-06,5.0,5
206,-11.512925464970229,-11.512925464970229,-11.512925464970229,-6.981154,-0.0009313061,4.0,5
207,-11.512925464970229,-11.512925464970229,-11.512925464970229,-10.4822235,-2.8967892e-05,2.0,5
208,-11.512925464970229,-11.512925464970229,-11.512925464970229,-0.11295103,-2.2368486,4.0,4
209,-19.144804,-11.512925464970229,-11.512925464970229,-13.454673,-1.7881898e-06,5.0,5
210,-14.043185,-1.8953595e-05,-10.965982,-18.355534,-16.7183,1.0,2
211,-11.512925464970229,-11.512925464970229,-11.512925464970229,-11.6803465,-9.059786e-06,4.0,5
212,-11.512925464970229,-11.512925464970229,-19.40764,-2.0266912e-06,-13.402136,4.0,4
213,-11.512925464970229,-15.871133,-1.5148846,-0.24818765,-11.512925464970229,5.0,4
214,-11.512925464970229,-11.512925464970229,-11.512925464970229,-9.856745,-5.3522817e-05,4.0,5
215,-0.0005842947,-7.4463677,-19.438812,-19.499125,-18.934906,3.0,1
216,-17.550276,-1.9402606,-0.15510437,-15.538257,-17.411793,3.0,3
217,-19.243843,-11.512925464970229,-11.512925464970229,-9.879425,-5.173408e-05,3.0,5
218,-2.9800683e-06,-12.731239,-20.38522,-20.403461,-20.149384,1.0,1
219,-11.512925464970229,-11.512925464970229,-11.512925464970229,-6.4844866,-0.0015304955,4.0,5
220,-11.512925464970229,-11.512925464970229,-11.512925464970229,-8.8889065,-0.00013897874,4.0,5
221,-19.562742,-11.512925464970229,-11.512925464970229,-16.630478,-3.5760596e-07,4.0,5
222,-11.512925464970229,-11.512925464970229,-11.512925464970229,-0.0019243656,-6.2557793,4.0,4
223,-2.9654517,-0.052915152,-16.760674,-17.462265,-15.773058,3.0,2
224,-11.512925464970229,-11.512925464970229,-11.512925464970229,-8.849816,-0.00014445867,4.0,5
225,-11.512925464970229,-11.512925464970229,-11.512925464970229,-10.410469,-3.0878615e-05,3.0,5
226,-11.512925464970229,-11.512925464970229,-11.512925464970229,-13.475814,-2.0266912e-06,4.0,5
227,-11.512925464970229,-19.69149,-8.966071,-0.00012837721,-18.877401,4.0,4
228,-8.612527,-0.00018246993,-16.947365,-11.512925464970229,-17.25111,3.0,2
229,-15.154464,-0.00067410705,-7.3045588,-18.21422,-16.695377,4.0,2
230,-19.370892,-11.512925464970229,-11.512925464970229,-10.819469,-2.0621872e-05,4.0,5
231,-1.4305025e-05,-11.202239,-11.512925464970229,-19.824398,-19.332582,1.0,1
232,-11.512925464970229,-14.424903,-9.537907e-07,-16.5223,-11.512925464970229,3.0,3
233,-13.223863,-2.6224477e-06,-15.570731,-18.580212,-15.245531,4.0,2
234,-17.09784,-0.00031965214,-8.052438,-18.046705,-16.22744,4.0,2
235,-11.512925464970229,-11.512925464970229,-11.512925464970229,-0.10827007,-2.2768645,2.0,4
236,-11.512925464970229,-11.512925464970229,-11.512925464970229,-11.512925464970229,-11.512925464970229,4.0,-1
237,-15.950128,-0.17379299,-1.8356982,-13.396655,-14.779736,5.0,2
238,-16.952868,-0.6090367,-0.7850354,-14.936544,-13.729357,3.0,2
239,-11.512925464970229,-11.512925464970229,-11.512925464970229,-6.6788454,-0.0012599126,4.0,5
240,-11.512925464970229,-11.512925464970229,-11.512925464970229,-15.427876,-8.344534e-07,4.0,5
241,-11.512925464970229,-11.512925464970229,-11.512925464970229,-9.164666,-0.00010573108,4.0,5
242,-20.191814,-11.512925464970229,-11.512925464970229,-16.340534,-2.3844768e-07,4.0,5
243,-0.0027201942,-5.9087644,-18.255356,-19.24803,-18.813046,4.0,1
244,-20.053722,-11.512925464970229,-11.512925464970229,-15.813535,-4.7689537e-07,5.0,5
245,-11.512925464970229,-11.512925464970229,-11.512925464970229,-2.673021,-0.071550086,5.0,5
246,-19.404297,-11.512925464970229,-11.512925464970229,-12.889229,-2.9800683e-06,5.0,5
247,-11.512925464970229,-11.512925464970229,-11.512925464970229,-7.668664,-0.00046838523,5.0,5
248,-11.512925464970229,-11.512925464970229,-11.512925464970229,-11.690324,-9.059786e-06,4.0,5
249,-19.550924,-11.512925464970229,-11.512925464970229,-13.28734,-2.0266912e-06,5.0,5
250,-11.512925464970229,-9.529712,-7.331207e-05,-17.72488,-11.512925464970229,5.0,3
251,-11.512925464970229,-11.512925464970229,-11.512925464970229,-9.473688,-7.807792e-05,5.0,5
252,-11.512925464970229,-11.512925464970229,-11.512925464970229,-15.752799,-7.152119e-07,4.0,5
253,-11.512925464970229,-11.512925464970229,-11.512925464970229,-11.628902,-9.774687e-06,3.0,5
254,-19.335707,-11.512925464970229,-11.512925464970229,-14.18614,-1.0729074e-06,4.0,5
255,-19.212143,-11.512925464970229,-11.512925464970229,-16.506458,-4.7689537e-07,4.0,5
256,-19.253977,-11.512925464970229,-11.512925464970229,-16.516426,-3.5760596e-07,5.0,5
257,-11.512925464970229,-11.512925464970229,-11.512925464970229,-0.33010834,-1.2690275,4.0,4
258,-11.512925464970229,-11.512925464970229,-11.512925464970229,-2.1898134,-0.11871879,4.0,5
259,-11.512925464970229,-11.512925464970229,-11.512925464970229,-11.33357,-1.28739e-05,4.0,5
260,-19.555237,-11.512925464970229,-11.512925464970229,-16.675718,-1.1922384e-07,4.0,5
261,-11.512925464970229,-11.512925464970229,-18.115786,-6.3177117e-06,-12.067126,4.0,4
262,-18.85785,-11.512925464970229,-11.512925464970229,-14.299981,-9.537907e-07,3.0,5
263,-15.413506,-7.1525124e-06,-12.162352,-17.898813,-13.760481,4.0,2
264,-11.512925464970229,-11.512925464970229,-11.512925464970229,-15.747935,-8.344534e-07,5.0,5
265,-0.0006224107,-7.3836064,-11.512925464970229,-18.580402,-17.7485,4.0,1
266,-19.798117,-11.512925464970229,-11.512925464970229,-13.5934925,-1.6689067e-06,5.0,5
267,-19.379316,-11.512925464970229,-11.512925464970229,-14.908962,-7.152119e-07,1.0,5
268,-19.322514,-11.512925464970229,-11.512925464970229,-15.869309,-4.7689537e-07,5.0,5
269,-15.576038,-7.152119e-07,-15.105475,-19.450943,-11.512925464970229,4.0,2
270,-11.512925464970229,-11.512925464970229,-11.512925464970229,-2.8615208,-0.05888738,4.0,5
271,-11.512925464970229,-11.512925464970229,-11.512925464970229,-10.446819,-3.0160812e-05,4.0,5
272,-11.512925464970229,-19.623571,-15.579757,-5.9602587e-07,-17.341766,4.0,4
273,-19.287764,-17.692997,0.0,-18.253008,-20.136446,3.0,3
274,-11.512925464970229,-11.512925464970229,-15.115518,-8.344534e-07,-16.376217,5.0,4
275,-11.512925464970229,-11.512925464970229,-11.512925464970229,-7.324689,-0.00066076586,5.0,5
276,-19.53994,-11.512925464970229,-11.512925464970229,-15.410342,-5.9602587e-07,5.0,5
277,-11.512925464970229,-11.512925464970229,-17.871166,-7.033236e-06,-11.959013,5.0,4
278,-1.0499852,-2.284362,-2.518346,-2.7230694,-1.6024239,5.0,1
279,-0.36461854,-1.1859,-17.196863,-11.512925464970229,-17.163319,5.0,1
280,-15.735156,-8.702378e-06,-11.750417,-17.660742,-15.910941,1.0,2
281,-11.512925464970229,-11.512925464970229,-11.512925464970229,-14.905596,-7.152119e-07,4.0,5
282,-19.848738,-11.512925464970229,-11.512925464970229,-16.783073,-1.1922384e-07,3.0,5
283,-20.06303,-11.512925464970229,-11.512925464970229,-15.940118,-4.7689537e-07,4.0,5
284,-19.776543,-11.512925464970229,-11.512925464970229,-13.436666,-1.9075815e-06,4.0,5
285,-19.206049,-11.512925464970229,-11.512925464970229,-16.159725,-2.3844768e-07,4.0,5
286,-11.512925464970229,-11.512925464970229,-11.512925464970229,-10.7284565,-2.2767254e-05,5.0,5
287,-9.655529e-06,-11.569966,-18.9896,-18.493715,-19.169525,1.0,1
288,-11.512925464970229,-11.512925464970229,-11.512925464970229,-14.976768,-8.344534e-07,5.0,5
289,-11.512925464970229,-11.512925464970229,-11.512925464970229,-9.053385,-0.000117894975,4.0,5
290,-16.666042,-0.011429702,-4.477704,-15.898768,-14.032694,4.0,2
291,-11.512925464970229,-11.512925464970229,-11.512925464970229,-3.2878733,-0.03805254,5.0,5
292,-4.1720446e-05,-10.098738,-19.412926,-19.25074,-19.439651,2.0,1
293,-17.359177,-0.9343208,-0.49902955,-15.846792,-16.50478,3.0,3
294,-10.541049,-2.801367e-05,-13.9499655,-19.380995,-17.03618,4.0,2
295,-19.760303,-11.512925464970229,-11.512925464970229,-15.72365,-3.5760596e-07,5.0,5
296,-0.0010092496,-6.899817,-19.54223,-18.95229,-18.656712,3.0,1
297,-13.93028,-6.43695e-06,-12.282195,-19.081785,-15.581362,3.0,2
298,-6.96952,-0.00094179047,-17.014233,-11.512925464970229,-16.928318,3.0,2
299,-11.512925464970229,-11.512925464970229,-11.512925464970229,-4.254047,-0.014310237,1.0,5
300,-11.512925464970229,-11.512925464970229,-11.512925464970229,-4.578709,-0.010325048,5.0,5
301,-11.512925464970229,-11.512925464970229,-11.512925464970229,-14.799327,-8.344534e-07,4.0,5
302,-19.060629,-11.512925464970229,-11.512925464970229,-15.485089,-5.9602587e-07,4.0,5
303,-11.512925464970229,-19.593771,-11.627602,-9.298074e-06,-18.814953,5.0,4
304,-11.512925464970229,-11.512925464970229,-11.512925464970229,-13.766764,-1.7881898e-06,4.0,5
305,-11.512925464970229,-11.512925464970229,-11.512925464970229,-12.241365,-5.2448504e-06,5.0,5
306,-11.512925464970229,-11.512925464970229,-11.512925464970229,-4.811927,-0.008168115,5.0,5
307,-20.050144,-11.16763,-1.47821675e-05,-15.860767,-11.512925464970229,5.0,3
308,-11.512925464970229,-11.512925464970229,-11.512925464970229,-3.5405498,-0.029427929,5.0,5
309,-15.603636,-1.1920517e-06,-14.461069,-18.520765,-15.702957,2.0,2
310,-11.512925464970229,-11.512925464970229,-11.512925464970229,-9.626634,-6.747467e-05,4.0,5
311,-11.512925464970229,-11.512925464970229,-11.512925464970229,-10.850083,-2.121776e-05,4.0,5
312,-11.512925464970229,-11.512925464970229,-18.56115,-0.00032811126,-8.02512,3.0,4
313,-11.512925464970229,-11.512925464970229,-11.512925464970229,-10.078487,-4.386576e-05,4.0,5
314,-11.512925464970229,-11.512925464970229,-11.512925464970229,-8.112627,-0.0003015435,4.0,5
315,-19.655731,-11.512925464970229,-11.512925464970229,-18.099716,0.0,5.0,5
316,-20.049881,-11.512925464970229,-11.512925464970229,-16.22622,-3.5760596e-07,4.0,5
317,-19.14497,-11.512925464970229,-11.512925464970229,-15.466852,-5.9602587e-07,5.0,5
318,-17.629375,-17.92604,-7.152119e-07,-16.679764,-11.512925464970229,2.0,3
319,-18.991573,-11.512925464970229,-11.512925464970229,-16.235552,-4.7689537e-07,5.0,5
320,-11.512925464970229,-11.512925464970229,-11.512925464970229,-8.225337,-0.00026949932,2.0,5
321,-11.512925464970229,-11.512925464970229,-11.512925464970229,-16.272482,-4.7689537e-07,4.0,5
322,-20.134619,-11.512925464970229,-11.512925464970229,-15.476468,-4.7689537e-07,3.0,5
323,-11.512925464970229,-11.512925464970229,-11.512925464970229,-1.3908936,-0.2861077,5.0,5
324,-11.512925464970229,-11.512925464970229,-13.274212,-2.2649522e-06,-17.07355,2.0,4
325,-11.512925464970229,-11.512925464970229,-11.512925464970229,-11.512925464970229,-11.512925464970229,4.0,-1
326,-11.512925464970229,-11.512925464970229,-11.512925464970229,-12.162386,-5.9600343e-06,3.0,5
327,-19.170496,-11.512925464970229,-11.512925464970229,-15.427446,-3.5760596e-07,5.0,5
328,-11.512925464970229,-11.512925464970229,-11.512925464970229,-3.1267252,-0.044857938,4.0,5
329,-19.78388,-10.967289,-1.7762157e-05,-16.762014,-19.72642,5.0,3
330,-11.512925464970229,-11.512925464970229,-19.02769,-3.743059e-05,-10.2118845,4.0,4
331,-19.547071,-11.512925464970229,-11.512925464970229,-16.526636,-4.7689537e-07,4.0,5
332,-19.238869,-17.326473,-5.9602587e-07,-16.77508,-19.030083,4.0,3
333,-19.256607,-21.45707,-21.695072,-17.382183,0.0,2.0,5
334,-0.0024086626,-6.0304313,-11.512925464970229,-18.806253,-17.926617,2.0,1
335,-19.268122,-11.512925464970229,-11.512925464970229,-17.353886,-1.1922384e-07,4.0,5
336,-11.512925464970229,-11.512925464970229,-18.700361,-4.8873435e-06,-12.359146,4.0,4
337,-11.512925464970229,-16.377163,-2.3844768e-07,-15.584623,-20.28682,3.0,3
338,-11.512925464970229,-10.116229,-4.2912256e-05,-13.390078,-11.512925464970229,4.0,3
339,-11.512925464970229,-11.512925464970229,-7.4037957,-0.0006126434,-11.512925464970229,4.0,4
340,-0.00059918367,-7.4216332,-11.512925464970229,-11.512925464970229,-18.637802,3.0,1
341,-1.1920517e-06,-13.884528,-20.120274,-19.909071,-19.801378,4.0,1
342,-11.512925464970229,-12.074937,-0.00045241104,-7.7212033,-11.512925464970229,4.0,3
343,-18.79974,-20.339872,-11.512925464970229,-15.486035,-4.7689537e-07,3.0,5
344,-9.059716,-0.00011694081,-16.171415,-19.773388,-16.978357,3.0,2
345,-11.512925464970229,-2.7793083,-0.064109884,-16.048702,-15.719281,2.0,3
346,-11.512925464970229,-11.512925464970229,-18.24876,-0.043984354,-3.1458502,2.0,4
347,-20.503902,-11.512925464970229,-11.512925464970229,-16.577793,-3.5760596e-07,4.0,5
348,-16.000875,-2.1458147e-06,-15.420502,-11.512925464970229,-11.512925464970229,3.0,2
349,-11.512925464970229,-11.512925464970229,-11.512925464970229,-11.294321,-1.2993142e-05,5.0,5
350,-11.512925464970229,-11.512925464970229,-11.512925464970229,-9.781071,-5.72201e-05,4.0,5
351,-11.512925464970229,-12.092299,-7.033236e-06,-14.017833,-18.589617,5.0,3
352,-15.347968,-0.0007697621,-7.1712465,-17.953068,-17.692848,2.0,2
353,-19.426449,-20.663363,-11.512925464970229,-15.168644,-4.7689537e-07,4.0,5
354,-19.426449,-20.663363,-11.512925464970229,-15.168644,-4.7689537e-07,4.0,5
355,-8.534165,-0.000197369,-16.576105,-11.512925464970229,-16.853052,4.0,2
356,-11.512925464970229,-11.512925464970229,-11.512925464970229,-8.952168,-0.00013087859,4.0,5
357,-0.7557232,-0.63426703,-16.380293,-17.34911,-15.744588,2.0,2
358,-19.419704,-11.512925464970229,-11.512925464970229,-13.853866,-1.5496514e-06,5.0,5
359,-19.46608,-11.512925464970229,-11.512925464970229,-17.10149,0.0,5.0,5
360,-11.512925464970229,-19.362692,-11.992587,-6.43695e-06,-18.109652,3.0,4
361,-11.512925464970229,-11.512925464970229,-11.512925464970229,-1.1255219,-0.3922646,4.0,5
362,-11.512925464970229,-11.512925464970229,-11.512925464970229,-10.05962,-4.386576e-05,4.0,5
363,-18.897968,-11.512925464970229,-11.512925464970229,-15.701907,-4.7689537e-07,5.0,5
364,-11.512925464970229,-8.731275,-0.00016459428,-13.067939,-11.512925464970229,4.0,3
365,-11.512925464970229,-11.512925464970229,-11.512925464970229,-6.763908,-0.001157275,3.0,5
366,-11.512925464970229,-11.512925464970229,-19.384794,-0.00055416004,-7.499997,5.0,4
367,-16.006037,-2.849077e-05,-10.514881,-18.8454,-15.987986,4.0,2
368,-0.13181615,-2.0914986,-17.829594,-11.512925464970229,-17.187866,3.0,1
369,-11.512925464970229,-11.512925464970229,-11.512925464970229,-13.74854,-1.6689067e-06,3.0,5
370,-0.00023707212,-8.350045,-17.82227,-17.201864,-17.293354,1.0,1
371,-11.512925464970229,-11.512925464970229,-11.512925464970229,-11.512925464970229,-11.512925464970229,5.0,-1
372,-17.231474,-2.3844768e-07,-16.576797,-19.725098,-11.512925464970229,3.0,2
373,-11.512925464970229,-11.512925464970229,-11.512925464970229,-8.348293,-0.00023850318,4.0,5
374,-11.512925464970229,-11.512925464970229,-11.512925464970229,-5.0023794,-0.0067471555,3.0,5
375,-11.512925464970229,-15.2256775,-5.9602587e-07,-15.97542,-11.512925464970229,5.0,3
376,-11.512925464970229,-11.512925464970229,-11.512925464970229,-8.465423,-0.00021238974,4.0,5
377,-11.512925464970229,-11.512925464970229,-5.0809016,-0.006236722,-11.512925464970229,4.0,4
378,-11.512925464970229,-19.108658,-11.062093,-1.6332639e-05,-18.374083,4.0,4
379,-18.95645,-11.512925464970229,-11.512925464970229,-16.575928,-4.7689537e-07,3.0,5
380,-18.665554,-20.594616,-11.512925464970229,-15.2938,-4.7689537e-07,4.0,5
381,-19.399748,-11.512925464970229,-11.512925464970229,-13.307726,-2.0266912e-06,5.0,5
382,-19.32038,-11.512925464970229,-11.512925464970229,-13.678468,-1.6689067e-06,5.0,5
383,-19.230057,-11.512925464970229,-11.512925464970229,-16.395777,-4.7689537e-07,4.0,5
384,-11.512925464970229,-11.512925464970229,-11.512925464970229,-1.5690129,-0.23349118,4.0,5
385,-11.512925464970229,-11.512925464970229,-17.361128,-1.7881898e-06,-13.469356,3.0,4
386,-11.512925464970229,-11.512925464970229,-11.512925464970229,-0.9750664,-0.47346425,4.0,5
387,-18.715046,-20.41019,-11.512925464970229,-15.9810095,-2.3844768e-07,4.0,5
388,-18.744547,-11.512925464970229,-11.512925464970229,-13.576297,-1.6689067e-06,4.0,5
389,-15.473007,-0.037834235,-3.293501,-14.539946,-14.334916,4.0,2
390,-19.432981,-11.512925464970229,-11.512925464970229,-15.60091,-4.7689537e-07,4.0,5
391,-20.21116,-11.512925464970229,-11.512925464970229,-16.712177,-2.3844768e-07,5.0,5
392,-19.168358,-11.512925464970229,-11.512925464970229,-17.029636,-2.3844768e-07,5.0,5
393,-11.512925464970229,-11.512925464970229,-2.2426221,-0.112266324,-11.512925464970229,4.0,4
394,-11.512925464970229,-11.512925464970229,-11.512925464970229,-8.887083,-0.00013897874,3.0,5
395,-2.7416409e-06,-12.904643,-19.743685,-19.301722,-19.312359,1.0,1
396,-19.643715,-11.512925464970229,-11.512925464970229,-12.197669,-5.602414e-06,5.0,5
397,-11.228044,-1.4066472e-05,-16.277998,-11.512925464970229,-17.483469,3.0,2
398,-11.512925464970229,-14.840548,-2.0266912e-06,-15.026864,-11.512925464970229,4.0,3
399,-19.221897,-11.512925464970229,-11.512925464970229,-16.666632,-1.1922384e-07,5.0,5
400,-11.512925464970229,-11.512925464970229,-11.512925464970229,-11.512925464970229,-11.512925464970229,4.0,-1
401,-11.512925464970229,-11.512925464970229,-19.42969,-8.3449995e-06,-11.773856,3.0,4
402,-11.512925464970229,-11.512925464970229,-11.512925464970229,-1.7792664,-0.18487354,4.0,5
403,-19.48543,-11.512925464970229,-11.512925464970229,-13.513459,-1.6689067e-06,4.0,5
404,-11.512925464970229,-15.121447,-9.537907e-07,-15.327844,-11.512925464970229,4.0,3
405,-8.81384,-0.00014970063,-15.661637,-18.404425,-16.29853,3.0,2
406,-14.273606,-14.719732,-14.948792,-13.78707,-6.6754455e-06,4.0,5
407,-19.058163,-11.512925464970229,-11.512925464970229,-14.922593,-7.152119e-07,4.0,5
408,-18.359264,-18.17338,-5.9602587e-07,-16.565563,-19.031012,5.0,3
409,-11.512925464970229,-12.649826,-3.4570896e-06,-17.283163,-19.387913,4.0,3
410,-11.512925464970229,-11.512925464970229,-19.182339,-8.344534e-07,-14.8756275,4.0,4
411,-11.512925464970229,-11.512925464970229,-11.512925464970229,-8.124554,-0.00029904177,4.0,5
412,-13.027523,-8.583249e-06,-12.080743,-18.813032,-16.394972,4.0,2
413,-14.013921,-1.7881898e-06,-14.746559,-19.446049,-16.822142,3.0,2
414,-11.512925464970229,-9.165649,-0.00011861061,-11.32343,-11.512925464970229,3.0,3
415,-11.512925464970229,-11.512925464970229,-11.512925464970229,-11.512925464970229,-11.512925464970229,5.0,-1
416,-17.99178,-11.512925464970229,-11.512925464970229,-9.537907e-07,-17.56693,2.0,4
417,-15.313926,-3.815163e-06,-12.736252,-19.83989,-17.555176,4.0,2
418,-11.512925464970229,-11.512925464970229,-18.969706,-4.529893e-06,-12.406018,4.0,4
419,-11.512925464970229,-11.512925464970229,-11.512925464970229,-3.3378135e-06,-13.001598,4.0,4
420,-11.512925464970229,-12.871935,-3.0993028e-06,-18.192343,-11.512925464970229,5.0,3
421,-11.710672,-9.536374e-06,-14.638196,-18.876871,-16.808935,2.0,2
422,-17.140245,-0.60378736,-0.79133123,-14.892325,-16.228159,3.0,2
423,-18.929134,-11.512925464970229,-11.512925464970229,-15.368928,-5.9602587e-07,4.0,5
424,-11.512925464970229,-11.512925464970229,-17.331268,-8.344534e-07,-14.519124,4.0,4
425,-0.0054750186,-5.2105265,-19.444206,-19.461592,-18.867432,2.0,1
426,-16.2318,-17.129757,-16.080166,-4.649037e-06,-16.168312,2.0,4
427,-11.512925464970229,-11.512925464970229,-11.512925464970229,-15.651861,-4.7689537e-07,3.0,5
428,-16.472504,-3.5760596e-07,-16.669468,-18.823925,-11.512925464970229,4.0,2
429,-11.512925464970229,-11.512925464970229,-8.172718,-0.0002842701,-18.905264,3.0,4
430,-11.512925464970229,-11.512925464970229,-14.462299,-8.344534e-07,-18.996675,3.0,4
431,-11.512925464970229,-18.616598,-8.605706,-0.0001841385,-17.563679,5.0,4
432,-11.512925464970229,-3.7688637,-0.023355482,-16.37508,-16.470238,3.0,3
433,-11.512925464970229,-11.512925464970229,-18.360094,-0.0001017965,-9.1998,4.0,4
434,-11.512925464970229,-11.512925464970229,-11.512925464970229,-3.5420744,-0.02938481,4.0,5
435,-19.710001,-11.512925464970229,-11.512925464970229,-15.944675,-3.5760596e-07,5.0,5
436,-11.512925464970229,-11.512925464970229,-11.512925464970229,-11.512925464970229,-11.512925464970229,4.0,-1
437,-16.938038,-0.05030505,-3.0147808,-16.411938,-14.994417,3.0,2
438,-11.512925464970229,-11.512925464970229,-11.512925464970229,-6.1118746,-0.0022210989,4.0,5
439,-11.512925464970229,-11.512925464970229,-12.719748,-3.6956835e-06,-19.56422,4.0,4
440,-11.512925464970229,-11.512925464970229,-11.512925464970229,-0.00508959,-5.2836676,4.0,4
441,-11.512925464970229,-7.2333064,-0.0007244949,-15.156795,-11.512925464970229,2.0,3
442,-11.960556,-7.1525124e-06,-15.019818,-19.295654,-16.40665,3.0,2
443,-11.512925464970229,-11.512925464970229,-11.512925464970229,-9.747346,-5.960584e-05,3.0,5
444,-16.699617,-2.0266912e-06,-15.757993,-18.469694,-18.813429,2.0,2
445,-11.512925464970229,-7.915459,-0.00036647884,-16.968252,-18.980213,2.0,3
446,-11.512925464970229,-16.035908,-2.729807e-05,-10.567685,-11.512925464970229,3.0,3
447,-19.983627,-11.512925464970229,-11.512925464970229,-16.381905,-3.5760596e-07,5.0,5
448,-11.512925464970229,-11.862572,-7.630326e-06,-16.18401,-11.512925464970229,5.0,3
449,-11.512925464970229,-14.789063,-1.0729074e-06,-14.558415,-11.512925464970229,3.0,3
450,-11.512925464970229,-16.14567,-8.344534e-07,-14.737045,-11.512925464970229,3.0,3
451,-11.512925464970229,-11.512925464970229,-11.512925464970229,-11.512925464970229,-11.512925464970229,5.0,-1
452,-11.512925464970229,-11.512925464970229,-11.512925464970229,-9.537907e-07,-16.124504,4.0,4
453,-8.565627,-0.00019188585,-16.853233,-18.85947,-15.901287,3.0,2
454,-11.512925464970229,-11.512925464970229,-19.470615,-4.768187e-06,-12.323166,5.0,4
455,-19.963226,-11.512925464970229,-11.512925464970229,-15.828022,-3.5760596e-07,5.0,5
456,-11.512925464970229,-11.512925464970229,-11.512925464970229,-13.243011,-2.5032687e-06,4.0,5
457,-19.85951,-11.512925464970229,-11.512925464970229,-16.039639,-2.3844768e-07,4.0,5
458,-11.512925464970229,-11.512925464970229,-11.403729,-1.1920069e-05,-19.36794,4.0,4
459,-20.10703,-11.512925464970229,-11.512925464970229,-16.197157,-2.3844768e-07,4.0,5
460,-11.512925464970229,-11.512925464970229,-11.512925464970229,-11.512925464970229,-11.512925464970229,2.0,-1
461,-18.505898,-7.7165384,-0.00044716604,-16.83435,-11.512925464970229,4.0,3
462,-11.512925464970229,-11.512925464970229,-15.844613,-4.7689537e-07,-17.508705,4.0,4
463,-19.586945,-11.512925464970229,-11.512925464970229,-15.9297695,-2.3844768e-07,4.0,5
464,-11.512925464970229,-11.512925464970229,-11.512925464970229,-8.753328,-0.00015982805,4.0,5
465,-15.195732,-5.8408214e-06,-12.283191,-11.512925464970229,-16.16681,2.0,2
466,-11.512925464970229,-11.512925464970229,-11.512925464970229,-1.6534759,-0.21244344,3.0,5
467,-19.978252,-11.512925464970229,-11.512925464970229,-16.04675,-4.7689537e-07,4.0,5
468,-11.512925464970229,-11.512925464970229,-16.174314,-5.9602587e-07,-16.931423,3.0,4
469,-11.512925464970229,-11.512925464970229,-19.767916,-0.0002659259,-8.23449,4.0,4
470,-11.512925464970229,-11.512925464970229,-19.810675,-2.515161e-05,-10.616924,4.0,4
471,-11.512925464970229,-11.512925464970229,-11.512925464970229,-9.129731,-0.000109666056,5.0,5
472,-14.123878,-8.2486855e-05,-9.425339,-16.561792,-15.488011,4.0,2
473,-17.554665,-0.0014916932,-6.5101814,-17.449066,-16.149155,3.0,2
474,-11.512925464970229,-11.512925464970229,-11.165264,-1.6570877e-05,-11.512925464970229,3.0,4
475,-19.243587,-11.512925464970229,-11.512925464970229,-16.053528,-3.5760596e-07,5.0,5
476,-11.512925464970229,-11.512925464970229,-0.17790031,-1.8144054,-11.512925464970229,4.0,3
477,-14.207865,-1.7881898e-06,-14.544869,-19.29134,-17.05764,3.0,2
478,-17.410328,-0.00026806997,-8.229869,-17.758024,-16.923325,3.0,2
479,-11.512925464970229,-11.512925464970229,-11.512925464970229,-11.512925464970229,-11.512925464970229,5.0,-1
480,-16.953224,-0.44985172,-1.0152738,-14.302536,-15.797577,4.0,2
481,-11.512925464970229,-8.886016,-0.00014005086,-15.896626,-18.517782,4.0,3
482,-11.512925464970229,-11.512925464970229,-11.512925464970229,-13.847208,-1.3112239e-06,3.0,5
483,-11.512925464970229,-11.512925464970229,-11.512925464970229,-11.832892,-7.987648e-06,5.0,5
484,-11.512925464970229,-11.512925464970229,-12.761905,-3.5763796e-06,-19.294834,3.0,4
485,-11.512925464970229,-11.900778,-7.630326e-06,-15.174232,-11.512925464970229,3.0,3
486,-11.512925464970229,-18.313692,-6.267408,-0.001901167,-11.512925464970229,3.0,4
487,-19.410534,-11.512925464970229,-11.512925464970229,-14.95457,-8.344534e-07,5.0,5
488,-11.512925464970229,-11.512925464970229,-11.512925464970229,-0.00045956354,-7.6901894,3.0,4
489,-14.827378,-1.4304238e-06,-14.939223,-11.512925464970229,-15.78243,3.0,2
490,-11.512925464970229,-11.512925464970229,-18.672754,-0.0045524356,-5.394798,3.0,4
491,-19.56872,-11.512925464970229,-11.512925464970229,-13.906748,-1.5496514e-06,4.0,5
492,-11.512925464970229,-9.645616,-6.5687884e-05,-15.933732,-11.512925464970229,4.0,3
493,-11.512925464970229,-11.512925464970229,-11.512925464970229,-11.723881,-8.821511e-06,4.0,5
494,-11.512925464970229,-11.512925464970229,-11.512925464970229,-11.425037,-1.1443229e-05,5.0,5
495,-11.512925464970229,-11.512925464970229,-11.512925464970229,-15.282251,-5.9602587e-07,5.0,5
496,-11.512925464970229,-11.512925464970229,-11.512925464970229,-5.38414,-0.004604422,5.0,5
497,-0.54452455,-0.86786973,-16.416473,-16.74068,-15.204984,3.0,1
498,-11.512925464970229,-11.512925464970229,-8.096952,-0.00030690446,-17.733553,2.0,4
499,-11.512925464970229,-11.512925464970229,-11.512925464970229,-14.76657,-9.537907e-07,5.0,5
500,-12.625566,-12.797326,-1.3827933e-05,-15.045047,-16.828876,2.0,3
501,-11.512925464970229,-11.512925464970229,-16.671967,-1.4304238e-06,-14.170961,3.0,4
502,-11.512925464970229,-11.512925464970229,-11.512925464970229,-13.0892315,-2.7416409e-06,5.0,5
503,-11.512925464970229,-11.512925464970229,-19.295446,-1.5496514e-06,-13.831271,5.0,4
504,-11.512925464970229,-11.512925464970229,-11.512925464970229,-11.512925464970229,-11.512925464970229,5.0,-1
505,-16.263454,-18.975294,-17.865421,-17.312569,-7.152119e-07,3.0,5
506,-17.058548,-0.38285565,-1.145509,-15.773151,-15.974924,4.0,2
507,-11.512925464970229,-11.512925464970229,-11.512925464970229,-14.796935,-1.0729074e-06,4.0,5
508,-14.948293,-7.3910837e-06,-11.948316,-18.785473,-17.14587,3.0,2
509,-11.512925464970229,-13.422566,-1.7285625e-05,-11.24676,-11.512925464970229,3.0,3
510,-11.512925464970229,-11.512925464970229,-11.512925464970229,-11.512925464970229,-11.512925464970229,3.0,-1
511,-11.512925464970229,-11.512925464970229,-11.512925464970229,-11.512925464970229,-11.512925464970229,4.0,-1
512,-11.512925464970229,-13.998665,-1.9075815e-06,-14.205732,-11.512925464970229,4.0,3
513,-11.512925464970229,-8.022038,-0.00032930268,-17.948048,-11.512925464970229,3.0,3
514,-11.512925464970229,-11.512925464970229,-11.548164,-1.02513495e-05,-19.205341,4.0,4
515,-11.512925464970229,-11.512925464970229,-17.307323,-9.537907e-07,-16.08423,5.0,4
516,-11.512925464970229,-11.260311,-1.5020757e-05,-15.313039,-11.512925464970229,4.0,3
517,-16.50768,-6.163812e-05,-9.709371,-18.202335,-17.334778,3.0,2
518,-11.512925464970229,-14.301584,-6.9139664e-06,-12.110051,-11.512925464970229,4.0,3
519,-11.512925464970229,-18.83291,-8.579731,-0.00018878683,-18.681757,4.0,4
520,-11.512925464970229,-13.139094,-5.113788e-05,-9.95796,-11.512925464970229,5.0,3
521,-14.622229,-6.43695e-06,-12.133482,-19.012272,-16.64232,1.0,2
522,-11.512925464970229,-11.512925464970229,-0.16621715,-1.8766758,-11.512925464970229,4.0,3
523,-11.512925464970229,-11.512925464970229,-11.512925464970229,-0.0549453,-2.928963,4.0,4
524,-11.512925464970229,-11.512925464970229,-11.512925464970229,-4.9088893,-0.0074114567,3.0,5
525,-11.512925464970229,-11.512925464970229,-17.563717,-5.2448504e-06,-12.277043,3.0,4
526,-16.17953,-2.3959354e-05,-10.682946,-18.83468,-16.213287,3.0,2
527,-15.828838,-17.071146,-16.069199,-15.55966,-1.6689067e-06,4.0,5
528,-17.836031,-11.512925464970229,-19.607294,-3.5760596e-07,-17.817965,4.0,4
529,-11.512925464970229,-11.512925464970229,-11.512925464970229,-11.512925464970229,-11.512925464970229,3.0,-1
530,-11.512925464970229,-11.512925464970229,-11.512925464970229,-11.79219,-8.225878e-06,3.0,5
531,-11.512925464970229,-11.512925464970229,-11.512925464970229,-10.696038,-2.3601708e-05,4.0,5
532,-11.512925464970229,-11.512925464970229,-11.512925464970229,-0.02568301,-3.6750455,3.0,4
533,-11.512925464970229,-11.512925464970229,-11.512925464970229,-2.069815,-0.13491648,2.0,5
534,-15.950994,-0.0006266988,-7.3776503,-17.66308,-16.61927,2.0,2
535,-11.512925464970229,-11.512925464970229,-11.512925464970229,-8.574232,-0.0001908131,4.0,5
536,-11.512925464970229,-12.880053,-2.7416409e-06,-17.449804,-11.512925464970229,3.0,3
537,-11.512925464970229,-11.512925464970229,-11.512925464970229,-9.2974886e-05,-13.722726,3.0,4
538,-14.732294,-1.8596147e-05,-10.95523,-18.487053,-15.675788,3.0,2
539,-2.6344025e-05,-11.475674,-14.4714985,-12.81945,-14.702229,5.0,1
540,-11.212747,-1.6570877e-05,-12.861424,-18.904943,-17.767252,3.0,2
541,-11.512925464970229,-16.456326,-0.10251464,-2.3286176,-11.512925464970229,1.0,3
542,-11.512925464970229,-11.512925464970229,-11.512925464970229,-1.7140858,-0.19864203,4.0,5
543,-11.512925464970229,-11.512925464970229,-11.512925464970229,-9.370063,-8.641954e-05,3.0,5
544,-11.512925464970229,-9.727642,-6.079883e-05,-17.952343,-11.512925464970229,3.0,3
545,-11.512925464970229,-11.512925464970229,-11.512925464970229,-7.4967785,-0.0005570186,4.0,5
546,-11.512925464970229,-11.512925464970229,-11.512925464970229,-3.4427183,-0.032502927,5.0,5
547,-17.215565,-0.13862199,-2.0445096,-16.044024,-16.504263,4.0,2
548,-6.3834505,-0.0016928262,-16.60448,-18.380363,-14.15563,4.0,2
549,-11.512925464970229,-11.512925464970229,-16.86676,-4.7689537e-07,-17.38409,3.0,4
550,-11.512925464970229,-11.512925464970229,-11.512925464970229,-14.820609,-7.152119e-07,5.0,5
551,-11.512925464970229,-11.512925464970229,-11.512925464970229,-8.283669,-0.00025449126,4.0,5
552,-13.664555,-3.3378135e-06,-13.421577,-19.349833,-16.697422,4.0,2
553,-11.512925464970229,-11.512925464970229,-11.512925464970229,-4.8048897,-0.00822811,4.0,5
554,-19.064983,-11.512925464970229,-11.512925464970229,-16.330822,-3.5760596e-07,5.0,5
555,-11.512925464970229,-4.254231,-0.014311528,-16.599081,-16.030079,3.0,3
556,-11.512925464970229,-18.674566,-8.028573,-0.00032751553,-18.237026,4.0,4
557,-11.512925464970229,-11.512925464970229,-11.512925464970229,-5.3276978,-0.004871303,4.0,5
558,-19.249586,-11.512925464970229,-11.512925464970229,-11.816356,-8.106762e-06,4.0,5
559,-11.512925464970229,-1.0907503,-0.4095026,-14.992125,-15.155106,4.0,3
560,-12.995845,-3.2185512e-06,-14.820375,-11.512925464970229,-17.079103,2.0,2
561,-11.512925464970229,-12.243947,-11.512925464970229,-0.02784442,-11.512925464970229,4.0,4
562,-11.512925464970229,-11.512925464970229,-11.512925464970229,-16.01021,-5.9602587e-07,4.0,5
563,-15.627639,-7.152119e-07,-15.986036,-11.512925464970229,-18.390366,2.0,2
564,-9.841718,-5.435762e-05,-16.672949,-18.688494,-15.243446,2.0,2
565,-11.512925464970229,-11.512925464970229,-11.512925464970229,-8.563546,-0.00019355459,3.0,5
566,-19.070694,-11.512925464970229,-11.512925464970229,-17.029604,-1.1922384e-07,4.0,5
567,-11.512925464970229,-13.656372,-1.6689067e-06,-16.832352,-11.512925464970229,4.0,3
568,-1.236849,-0.34299484,-16.694656,-17.694048,-14.931762,3.0,2
569,-1.1922384e-07,-16.321777,-19.539085,-19.222837,-18.935667,1.0,1
570,-20.157017,-12.80968,-3.0993028e-06,-16.06902,-19.858477,5.0,3
571,-1.1922384e-07,-16.51189,-20.070812,-19.435833,-19.574203,1.0,1
572,-11.512925464970229,-11.512925464970229,-17.21633,-2.5032687e-06,-13.263256,3.0,4
573,-11.512925464970229,-11.512925464970229,-11.512925464970229,-4.0962377,-0.016779535,3.0,5
574,-11.512925464970229,-11.512925464970229,-11.512925464970229,-13.363083,-2.2649522e-06,4.0,5
575,-11.512925464970229,-9.633738,-6.628347e-05,-16.890549,-11.512925464970229,4.0,3
576,-11.512925464970229,-4.366327,-0.012782354,-17.586668,-17.421843,5.0,3
577,-11.512925464970229,-11.627012,-9.655529e-06,-16.517176,-19.186562,4.0,3
578,-11.512925464970229,-11.512925464970229,-11.512925464970229,-10.467575,-3.0041514e-05,4.0,5
579,-11.512925464970229,-11.512925464970229,-11.512925464970229,-9.658294,-6.556876e-05,5.0,5
580,-14.13216,-3.9342685e-06,-12.844521,-18.700344,-16.703335,4.0,2
581,-11.512925464970229,-11.512925464970229,-9.0298815,-0.00012123473,-11.512925464970229,3.0,4
582,-11.512925464970229,-11.512925464970229,-11.512925464970229,-8.388232,-0.00022944013,5.0,5
583,-0.76205313,-0.62869895,-16.669176,-16.904867,-15.70739,5.0,2
584,-11.512925464970229,-11.512925464970229,-11.512925464970229,-0.14863826,-1.9796758,3.0,4
585,-11.512925464970229,-11.512925464970229,-11.512925464970229,-5.2630987,-0.005196698,3.0,5
586,-19.282833,-11.512925464970229,-11.512925464970229,-15.251787,-5.9602587e-07,5.0,5
587,-18.786858,-8.411947,-0.00022276268,-17.228628,-19.138823,3.0,3
588,-16.106583,-6.9142414e-05,-9.594424,-18.688133,-15.83481,3.0,2
589,-11.512925464970229,-0.702813,-0.68359077,-16.029177,-15.643189,3.0,3
590,-11.512925464970229,-11.512925464970229,-11.512925464970229,-3.3840287,-0.03450518,3.0,5
591,-11.512925464970229,-6.4345365,-0.0016082134,-16.448626,-18.577852,3.0,3
592,-14.672164,-8.702378e-06,-11.820547,-18.871881,-16.520544,3.0,2
593,-11.512925464970229,-11.512925464970229,-11.512925464970229,-1.095733,-0.4070028,3.0,5
594,-19.65314,-11.512925464970229,-11.512925464970229,-11.898812,-7.3910837e-06,4.0,5
595,-4.369767,-0.012736199,-17.181122,-11.512925464970229,-16.595179,2.0,2
596,-8.021045,-0.00032930268,-17.117712,-11.512925464970229,-17.06362,2.0,2
597,-12.176346,-5.9600343e-06,-15.808354,-11.512925464970229,-16.352926,2.0,2
598,-19.407063,-11.512925464970229,-11.512925464970229,-15.320468,-4.7689537e-07,4.0,5
599,-10.541372,-2.717881e-05,-15.832977,-11.512925464970229,-16.542398,4.0,2
600,-11.512925464970229,-11.512925464970229,-8.001134,-0.0003364515,-18.551748,4.0,4
601,-11.512925464970229,-11.512925464970229,-11.512925464970229,-14.64423,-8.344534e-07,3.0,5
602,-11.512925464970229,-11.512925464970229,-11.512925464970229,-16.018784,-3.5760596e-07,4.0,5
603,-11.512925464970229,-11.512925464970229,-0.9958177,-0.46109635,-11.512925464970229,4.0,4
604,-17.850414,-7.7243865e-05,-9.4808,-11.512925464970229,-17.818447,3.0,2
605,-19.5713,-10.182751,-3.8502956e-05,-16.549334,-11.512925464970229,3.0,3
606,-11.512925464970229,-16.914928,-3.6406384,-0.026594192,-17.70963,3.0,4
607,-11.512925464970229,-6.4392476,-0.0016005967,-16.955257,-17.49575,3.0,3
608,-14.425531,-2.0266912e-06,-14.284871,-18.565733,-15.10279,3.0,2
609,-11.770388,-8.464122e-06,-15.953551,-19.253834,-16.63047,4.0,2
610,-17.398922,-18.55177,-18.01921,-18.152733,-3.5760596e-07,5.0,5
611,-7.024661,-0.0008916332,-17.067429,-11.512925464970229,-16.141096,3.0,2
612,-8.969976,-0.000128139,-15.87953,-11.512925464970229,-16.745045,3.0,2
613,-11.512925464970229,-11.512925464970229,-11.512925464970229,-7.8521037,-0.00039067026,4.0,5
614,-11.512925464970229,-11.512925464970229,-11.512925464970229,-9.759724,-5.8770795e-05,4.0,5
615,-11.512925464970229,-11.512925464970229,-11.512925464970229,-11.512925464970229,-11.512925464970229,4.0,-1
616,-15.850365,-7.390777e-05,-9.527282,-18.281092,-16.330004,3.0,2
617,-11.512925464970229,-9.735003,-6.0202325e-05,-16.625847,-18.883318,3.0,3
618,-11.512925464970229,-11.512925464970229,-11.512925464970229,-7.446371,-0.0005872725,4.0,5
619,-16.485634,-1.1922384e-07,-18.310637,-20.22161,-11.512925464970229,4.0,2
620,-16.476692,-0.028564446,-3.5701542,-16.830814,-15.291989,4.0,2
621,-11.512925464970229,-11.512925464970229,-11.512925464970229,-8.84775,-0.00014517346,2.0,5
622,-17.433853,-2.3844768e-07,-16.89518,-19.384842,-11.512925464970229,2.0,2
623,-3.2357547,-0.040127557,-16.580471,-11.512925464970229,-15.939641,3.0,2
624,-0.010494397,-4.5623016,-11.512925464970229,-17.670067,-16.914627,3.0,1
625,-17.810534,-0.0002363566,-8.355936,-18.760506,-16.27142,3.0,2
626,-16.1743,-9.893847e-06,-11.703352,-17.790092,-14.263356,5.0,2
627,-14.151671,-1.5496514e-06,-15.422861,-19.720686,-16.276548,3.0,2
628,-11.512925464970229,-11.512925464970229,-11.512925464970229,-7.922359,-0.00036385722,4.0,5
629,-11.512925464970229,-11.512925464970229,-16.691093,-5.9602587e-07,-16.511173,3.0,4
630,-19.520035,-11.512925464970229,-11.512925464970229,-16.065914,-3.5760596e-07,3.0,5
631,-11.512925464970229,-5.2356787,-0.0053413836,-16.70525,-17.282598,4.0,3
632,-11.512925464970229,-11.512925464970229,-9.057564,-0.000118133525,-19.07848,3.0,4
633,-11.512925464970229,-11.512925464970229,-11.512925464970229,-10.310827,-3.4332996e-05,4.0,5
634,-11.512925464970229,-11.512925464970229,-11.512925464970229,-11.512925464970229,-11.512925464970229,5.0,-1
635,-11.512925464970229,-8.982401,-0.00015422805,-10.549759,-11.512925464970229,3.0,3
636,-2.066699,-0.13536365,-15.901571,-16.566277,-15.498925,3.0,2
637,-18.479685,-9.975779,-4.779949e-05,-16.314207,-18.390276,3.0,3
638,-11.512925464970229,-11.512925464970229,-11.512925464970229,-11.512925464970229,-0.0002328983,4.0,5
639,-15.559707,-1.1920517e-06,-17.261078,-11.512925464970229,-11.512925464970229,4.0,2
640,-14.95297,-4.4700115e-05,-10.066871,-18.287706,-15.922856,3.0,2
641,-11.512925464970229,-11.512925464970229,-11.512925464970229,-10.313915,-3.4690383e-05,4.0,5
642,-19.920298,-11.512925464970229,-11.512925464970229,-14.932152,-7.152119e-07,5.0,5
643,-18.792038,-18.494476,-1.1922384e-07,-17.622917,-11.512925464970229,4.0,3
644,-11.512925464970229,-11.512925464970229,-11.512925464970229,-0.69454044,-0.69176716,4.0,5
645,-11.512925464970229,-14.682523,-1.1920517e-06,-14.734991,-11.512925464970229,3.0,3
646,-11.512925464970229,-11.512925464970229,-11.512925464970229,-2.9408796,-0.054280974,5.0,5
647,-11.512925464970229,-11.512925464970229,-11.512925464970229,-11.512925464970229,-11.512925464970229,2.0,-1
648,-11.512925464970229,-11.512925464970229,-11.512925464970229,-12.286636,-5.48322e-06,4.0,5
649,-11.512925464970229,-11.512925464970229,-11.512925464970229,-6.896941,-0.0010137754,3.0,5
650,-19.543993,-11.512925464970229,-11.512925464970229,-16.485506,-2.3844768e-07,4.0,5
651,-19.01818,-11.512925464970229,-11.512925464970229,-10.540413,-2.717881e-05,4.0,5
652,-15.951685,-1.0729074e-06,-14.66021,-18.237186,-15.239189,3.0,2
653,-11.512925464970229,-11.512925464970229,-11.512925464970229,-0.004287832,-5.454895,3.0,4
654,-20.016754,-11.512925464970229,-21.603928,-16.870659,0.0,4.0,5
655,-16.328186,-2.5986285e-05,-10.593055,-18.643276,-16.292015,4.0,2
656,-11.512925464970229,-9.392163,-8.4870255e-05,-14.6031275,-11.512925464970229,4.0,3
657,-11.512925464970229,-9.391141,-8.725379e-05,-12.771508,-18.812798,2.0,3
658,-11.512925464970229,-11.512925464970229,-11.512925464970229,-8.814555,-0.00014981978,4.0,5
659,-11.512925464970229,-3.4797666,-0.03130318,-15.838477,-17.230995,3.0,3
660,-0.08791917,-2.4749508,-17.339731,-11.512925464970229,-16.42705,3.0,1
661,-11.512925464970229,-13.796766,-1.5496514e-06,-15.878621,-11.512925464970229,4.0,3
662,-11.512925464970229,-11.512925464970229,-11.512925464970229,-9.036532,-0.00012147329,5.0,5
663,-16.025322,-5.2448504e-06,-12.311254,-19.57269,-16.614801,2.0,2
664,-11.512925464970229,-7.091906,-0.0008339725,-15.791682,-18.44164,5.0,3
665,-11.512925464970229,-16.372892,-0.09215967,-2.4299932,-17.464695,3.0,3
666,-11.512925464970229,-11.512925464970229,-11.512925464970229,-0.00018950197,-8.577607,5.0,4
667,-15.222905,-1.9430214e-05,-10.895863,-18.759405,-16.940273,2.0,2
668,-11.512925464970229,-11.512925464970229,-11.512925464970229,-11.512925464970229,-11.512925464970229,2.0,-1
669,-11.512925464970229,-11.512925464970229,-11.512925464970229,-0.34620392,-1.2290832,3.0,4
670,-11.512925464970229,-11.512925464970229,-11.512925464970229,-0.0843751,-2.5145528,2.0,4
671,-11.512925464970229,-8.126848,-0.0002979696,-17.766653,-11.512925464970229,3.0,3
672,-12.622729,-4.529893e-06,-14.39602,-18.89443,-16.568747,4.0,2
673,-11.512925464970229,-7.2900095,-0.0006857806,-14.778812,-18.223991,3.0,3
674,-19.77964,-11.512925464970229,-11.512925464970229,-15.266602,-4.7689537e-07,5.0,5
675,-6.8827047,-0.001026995,-16.629078,-11.512925464970229,-18.527561,1.0,2
676,-11.512925464970229,-9.957645,-4.8395585e-05,-16.313635,-18.803823,2.0,3
677,-11.512925464970229,-11.512925464970229,-17.25392,-8.344534e-07,-14.620127,3.0,4
678,-20.14225,-11.512925464970229,-11.512925464970229,-16.045673,-4.7689537e-07,5.0,5
679,-14.871114,-3.0640404e-05,-10.440199,-18.35509,-16.35804,4.0,2
680,-11.512925464970229,-11.512925464970229,-11.512925464970229,-11.512925464970229,-11.512925464970229,5.0,-1
681,-21.935799,-17.28201,0.0,-16.689587,-20.53688,5.0,3
682,-19.72778,-11.512925464970229,-11.512925464970229,-13.660385,-1.5496514e-06,4.0,5
683,-11.512925464970229,-8.438936,-0.00021715875,-17.452368,-18.464964,3.0,3
684,-11.512925464970229,-11.512925464970229,-9.736527,-6.0083028e-05,-18.852692,4.0,4
685,-11.512925464970229,-11.512925464970229,-11.512925464970229,-8.456551,-0.00021393965,2.0,5
686,-11.512925464970229,-11.512925464970229,-11.512925464970229,-12.80484,-3.2185512e-06,3.0,5
687,-9.63376,-6.6759945e-05,-15.501086,-11.512925464970229,-16.3215,3.0,2
688,-11.512925464970229,-0.06536678,-2.7603931,-16.416254,-15.820936,3.0,2
689,-11.512925464970229,-0.5779384,-0.8234065,-15.659804,-16.298399,3.0,2
690,-11.512925464970229,-11.512925464970229,-11.512925464970229,-12.423135,-4.529893e-06,5.0,5
691,-17.369835,-1.1922384e-07,-18.941135,-18.498127,-20.241703,2.0,2
692,-11.91288,-8.464122e-06,-13.76033,-18.874187,-17.099062,3.0,2
693,-17.854761,-16.253565,-1.0729074e-06,-16.557276,-11.512925464970229,3.0,3
694,-17.029991,-18.675453,-18.347515,-17.373417,-1.1922384e-07,5.0,5
695,-15.529057,-2.6463276e-05,-10.585081,-18.790009,-16.922268,4.0,2
696,-0.057203323,-2.8896751,-17.2864,-17.547735,-16.46403,4.0,1
697,-11.512925464970229,-11.512925464970229,-11.512925464970229,-11.512925464970229,-11.512925464970229,3.0,-1
698,-11.512925464970229,-11.512925464970229,-19.304209,-4.243552e-05,-10.089909,5.0,4
699,-11.512925464970229,-11.512925464970229,-10.619332,-2.5986285e-05,-18.621502,3.0,4
700,-20.918829,-19.961649,-15.038462,-3.5760596e-07,-18.191797,3.0,4
701,-11.512925464970229,-11.512925464970229,-11.512925464970229,-5.5804243,-0.003781254,3.0,5
702,-19.724524,-11.512925464970229,-11.512925464970229,-14.53613,-8.344534e-07,4.0,5
703,-11.512925464970229,-11.512925464970229,-11.512925464970229,-3.1872463,-0.042163894,3.0,5
704,-11.512925464970229,-11.512925464970229,-11.622874,-9.655529e-06,-18.919638,4.0,4
705,-11.512925464970229,-11.512925464970229,-3.9311645,-0.019821895,-11.512925464970229,3.0,4
706,-11.512925464970229,-11.512925464970229,-11.512925464970229,-15.660059,-4.7689537e-07,5.0,5
707,-11.512925464970229,-11.512925464970229,-11.512925464970229,-2.1648767,-0.121900246,3.0,5
708,-11.512925464970229,-11.512925464970229,-18.685968,-1.0729074e-06,-14.745988,3.0,4
709,-11.512925464970229,-11.512925464970229,-11.512925464970229,-0.00019403138,-8.553292,3.0,4
710,-11.512925464970229,-11.512925464970229,-11.512925464970229,-0.272247,-1.43387,4.0,4
711,-11.512925464970229,-11.512925464970229,-11.512925464970229,-5.292025,-0.005051038,4.0,5
712,-7.7365623,-0.00043810677,-17.071766,-18.718853,-16.157352,1.0,2
713,-11.512925464970229,-11.512925464970229,-19.193207,-5.9602587e-07,-16.035006,2.0,4
714,-17.522018,-18.586098,-18.063196,-2.1458147e-06,-16.993055,3.0,4
715,-17.939732,-15.982971,-8.344534e-07,-15.985065,-11.512925464970229,3.0,3
716,-11.512925464970229,-8.021349,-0.00033001756,-17.540422,-11.512925464970229,1.0,3
717,-11.512925464970229,-16.006235,-5.9602587e-07,-15.423202,-11.512925464970229,3.0,3
718,-11.512925464970229,-11.512925464970229,-11.512925464970229,-7.7034016,-0.00045384152,4.0,5
719,-11.512925464970229,-8.782358,-0.00015422805,-18.42029,-19.267212,1.0,3
720,-11.512925464970229,-11.512925464970229,-11.512925464970229,-5.4736876,-0.0042069745,4.0,5
721,-19.613081,-11.512925464970229,-11.512925464970229,-11.704536,-8.940647e-06,3.0,5
722,-11.512925464970229,-11.512925464970229,-11.512925464970229,-14.850854,-1.0729074e-06,3.0,5
723,-11.512925464970229,-11.512925464970229,-7.3476524,-0.00064635277,-11.512925464970229,4.0,4
724,-0.3515726,-1.21621,-17.269957,-17.19687,-15.013005,2.0,1
725,-0.641188,-0.74797094,-16.777103,-11.512925464970229,-16.2177,5.0,1
726,-19.83236,-11.512925464970229,-11.512925464970229,-16.810347,-3.5760596e-07,4.0,5
727,-18.462564,-11.512925464970229,-19.432697,-3.5760596e-07,-17.464405,3.0,4
728,-18.55598,-19.280838,-1.1922384e-07,-16.70272,-19.131624,3.0,3
729,-11.512925464970229,-11.512925464970229,-11.512925464970229,-8.165877,-0.0002868908,4.0,5
730,-12.562336,-4.529893e-06,-14.954976,-19.236858,-15.814534,3.0,2
731,-18.128695,-1.0729074e-06,-14.055415,-18.699898,-16.176182,3.0,2
732,-17.076689,-4.386576e-05,-10.057907,-11.512925464970229,-16.432085,3.0,2
733,-0.110015266,-14.170999,-11.512925464970229,-11.512925464970229,-11.512925464970229,4.0,1
734,-11.512925464970229,-11.512925464970229,-8.156072,-0.00029058367,-11.512925464970229,3.0,4
735,-11.512925464970229,-11.512925464970229,-11.512925464970229,-11.512925464970229,-11.512925464970229,3.0,-1
736,-16.457771,-0.1930159,-1.740116,-14.401581,-14.595384,3.0,2
737,-11.512925464970229,-11.512925464970229,-18.940252,-2.372092e-05,-10.680158,4.0,4
738,-11.512925464970229,-18.98553,-10.069922,-4.2912256e-05,-18.20929,4.0,4
739,-0.92538196,-0.5048631,-16.26457,-16.85815,-14.662526,2.0,2
740,-20.584703,-22.097328,-23.020496,0.0,-22.338917,4.0,4
741,-18.994122,-11.512925464970229,-11.512925464970229,-16.827604,-1.1922384e-07,5.0,5
742,-18.84285,-11.512925464970229,-11.512925464970229,-13.65845,-1.6689067e-06,5.0,5
743,-10.195227,-3.802634e-05,-16.47541,-11.512925464970229,-17.74758,4.0,2
744,0.0,-18.379276,-21.608896,-21.043413,-11.512925464970229,3.0,1
745,-11.512925464970229,-11.512925464970229,-11.512925464970229,-2.3450353,-0.10076111,5.0,5
746,-4.080891,-0.017039008,-16.45508,-17.553831,-16.73979,3.0,2
747,-11.512925464970229,-5.6132793,-0.0036580823,-18.192923,-11.512925464970229,2.0,3
748,-11.512925464970229,-11.512925464970229,-11.512925464970229,-0.00035349035,-7.9505696,3.0,4
749,-11.512925464970229,-11.512925464970229,-11.512925464970229,-13.99984,-1.6689067e-06,4.0,5
750,-14.421027,-2.8608476e-06,-13.291916,-19.72847,-17.79888,3.0,2
751,-11.512925464970229,-11.512925464970229,-17.10778,-4.7689537e-07,-16.575861,3.0,4
752,-11.512925464970229,-11.512925464970229,-11.512925464970229,-4.0684266,-0.017258076,5.0,5
753,-11.512925464970229,-11.512925464970229,-11.512925464970229,-0.0003029731,-8.106918,4.0,4
754,-16.642237,-0.0023782002,-6.0435214,-17.06584,-16.201643,4.0,2
755,-11.512925464970229,-17.721573,-2.3844768e-07,-15.685097,-11.512925464970229,3.0,3
756,-11.512925464970229,-11.512925464970229,-15.977644,-4.7689537e-07,-18.547081,3.0,4
757,-19.673256,-11.512925464970229,-11.512925464970229,-16.273214,-3.5760596e-07,5.0,5
758,-11.512925464970229,-11.512925464970229,-11.512925464970229,-0.3344104,-1.2581089,4.0,4
759,-9.388879,-8.463191e-05,-16.21939,-11.512925464970229,-17.010658,2.0,2
760,-15.883818,-8.6062006e-05,-9.381243,-17.862722,-14.664542,3.0,2
761,-11.512925464970229,-11.512925464970229,-11.512925464970229,-10.835075,-2.1336942e-05,4.0,5
762,-11.512925464970229,-11.512925464970229,-11.512925464970229,-0.0009936476,-6.915642,3.0,4
763,-9.582984,-6.985718e-05,-16.05644,-18.534475,-14.95069,4.0,2
764,-11.512925464970229,-11.512925464970229,-1.9629011,-0.15137574,-11.512925464970229,4.0,4
765,-11.512925464970229,-11.512925464970229,-11.512925464970229,-14.886579,-7.152119e-07,4.0,5
766,-11.512925464970229,-11.512925464970229,-11.512925464970229,-0.00041093092,-7.801112,4.0,4
767,-17.018185,-0.0003070236,-8.095356,-17.758553,-15.101499,2.0,2
768,-11.512925464970229,-0.75075513,-0.63871557,-14.654345,-13.914738,4.0,3
769,-11.512925464970229,-11.512925464970229,-11.512925464970229,-0.028104614,-3.586252,5.0,4
770,-16.8364,-0.13839845,-2.0460522,-16.73387,-15.749137,4.0,2
771,-9.537907e-07,-13.884552,-19.923323,-18.969706,-19.645796,2.0,1
772,-12.304951,-5.364032e-06,-15.579529,-19.355509,-16.792337,1.0,2
773,-11.512925464970229,-11.512925464970229,-11.512925464970229,-11.512925464970229,-11.512925464970229,3.0,-1
774,-17.50188,-0.016784577,-4.0959816,-16.393658,-15.059341,2.0,2
775,-11.512925464970229,-11.512925464970229,-16.307295,-8.344534e-07,-16.513777,3.0,4
776,-11.512925464970229,-11.512925464970229,-11.512925464970229,-5.7589865,-0.0031631733,3.0,5
777,-19.408646,-11.512925464970229,-11.512925464970229,-16.94109,-2.3844768e-07,5.0,5
778,-11.512925464970229,-11.512925464970229,-11.512925464970229,-13.655409,-1.9075815e-06,5.0,5
779,-11.512925464970229,-11.512925464970229,-3.3047557,-0.037404474,-11.512925464970229,3.0,4
780,-11.512925464970229,-18.132753,-1.7881898e-06,-13.393809,-11.512925464970229,4.0,3
781,-11.512925464970229,-11.512925464970229,-11.512925464970229,-0.0015671536,-6.4601016,4.0,4
782,-11.512925464970229,-8.971519,-0.000128139,-18.049253,-11.512925464970229,2.0,3
783,-11.512925464970229,-3.3794873,-0.03466153,-16.171045,-17.427588,3.0,3
784,-11.512925464970229,-11.512925464970229,-10.0706215,-4.4223332e-05,-11.512925464970229,4.0,4
785,-15.87665,-2.7775131e-05,-16.850115,-11.512925464970229,-19.145567,4.0,2
786,-20.284988,-13.841424,-1.1920517e-06,-17.571444,-20.125029,3.0,3
787,-11.512925464970229,-11.512925464970229,-3.915421,-0.020141961,-11.512925464970229,4.0,4
788,-11.512925464970229,-11.512925464970229,-11.512925464970229,-2.5438251,-0.08182907,4.0,5
789,-11.512925464970229,-11.512925464970229,-11.512925464970229,-13.8457365,-1.6689067e-06,4.0,5
790,-11.512925464970229,-11.268511,-9.595494e-05,-9.456138,-11.512925464970229,3.0,3
791,-15.826665,-5.0660925e-05,-9.916177,-18.855822,-17.320326,3.0,2
792,-11.512925464970229,-11.512925464970229,-11.512925464970229,-3.4476504,-0.032342333,4.0,5
793,-11.512925464970229,-11.512925464970229,-11.512925464970229,-5.9813128,-0.002533704,5.0,5
794,-11.512925464970229,-14.156351,-1.1920517e-06,-16.556576,-11.512925464970229,5.0,3
795,-0.0061273715,-5.0983477,-11.512925464970229,-18.827692,-17.74336,3.0,1
796,-10.944736,-1.8596147e-05,-15.197874,-18.57225,-16.028877,3.0,2
797,-11.512925464970229,-11.512925464970229,-11.512925464970229,-11.884815,-7.630326e-06,2.0,5
798,-19.828892,-16.195953,-1.1922384e-07,-19.815739,-21.998962,2.0,3
799,-19.344168,-15.292677,-2.3844768e-07,-19.970436,-11.512925464970229,3.0,3
800,-11.512925464970229,-11.512925464970229,-11.512925464970229,-10.824826,-2.109858e-05,4.0,5
801,-15.609062,-1.6689067e-06,-14.054668,-19.30203,-15.139691,3.0,2
802,-18.980688,-7.591027,-0.0005061602,-15.92481,-17.58315,2.0,3
803,-19.032839,-11.512925464970229,-11.512925464970229,-11.7675495,-8.464122e-06,3.0,5
804,-11.512925464970229,-11.512925464970229,-11.512925464970229,-11.512925464970229,-11.512925464970229,4.0,-1
805,-0.0485513,-15.743939,-11.512925464970229,-11.512925464970229,-11.512925464970229,3.0,1
806,-11.512925464970229,-11.512925464970229,-11.512925464970229,-11.512925464970229,-11.512925464970229,4.0,-1
807,-16.283966,-17.688808,-5.9602587e-07,-16.547585,-18.301683,1.0,3
808,-16.355858,-0.0052307365,-5.2564535,-17.696417,-15.674529,2.0,2
809,-11.512925464970229,-11.512925464970229,-11.512925464970229,-11.883004,-7.868537e-06,4.0,5
810,-14.660898,-1.9075815e-06,-14.27455,-18.81177,-15.142514,2.0,2
811,-16.748499,-0.011252328,-4.4929667,-17.44509,-16.452063,4.0,2
812,-11.512925464970229,-11.512925464970229,-11.512925464970229,-11.748973,-9.417222e-06,4.0,5
813,-19.589603,-19.8162,-19.701801,0.0,-21.8921,4.0,4
814,-11.512925464970229,-11.512925464970229,-14.254871,-0.0020139317,-11.512925464970229,2.0,4
815,-11.512925464970229,-11.512925464970229,-11.512925464970229,-11.512925464970229,-11.512925464970229,2.0,-1
816,-11.512925464970229,-11.512925464970229,-11.512925464970229,-7.7589545,-0.0004288094,3.0,5
817,-11.512925464970229,-11.512925464970229,-11.512925464970229,-7.531414,-0.0005377232,2.0,5
818,-20.236605,-11.512925464970229,-11.512925464970229,-13.93856,-1.1920517e-06,4.0,5
819,-16.870892,-4.7689537e-07,-16.586693,-19.176125,-11.512925464970229,1.0,2
820,-0.0014225348,-11.512925464970229,-11.512925464970229,-11.512925464970229,-11.512925464970229,1.0,1
821,-18.830206,-17.762892,-15.344037,-5.9602587e-07,-16.157051,1.0,4
822,-18.459332,-15.70446,-1.1922384e-07,-19.45492,-20.780645,2.0,3
823,-19.21428,-17.411234,0.0,-19.67538,-21.343464,3.0,3
824,-18.316536,-11.512925464970229,-11.512925464970229,-15.211138,-5.9602587e-07,4.0,5
825,-11.512925464970229,-11.512925464970229,-15.447238,-5.9602587e-07,-17.402555,1.0,4
826,-11.512925464970229,-11.512925464970229,-17.786303,-0.00036349977,-7.9218874,2.0,4
827,-11.512925464970229,-11.512925464970229,-11.512925464970229,-14.690845,-1.4304238e-06,4.0,5
828,-11.512925464970229,-11.512925464970229,-11.512925464970229,-11.512925464970229,-11.512925464970229,2.0,-1
829,-15.856813,-0.0008477918,-7.075141,-17.786785,-16.785557,3.0,2
830,-11.512925464970229,-11.512925464970229,-11.512925464970229,-11.512925464970229,-11.512925464970229,4.0,-1
831,-11.512925464970229,-11.512925464970229,-11.512925464970229,-11.512925464970229,-11.512925464970229,2.0,-1
832,-11.512925464970229,-11.512925464970229,-11.512925464970229,-11.512925464970229,-11.512925464970229,3.0,-1
833,-19.209301,-11.512925464970229,-11.512925464970229,-14.511646,-8.344534e-07,4.0,5
834,-11.512925464970229,-11.512925464970229,-11.512925464970229,-12.919652,-3.2185512e-06,2.0,5
835,-11.512925464970229,-11.512925464970229,-11.512925464970229,-6.1758013,-0.0020837118,2.0,5
836,-19.195496,-11.512925464970229,-11.512925464970229,-15.126053,-5.9602587e-07,4.0,5
837,-11.512925464970229,-11.512925464970229,-11.512925464970229,-11.512925464970229,-11.512925464970229,3.0,-1
838,-11.512925464970229,-11.512925464970229,-11.512925464970229,-0.02036822,-3.9041498,4.0,4
839,-15.516481,-7.152119e-07,-15.472526,-16.697536,-18.325066,3.0,2
840,-16.594887,-4.1243744e-05,-10.121654,-17.732628,-16.449917,3.0,2
841,-16.322336,-3.5405177e-05,-10.281892,-11.512925464970229,-17.490427,1.0,2
842,-11.512925464970229,-11.512925464970229,-11.512925464970229,-10.874314,-1.9668532e-05,4.0,5
843,-19.861849,-12.413194,-4.4107555e-06,-16.8635,-19.28007,4.0,3
844,-11.512925464970229,-11.512925464970229,-13.548846,-9.774687e-06,-11.750041,4.0,4
845,-11.512925464970229,-11.512925464970229,-11.512925464970229,-9.10321,-0.0001125281,5.0,5
846,-11.512925464970229,-11.512925464970229,-11.512925464970229,-11.512925464970229,-11.512925464970229,2.0,-1
847,-11.512925464970229,-11.512925464970229,-11.512925464970229,-3.429813,-0.03293383,2.0,5
848,-11.512925464970229,-11.512925464970229,-11.512925464970229,-11.512925464970229,-11.512925464970229,4.0,-1
849,-11.512925464970229,-11.512925464970229,-11.512925464970229,-11.512925464970229,-11.512925464970229,3.0,-1
850,-11.512925464970229,-11.512925464970229,-11.512925464970229,-0.00018080138,-8.623936,2.0,4
851,-15.399895,-4.7689537e-07,-16.044044,-19.305347,-11.512925464970229,2.0,2
852,-16.420233,-4.7689537e-07,-16.55925,-11.512925464970229,-11.512925464970229,3.0,2
853,-11.512925464970229,-11.512925464970229,-11.512925464970229,-11.77354,-8.464122e-06,3.0,5
854,-19.077139,-11.512925464970229,-11.512925464970229,-10.999237,-1.7523887e-05,3.0,5
855,-11.512925464970229,-11.512925464970229,-18.620142,-5.9725135e-05,-9.731671,4.0,4
856,-11.512925464970229,-11.512925464970229,-11.512925464970229,-5.905011,-0.0027320855,5.0,5
857,-11.512925464970229,-11.512925464970229,-11.512925464970229,-11.512925464970229,-11.512925464970229,2.0,-1
858,-11.529242,-1.060888e-05,-15.3467,-11.512925464970229,-18.354279,2.0,2
859,-19.995684,-11.512925464970229,-11.512925464970229,-13.423111,-1.9075815e-06,4.0,5
860,-19.268326,-18.301998,-4.7689537e-07,-17.390854,-11.512925464970229,4.0,3
861,-11.512925464970229,-11.512925464970229,-11.512925464970229,-6.2681904,-0.0018998585,4.0,5
862,-11.512925464970229,-11.512925464970229,-11.512925464970229,-9.633509,-6.7117304e-05,5.0,5
863,-11.512925464970229,-11.512925464970229,-11.512925464970229,-13.268324,-2.3841035e-06,4.0,5
864,-11.512925464970229,-11.512925464970229,-11.512925464970229,-0.028654937,-3.5668364,3.0,4
865,-11.512925464970229,-11.512925464970229,-11.512925464970229,-15.125849,-7.152119e-07,4.0,5
866,-0.024458414,-11.512925464970229,-11.512925464970229,-11.512925464970229,-11.512925464970229,2.0,1
867,-15.859263,-15.855175,-15.700701,-3.3378135e-06,-14.693446,1.0,4
868,-14.631798,-1.1920517e-06,-15.927775,-19.093134,-11.512925464970229,5.0,2
869,-11.512925464970229,-11.512925464970229,-11.512925464970229,-4.5537977,-0.010584604,3.0,5
870,-17.308966,-17.015879,-5.9602587e-07,-16.81749,-18.181696,1.0,3
871,-19.424397,-11.512925464970229,-11.512925464970229,-14.772094,-7.152119e-07,4.0,5
872,-11.512925464970229,-11.512925464970229,-14.328187,-9.537907e-07,-18.104715,4.0,4
873,-11.512925464970229,-16.445917,-2.4649725,-0.08884537,-11.512925464970229,3.0,4
874,-19.633806,-11.512925464970229,-11.512925464970229,-14.922637,-5.9602587e-07,4.0,5
875,-11.512925464970229,-11.512925464970229,-11.512925464970229,-8.748561,-0.0001597089,2.0,5
876,-11.512925464970229,-11.512925464970229,-11.512925464970229,-5.1496196,-0.00582093,3.0,5
877,-11.512925464970229,-11.512925464970229,-11.512925464970229,-14.444052,-8.344534e-07,4.0,5
878,-7.316883,-0.00066564966,-16.132296,-18.371979,-15.519922,1.0,2
879,-14.654871,-1.3112239e-06,-15.707782,-18.96367,-15.6294,1.0,2
880,-19.53165,-11.512925464970229,-11.512925464970229,-16.447227,-3.5760596e-07,4.0,5
881,-15.526403,-1.5617967e-05,-11.177399,-17.248604,-14.034159,4.0,2
882,-11.512925464970229,-11.512925464970229,-10.60216,-2.550932e-05,-18.403204,3.0,4
883,-11.512925464970229,-11.512925464970229,-11.512925464970229,-9.436053,-8.117604e-05,4.0,5
884,-11.236175,-1.4662876e-05,-13.766492,-18.706684,-16.402294,1.0,2
885,-15.6509905,-16.440485,-16.622646,-16.332382,-1.3112239e-06,1.0,5
886,-0.0042935307,-11.512925464970229,-11.512925464970229,-11.512925464970229,-11.512925464970229,3.0,1
887,-11.512925464970229,-11.512925464970229,-11.512925464970229,-11.512925464970229,-11.512925464970229,2.0,-1
888,-11.512925464970229,-11.512925464970229,-11.512925464970229,-11.512925464970229,-11.512925464970229,2.0,-1
889,-16.02617,-1.7643022e-05,-16.956406,-11.512925464970229,-19.607767,4.0,2
890,-0.0051330044,-5.274916,-17.649012,-18.528486,-17.79295,1.0,1
891,-3.7549737e-05,-10.197946,-19.334927,-19.61262,-20.022974,1.0,1
892,-11.512925464970229,-11.512925464970229,-11.512925464970229,-4.609362,-0.010010009,4.0,5
893,-11.512925464970229,-19.688486,-13.154626,-2.2649522e-06,-19.048624,3.0,4
894,-11.512925464970229,-11.512925464970229,-11.512925464970229,-11.512925464970229,-11.512925464970229,2.0,-1
895,-19.322832,-11.512925464970229,-11.512925464970229,-14.342569,-1.0729074e-06,4.0,5
896,-16.276136,-9.537907e-07,-15.137829,-18.826813,-11.512925464970229,1.0,2
897,-16.020329,-17.180082,-16.2984,-15.793029,-8.344534e-07,1.0,5
898,-11.512925464970229,-11.512925464970229,-11.512925464970229,-11.512925464970229,-11.512925464970229,3.0,-1
899,-11.512925464970229,-11.512925464970229,-18.38568,-0.016679568,-4.102068,3.0,4
900,-11.512925464970229,-11.512925464970229,-11.512925464970229,-0.5761913,-0.8256382,2.0,4
901,-11.512925464970229,-11.512925464970229,-11.512925464970229,-3.987506,-0.018723546,1.0,5
902,-11.512925464970229,-11.512925464970229,-11.512925464970229,-11.512925464970229,-11.512925464970229,4.0,-1
903,-11.512925464970229,-11.512925464970229,-11.512925464970229,-11.512925464970229,-11.512925464970229,3.0,-1
904,-16.211761,-5.9602587e-07,-15.216647,-17.03904,-18.763004,4.0,2
905,-11.512925464970229,-11.512925464970229,-11.512925464970229,-0.9165451,-0.51072234,4.0,5
906,-11.512925464970229,-11.512925464970229,-11.512925464970229,-10.541161,-2.717881e-05,2.0,5
907,-11.512925464970229,-11.512925464970229,-11.512925464970229,-12.890801,-2.9800683e-06,4.0,5
908,-11.512925464970229,-11.512925464970229,-11.512925464970229,-2.9526138,-0.053623207,4.0,5
909,-11.512925464970229,-11.512925464970229,-11.512925464970229,-7.8595276,-0.00038733336,2.0,5
910,-11.512925464970229,-11.512925464970229,-11.512925464970229,-16.190582,-4.7689537e-07,4.0,5
911,-11.512925464970229,-11.512925464970229,-11.512925464970229,-11.512925464970229,-11.512925464970229,3.0,-1
912,-11.512925464970229,-11.512925464970229,-11.512925464970229,-11.512925464970229,-11.512925464970229,2.0,-1
913,-14.410524,-9.178928e-06,-15.682026,-11.512925464970229,-11.512925464970229,2.0,2
914,-11.512925464970229,-11.512925464970229,-11.512925464970229,-11.512925464970229,-11.512925464970229,4.0,-1
915,-11.512925464970229,-11.512925464970229,-11.512925464970229,-11.512925464970229,-0.010126904,3.0,5
916,-0.18587606,-11.512925464970229,-11.512925464970229,-11.512925464970229,-11.512925464970229,2.0,1
917,-19.658163,-11.512925464970229,-11.512925464970229,-12.5278845,-4.053381e-06,4.0,5
918,-11.512925464970229,-11.512925464970229,-11.512925464970229,-9.898577,-5.113788e-05,4.0,5
919,-11.512925464970229,-11.512925464970229,-11.512925464970229,-11.506134,-1.0728064e-05,4.0,5
920,-0.00030130523,-8.109472,-19.732132,-19.262003,-18.76535,4.0,1
921,-1.0636187,-0.4234324,-15.82155,-16.652016,-14.939582,3.0,2
922,-18.225048,-8.72142,-0.00016411765,-16.058273,-18.30993,5.0,3
923,-0.29482418,-11.512925464970229,-11.512925464970229,-11.512925464970229,-11.512925464970229,1.0,1
924,-15.628205,-18.105726,-16.684044,-16.135647,-1.1920517e-06,2.0,5
925,-11.512925464970229,-11.512925464970229,-19.014118,-2.8371493e-05,-10.499178,3.0,4
926,-16.570972,-7.152119e-07,-14.373599,-18.514648,-16.39578,3.0,2
927,-13.100443,-5.2448504e-06,-12.879634,-19.184282,-16.937273,2.0,2
928,-19.414743,-21.060333,-20.944256,-16.587227,-1.1922384e-07,5.0,5
929,-2.7416409e-06,-12.917884,-19.262886,-18.578787,-17.591885,1.0,1
930,-14.600259,-8.3440194e-05,-9.404183,-17.941973,-17.20327,2.0,2
931,0.0,-20.019703,-21.118633,-11.512925464970229,-11.512925464970229,3.0,1
932,-11.512925464970229,-11.512925464970229,-11.512925464970229,-7.937113,-0.00035861417,4.0,5
933,-20.2338,-11.677426,-8.821511e-06,-17.02497,-20.07903,2.0,3
934,-19.679337,-11.512925464970229,-11.512925464970229,-15.432245,-5.9602587e-07,5.0,5
935,-15.696725,-0.097287565,-2.378366,-14.552538,-14.132132,3.0,2
936,-11.512925464970229,-11.512925464970229,-11.286355,-1.3470147e-05,-18.323748,2.0,4
937,-11.512925464970229,-11.512925464970229,-16.873516,-3.5760596e-07,-17.585545,3.0,4
938,-11.512925464970229,-11.512925464970229,-11.512925464970229,-0.16564499,-1.8797239,3.0,4
939,-16.290712,-0.000113243645,-9.109351,-17.08903,-14.593215,1.0,2
940,-11.512925464970229,-11.512925464970229,-11.512925464970229,-10.002517,-4.684578e-05,4.0,5
941,-16.593536,-1.3457515,-0.3015544,-15.412135,-15.558372,2.0,3
942,-11.512925464970229,-11.512925464970229,-11.512925464970229,-5.291801,-0.005050208,2.0,5
943,-18.33522,-20.573511,-18.815311,0.0,-20.168617,4.0,4
944,-10.1326685,-4.0647883e-05,-15.368239,-19.361065,-15.779548,2.0,2
945,-11.512925464970229,-13.822723,-11.476028,-0.0033338612,-13.215068,1.0,4
946,-19.120987,-11.512925464970229,-11.512925464970229,-15.9572315,-4.7689537e-07,3.0,5
947,-11.512925464970229,-11.512925464970229,-11.512925464970229,-11.512925464970229,-11.512925464970229,3.0,-1
948,-11.512925464970229,-11.512925464970229,-11.512925464970229,-2.3348823,-0.101840526,3.0,5
949,-11.512925464970229,-11.512925464970229,-11.512925464970229,-11.512925464970229,-11.512925464970229,3.0,-1
950,-16.896416,-18.792215,-17.260426,-16.760532,-4.7689537e-07,3.0,5
951,-9.2617294e-05,-9.293813,-19.728476,-19.199358,-19.614614,1.0,1
952,-19.464584,-11.512925464970229,-11.512925464970229,-14.401174,-1.1920517e-06,3.0,5
953,-0.6579221,-11.512925464970229,-11.512925464970229,-11.512925464970229,-11.512925464970229,4.0,1
954,-11.512925464970229,-11.512925464970229,-11.512925464970229,-11.512925464970229,-11.512925464970229,4.0,-1
955,-11.512925464970229,-11.512925464970229,-11.512925464970229,-11.512925464970229,-11.512925464970229,3.0,-1
956,-11.512925464970229,-11.512925464970229,-11.512925464970229,-0.10838476,-2.2758558,2.0,4
957,-11.512925464970229,-11.512925464970229,-11.512925464970229,-2.7020016,-0.06943319,3.0,5
958,-19.75743,-11.512925464970229,-11.512925464970229,-15.084005,-5.9602587e-07,2.0,5
959,-11.512925464970229,-11.512925464970229,-11.512925464970229,-11.512925464970229,-11.512925464970229,4.0,-1
960,-16.361862,-17.16861,-16.391981,-4.2916245e-06,-15.443142,4.0,4
961,-16.46458,-17.877922,-16.891182,-17.31556,-7.152119e-07,3.0,5
962,-0.015997594,-4.1434064,-18.029161,-17.837606,-16.982695,1.0,1
963,-1.594147,-0.22701292,-17.043993,-17.562027,-15.97702,2.0,2
964,-20.084248,-11.512925464970229,-11.512925464970229,-16.466661,-3.5760596e-07,5.0,5
965,-11.512925464970229,-11.512925464970229,-11.512925464970229,-11.547826,-1.0728064e-05,4.0,5
966,-11.512925464970229,-11.512925464970229,-16.42136,-4.7689537e-07,-17.711132,4.0,4
967,-19.223404,-11.512925464970229,-11.512925464970229,-16.693825,-3.5760596e-07,3.0,5
968,-11.512925464970229,-13.286215,-0.0001007235,-9.298599,-11.512925464970229,5.0,3
969,-11.512925464970229,-11.512925464970229,-11.512925464970229,-11.512925464970229,-11.512925464970229,4.0,-1
970,-19.960938,-11.512925464970229,-11.512925464970229,-16.920116,-1.1922384e-07,5.0,5
971,-11.512925464970229,-11.512925464970229,-11.512925464970229,-11.539246,-1.0370523e-05,4.0,5
972,-8.7484865,-0.00016090044,-13.701728,-18.772812,-15.802526,4.0,2
973,-11.512925464970229,-11.512925464970229,-11.512925464970229,-14.486869,-8.344534e-07,4.0,5
974,-11.512925464970229,-11.512925464970229,-19.49273,-7.271795e-06,-11.939621,3.0,4
975,-16.468689,-18.037466,-16.653889,-17.090101,-7.152119e-07,2.0,5
976,-20.823605,-16.50753,-1.1922384e-07,-20.421314,-11.512925464970229,4.0,3
977,-0.6419014,-0.7471794,-16.242731,-16.465483,-14.515531,4.0,1
978,-18.599833,-9.120452,-0.000110143046,-16.603985,-19.373981,4.0,3
979,-19.33623,-11.512925464970229,-11.512925464970229,-14.626299,-1.0729074e-06,4.0,5
980,-0.014260242,-11.512925464970229,-11.512925464970229,-11.512925464970229,-11.512925464970229,3.0,1
981,-0.31557396,-1.3070481,-17.134731,-11.512925464970229,-16.182371,2.0,1
982,-19.533909,-11.512925464970229,-11.512925464970229,-15.858279,-4.7689537e-07,4.0,5
983,-20.051718,-11.512925464970229,-18.217064,-0.00013457121,-8.917703,3.0,4
984,-11.512925464970229,-11.512925464970229,-11.512925464970229,-0.035078757,-3.3677528,4.0,4
985,-11.512925464970229,-11.512925464970229,-11.512925464970229,-10.238757,-3.7073147e-05,3.0,5
986,-16.815456,-0.004474096,-5.412256,-16.668156,-15.832513,3.0,2
987,-0.26342842,-1.4625194,-17.059855,-17.152824,-16.2192,2.0,1
988,-11.512925464970229,-11.512925464970229,-11.512925464970229,-8.984422,-0.0001269479,3.0,5
989,-11.512925464970229,-11.512925464970229,-11.512925464970229,-3.800427,-0.02262171,3.0,5
990,-3.9789176,-0.018886026,-16.259373,-18.33532,-16.744709,3.0,2
991,-19.297958,-11.512925464970229,-11.512925464970229,-14.148836,-1.0729074e-06,3.0,5
992,-11.512925464970229,-11.512925464970229,-11.512925464970229,-1.2172376,-0.35113916,2.0,5
993,-11.512925464970229,-11.95857,-7.1525124e-06,-16.338873,-11.512925464970229,1.0,3
994,-19.117153,-11.512925464970229,-11.512925464970229,-12.861888,-3.2185512e-06,2.0,5
995,-11.512925464970229,-5.5522847,-0.0038895675,-17.414879,-16.73625,4.0,3
996,-11.512925464970229,-9.351692,-8.761134e-05,-17.143343,-18.374186,4.0,3
997,-11.512925464970229,-11.512925464970229,-11.512925464970229,-9.768111,-5.8412927e-05,2.0,5
998,-0.8357423,-0.5683816,-17.108728,-11.512925464970229,-16.699959,1.0,2
999,-11.512925464970229,-11.512925464970229,-15.354332,-5.9602587e-07,-17.505756,1.0,4
1000,-11.512925464970229,-11.512925464970229,-11.512925464970229,-7.70687,-0.00045086138,3.0,5
1001,-15.402444,-17.710371,-16.194138,-15.401052,-1.1920517e-06,4.0,5
1002,-11.512925464970229,-11.512925464970229,-16.17477,-1.4304238e-06,-14.704087,4.0,4
1003,-19.521751,-11.512925464970229,-11.512925464970229,-15.404783,-5.9602587e-07,4.0,5
1004,-11.512925464970229,-11.512925464970229,-11.512925464970229,-11.512925464970229,-11.512925464970229,1.0,-1
1005,-11.512925464970229,-11.512925464970229,-11.512925464970229,-11.512925464970229,-11.512925464970229,1.0,-1
1006,-17.271482,-1.5496514e-06,-16.198935,-19.341375,-11.512925464970229,4.0,2
1007,-0.0021878867,-16.049887,-11.512925464970229,-11.512925464970229,-11.512925464970229,3.0,1
1008,-11.512925464970229,-11.512925464970229,-11.512925464970229,-4.530308,-0.010837629,3.0,5
1009,-11.512925464970229,-11.512925464970229,-11.512925464970229,-7.242542,-0.00071853877,3.0,5
1010,-11.512925464970229,-11.512925464970229,-11.512925464970229,-11.512925464970229,-11.512925464970229,2.0,-1
1011,-16.720856,-0.733107,-0.6547512,-14.412567,-15.456216,1.0,3
1012,-18.193258,-11.512925464970229,-11.512925464970229,-16.619331,-4.7689537e-07,2.0,5
1013,-11.512925464970229,-11.512925464970229,-8.925197,-0.00013433296,-18.436256,4.0,4
1014,-11.512925464970229,-18.450426,-7.966672,-0.00034800917,-17.76284,3.0,4
1015,-16.742096,-18.186722,-18.55001,-2.3844768e-07,-18.427887,3.0,4
1016,-11.512925464970229,-11.512925464970229,-11.512925464970229,-1.0321724,-0.44038126,2.0,5
1017,-11.512925464970229,-11.512925464970229,-11.512925464970229,-7.031987,-0.00088591466,2.0,5
1018,-18.699348,-11.512925464970229,-11.512925464970229,-11.1452265,-1.5379754e-05,3.0,5
1019,-11.512925464970229,-11.512925464970229,-11.512925464970229,-8.148723,-0.0002911793,4.0,5
1020,-11.512925464970229,-11.512925464970229,-13.913792,-1.4304238e-06,-18.670164,3.0,4
1021,-11.512925464970229,-11.512925464970229,-11.512925464970229,-14.888777,-1.3112239e-06,3.0,5
1022,-17.884457,-18.238018,-4.7689537e-07,-16.851242,-18.613497,1.0,3
1023,-11.512925464970229,-11.512925464970229,-11.512925464970229,-11.512925464970229,-11.512925464970229,4.0,-1
1024,-11.512925464970229,-11.512925464970229,-11.512925464970229,-11.512925464970229,-11.512925464970229,4.0,-1
1025,-11.512925464970229,-11.512925464970229,-11.512925464970229,-11.512925464970229,-11.512925464970229,1.0,-1
1026,-11.512925464970229,-10.28804,-3.5047775e-05,-16.39748,-18.884232,2.0,3
1027,-18.92929,-11.512925464970229,-11.512925464970229,-16.458399,-4.7689537e-07,1.0,5
1028,-16.545628,-2.3844768e-07,-16.769995,-19.292288,-11.512925464970229,2.0,2
1029,-16.341595,-1.1922384e-07,-17.022953,-19.553387,-11.512925464970229,1.0,2
1030,-17.686365,-11.512925464970229,-11.512925464970229,-14.501207,-8.344534e-07,5.0,5
1031,-15.910309,-2.3844768e-07,-17.57578,-19.873577,-11.512925464970229,4.0,2
1032,-11.512925464970229,-11.512925464970229,-11.512925464970229,-8.641052,-0.00017913287,4.0,5
1033,-18.658482,-11.512925464970229,-11.512925464970229,-14.566366,-8.344534e-07,3.0,5
1034,-11.512925464970229,-11.512925464970229,-3.8185184,-0.022215668,-11.512925464970229,3.0,4
1035,-20.694805,-12.245968,-5.006506e-06,-16.873339,-11.512925464970229,2.0,3
1036,-11.512925464970229,-11.512925464970229,-11.512925464970229,-5.6653695,-0.0034739769,5.0,5
1037,-11.512925464970229,-11.512925464970229,-11.512925464970229,-11.512925464970229,-11.512925464970229,2.0,-1
1038,-18.905537,-6.801412,-0.001115359,-13.691032,-17.312183,3.0,3
1039,-19.197475,-11.512925464970229,-11.512925464970229,-13.179492,-2.2649522e-06,3.0,5
1040,-18.38768,-18.30928,-2.3844768e-07,-18.25077,-11.512925464970229,3.0,3
1041,-15.856252,-0.01776227,-4.039773,-16.268394,-15.141737,2.0,2
1042,-19.975664,-11.512925464970229,-11.512925464970229,-14.806946,-7.152119e-07,4.0,5
1043,-11.429,-1.4662876e-05,-12.662165,-18.422142,-17.33176,3.0,2
1044,-14.5855055,-0.0015049052,-6.5009537,-16.583763,-15.771178,4.0,2
1045,-19.14408,-11.512925464970229,-11.512925464970229,-13.294332,-2.0266912e-06,4.0,5
1046,-11.512925464970229,-11.512925464970229,-11.512925464970229,-0.023320766,-3.770286,4.0,4
1047,-16.546286,-5.9602587e-07,-16.572483,-19.68121,-11.512925464970229,4.0,2
1048,-19.77197,-11.512925464970229,-11.512925464970229,-14.513163,-8.344534e-07,4.0,5
1049,-11.512925464970229,-11.512925464970229,-11.512925464970229,-8.180403,-0.0002821259,3.0,5
1050,-16.909952,-2.0191202,-0.14245711,-16.745722,-17.149897,4.0,3
1051,-0.19613035,-11.512925464970229,-11.512925464970229,-11.512925464970229,-11.512925464970229,3.0,1
1052,-11.512925464970229,-10.901469,-2.2409657e-05,-13.050647,-11.512925464970229,2.0,3
1053,-11.512925464970229,-11.512925464970229,-11.512925464970229,-11.512925464970229,-11.512925464970229,2.0,-1
1054,-19.006065,-9.776729,-5.7458656e-05,-16.744461,-18.626787,1.0,3
1055,-6.062782,-0.0023321463,-15.704436,-17.617907,-17.199778,2.0,2
1056,-16.071323,-1.8000432e-05,-10.965373,-19.431902,-17.384619,2.0,2
1057,-11.512925464970229,-11.512925464970229,-11.512925464970229,-3.943738,-0.019570239,3.0,5
1058,-16.81333,-18.281767,-16.83695,-16.449133,-1.3112239e-06,3.0,5
1059,-11.512925464970229,-11.512925464970229,-11.512925464970229,-0.024513101,-3.7213132,3.0,4
1060,-11.512925464970229,-11.512925464970229,-11.512925464970229,-11.512925464970229,-11.512925464970229,4.0,-1
1061,-0.02039778,-3.9026818,-18.161291,-18.392086,-17.789871,2.0,1
1062,-1.5260652e-05,-11.116936,-18.46852,-18.620377,-18.66795,2.0,1
1063,-11.512925464970229,-11.512925464970229,-11.512925464970229,-11.512925464970229,-11.512925464970229,3.0,-1
1064,-14.775031,-3.743059e-05,-10.230987,-18.035452,-15.958227,2.0,2
1065,-3.5216622,-0.029997258,-17.088959,-11.512925464970229,-16.082293,1.0,2
1066,-11.512925464970229,-11.512925464970229,-11.512925464970229,-6.352532,-0.0017476828,5.0,5
1067,-11.512925464970229,-11.512925464970229,-11.512925464970229,-0.60823053,-0.7859935,4.0,4
1068,-16.727617,-0.000596325,-7.4274993,-18.098074,-16.744509,4.0,2
1069,-19.271816,-11.512925464970229,-11.512925464970229,-12.039113,-6.43695e-06,3.0,5
1070,-11.512925464970229,-11.512925464970229,-11.512925464970229,-11.512925464970229,-11.512925464970229,3.0,-1
1071,-11.512925464970229,-9.589174,-6.9499794e-05,-17.403645,-19.111742,2.0,3
1072,-16.590769,-16.805151,-16.167654,-5.1256748e-06,-15.284778,3.0,4
1073,-11.512925464970229,-11.512925464970229,-11.512925464970229,-11.512925464970229,-11.512925464970229,4.0,-1
1074,-0.05911663,-2.8577025,-17.373734,-17.655537,-16.47315,4.0,1
1075,-19.458689,-11.512925464970229,-11.512925464970229,-13.249987,-2.2649522e-06,3.0,5
1076,-11.512925464970229,-11.512925464970229,-11.512925464970229,-11.9613085,-7.1525124e-06,3.0,5
1077,-11.512925464970229,-11.512925464970229,-11.512925464970229,-10.325448,-3.3499116e-05,3.0,5
1078,-20.16034,-11.512925464970229,-11.512925464970229,-15.786615,-3.5760596e-07,3.0,5
1079,-12.652348,-1.0370523e-05,-11.9345255,-17.8697,-16.595701,4.0,2
1080,-11.512925464970229,-11.512925464970229,-11.512925464970229,-1.3112389e-05,-11.512925464970229,4.0,4
1081,-18.872995,-11.512925464970229,-11.512925464970229,-14.13385,-1.3112239e-06,3.0,5
1082,-11.512925464970229,-11.512925464970229,-11.512925464970229,-10.126491,-4.1243744e-05,2.0,5
1083,-19.314413,-11.512925464970229,-11.512925464970229,-14.247745,-9.537907e-07,2.0,5
1084,-19.205698,-11.512925464970229,-11.512925464970229,-14.302359,-1.1920517e-06,4.0,5
1085,-11.512925464970229,-11.512925464970229,-11.512925464970229,-0.018269798,-4.011823,4.0,4
1086,-11.512925464970229,-11.512925464970229,-11.512925464970229,-0.012998749,-4.349474,4.0,4
1087,-19.634674,-11.512925464970229,-11.512925464970229,-16.229744,-3.5760596e-07,3.0,5
1088,-19.221586,-11.512925464970229,-11.512925464970229,-11.641032,-9.178928e-06,3.0,5
1089,-11.512925464970229,-11.512925464970229,-11.512925464970229,-11.512925464970229,-11.512925464970229,2.0,-1
1090,-19.27309,-11.512925464970229,-11.512925464970229,-14.859309,-7.152119e-07,4.0,5
1091,-10.49056,-2.9325753e-05,-13.967158,-18.270617,-16.788464,2.0,2
1092,-13.683879,-6.3177117e-06,-12.316168,-17.94837,-15.950558,4.0,2
1093,-19.68427,-11.512925464970229,-11.512925464970229,-13.294243,-2.1458147e-06,3.0,5
1094,-5.1256748e-06,-12.221806,-19.288767,-19.395565,-19.397089,1.0,1
1095,-18.54628,-20.588278,-20.447464,-14.945623,-4.7689537e-07,4.0,5
1096,-18.763798,-11.512925464970229,-11.512925464970229,-15.381781,-4.7689537e-07,5.0,5
1097,-11.512925464970229,-11.512925464970229,-13.503171,-0.011476132,-4.473392,4.0,4
1098,-3.5760596e-07,-16.236774,-19.491125,-18.985153,-18.892693,1.0,1
1099,-20.017502,-11.512925464970229,-11.512925464970229,0.0,-22.749495,2.0,4
1100,-19.138708,-11.512925464970229,-11.512925464970229,-10.5525875,-2.6940294e-05,3.0,5
1101,-11.512925464970229,-11.512925464970229,-11.512925464970229,-1.1147046,-0.39745185,4.0,5
1102,-0.1702996,-1.854273,-16.253273,-17.271645,-15.618835,1.0,1
1103,-1.072883e-06,-14.336513,-18.1897,-18.248278,-18.184467,1.0,1
1104,-18.099665,-19.514036,-19.795921,-14.976561,-5.9602587e-07,5.0,5
1105,-1.9075815e-06,-13.277426,-18.997837,-18.884697,-18.934868,1.0,1
1106,-2.3841035e-06,-13.047608,-19.879423,-19.706587,-19.899002,1.0,1
1107,-18.678066,-20.568537,-11.512925464970229,-16.193787,-2.3844768e-07,5.0,5
1108,-18.5117,-20.514519,-20.625488,-16.30593,-2.3844768e-07,5.0,5
1109,-11.512925464970229,-11.512925464970229,-11.512925464970229,-8.229,-0.00026902286,5.0,5
1110,-0.0016816402,-6.3898406,-17.319324,-17.987623,-17.60446,4.0,1
1111,-3.3927333,-0.034197487,-14.31037,-17.583498,-16.673065,3.0,2
1112,-17.755367,-18.53654,-18.976213,-13.428216,-1.7881898e-06,5.0,5
1113,-1.927765,-0.15722474,-14.992977,-11.512925464970229,-15.691584,3.0,2
1114,-1.1922384e-07,-15.872467,-18.578053,-18.73576,-17.828835,1.0,1
1115,-1.4304238e-06,-17.696558,-16.419497,-18.592587,-11.512925464970229,1.0,1
1116,-15.737403,-11.512925464970229,-1.1920069e-05,-11.512925464970229,-11.512925464970229,2.0,3
1117,-20.364147,0.0,-20.503426,-18.532742,-21.512804,3.0,2
1118,-7.868537e-06,-11.786013,-19.317436,-19.03127,-19.069925,1.0,1
1119,-19.07899,-11.512925464970229,-11.512925464970229,-15.148071,-5.9602587e-07,5.0,5
1120,-18.940619,-11.512925464970229,-11.512925464970229,-13.954585,-1.1920517e-06,5.0,5
1121,-19.127882,-11.512925464970229,-11.512925464970229,-12.212274,-5.48322e-06,5.0,5
1122,-11.512925464970229,-11.512925464970229,-11.512925464970229,-0.20091131,-1.7037952,3.0,4
1123,-3.4570896e-06,-12.6521845,-19.066662,-18.99617,-19.251818,3.0,1
1124,-19.33265,-11.512925464970229,-11.512925464970229,-15.42046,-4.7689537e-07,2.0,5
1125,-8.344534e-07,-14.9697,-18.815683,-18.269764,-19.026577,3.0,1
1126,0.0,-20.08086,-11.512925464970229,-22.21668,-11.512925464970229,1.0,1
1127,-18.413181,-20.550041,-20.31504,-15.333584,-2.3844768e-07,4.0,5
1128,-18.812428,-11.512925464970229,-19.981571,-12.619407,-3.6956835e-06,5.0,5
1129,-21.440802,-21.144264,-21.49213,-19.326542,-1.1922384e-07,4.0,5
1130,-1.1920517e-06,-14.147635,-18.409235,-18.232132,-18.335407,2.0,1
1131,-0.00023421005,-8.362598,-18.30662,-18.310307,-18.048794,4.0,1
1132,-18.694368,-20.018312,-20.20427,-14.84903,-4.7689537e-07,5.0,5
1133,-0.00014100388,-8.871384,-18.337128,-18.873894,-18.736036,1.0,1
1134,-15.846445,-0.0018700745,-6.2837076,-16.893173,-15.73138,1.0,2
1135,-11.512925464970229,-11.512925464970229,-18.348701,-0.0012703214,-6.6703396,5.0,4
1136,-19.242115,-11.512925464970229,-11.512925464970229,-10.3672905,-3.2305194e-05,5.0,5
1137,-18.777952,-4.3460364,-0.013043718,-14.140619,-17.94281,5.0,3
1138,-0.0021514578,-6.1438713,-17.078129,-16.401875,-15.051811,3.0,1
1139,-19.030508,-11.512925464970229,-11.512925464970229,-13.849847,-1.4304238e-06,5.0,5
1140,-17.423676,-3.5760596e-07,-17.113693,-11.512925464970229,-11.512925464970229,3.0,2
1141,-9.869679e-05,-9.230624,-18.347637,-17.355486,-17.13261,3.0,1
1142,-9.537907e-07,-14.135851,-19.714424,-18.692566,-19.053743,1.0,1
1143,-17.627445,-19.95403,-19.359156,-15.500661,-4.7689537e-07,5.0,5
1144,-9.751497,-6.0679526e-05,-13.196428,-17.91919,-17.1099,1.0,2
1145,-18.719584,-20.618933,-19.865948,-15.685784,-2.3844768e-07,5.0,5
1146,-0.02825398,-3.58075,-16.915167,-17.375658,-16.084038,5.0,1
1147,-4.8397796e-05,-9.949054,-18.056152,-18.595766,-18.840422,3.0,1
1148,-18.376642,-20.532663,-20.124207,-14.456892,-7.152119e-07,2.0,5
1149,-4.768187e-06,-12.318,-18.16155,-18.794872,-18.785189,4.0,1
1150,-1.1920517e-06,-13.95196,-18.208239,-18.19577,-16.797894,2.0,1
1151,-0.001544778,-6.47414,-18.530943,-18.758907,-17.864025,2.0,1
1152,-14.007388,-4.7561058e-05,-9.980356,-17.76549,-17.1916,5.0,2
1153,-8.344534e-07,-14.570348,-18.228012,-18.528341,-19.02243,3.0,1
1154,-7.03337e-05,-9.571903,-18.260202,-18.265024,-17.572718,2.0,1
1155,-10.625972,-2.7417334e-05,-12.876534,-17.933348,-16.965384,5.0,2
1156,-2.3844768e-07,-18.159132,-18.898329,-17.64821,-21.382626,4.0,1
1157,-0.013573259,-4.3066087,-17.154575,-16.783878,-15.205325,2.0,1
1158,-1.3112239e-06,-13.721675,-18.830656,-18.462332,-18.2399,1.0,1
1159,-0.033615697,-3.4096265,-15.558768,-16.474823,-16.75198,5.0,1
1160,-18.189735,-11.512925464970229,-11.512925464970229,-15.598324,-4.7689537e-07,4.0,5
1161,-18.046928,-18.494974,-18.033104,-17.71741,-1.1922384e-07,1.0,5
1162,-11.512925464970229,-11.512925464970229,-17.279789,-0.048652824,-3.0473406,4.0,4
1163,-11.512925464970229,-11.512925464970229,-17.783285,-0.10209924,-2.3324668,5.0,4
1164,-19.365654,-21.457554,-20.447556,-16.760944,0.0,5.0,5
1165,-18.828526,-11.512925464970229,-19.29549,-15.098091,-4.7689537e-07,4.0,5
1166,-14.064266,-1.4305103e-06,-14.970438,-18.583261,-16.563154,2.0,2
1167,-14.969365,-0.010128203,-4.597563,-16.143864,-17.591213,4.0,2
1168,-6.9139664e-06,-11.926312,-20.107666,-19.764658,-20.015186,1.0,1
1169,-3.5760596e-07,-15.653257,-19.129631,-18.8074,-19.029814,4.0,1
1170,-17.249126,-18.875027,-19.094398,0.0,-17.837036,2.0,4
1171,-18.672342,-20.61853,-20.676624,-15.825997,-2.3841854e-07,5.0,5
1172,-19.75165,-1.19209275e-07,-19.171335,-17.980995,-11.512925464970229,2.0,2
1173,0.0,-17.131954,-19.358007,-19.037405,-18.479645,4.0,1
1174,-0.00053188694,-7.542333,-18.577724,-18.148554,-17.608114,1.0,1
1175,-18.514048,-20.099865,-20.038977,-14.776336,-5.9602587e-07,3.0,5
1176,-4.160127e-05,-10.10359,-18.378284,-18.01147,-18.23211,2.0,1
1177,-1.1920517e-06,-13.868336,-19.519064,-19.674898,-19.720694,3.0,1
1178,-0.058592513,-13.794365,-11.512925464970229,-11.512925464970229,-11.512925464970229,3.0,1
1179,-11.029154,-1.7523887e-05,-14.261789,-18.984388,-16.408453,3.0,2
1180,-19.452747,-9.515169,-7.450348e-05,-14.911127,-11.512925464970229,2.0,3
1181,-6.9139664e-06,-11.925912,-19.797081,-19.335045,-19.363037,4.0,1
1182,-11.512925464970229,-18.23338,-12.089599,-5.9600343e-06,-18.771471,3.0,4
1183,-19.744698,-11.512925464970229,-11.512925464970229,-14.506642,-8.344534e-07,4.0,5
1184,-11.512925464970229,-11.512925464970229,-11.512925464970229,-13.859946,-1.3112239e-06,3.0,5
1185,-17.89172,-18.556799,-19.615194,-15.469275,-3.5760596e-07,4.0,5
1186,-19.129934,-19.301014,-11.512925464970229,-14.508358,-8.344534e-07,4.0,5
1187,-19.099878,-20.067188,-11.512925464970229,-16.174545,-4.7683704e-07,4.0,5
1188,-20.39662,-18.892704,-12.504698,-4.053381e-06,-17.055151,3.0,4
1189,-16.04276,-6.6754455e-06,-11.995666,-16.99452,-16.896475,2.0,2
1190,-18.98272,-11.512925464970229,-11.512925464970229,-15.195803,-7.152119e-07,4.0,5
1191,-18.826237,-11.512925464970229,-11.512925464970229,-13.059663,-2.8608476e-06,4.0,5
1192,-2.3841854e-07,-16.074654,-19.618137,-19.411762,-19.683659,3.0,1
1193,-4.7689537e-07,-15.303685,-19.333359,-19.157413,-19.355835,3.0,1
1194,-0.60845274,-0.7857236,-15.62625,-17.101864,-16.302034,4.0,1
1195,-19.38877,-20.196804,-20.414486,-15.163347,-4.7689537e-07,5.0,5
1196,-2.0266912e-06,-13.250809,-19.165373,-19.064127,-19.539007,3.0,1
1197,-0.0022393109,-6.1032143,-17.725452,-17.82489,-18.055157,2.0,1
1198,-7.676726e-05,-9.480303,-17.964588,-17.860435,-18.520752,1.0,1
1199,-19.175114,-11.512925464970229,-20.241333,-14.264205,-8.344534e-07,2.0,5
1200,-1.1562433e-05,-11.415716,-19.488894,-19.143867,-19.181934,5.0,1
1201,-8.3449995e-06,-11.7218485,-18.986284,-19.083279,-19.007288,4.0,1
1202,-4.2673884e-05,-10.076173,-18.742252,-18.737759,-18.975964,3.0,1
1203,-11.870495,-3.6000863e-05,-10.469965,-17.310015,-17.528734,4.0,2
1204,-7.74943e-06,-11.797947,-19.332619,-19.384861,-19.481632,1.0,1
1205,-3.4570896e-06,-12.610248,-19.530485,-19.408596,-19.370335,1.0,1
1206,-18.670847,-11.512925464970229,-20.580097,-15.313159,-3.5760596e-07,4.0,5
1207,-19.00966,-11.512925464970229,-11.512925464970229,-16.555798,-3.5760596e-07,4.0,5
1208,-7.223983e-05,-9.539499,-18.648102,-19.1012,-18.872087,2.0,1
1209,-1.1920517e-06,-13.894986,-18.993906,-18.97043,-19.091974,1.0,1
1210,-4.529893e-06,-12.373347,-18.229195,-18.460974,-18.605543,1.0,1
1211,-11.512925464970229,-11.512925464970229,-11.512925464970229,-9.218839,-0.0001001274,5.0,5
1212,-22.217804,-22.867039,-22.130583,0.0,-23.229439,3.0,4
1213,-9.298074e-06,-11.617916,-19.444551,-19.12662,-18.78531,1.0,1
1214,-19.140156,-11.512925464970229,-11.512925464970229,-14.970727,-7.152119e-07,4.0,5
1215,-19.160917,-11.512925464970229,-11.512925464970229,-14.371441,-9.537907e-07,4.0,5
1216,-18.319757,-19.788748,-11.512925464970229,-15.43268,-5.9602587e-07,3.0,5
1217,-1.0728064e-05,-11.479969,-19.16021,-18.442102,-18.482506,2.0,1
1218,-1.2277732e-05,-11.340527,-19.147385,-18.691826,-18.790455,2.0,1
1219,-4.649146,-0.00961774,-17.004623,-17.898155,-15.347101,2.0,2
1220,-3.9098748e-05,-10.157981,-19.663507,-18.80918,-18.988827,1.0,1
1221,-1.1920517e-06,-14.209449,-18.223158,-17.71148,-18.122194,1.0,1
1222,-18.573315,-20.698689,-21.213882,-15.945583,-1.1922384e-07,5.0,5
1223,-18.62781,-11.512925464970229,-11.512925464970229,-15.084884,-4.7689537e-07,5.0,5
1224,-11.512925464970229,-17.755018,-7.1433296,-0.00079132407,-17.695663,5.0,4
1225,-14.954256,-0.00013040213,-8.955413,-16.883419,-15.799613,3.0,2
1226,-5.9602587e-07,-14.972616,-19.48889,-19.400167,-19.497902,3.0,1
1227,-3.6956835e-06,-12.618803,-18.887188,-18.580114,-18.858892,5.0,1
1228,-5.5188975,-0.004020179,-14.712303,-18.516602,-17.792986,2.0,2
1229,-10.866273,-2.5391255e-05,-12.06036,-18.987986,-18.473112,4.0,2
1230,-19.98002,-17.38172,-11.199634,-1.4185746e-05,-16.725973,2.0,4
1231,-17.88427,-11.512925464970229,-11.512925464970229,-14.231879,-1.0729074e-06,5.0,5
1232,-18.809435,-11.512925464970229,-11.512925464970229,-13.373039,-2.0266912e-06,4.0,5
1233,-11.512925464970229,-11.512925464970229,-17.040607,-4.6491514e-06,-12.411002,4.0,4
1234,-19.220167,-11.512925464970229,-11.512925464970229,-14.724087,-5.9602587e-07,4.0,5
1235,-19.144499,-11.512925464970229,-11.512925464970229,-14.057986,-1.1920517e-06,4.0,5
1236,-11.512925464970229,-11.512925464970229,-11.512925464970229,-10.559541,-2.765617e-05,4.0,5
1237,-2.3844768e-07,-15.7999935,-19.361946,-19.317768,-18.572395,1.0,1
1238,-11.512925464970229,-11.512925464970229,-17.440802,-0.34662485,-1.2280431,5.0,4
1239,-18.098213,-19.928076,-19.810263,-15.041835,-2.3841854e-07,1.0,5
1240,-17.542227,0.0,-20.837646,-20.259266,-22.58603,3.0,2
1241,-5.2448504e-06,-12.204904,-18.636751,-18.515118,-18.956343,4.0,1
1242,-11.512925464970229,-20.035635,-11.536268,-1.0370523e-05,-17.938208,5.0,4
1243,-11.512925464970229,-11.512925464970229,-11.512925464970229,-8.940452,-0.0001325462,5.0,5
1244,-11.512925464970229,-11.512925464970229,-11.512925464970229,-1.1726367,-0.37049365,2.0,5
1245,-3.037182,-0.049162135,-15.620085,-16.921682,-14.107103,3.0,2
1246,-3.0994365e-06,-12.7533245,-19.70708,-19.500393,-19.594797,1.0,1
1247,-8.940656e-06,-11.657658,-19.643133,-19.272507,-19.545145,5.0,1
1248,-4.8873435e-06,-12.303391,-18.789858,-18.537313,-18.526127,1.0,1
1249,-7.033236e-06,-11.89424,-20.0604,-19.75304,-20.167366,4.0,1
1250,-1.1443229e-05,-11.404747,-19.799698,-19.575115,-19.557772,4.0,1
1251,-19.11235,-11.512925464970229,-11.512925464970229,-16.464169,-3.5760596e-07,3.0,5
1252,-7.1525545e-07,-14.861469,-18.692844,-18.482536,-18.94776,2.0,1
1253,-3.5763796e-06,-12.635416,-18.566301,-18.185274,-18.439098,3.0,1
1254,-19.133986,-20.099672,-11.512925464970229,-14.560297,-7.152119e-07,4.0,5
1255,-19.249458,-19.059511,-11.512925464970229,-13.357149,-1.7881898e-06,4.0,5
1256,-18.542448,-19.236006,-11.512925464970229,-13.080849,-2.5032687e-06,5.0,5
1257,-9.5367386e-07,-14.478588,-19.54757,-18.877447,-19.385283,1.0,1
1258,-0.00036683632,-7.913771,-17.644306,-17.76888,-16.661076,1.0,1
1259,-18.536251,-19.459908,-19.884003,-15.030847,-4.7689537e-07,5.0,5
1260,-4.1723165e-06,-12.496219,-19.045559,-18.850128,-19.335299,1.0,1
1261,-11.512925464970229,-19.326271,-13.35439,-4.9468606e-05,-9.959829,2.0,4
1262,-2.3844768e-07,-15.488719,-19.10813,-18.929884,-19.368877,1.0,1
1263,-19.339521,-11.512925464970229,-11.512925464970229,-11.989325,-6.6754455e-06,4.0,5
1264,-21.238197,0.0,-21.355148,-19.495552,-22.697523,4.0,2
1265,0.0,-11.512925464970229,-11.512925464970229,-11.512925464970229,-11.512925464970229,4.0,1
1266,-11.512925464970229,-11.512925464970229,-11.512925464970229,-8.581083,-0.00018904805,3.0,5
1267,-19.988289,-11.512925464970229,-11.512925464970229,-14.94406,-7.152119e-07,4.0,5
1268,-11.512925464970229,-11.512925464970229,-11.512925464970229,-4.551506,-0.01060854,3.0,5
1269,-2.9800683e-06,-12.79746,-18.715645,-18.49174,-18.216019,3.0,1
1270,-3.0993028e-06,-12.760127,-17.51837,-17.218739,-16.900066,1.0,1
1271,-0.0005852655,-7.445152,-18.10459,-17.728544,-17.747343,4.0,1
1272,-11.061238,-1.6332639e-05,-15.88165,-18.882711,-16.292732,2.0,2
1273,-2.121776e-05,-10.779579,-18.918581,-18.554539,-19.010633,2.0,1
1274,-19.459166,-12.511282,-4.649037e-06,-14.851307,-11.512925464970229,4.0,3
1275,-17.114933,-0.00021012455,-8.48101,-16.71003,-13.646872,5.0,2
1276,-15.383577,-1.4705439,-0.26118952,-9.7667465,-16.611334,3.0,3
1277,-4.2916245e-06,-12.430454,-19.42303,-19.5938,-19.182653,3.0,1
1278,-2.9800683e-06,-12.857166,-19.02317,-18.724384,-18.268024,2.0,1
1279,-10.411217,-4.934938e-05,-10.892292,-17.300129,-18.13234,4.0,2
1280,-11.512925464970229,-18.608997,-11.439541,-1.1681643e-05,-18.521006,5.0,4
1281,-1.096644e-05,-11.440553,-19.626757,-19.214005,-19.39903,1.0,1
1282,-19.411259,-11.512925464970229,-20.345114,-15.612228,-2.3844768e-07,5.0,5
1283,-18.889471,-11.512925464970229,-20.09629,-13.38865,-1.9075815e-06,5.0,5
1284,-18.649864,-11.402243,-1.2158508e-05,-14.266661,-19.762438,5.0,3
1285,-1.0729074e-06,-13.9617,-19.048891,-18.884119,-19.019327,4.0,1
1286,-0.02924833,-3.5466852,-13.63771,-16.060408,-17.790047,4.0,1
1287,-18.464092,-20.376568,-19.94125,-15.056869,-4.7683704e-07,5.0,5
1288,0.0,-19.798227,-21.751026,-21.712452,-21.072777,5.0,1
1289,-1.7881898e-06,-13.378735,-18.918867,-18.551565,-18.749838,3.0,1
1290,-11.512925464970229,-12.28829,-0.13709335,-2.0549457,-12.819837,5.0,3
1291,-5.6457124,-0.0035423571,-12.973643,-18.696909,-18.159735,4.0,2
1292,-11.512925464970229,-19.752455,-13.719262,-1.3112239e-06,-16.82717,3.0,4
1293,-0.2722278,-1.4338946,-16.69933,-17.540413,-15.942738,2.0,1
1294,-10.016289,-7.795877e-05,-10.338703,-16.657524,-17.923376,2.0,2
1295,-9.43712,-8.4036044e-05,-12.522775,-17.917734,-16.20289,3.0,2
1296,-18.362484,-10.635735,-2.4913146e-05,-14.905605,-19.581713,4.0,3
1297,-19.554546,-11.512925464970229,-11.512925464970229,-10.292427,-3.457125e-05,5.0,5
1298,-19.662775,-11.512925464970229,-11.512925464970229,-15.270577,-5.9602587e-07,5.0,5
1299,-19.535519,-11.512925464970229,-11.512925464970229,-16.320099,-3.5760596e-07,4.0,5
1300,-11.512925464970229,-11.512925464970229,-11.512925464970229,-0.07093671,-2.6813054,5.0,4
1301,-0.017897854,-4.03215,-16.966797,-17.346283,-16.81527,2.0,1
1302,-17.371284,-19.357792,-19.156038,-14.021497,-9.537907e-07,3.0,5
1303,-14.57888,-0.00080573856,-7.126193,-16.281876,-15.985577,5.0,2
1304,-0.00015327489,-8.787433,-18.090271,-19.684883,-19.845257,4.0,1
1305,-2.3363285e-05,-10.685379,-18.79623,-18.442131,-18.809425,4.0,1
1306,-2.586704e-05,-10.593415,-18.297243,-18.099499,-17.455935,2.0,1
1307,-19.528347,-11.512925464970229,-11.512925464970229,-14.64887,-7.152119e-07,5.0,5
1308,-18.87917,-11.512925464970229,-11.512925464970229,-12.499856,-4.4107555e-06,2.0,5
1309,-5.0381975,-0.0065089124,-14.523789,-17.717962,-17.503977,4.0,2
1310,-10.795744,-3.802634e-05,-10.984552,-17.474388,-16.82087,2.0,2
1311,-18.2359,-20.36597,-20.22175,-16.078754,-1.1922384e-07,4.0,5
1312,-13.960038,-4.8873435e-06,-12.570916,-18.5405,-17.623919,3.0,2
1313,-17.159302,-2.7298554e-05,-12.614175,-15.352294,-10.883519,4.0,2
1314,-2.6224477e-06,-12.95305,-18.739843,-18.419298,-18.654129,1.0,1
1315,-17.81411,-19.006374,-19.618896,-4.7689537e-07,-18.654802,5.0,4
1316,-4.7689537e-07,-15.45728,-19.333597,-19.22186,-19.24433,1.0,1
1317,-0.0015271629,-6.4857726,-17.69029,-18.44893,-17.925844,2.0,1
1318,-0.0065220576,-5.036168,-17.810144,-17.616842,-16.95988,1.0,1
1319,-10.214744,-4.303144e-05,-12.099709,-17.970758,-17.891752,5.0,2
1320,-2.992106,-0.051489256,-15.887371,-16.864262,-14.780054,1.0,2
1321,-3.0993028e-06,-12.764481,-18.93309,-18.601038,-19.123753,1.0,1
1322,-1.6689286e-06,-13.577249,-18.894138,-18.382315,-18.958172,1.0,1
1323,-18.754244,-20.844334,-11.512925464970229,-16.542332,-2.3841854e-07,5.0,5
1324,-19.092564,-11.512925464970229,-11.512925464970229,-12.467044,-4.529893e-06,5.0,5
1325,-4.7683704e-07,-15.32643,-18.119614,-17.912254,-17.81699,4.0,1
1326,-2.4317016e-05,-10.650094,-18.53984,-19.312487,-19.711634,2.0,1
1327,-18.790745,-11.512925464970229,-20.539541,-15.140166,-4.7683704e-07,4.0,5
1328,-8.977836,-0.000127067,-15.087369,-19.266647,-17.401905,1.0,2
1329,-2.6224477e-06,-13.073023,-17.76746,-18.217642,-17.752943,2.0,1
1330,-1.6862957,-0.20483902,-15.1117735,-17.229174,-15.894436,2.0,2
1331,-2.3753242,-0.09759527,-15.599493,-17.946537,-16.40007,1.0,2
1332,-16.526337,-18.087816,-17.373657,-16.034584,-5.960463e-07,2.0,5
1333,-6.1988635e-06,-12.048424,-18.932915,-18.484064,-18.813833,2.0,1
1334,-0.0015810784,-6.4513035,-17.581217,-17.719107,-16.808884,1.0,1
1335,-19.507647,-11.512925464970229,-11.512925464970229,-14.748855,-5.9602587e-07,5.0,5
1336,-9.578381,-7.819708e-05,-11.721392,-16.910543,-16.273397,2.0,2
1337,-11.512925464970229,-11.512925464970229,-11.512925464970229,-6.4973717,-0.0015125227,3.0,5
1338,-18.008186,-19.226633,-19.13178,-13.1221285,-2.2649522e-06,3.0,5
1339,-19.59935,-11.512925464970229,-11.512925464970229,-13.437749,-1.7881898e-06,5.0,5
1340,-18.247131,-6.20317,-0.0020379869,-11.379819,-18.924105,2.0,3
1341,-9.093749,-0.0001177757,-12.245727,-18.459097,-17.886158,3.0,2
1342,-19.11148,-11.512925464970229,-11.512925464970229,-13.452278,-1.6689067e-06,4.0,5
1343,-11.512925464970229,-11.512925464970229,-11.512925464970229,-4.4059877,-0.012282449,4.0,5
1344,-2.0266912e-06,-18.372816,-17.93054,-20.106787,-19.234842,1.0,1
1345,-0.0003133378,-8.070397,-18.656609,-19.049929,-19.61208,4.0,1
1346,-14.762124,-1.1204828e-05,-11.5317335,-17.105347,-14.68593,2.0,2
1347,-19.19236,-20.498623,-11.512925464970229,-16.165915,-3.5762778e-07,5.0,5
1348,-11.512925464970229,-11.512925464970229,-11.512925464970229,-3.1090133,-0.045675926,1.0,5
1349,-15.096963,-0.00063420297,-7.3666544,-16.6486,-15.908542,3.0,2
1350,-19.064926,-11.512925464970229,-11.512925464970229,-14.042661,-1.1920517e-06,5.0,5
1351,-19.181879,-11.512925464970229,-11.512925464970229,-13.479197,-2.0266912e-06,5.0,5
1352,-18.915468,-20.152431,-20.711958,-15.720285,-2.3844768e-07,5.0,5
1353,-9.537907e-07,-14.312474,-19.188837,-18.849157,-19.493837,1.0,1
1354,-0.00056702376,-7.4768014,-18.16168,-18.330286,-18.209923,1.0,1
1355,-9.91673,-5.0183986e-05,-15.222477,-18.70015,-17.160566,1.0,2
1356,-0.0038788924,-5.554504,-17.969046,-18.110909,-17.613983,1.0,1
1357,-5.9602587e-07,-14.771742,-19.612589,-19.47269,-19.27062,1.0,1
1358,-7.868537e-06,-11.802717,-19.329205,-19.160904,-19.20432,3.0,1
1359,-0.50439346,-0.9260911,-16.023724,-17.127884,-16.863453,2.0,1
1360,-7.74943e-06,-11.804221,-20.00979,-19.744194,-19.57814,4.0,1
1361,-5.1257117e-05,-9.89119,-19.472397,-19.764898,-19.570059,1.0,1
1362,-3.5763796e-06,-12.6015835,-18.743065,-19.165321,-19.3004,1.0,1
1363,-19.0467,-20.18811,-11.512925464970229,-16.00135,-2.3844768e-07,4.0,5
1364,-1.7639631,-0.18801056,-14.5289,-17.538363,-16.902868,1.0,2
1365,-8.344534e-07,-14.205427,-19.710371,-19.652124,-19.477901,2.0,1
1366,-13.416391,-0.016800769,-4.0949507,-15.761137,-15.679412,3.0,2
1367,-19.215244,-11.512925464970229,-11.512925464970229,-14.8377695,-5.9602587e-07,4.0,5
1368,-1.454359e-05,-11.155316,-18.769554,-19.033417,-19.048183,2.0,1
1369,-1.275466e-05,-11.3032875,-18.428993,-17.864756,-17.749111,1.0,1
1370,-17.532213,-19.629608,-19.94512,-13.974171,-1.072883e-06,4.0,5
1371,-14.334159,-0.00012861544,-8.972905,-17.025084,-16.371788,4.0,2
1372,-18.985825,-19.611544,-19.242035,-17.721394,0.0,4.0,5
1373,-0.00012432752,-8.997309,-19.517035,-19.247938,-19.288021,2.0,1
1374,-1.060888e-05,-11.479374,-19.344324,-18.823185,-18.934143,3.0,1
1375,-14.958735,-0.03883894,-3.2678657,-13.586944,-14.74334,5.0,2
1376,-1.9075815e-06,-13.483366,-19.081846,-19.353247,-19.090902,4.0,1
1377,-17.885546,-18.749361,-18.079786,-7.7644067,-0.00042559116,3.0,5
1378,-3.5760596e-07,-15.294132,-18.829542,-19.068012,-18.958836,2.0,1
1379,-18.757824,-20.073582,-11.512925464970229,-12.6217785,-3.815163e-06,5.0,5
1380,-3.5760596e-07,-15.355737,-19.079384,-19.072369,-19.7156,4.0,1
1381,-2.3844768e-07,-15.089278,-19.109917,-19.271946,-18.505867,5.0,1
1382,-15.683554,-0.00012051904,-11.512925464970229,-11.512925464970229,-11.512925464970229,2.0,2
1383,-0.005626891,-11.512925464970229,-11.512925464970229,-11.512925464970229,-11.512925464970229,5.0,1
1384,-14.310497,-0.0007570156,-7.1886787,-16.26262,-15.787123,3.0,2
1385,-1.5496514e-06,-13.511888,-18.62492,-18.435717,-18.507019,3.0,1
1386,-1.9075815e-06,-13.355095,-18.593687,-18.650614,-18.26862,1.0,1
1387,-2.3482495e-05,-14.478134,-11.512925464970229,-11.512925464970229,-11.512925464970229,5.0,1
1388,-0.00021918566,-8.429478,-18.608654,-18.963667,-17.96779,2.0,1
1389,-11.512925464970229,-11.512925464970229,-11.512925464970229,-10.149704,-3.9932882e-05,4.0,5
1390,-19.22322,-11.512925464970229,-20.885792,-15.417382,-3.5760596e-07,4.0,5
1391,-13.880227,-3.5763796e-06,-13.025417,-17.998325,-16.024525,4.0,2
1392,-1.174394,-0.36971608,-14.813581,-15.831972,-13.72418,4.0,2
1393,-3.5166908e-05,-10.264358,-18.684147,-18.646868,-19.09082,1.0,1
1394,-0.00067934825,-7.2961717,-17.994396,-17.899815,-17.524323,1.0,1
1395,-19.453558,-11.512925464970229,-11.512925464970229,-12.746833,-3.2185512e-06,5.0,5
1396,-10.495582,-2.9922216e-05,-13.293663,-18.148468,-16.590729,3.0,2
1397,-20.541285,-18.975882,-1.1922384e-07,-18.267471,-18.169573,1.0,3
1398,-19.056854,-17.807285,-4.7689537e-07,-16.667131,-16.349022,1.0,3
1399,-4.163622,-0.015674502,-16.364061,-11.512925464970229,-17.083078,2.0,2
1400,-17.545446,-16.284353,-1.1920517e-06,-16.975855,-11.512925464970229,1.0,3
1401,-6.640259e-05,-9.6237335,-18.627377,-18.991253,-19.365004,1.0,1
1402,-19.208,-11.512925464970229,-11.512925464970229,-12.174807,-5.8408214e-06,3.0,5
1403,-11.512925464970229,-11.512925464970229,-11.512925464970229,-4.953414,-0.0070869727,5.0,5
1404,-15.056524,-0.4070283,-1.0956689,-14.921893,-16.876177,5.0,2
1405,-8.901231,-0.00013659627,-16.217163,-19.35209,-17.40411,2.0,2
1406,-0.0032541663,-5.730009,-18.320574,-17.72509,-17.00716,2.0,1
1407,-19.499117,-11.512925464970229,-11.512925464970229,-11.348999,-1.251619e-05,4.0,5
1408,-2.503392e-06,-12.995767,-19.331211,-18.771976,-18.948309,1.0,1
1409,-2.4199191e-05,-10.661809,-18.388857,-18.378088,-18.580168,2.0,1
1410,-11.512925464970229,-11.512925464970229,-15.671513,-3.5762778e-07,-17.63105,4.0,4
1411,-19.35162,-11.512925464970229,-11.512925464970229,-14.876674,-7.152119e-07,4.0,5
1412,-19.044546,-11.512925464970229,-20.21685,-15.751261,-3.5760596e-07,5.0,5
1413,-3.5763796e-06,-12.615865,-19.460089,-19.77219,-19.914614,3.0,1
1414,-6.9737263,-0.0009384545,-14.193634,-18.123486,-16.70932,2.0,2
1415,-6.9928575,-0.0009541811,-10.293538,-16.89204,-17.90007,2.0,2
1416,-1.1920517e-06,-13.980349,-18.484922,-19.017315,-19.125957,2.0,1
1417,-0.00053260155,-7.5395246,-19.166018,-18.32453,-17.460512,1.0,1
1418,0.0,-18.499817,-11.512925464970229,-11.512925464970229,-11.512925464970229,1.0,1
1419,-11.512925464970229,-11.512925464970229,-11.512925464970229,-5.242767,-0.005305925,3.0,5
1420,-0.0016048811,-6.4364386,-18.41918,-18.312996,-17.540873,1.0,1
1421,-4.7689537e-07,-15.3969755,-19.271847,-19.13101,-19.881485,2.0,1
1422,-7.417754,-0.00060168497,-15.9810705,-19.022362,-17.622105,4.0,2
1423,-11.512925464970229,-11.512925464970229,-16.073458,-7.152119e-07,-16.776636,2.0,4
1424,-19.415476,-11.512925464970229,-11.512925464970229,-14.86881,-7.152119e-07,5.0,5
1425,-7.271795e-06,-11.893733,-18.875324,-18.128492,-17.938114,2.0,1
1426,-9.206767,-0.00010167727,-14.310226,-18.675623,-16.315474,3.0,2
1427,-19.571575,-12.522672,-4.4107555e-06,-14.720609,-19.719517,4.0,3
1428,-19.32978,-19.074602,-18.820446,-2.3844768e-07,-19.121239,4.0,4
1429,-1.9075815e-06,-13.36482,-18.53825,-18.616339,-18.348898,1.0,1
1430,-2.193288e-05,-10.746104,-17.095171,-18.564444,-18.76395,1.0,1
1431,-18.808197,-11.512925464970229,-19.907684,-15.4391365,-4.7689537e-07,5.0,5
1432,-11.512925464970229,-9.883672,-0.26353928,-1.46239,-17.753298,5.0,3
1433,-2.1458147e-06,-13.204609,-20.068348,-19.12437,-19.542177,1.0,1
1434,-11.141329,-2.4793919e-05,-11.600723,-17.095901,-15.351368,2.0,2
1435,-18.984642,-11.512925464970229,-11.512925464970229,-12.816269,-3.3378135e-06,5.0,5
1436,-18.441532,-19.537884,-11.512925464970229,-12.68676,-3.4570896e-06,5.0,5
1437,-2.1458147e-06,-13.1458845,-19.313847,-18.897783,-18.568811,2.0,1
1438,-14.027972,-0.00040211133,-7.8226504,-16.363577,-16.84372,5.0,2
1439,-11.512925464970229,-20.204805,-14.427142,-1.1920517e-06,-18.124205,5.0,4
1440,-16.04129,-3.5760596e-07,-17.416498,-17.169952,-11.512925464970229,4.0,2
1441,-1.5496514e-06,-13.556694,-19.33639,-18.938234,-19.393799,1.0,1
1442,-11.512925464970229,-12.865129,-3.9341817,-0.01976436,-18.00949,2.0,4
1443,-18.720377,-19.846485,-11.512925464970229,-14.292497,-9.537907e-07,4.0,5
1444,-19.326868,-11.512925464970229,-11.512925464970229,-13.468966,-1.7881898e-06,4.0,5
1445,-18.567345,-2.3841035e-06,-17.094221,-11.512925464970229,-11.512925464970229,3.0,2
1446,-17.787254,-19.688034,-19.411324,-14.421884,-7.152119e-07,2.0,5
1447,-0.00531482,-11.512925464970229,-11.512925464970229,-11.512925464970229,-11.512925464970229,5.0,1
1448,-11.512925464970229,-11.512925464970229,-11.512925464970229,-11.512925464970229,-11.512925464970229,4.0,-1
1449,-9.893847e-06,-11.550592,-19.245518,-19.155573,-19.18579,1.0,1
1450,-18.734896,-20.165863,-19.772223,-13.760834,-1.4304238e-06,5.0,5
1451,-19.171848,-11.512925464970229,-11.512925464970229,-15.031945,-4.7689537e-07,5.0,5
1452,-19.349123,-11.512925464970229,-11.512925464970229,-11.574115,-1.0132179e-05,5.0,5
1453,-8.344534e-07,-14.495032,-18.754517,-18.339874,-18.931828,2.0,1
1454,-1.7881898e-06,-13.442213,-18.00525,-17.658766,-18.444105,3.0,1
1455,-16.153177,-2.193288e-05,-10.772191,-17.405682,-16.175386,5.0,2
1456,-16.88468,-11.512925464970229,-17.968937,-17.353437,-2.1458147e-06,2.0,5
1457,-2.3841035e-06,-13.138083,-18.678162,-18.065916,-18.328613,2.0,1
1458,-11.512925464970229,-14.833182,-4.6160884,-0.009942654,-17.65565,3.0,4
1459,-0.0015769129,-6.4537005,-17.041178,-17.48834,-17.420744,3.0,1
1460,-1.0729074e-06,-14.083433,-18.526958,-18.265991,-19.255032,1.0,1
1461,-7.152119e-07,-14.604815,-19.205551,-18.443188,-17.717318,2.0,1
1462,-19.130365,-11.512925464970229,-11.512925464970229,-13.055157,-2.8608476e-06,4.0,5
1463,-19.764563,-11.512925464970229,-11.512925464970229,-15.692705,-3.5760596e-07,5.0,5
1464,-11.512925464970229,-11.512925464970229,-11.512925464970229,-11.3676195,-1.2635423e-05,5.0,5
1465,-1.1920517e-06,-14.070041,-18.825863,-18.937796,-18.691034,4.0,1
1466,-7.2431793,-0.0020618027,-6.6212063,-13.808448,-11.512925464970229,2.0,2
1467,-18.898975,-19.849133,-11.512925464970229,-15.3436,-4.7689537e-07,5.0,5
1468,-19.12395,-11.512925464970229,-11.512925464970229,-13.942638,-1.1920517e-06,5.0,5
1469,-14.5512905,-0.060098883,-2.841719,-14.878785,-16.031073,3.0,2
1470,-19.136658,-11.512925464970229,-11.512925464970229,-12.865784,-3.0993028e-06,4.0,5
1471,-19.273405,-11.512925464970229,-11.512925464970229,-13.681407,-1.9075815e-06,4.0,5
1472,-19.322243,-7.0670676,-0.00085386756,-15.995587,-19.403238,4.0,3
1473,-4.2916245e-06,-12.427162,-18.912184,-19.28314,-19.276772,3.0,1
1474,-12.821808,-0.003702229,-5.601799,-15.592375,-16.790115,5.0,2
1475,-19.101866,-11.512925464970229,-20.017984,-13.721252,-1.4304238e-06,4.0,5
1476,0.0,-19.206738,-11.512925464970229,-11.512925464970229,-11.512925464970229,1.0,1
1477,-4.7689537e-07,-15.866704,-19.021622,-18.659916,-19.151974,2.0,1
1478,-19.271414,-11.512925464970229,-11.512925464970229,-11.537057,-1.0370523e-05,3.0,5
1479,-5.9602587e-07,-15.169103,-19.084717,-18.698713,-19.35192,3.0,1
1480,-1.3350891e-05,-11.254904,-18.41159,-18.378075,-18.808573,4.0,1
1481,-17.544893,-18.969177,-18.009104,-13.239945,-1.9075815e-06,5.0,5
1482,-18.802265,-11.512925464970229,-20.098866,-14.572813,-5.9602587e-07,5.0,5
1483,-1.0729074e-06,-14.088256,-18.975094,-19.118244,-19.809769,2.0,1
1484,-0.08154508,-2.547043,-14.5815325,-16.258436,-17.34915,2.0,1
1485,-2.4793919e-05,-10.6311245,-18.585516,-18.515902,-18.851788,2.0,1
1486,-2.0264359e-05,-10.818185,-19.258883,-19.170813,-19.243732,2.0,1
1487,-4.4342527e-05,-10.031946,-20.234823,-19.568039,-19.532831,2.0,1
1488,-0.00010537338,-9.164101,-19.773298,-18.698326,-19.369043,2.0,1
1489,-0.0006600512,-7.3246346,-18.555805,-17.601164,-17.562065,3.0,1
1490,-11.512925464970229,-11.512925464970229,-11.512925464970229,-5.5074525,-0.0040669707,1.0,5
1491,-0.0009720524,-6.9375854,-11.512925464970229,-18.697454,-18.784725,2.0,1
1492,-5.9602587e-07,-14.7458105,-19.989874,-19.42172,-19.471806,3.0,1
1493,-17.796598,-17.124111,-1.0729074e-06,-16.637194,-11.512925464970229,5.0,3
1494,-17.35179,-16.291895,-0.0022257415,-11.512925464970229,-11.512925464970229,2.0,3
1495,-11.512925464970229,-11.512925464970229,-11.512925464970229,-5.0112443,-0.0066893767,5.0,5
1496,-0.010433074,-4.5681458,-17.074886,-18.03147,-17.035088,1.0,1
1497,-0.0003943647,-7.8404365,-18.918465,-18.960842,-18.25446,1.0,1
1498,-16.873686,-15.608523,-1.7881898e-06,-15.240004,-17.594946,3.0,3
1499,-13.93535,-8.9756664e-05,-11.512925464970229,-11.512925464970229,-11.512925464970229,2.0,2
1500,-0.0001858071,-8.597741,-11.512925464970229,-11.512925464970229,-11.512925464970229,5.0,1
1501,-17.618158,-2.3844768e-07,-18.15622,-11.512925464970229,-20.760025,2.0,2
1502,0.0,-11.512925464970229,-11.512925464970229,-11.512925464970229,-11.512925464970229,1.0,1
1503,-20.389874,-20.908596,-11.512925464970229,-19.085325,0.0,3.0,5
1504,-1.1922384e-07,-17.235683,-20.245232,-11.512925464970229,-11.512925464970229,2.0,1
1505,-18.269701,-17.081747,-9.537907e-07,-16.94602,-11.512925464970229,2.0,3
1506,-2.3844768e-07,-15.494611,-19.517164,-19.535587,-19.657139,1.0,1
1507,-2.3844768e-07,-15.486681,-19.517532,-19.358673,-19.237041,1.0,1
1508,-1.0729074e-06,-14.0269375,-19.299929,-19.326832,-18.433823,2.0,1
1509,-16.416384,-17.918365,-16.658072,-1.5496514e-06,-15.692905,1.0,4
1510,-17.631172,-11.512925464970229,-18.788303,-8.344534e-07,-18.115118,1.0,4
1511,-8.344534e-07,-14.489291,-19.286255,-18.474293,-18.48103,5.0,1
1512,-16.286879,-3.0993028e-06,-16.973255,-11.512925464970229,-11.512925464970229,1.0,2
1513,-4.2916245e-06,-12.408792,-18.960892,-19.5197,-19.023075,1.0,1
1514,-11.512925464970229,-11.512925464970229,-11.512925464970229,-0.00010573108,-14.293027,1.0,4
1515,-0.016171599,-4.132716,-17.876913,-11.512925464970229,-17.631836,1.0,1
1516,-20.349224,-11.512925464970229,-11.512925464970229,-17.329262,-1.1922384e-07,4.0,5
1517,-11.512925464970229,-11.512925464970229,-11.512925464970229,-11.512925464970229,-11.512925464970229,1.0,-1
1518,-11.512925464970229,-11.512925464970229,-11.512925464970229,-11.512925464970229,-11.512925464970229,1.0,-1
1519,-1.1922384e-07,-17.010565,-19.851765,-19.673557,-19.55738,1.0,1
1520,-19.774826,-11.512925464970229,-11.512925464970229,-17.637627,-1.1922384e-07,5.0,5
1521,-19.95796,-11.512925464970229,-11.512925464970229,-16.960632,-3.5760596e-07,5.0,5
1522,-19.765236,-11.512925464970229,-11.512925464970229,-13.933565,-1.1920517e-06,4.0,5
1523,-0.012483021,-4.389631,-17.88086,-17.435572,-17.753584,3.0,1
1524,-19.508282,-11.512925464970229,-11.512925464970229,-12.574214,-3.815163e-06,4.0,5
1525,-19.297678,-11.512925464970229,-11.512925464970229,-13.543036,-1.6689067e-06,4.0,5
1526,-19.52647,-11.512925464970229,-11.512925464970229,-13.533224,-1.6689067e-06,5.0,5
1527,-19.057825,-11.512925464970229,-11.512925464970229,-13.303809,-2.0266912e-06,5.0,5
1528,-11.512925464970229,-11.512925464970229,-11.512925464970229,-13.040726,-2.8608476e-06,5.0,5
1529,-19.857767,-11.512925464970229,-11.512925464970229,-13.533116,-1.5496514e-06,5.0,5
1530,-16.919752,-0.011330117,-11.512925464970229,-11.512925464970229,-11.512925464970229,2.0,2
1531,-16.15911,-0.015274668,-11.512925464970229,-11.512925464970229,-11.512925464970229,2.0,2
1532,-20.395302,-20.195639,-11.512925464970229,-20.568604,0.0,1.0,5
1533,-1.0386785,-11.512925464970229,-11.512925464970229,-11.512925464970229,-11.512925464970229,2.0,1
1534,-18.948702,-17.86661,-1.4304238e-06,-17.260748,-11.512925464970229,2.0,3
1535,-0.001926269,-11.512925464970229,-11.512925464970229,-11.512925464970229,-11.512925464970229,4.0,1
1536,-11.512925464970229,-14.829971,-0.0005660709,-11.512925464970229,-11.512925464970229,2.0,3
1537,-16.566227,-14.772305,-2.5986285e-05,-17.505186,-18.65532,2.0,3
1538,-0.0039676838,-5.5325265,-17.19247,-17.901424,-16.743292,1.0,1
1539,-9.417222e-06,-11.611766,-18.949638,-18.93759,-19.527277,2.0,1
1540,-18.818153,-18.120853,-1.1922384e-07,-18.942804,-21.010191,1.0,3
1541,-18.831556,-11.512925464970229,-19.511915,-14.360055,-9.537907e-07,3.0,5
1542,-3.5760596e-07,-15.148197,-19.7117,-19.435646,-20.020014,1.0,1
1543,-3.3378135e-06,-12.687421,-19.26917,-19.336502,-19.808228,2.0,1
1544,-14.994989,-7.152119e-07,-16.68155,-18.69101,-19.5714,2.0,2
1545,-11.512925464970229,-11.512925464970229,-11.512925464970229,-7.386515,-0.0006222915,2.0,5
1546,-9.417222e-06,-11.595337,-19.858068,-19.616892,-19.629663,5.0,1
1547,-2.3841035e-06,-13.063107,-19.863873,-19.62307,-19.194431,2.0,1
1548,-19.930984,0.0,-19.23642,-18.986814,-22.262333,3.0,2
1549,-18.820772,-11.512925464970229,-11.512925464970229,-15.8029375,-4.7689537e-07,2.0,5
1550,-1.7793138,-0.1848695,-15.715742,-15.565202,-12.816928,2.0,2
1551,-5.1111994,-0.0060492917,-16.895279,-11.512925464970229,-16.417377,3.0,2
1552,-2.881775,-0.057676375,-16.297232,-11.512925464970229,-13.861509,4.0,2
1553,-1.4424305e-05,-11.190389,-19.623524,-19.343426,-19.400124,3.0,1
1554,-15.878928,-10.411714,-11.984881,-10.7166395,-0.00023027485,2.0,5
1555,-19.14524,-15.108519,-7.152119e-07,-14.653428,-19.25326,1.0,3
1556,-11.512925464970229,-11.512925464970229,-11.512925464970229,-11.512925464970229,-11.512925464970229,5.0,-1
1557,-1.1922384e-07,-18.038588,-20.023167,-21.2978,-11.512925464970229,4.0,1
1558,-2.3844768e-07,-16.653896,-19.436453,-19.295204,-19.026445,2.0,1
1559,-3.5760596e-07,-15.903633,-18.859013,-18.788836,-18.682442,2.0,1
1560,-1.1922384e-07,-16.72676,-19.72213,-19.612146,-19.17765,1.0,1
1561,-1.1922384e-07,-15.8253355,-18.274487,-17.438854,-21.350914,5.0,1
1562,-16.597221,-1.1922384e-07,-19.066074,-20.654444,-21.774805,3.0,2
1563,-2.3844768e-07,-15.474353,-19.379206,-19.429588,-19.544926,2.0,1
1564,-1.1922384e-07,-17.308167,-20.416351,-18.855518,-11.512925464970229,3.0,1
1565,-19.051805,-11.512925464970229,-18.63959,-8.556268,-0.0001934354,5.0,5
1566,-11.512925464970229,-11.512925464970229,-18.55013,-7.551268,-0.00052700355,1.0,5
1567,-11.512925464970229,-11.512925464970229,-11.512925464970229,-11.512925464970229,-11.512925464970229,4.0,-1
1568,-18.658932,-11.512925464970229,-11.512925464970229,-10.230929,-3.743059e-05,5.0,5
1569,-2.3844768e-07,-15.816435,-19.329777,-19.105276,-19.057924,2.0,1
1570,-1.1922384e-07,-16.271637,-19.575151,-19.558971,-19.30345,3.0,1
1571,-1.3855319,-0.28788143,-14.510224,-16.675714,-15.804037,2.0,2
1572,-7.152119e-07,-14.707699,-19.199425,-19.171368,-18.174725,1.0,1
1573,-4.7689537e-07,-15.783802,-18.800535,-18.796577,-18.485691,2.0,1
1574,-4.7689537e-07,-15.089612,-19.236174,-19.46162,-19.38594,3.0,1
1575,-0.0011800184,-6.7435756,-19.059584,-11.512925464970229,-11.512925464970229,1.0,1
1576,-7.152119e-07,-14.496272,-19.874878,-19.941982,-20.229885,3.0,1
1577,-11.512925464970229,-11.512925464970229,-11.512925464970229,-6.616584,-0.001341704,2.0,5
1578,-16.03088,-0.80452806,-0.59296876,-12.966431,-16.982754,3.0,3
1579,-11.512925464970229,-11.512925464970229,-11.512925464970229,-10.01885,-4.6011322e-05,5.0,5
1580,-19.673841,-11.512925464970229,-11.512925464970229,-11.060641,-1.6451757e-05,4.0,5
1581,-18.659672,-11.512925464970229,-11.512925464970229,-12.977618,-2.9800683e-06,4.0,5
1582,-18.97498,-11.512925464970229,-11.512925464970229,-13.857069,-1.4304238e-06,4.0,5
1583,-19.3817,-11.512925464970229,-11.512925464970229,-14.025206,-1.4304238e-06,4.0,5
1584,-19.130875,-11.512925464970229,-11.512925464970229,-12.923221,-3.2185512e-06,4.0,5
1585,-11.512925464970229,-11.512925464970229,-11.512925464970229,-11.512925464970229,-11.512925464970229,1.0,-1
1586,-16.042933,-3.5760596e-07,-18.453808,-18.32208,-18.968872,1.0,2
1587,-19.054853,-19.697535,-19.72648,-10.758504,-2.1694499e-05,3.0,5
1588,-11.512925464970229,-11.512925464970229,-11.512925464970229,-19.277561,-2.3844768e-07,3.0,5
1589,-17.500412,-16.001167,-18.464378,-18.36802,-4.7689537e-07,3.0,5
1590,-20.292984,-21.012424,0.0,-17.992464,-19.249939,3.0,3
1591,-11.512925464970229,-16.4848,-7.8525705,-0.000393888,-11.512925464970229,5.0,4
1592,-19.29865,-18.795633,-19.68711,-19.123285,-1.1920517e-06,3.0,5
1593,-18.693686,-11.512925464970229,-11.512925464970229,-9.664552,-6.425851e-05,1.0,5
1594,-2.3844768e-07,-15.384639,-19.662682,-19.972828,-20.109005,2.0,1
1595,-18.588072,-11.512925464970229,-11.512925464970229,-13.632253,-2.1458147e-06,4.0,5
1596,-17.087849,-18.577448,-18.659222,-9.856224,-5.3045802e-05,4.0,5
1597,-18.062527,-19.249733,-19.171635,-9.316388,-9.0710186e-05,4.0,5
1598,-1.0729074e-06,-13.957217,-19.756006,-19.423922,-19.835615,3.0,1
1599,-11.512925464970229,-11.512925464970229,-11.512925464970229,-5.11628,-0.006020141,4.0,5
1600,-9.537907e-07,-14.115118,-19.927696,-20.109255,-11.512925464970229,2.0,1
1601,-11.512925464970229,-11.512925464970229,-11.512925464970229,-11.512925464970229,-11.512925464970229,3.0,-1
1602,-11.512925464970229,-13.167742,-0.05791145,-2.8778272,-11.512925464970229,3.0,3
1603,-18.806826,-11.512925464970229,-11.512925464970229,-11.447076,-1.1562433e-05,4.0,5
1604,-11.512925464970229,-11.512925464970229,-11.512925464970229,-11.512925464970229,-11.512925464970229,3.0,-1
1605,-11.512925464970229,-11.512925464970229,-11.512925464970229,-11.512925464970229,-11.512925464970229,4.0,-1
1606,-11.512925464970229,-11.512925464970229,-11.512925464970229,-11.512925464970229,-11.512925464970229,3.0,-1
1607,-11.512925464970229,-11.512925464970229,-11.512925464970229,-11.512925464970229,-11.512925464970229,4.0,-1
1608,-11.512925464970229,-11.512925464970229,-11.512925464970229,-11.512925464970229,-11.512925464970229,1.0,-1
1609,-11.512925464970229,-11.512925464970229,-11.512925464970229,-6.458386,-0.00157001,2.0,5
1610,0.0,-17.309435,-20.39605,-20.132492,-19.75642,1.0,1
1611,-11.512925464970229,-11.512925464970229,-18.107464,-9.537907e-07,-15.144373,4.0,4
1612,-6.878503e-05,-9.5982685,-18.987562,-18.282516,-17.829807,1.0,1
1613,-14.488733,-9.537907e-07,-15.840794,-18.730597,-16.350103,2.0,2
1614,-11.512925464970229,-11.512925464970229,-11.512925464970229,-11.512925464970229,-11.512925464970229,3.0,-1
1615,-5.9602587e-07,-17.749897,-19.210432,-18.65068,-18.079185,2.0,1
1616,-10.968316,-4.1005398e-05,-10.685683,-17.425558,-16.175905,3.0,2
1617,-18.850637,0.0,-20.284214,-18.989222,-21.415031,2.0,2
1618,-0.0035549393,-17.701591,-11.512925464970229,-11.512925464970229,-11.512925464970229,1.0,1
1619,-17.709755,-18.006405,-3.5760596e-07,-17.39313,-19.430544,2.0,3
1620,-0.0020232205,-16.54817,-11.512925464970229,-11.512925464970229,-11.512925464970229,1.0,1
1621,-17.480179,-0.000128139,-11.512925464970229,-11.512925464970229,-11.512925464970229,3.0,2
1622,-21.314758,0.0,-22.10534,-20.072708,-23.404549,2.0,2
1623,-16.786304,-4.7689537e-07,-16.471235,-11.512925464970229,-11.512925464970229,5.0,2
1624,0.0,-23.211622,-22.778442,-23.211542,-11.512925464970229,3.0,1
1625,-15.567447,-6.43695e-06,-16.208864,-18.505133,-19.087744,3.0,2
1626,-5.2448504e-06,-12.229613,-18.990969,-18.768167,-19.2721,1.0,1
1627,-16.45033,-5.9602587e-07,-16.088476,-18.426725,-19.452026,4.0,2
1628,-17.05366,-17.032423,-1.5496514e-06,-16.369762,-11.512925464970229,5.0,3
1629,-0.00030690446,-17.214785,-11.512925464970229,-11.512925464970229,-11.512925464970229,5.0,1
1630,-9.537907e-07,-14.257405,-19.237162,-19.00252,-18.901678,3.0,1
1631,-15.248918,-2.8608476e-06,-13.211717,-16.909777,-15.410531,5.0,2
1632,-2.7416409e-06,-12.914376,-20.2927,-20.170815,-20.512413,2.0,1
1633,-0.38348567,-11.512925464970229,-11.512925464970229,-11.512925464970229,-11.512925464970229,2.0,1
1634,-0.00072747294,-11.512925464970229,-11.512925464970229,-11.512925464970229,-11.512925464970229,3.0,1
1635,-0.0361468,-11.512925464970229,-11.512925464970229,-11.512925464970229,-11.512925464970229,3.0,1
1636,-15.749383,-13.652683,-0.003098897,-11.512925464970229,-11.512925464970229,5.0,3
1637,-15.454895,-0.053633675,-11.512925464970229,-11.512925464970229,-11.512925464970229,1.0,2
1638,-0.64940816,-11.512925464970229,-11.512925464970229,-11.512925464970229,-11.512925464970229,1.0,1
1639,-0.2874609,-11.512925464970229,-11.512925464970229,-11.512925464970229,-11.512925464970229,3.0,1
1640,-17.243807,-2.2649522e-06,-17.870924,-11.512925464970229,-11.512925464970229,3.0,2
1641,-18.922379,-17.89249,-1.1922384e-07,-17.77287,-18.659136,1.0,3
1642,-14.246072,-0.000975865,-6.9353976,-16.842762,-16.173286,2.0,2
1643,-19.736315,-11.512925464970229,-11.512925464970229,-15.759095,-3.5760596e-07,4.0,5
1644,-0.119188465,-2.186064,-16.940664,-11.512925464970229,-16.677134,1.0,1
1645,-11.512925464970229,-11.512925464970229,-11.512925464970229,-11.512925464970229,-11.512925464970229,4.0,-1
1646,-3.2185512e-06,-12.749229,-18.456257,-18.329916,-18.566212,2.0,1
1647,-0.5742439,-11.512925464970229,-11.512925464970229,-11.512925464970229,-11.512925464970229,3.0,1
1648,-0.14860992,-11.512925464970229,-11.512925464970229,-11.512925464970229,-11.512925464970229,1.0,1
1649,-4.3627377e-05,-10.053387,-18.82035,-18.430105,-18.216677,1.0,1
1650,-1.7628495,-0.18823779,-15.481629,-17.366888,-15.178607,1.0,2
1651,-1.4304238e-06,-13.429057,-19.486609,-19.249384,-18.912697,1.0,1
1652,-20.46326,-11.512925464970229,-17.09264,-3.5760596e-07,-16.048542,2.0,4
1653,-3.5760596e-07,-15.23692,-18.338238,-18.01461,-18.18028,2.0,1
1654,-9.537907e-07,-15.017154,-18.226482,-17.715662,-17.996605,1.0,1
1655,-1.7881898e-06,-13.494207,-18.272007,-17.986057,-17.171259,3.0,1
1656,-18.488434,-20.54419,-11.512925464970229,-16.351656,-2.3844768e-07,2.0,5
1657,-1.3827933e-05,-11.204006,-19.724762,-19.431248,-18.86284,2.0,1
1658,-6.471804,-0.0015494197,-13.856479,-18.648972,-16.59076,1.0,2
1659,-20.117393,-11.512925464970229,-11.512925464970229,-14.543102,-8.344534e-07,1.0,5
1660,-19.541035,-11.512925464970229,-11.512925464970229,-15.3233595,-3.5760596e-07,5.0,5
1661,-0.00013218886,-8.934787,-17.18725,-17.902788,-18.111782,1.0,1
1662,-11.512925464970229,-11.512925464970229,-15.706644,-0.00012087688,-9.033599,3.0,4
1663,-20.163025,-11.512925464970229,-11.512925464970229,-15.844352,-2.3844768e-07,5.0,5
1664,-11.512925464970229,-11.512925464970229,-17.826523,-0.10874203,-2.2727358,3.0,4
1665,-1.1922384e-07,-16.252823,-18.937576,-18.731167,-18.801376,2.0,1
1666,-19.294456,-11.512925464970229,-11.512925464970229,-15.193887,-4.7689537e-07,2.0,5
1667,-19.389412,-11.512925464970229,-11.512925464970229,-15.661735,-4.7689537e-07,5.0,5
1668,-19.396065,-11.512925464970229,-11.512925464970229,-16.03889,-2.3844768e-07,5.0,5
1669,-9.416688e-05,-9.279729,-16.7125,-17.256163,-17.870848,1.0,1
1670,-18.196869,-20.465586,-20.983736,-16.645296,0.0,4.0,5
1671,-18.236938,-20.550514,-11.512925464970229,-16.61018,-2.3844768e-07,5.0,5
1672,-4.594669,-0.010167715,-11.539397,-17.328144,-18.237331,2.0,2
1673,-7.152119e-07,-14.525922,-19.65749,-19.559988,-19.593702,1.0,1
1674,-18.763823,-19.923004,-20.079918,-15.880098,-1.1922384e-07,4.0,5
1675,-0.30767396,-1.3286052,-16.325909,-17.205841,-16.388157,5.0,1
1676,-3.574405,-0.028437776,-15.729487,-17.179153,-15.16939,2.0,2
1677,-0.00093178265,-6.981303,-17.411009,-18.185911,-17.15621,1.0,1
1678,-2.0621872e-05,-10.811287,-19.262487,-19.194883,-19.323133,1.0,1
1679,-12.17581,-3.790719e-05,-10.374418,-16.94323,-16.39161,5.0,2
1680,-3.1253998,-0.044917334,-15.24074,-16.851578,-14.911182,5.0,2
1681,-0.07676155,-2.6051352,-17.00702,-17.226309,-16.687105,1.0,1
1682,-0.0047381693,-5.3550153,-17.198448,-17.409042,-16.37379,4.0,1
1683,-0.0013074169,-11.512925464970229,-11.512925464970229,-11.512925464970229,-11.512925464970229,3.0,1
1684,-0.101080015,-2.3419762,-16.306372,-16.767971,-15.414181,2.0,1
1685,-0.00090485736,-7.009164,-16.0195,-16.816273,-17.78917,2.0,1
1686,-17.965338,-18.989933,0.0,-17.32703,-17.91091,1.0,3
1687,-14.765595,-6.926154e-05,-18.634632,-11.512925464970229,-11.512925464970229,1.0,2
1688,-0.19304466,-2.765379,-9.543224,-9.260199,-9.270622,4.0,1
1689,-11.512925464970229,-11.512925464970229,-11.512925464970229,-11.512925464970229,-11.512925464970229,1.0,-1
1690,-11.512925464970229,-11.512925464970229,-11.512925464970229,-11.512925464970229,-0.00012444664,4.0,5
1691,-18.024305,-16.419046,-1.7881898e-06,-15.494279,-18.50452,4.0,3
1692,-13.999728,-3.9342685e-06,-12.97028,-19.079536,-15.662155,4.0,2
1693,-11.512925464970229,-11.512925464970229,-11.512925464970229,-11.512925464970229,-11.512925464970229,4.0,-1
1694,-17.573462,-17.040575,-15.335979,-1.4304238e-06,-15.30325,3.0,4
1695,-11.512925464970229,-11.512925464970229,-11.512925464970229,-11.512925464970229,-11.512925464970229,4.0,-1
1696,-16.61059,-14.226923,-6.079254e-06,-14.479931,-17.3826,2.0,3
1697,-0.054158337,-11.512925464970229,-11.512925464970229,-11.512925464970229,-11.512925464970229,3.0,1
1698,-1.1922384e-07,-16.538254,-19.409964,-20.538958,-11.512925464970229,2.0,1
1699,-18.753544,-11.512925464970229,-11.512925464970229,-16.51949,-3.5760596e-07,2.0,5
1700,-16.359158,-1.1922384e-07,-16.970995,-19.545593,-20.3281,1.0,2
1701,-18.552639,-18.056866,-5.9602587e-07,-17.251148,-11.512925464970229,2.0,3
1702,-15.937405,-6.3177117e-06,-16.556953,-11.512925464970229,-11.512925464970229,3.0,2
1703,-18.611313,-11.512925464970229,-11.512925464970229,-15.879889,-2.3844768e-07,5.0,5
1704,-9.537907e-07,-14.232135,-19.200365,-19.617626,-20.3619,1.0,1
1705,-11.512925464970229,-11.512925464970229,-17.07142,-0.3401073,-1.243935,2.0,4
1706,0.0,-17.12098,-20.11708,-19.802452,-19.994274,3.0,1
1707,-18.732124,-11.512925464970229,-11.512925464970229,-13.188613,-2.2649522e-06,3.0,5
1708,-11.512925464970229,-11.512925464970229,-14.995194,-0.68394655,-0.702444,3.0,4
1709,-18.360834,-19.074644,-17.85077,-5.95542,-0.00259651,3.0,5
1710,-7.569493e-05,-9.491916,-19.517258,-19.59548,-19.559668,1.0,1
1711,-16.84751,-19.652035,-19.672617,-14.190507,-9.537907e-07,1.0,5
1712,-1.1922384e-07,-16.603165,-20.201988,-19.939205,-20.368372,1.0,1
1713,-2.2528851e-05,-10.724754,-19.242493,-18.85413,-18.714195,5.0,1
1714,-9.475675,-7.748217e-05,-15.830344,-19.20258,-17.367476,3.0,2
1715,-19.22209,-21.14156,-20.973785,-16.1479,-2.3844768e-07,5.0,5
1716,-20.095718,-11.512925464970229,-11.512925464970229,-17.345577,-1.1922384e-07,5.0,5
1717,-1.6689067e-06,-13.497266,-18.680933,-18.627935,-19.111757,3.0,1
1718,-13.457062,-3.3378135e-06,-15.248621,-17.958344,-13.712681,3.0,2
1719,-11.512925464970229,-11.512925464970229,-11.512925464970229,-5.1426697,-0.005866916,5.0,5
1720,-11.512925464970229,-11.512925464970229,-11.512925464970229,-2.1650457,-0.12188828,5.0,5
1721,-4.649037e-06,-12.401662,-19.306057,-19.291977,-19.729982,1.0,1
1722,-1.5496514e-06,-13.617225,-18.579893,-18.533064,-18.26914,1.0,1
1723,-19.281715,-21.544144,-11.512925464970229,-17.964504,0.0,5.0,5
1724,-19.355753,-21.109142,-11.512925464970229,-17.297281,-1.1922384e-07,3.0,5
1725,-7.152119e-07,-15.303437,-18.90739,-18.53568,-18.636585,1.0,1
1726,-7.152119e-07,-15.065678,-19.160654,-18.62381,-18.947464,1.0,1
1727,-18.801016,-11.512925464970229,-11.512925464970229,-17.290302,-2.3844768e-07,5.0,5
1728,-0.69207406,-0.6942332,-16.504324,-11.512925464970229,-17.329391,3.0,1
1729,-11.512925464970229,-11.512925464970229,-11.512925464970229,-11.512925464970229,-11.512925464970229,2.0,-1
1730,-11.512925464970229,-11.512925464970229,-11.512925464970229,-11.512925464970229,-11.512925464970229,2.0,-1
1731,-12.988751,-3.2185512e-06,-17.147415,-16.163322,-11.512925464970229,1.0,2
1732,-0.08681947,-11.512925464970229,-11.512925464970229,-11.512925464970229,-11.512925464970229,2.0,1
1733,-11.512925464970229,-11.512925464970229,-11.512925464970229,-11.512925464970229,-11.512925464970229,3.0,-1
1734,-11.512925464970229,-11.512925464970229,-11.512925464970229,-11.512925464970229,-11.512925464970229,3.0,-1
1735,-11.512925464970229,-11.512925464970229,-11.512925464970229,-11.512925464970229,-11.512925464970229,2.0,-1
1736,-18.972025,-11.512925464970229,-11.512925464970229,-12.404885,-4.529893e-06,5.0,5
1737,-8.344534e-07,-14.259326,-19.41138,-19.22882,-20.167267,5.0,1
1738,-7.152119e-07,-14.592989,-19.50286,-19.440477,-19.674137,1.0,1
1739,-19.39651,-11.512925464970229,-11.512925464970229,-14.154703,-1.4304238e-06,1.0,5
1740,-18.033203,-2.3844768e-07,-15.711511,-17.835163,-20.758024,5.0,2
1741,-1.1922384e-07,-16.293558,-19.936386,-19.295774,-19.691263,1.0,1
1742,-8.344534e-07,-14.316913,-19.498161,-18.98208,-19.506088,1.0,1
1743,-20.386162,-11.512925464970229,-20.990578,-16.803822,0.0,4.0,5
1744,-5.006506e-06,-12.272805,-19.057137,-18.39805,-18.116793,1.0,1
1745,-2.3844768e-07,-15.441087,-19.956755,-19.72187,-19.489466,1.0,1
1746,-7.152119e-07,-14.580381,-18.877007,-18.889015,-18.519207,1.0,1
1747,-21.33972,0.0,-20.722017,-20.380777,-22.722488,5.0,2
1748,-0.0026403973,-5.939055,-17.693562,-17.658691,-16.637005,1.0,1
1749,-1.1922384e-07,-16.695427,-19.969006,-19.606268,-19.134901,1.0,1
1750,-3.5760596e-07,-15.55525,-19.60255,-19.103537,-19.311672,1.0,1
1751,-18.685104,-20.94814,-19.922138,0.0,-19.479471,5.0,4
1752,-3.5760596e-07,-14.748286,-19.253395,-19.03331,-18.572292,1.0,1
1753,-21.913664,-22.912397,0.0,-22.352058,-21.470074,1.0,3
1754,-19.926826,-21.897919,0.0,-20.723516,-22.226957,1.0,3
1755,-11.512925464970229,-11.512925464970229,-11.512925464970229,-11.299121,-1.3708667e-05,4.0,5
1756,-17.899399,-18.943314,0.0,-18.476995,-18.979727,1.0,3
1757,-11.512925464970229,-12.915972,-0.009591902,-11.512925464970229,-11.512925464970229,2.0,3
1758,-18.27386,-20.436218,0.0,-20.263119,-21.871498,4.0,3
1759,-19.251503,-11.512925464970229,-11.512925464970229,-14.713708,-4.7689537e-07,4.0,5
1760,-11.512925464970229,-11.512925464970229,-11.512925464970229,-11.683964,-9.298074e-06,4.0,5
1761,-3.5760596e-07,-15.915684,-19.235695,-19.382614,-18.739376,4.0,1
1762,-9.8023615,-6.211454e-05,-12.052695,-16.611761,-16.466665,3.0,2
1763,-13.225821,-0.0002883203,-8.161221,-16.012875,-16.994513,5.0,2
1764,-0.0001841385,-8.607526,-17.593534,-17.197054,-16.237585,3.0,1
1765,-0.0002407691,-8.335915,-18.209755,-17.915089,-17.758251,1.0,1
1766,-0.17649557,-1.8215799,-16.273184,-16.272543,-14.566773,3.0,1
1767,-5.0087833,-0.0067042946,-15.520885,-17.550907,-15.697524,4.0,2
1768,-0.15093903,-1.9654379,-15.969939,-16.289675,-15.650186,3.0,1
1769,-0.00062646053,-7.3772745,-17.542234,-17.460556,-17.960545,1.0,1
1770,-0.017992401,-4.02702,-16.45665,-16.537447,-16.349455,1.0,1
1771,-19.208454,-11.512925464970229,-11.512925464970229,-15.184006,-5.9602587e-07,4.0,5
1772,-19.083347,-11.512925464970229,-11.512925464970229,-17.482178,0.0,5.0,5
1773,-0.00010656575,-9.152899,-18.220974,-17.7591,-17.772503,1.0,1
1774,-1.9075815e-06,-13.364919,-18.818727,-18.581482,-19.28667,1.0,1
1775,-19.085089,-21.105188,-21.516703,-17.327515,0.0,5.0,5
1776,-17.677704,-19.584822,-19.541925,-13.79442,-1.4304238e-06,5.0,5
1777,-9.537907e-07,-14.230052,-19.300716,-19.101236,-19.148823,3.0,1
1778,-8.344534e-07,-14.327521,-19.460598,-18.898148,-18.70127,3.0,1
1779,-8.344534e-07,-14.342626,-19.763676,-19.20503,-19.132332,2.0,1
1780,-11.512925464970229,-11.512925464970229,-11.512925464970229,-11.512925464970229,-11.512925464970229,5.0,-1
1781,-4.7689537e-07,-15.458575,-19.202024,-18.432137,-18.512337,1.0,1
1782,-21.990883,-11.512925464970229,-21.702463,-19.290356,0.0,2.0,5
1783,-4.529893e-06,-12.397274,-19.170357,-19.161005,-18.859571,4.0,1
1784,-1.1471483,-0.38210502,-15.5798435,-15.9802885,-13.596902,3.0,2
1785,-4.7689537e-07,-16.19307,-19.443453,-19.376034,-19.301214,2.0,1
1786,-2.729807e-05,-10.530469,-18.46635,-18.543795,-17.903307,1.0,1
1787,-2.3124867e-05,-10.692604,-18.596876,-18.46613,-18.246277,4.0,1
1788,-3.347757,-0.03579887,-15.620415,-17.921238,-15.844109,4.0,2
1789,-2.3844768e-07,-15.207607,-19.371353,-19.097288,-19.014244,2.0,1
1790,-2.3844768e-07,-15.69303,-19.288074,-18.963266,-19.103798,2.0,1
1791,0.0,-16.733692,-20.095436,-19.962748,-19.223152,1.0,1
1792,-0.84116757,-0.5642568,-15.273669,-16.340538,-14.14205,2.0,2
1793,-14.980244,-4.779949e-05,-18.262442,-11.512925464970229,-11.512925464970229,1.0,2
1794,-2.6224477e-06,-12.952166,-19.965685,-20.207188,-19.935812,1.0,1
1795,0.0,-18.463749,-19.538548,-19.715874,-20.786037,2.0,1
1796,-18.609915,-19.072132,-18.688808,-3.5760596e-07,-17.306046,1.0,4
1797,-15.534564,-7.74943e-06,-17.088814,-11.512925464970229,-11.512925464970229,3.0,2
1798,-15.986063,-7.74943e-06,-17.621284,-11.512925464970229,-11.512925464970229,1.0,2
1799,-15.619038,-2.3124867e-05,-17.048563,-11.512925464970229,-11.512925464970229,1.0,2
1800,-17.534502,-8.344534e-07,-17.708073,-11.512925464970229,-11.512925464970229,4.0,2
1801,-11.512925464970229,-11.512925464970229,-11.512925464970229,-0.0002910602,-11.512925464970229,1.0,4
1802,-7.471162,-0.00057143084,-13.808455,-11.512925464970229,-17.516003,5.0,2
1803,-18.964378,-11.512925464970229,-11.512925464970229,-15.323857,-4.7689537e-07,5.0,5
1804,-1.9075815e-06,-13.3473015,-19.484669,-18.837942,-19.547169,2.0,1
1805,-2.1458147e-06,-13.333346,-18.341698,-17.957382,-17.823046,4.0,1
1806,-9.259582,-0.0001112163,-11.089017,-17.970985,-17.236498,3.0,2
1807,-19.167042,-11.512925464970229,-11.512925464970229,-15.712462,-2.3844768e-07,5.0,5
1808,-4.649037e-06,-12.428578,-18.50366,-18.169054,-17.97504,1.0,1
1809,-18.308493,-15.436096,-11.512925464970229,-11.512925464970229,-1.5496514e-06,2.0,5
1810,-9.970637,-4.851481e-05,-13.6752,-19.120928,-17.573442,1.0,2
1811,-2.4078572e-05,-12.228059,-11.035609,-16.92072,-18.128174,3.0,1
1812,-11.512925464970229,-18.754732,-11.512925464970229,-11.61126,-9.536374e-06,3.0,5
1813,-2.3844768e-07,-15.177841,-18.836668,-18.812864,-18.02683,2.0,1
1814,-5.9600343e-06,-12.063637,-19.424143,-19.168213,-18.784948,4.0,1
1815,-0.00045443757,-7.697882,-18.587362,-18.551973,-17.727058,2.0,1
1816,-19.36311,-17.948845,-19.986937,-12.887197,-2.8608476e-06,4.0,5
1817,-4.7689537e-07,-16.418522,-19.867676,-19.502512,-18.931793,1.0,1
1818,-17.519701,-16.451294,-9.537907e-07,-16.842266,-18.414543,3.0,3
1819,-19.19607,-19.980822,-11.512925464970229,-13.645176,-1.5496514e-06,3.0,5
1820,-0.01277741,-4.3665047,-17.232067,-17.465946,-16.803564,4.0,1
1821,-1.5496514e-06,-14.093395,-17.68162,-16.152493,-16.031301,2.0,1
1822,-1.1922384e-07,-17.564268,-21.988834,-19.142475,-21.567703,3.0,1
1823,-11.512925464970229,-11.512925464970229,-11.512925464970229,-11.512925464970229,-11.512925464970229,4.0,-1
1824,-0.00012766256,-8.981337,-18.292463,-18.004793,-17.10889,4.0,1
1825,-0.00046099408,-11.512925464970229,-11.512925464970229,-11.512925464970229,-11.512925464970229,1.0,1
1826,-11.512925464970229,-11.512925464970229,-0.00030892977,-11.512925464970229,-11.512925464970229,1.0,3
1829,-0.00012575681,-15.569771,-11.512925464970229,-11.512925464970229,-11.512925464970229,1.0,1
1830,-1.1920517e-06,-14.06433,-19.954596,-19.89664,-20.186905,1.0,1
1831,-14.810638,-11.512925464970229,-11.512925464970229,-11.512925464970229,-0.008557456,1.0,5
1832,-18.555763,-11.512925464970229,-17.043428,-15.772373,-7.152119e-07,1.0,5
1833,-0.005575915,-5.192601,-11.512925464970229,-11.512925464970229,-17.109396,1.0,1
1834,-7.152119e-07,-15.214736,-18.717855,-18.452974,-18.433561,1.0,1
1835,-18.71587,-19.679205,-11.512925464970229,-15.429114,-4.7689537e-07,4.0,5
1836,-11.704497,-9.893847e-06,-14.176885,-18.47523,-16.005083,3.0,2
1837,-2.2649522e-06,-13.097364,-19.262817,-18.98947,-19.560423,2.0,1
1838,-2.4197792e-05,-10.662596,-18.67811,-19.22827,-19.203712,1.0,1
1839,-19.283438,-20.190296,-11.512925464970229,-15.984219,-2.3844768e-07,2.0,5
1840,-0.5676566,-0.83669573,-14.874904,-15.860635,-14.943585,4.0,1
1841,-18.7403,-20.306232,-19.911024,-13.334635,-1.7881898e-06,5.0,5
1842,-19.183659,-11.512925464970229,-11.512925464970229,-11.896396,-7.271795e-06,4.0,5
1843,-19.397242,-11.512925464970229,-11.512925464970229,-13.444958,-1.7881898e-06,2.0,5
1844,-3.815163e-06,-12.551231,-19.781336,-19.183056,-20.137207,1.0,1
1845,-0.0003671938,-7.9132395,-17.981459,-17.12169,-17.038746,1.0,1
1846,-11.512925464970229,-11.512925464970229,-11.512925464970229,-12.263163,-5.364032e-06,5.0,5
1847,-19.51381,-20.952543,-20.71521,-14.848866,-4.7689537e-07,5.0,5
1848,-19.086899,-11.512925464970229,-11.512925464970229,-11.656924,-9.178928e-06,4.0,5
1849,-9.8219934e-05,-9.23713,-18.791761,-18.922213,-17.727419,1.0,1
1850,-11.512925464970229,-8.742625,-0.00016268776,-14.217172,-11.512925464970229,5.0,3
1851,-3.5763796e-06,-12.717106,-19.393738,-19.090273,-19.322596,1.0,1
1852,-3.5760596e-07,-14.842094,-19.5146,-19.46464,-19.682255,1.0,1
1853,-15.65133,-3.3378135e-06,-16.497526,-18.344309,-19.678495,1.0,2
1854,-20.294123,0.0,-18.922096,-21.142902,-11.512925464970229,3.0,2
1855,-1.3112239e-06,-13.786522,-19.715055,-19.142569,-19.282215,4.0,1
1856,-16.79802,-15.80689,-16.809217,-1.3112239e-06,-16.738398,3.0,4
1857,-15.234184,-15.586665,-15.879836,-14.773441,-4.529893e-06,2.0,5
1858,-1.1922384e-07,-16.26413,-19.82246,-19.71398,-19.194393,1.0,1
1859,0.0,-19.522358,-21.061337,-19.861238,-19.149717,1.0,1
1860,-18.724514,0.0,-19.656342,-18.691195,-20.313269,1.0,2
1861,-9.655529e-06,-18.409292,-11.512925464970229,-19.947084,-11.579552,1.0,1
1862,-18.770016,-17.694836,-4.7689537e-07,-15.614895,-11.512925464970229,1.0,3
1863,-0.5494628,-11.512925464970229,-11.512925464970229,-11.512925464970229,-11.512925464970229,2.0,1
1864,-2.3844768e-07,-18.28237,-11.512925464970229,-19.656326,-18.361483,1.0,1
1865,-5.602414e-06,-12.173193,-19.53603,-18.96102,-18.744467,1.0,1
1866,-3.5763796e-06,-12.628209,-19.453735,-18.887594,-19.02142,1.0,1
1867,-0.5460354,-0.8657795,-15.961847,-17.164398,-14.927875,2.0,1
1868,-1.1922384e-07,-19.23951,-23.868973,-23.585968,-11.512925464970229,2.0,1
1869,-0.003296688,-5.716977,-18.143435,-17.348532,-16.804716,3.0,1
1870,-2.3844768e-07,-15.797327,-18.48563,-19.595963,-21.885565,4.0,1
1871,-16.856041,-11.512925464970229,-11.512925464970229,-14.791413,-7.152119e-07,5.0,5
1872,-11.512925464970229,-11.512925464970229,-11.512925464970229,-10.003076,-4.672657e-05,5.0,5
1873,-16.212706,-3.0993028e-06,-17.337055,-11.512925464970229,-11.512925464970229,1.0,2
1874,-16.375507,-8.344534e-07,-16.90184,-11.512925464970229,-11.512925464970229,3.0,2
1875,-18.434196,-18.860205,-17.734308,-4.7689537e-07,-17.245972,4.0,4
1876,-7.868537e-06,-11.786102,-19.40185,-18.777473,-19.421583,1.0,1
1877,-16.034359,-2.0266912e-06,-16.744698,-11.512925464970229,-11.512925464970229,2.0,2
1878,-14.977678,-1.5020757e-05,-17.318449,-11.512925464970229,-11.512925464970229,1.0,2
1879,-11.512925464970229,-11.512925464970229,-11.512925464970229,-11.512925464970229,-0.014903877,3.0,5
1880,0.0,-19.175236,-21.296555,-21.68219,-11.512925464970229,1.0,1
1881,-15.138387,-1.7881898e-06,-15.993323,-18.794573,-11.512925464970229,1.0,2
1882,-11.512925464970229,-11.512925464970229,-11.512925464970229,-11.512925464970229,-11.512925464970229,2.0,-1
1883,-11.512925464970229,-11.512925464970229,-11.512925464970229,-11.512925464970229,-11.512925464970229,4.0,-1
1884,-11.512925464970229,-11.512925464970229,-11.512925464970229,-11.512925464970229,-11.512925464970229,3.0,-1
1885,-16.80857,-1.1922384e-07,-19.035114,-19.878227,-19.904583,3.0,2
1886,-11.512925464970229,-20.73988,-11.512925464970229,-20.874306,0.0,2.0,5
1887,-18.872633,0.0,-18.282188,-18.364431,-18.593489,1.0,2
1888,0.0,-16.869625,-20.187668,-18.574137,-19.848854,4.0,1
1889,-0.000389836,-7.8522615,-18.958946,-18.473576,-18.098007,1.0,1
1890,-6.833446,-0.001078919,-15.525164,-18.212654,-16.628494,1.0,2
1891,-13.099341,-1.7523887e-05,-11.097275,-17.899866,-17.358051,3.0,2
1892,-17.215343,-3.5760596e-07,-17.461971,-11.512925464970229,-11.512925464970229,5.0,2
1893,-0.0941007,-11.512925464970229,-11.512925464970229,-11.512925464970229,-11.512925464970229,1.0,1
1894,-1.5206287,-0.24657513,-15.899275,-16.53443,-15.180781,1.0,2
1895,-11.512925464970229,-11.512925464970229,-16.947279,-0.00086995057,-7.0500984,4.0,4
1896,-11.512925464970229,-11.512925464970229,-11.512925464970229,-7.1626825,-0.00077726704,4.0,5
1897,-16.058767,-8.344534e-07,-16.431131,-15.003499,-11.512925464970229,1.0,2
1898,-1.0729074e-06,-15.881452,-18.511904,-18.397268,-20.077267,1.0,1
1899,-16.764675,-2.3844768e-07,-16.58369,-19.993166,-11.512925464970229,1.0,2
1900,-13.493513,-11.397299,-0.12709951,-12.853086,-11.512925464970229,1.0,3
1901,-14.840174,-15.178627,-15.872186,-5.7216143e-06,-14.230222,1.0,4
1902,0.0,-19.814411,-20.45942,-21.500309,-21.873688,2.0,1
1903,-15.023972,-13.994427,-1.5496514e-06,-17.10858,-11.512925464970229,1.0,3
1904,-3.815163e-06,-12.590462,-18.836779,-19.16125,-19.302832,1.0,1
1905,-11.512925464970229,-21.45663,-11.512925464970229,-21.452774,0.0,2.0,5
1906,-21.172047,-21.196611,0.0,-21.42985,-22.03548,2.0,3
1907,-18.029087,-20.33152,-20.486614,-14.938958,-4.7689537e-07,5.0,5
1908,-0.47226438,-11.512925464970229,-11.512925464970229,-11.512925464970229,-11.512925464970229,2.0,1
1909,-11.512925464970229,-11.512925464970229,-11.512925464970229,-11.512925464970229,-11.512925464970229,2.0,-1
1910,-11.512925464970229,-11.512925464970229,-11.512925464970229,-11.512925464970229,-11.512925464970229,2.0,-1
1911,-11.512925464970229,-11.512925464970229,-11.512925464970229,-11.512925464970229,-11.512925464970229,5.0,-1
1912,-1.2635423e-05,-11.328004,-18.372805,-18.98834,-18.783506,5.0,1
1913,-16.48448,-16.60366,-18.600117,-17.876587,-7.152119e-07,1.0,5
1914,-5.9602587e-07,-15.025535,-19.184322,-19.187595,-18.74329,1.0,1
1915,-18.986633,-21.121672,-20.441868,-18.128426,-1.1922384e-07,5.0,5
1916,-19.833307,-11.512925464970229,-11.512925464970229,-16.481907,-3.5760596e-07,5.0,5
1917,-17.95068,-18.556442,-19.193615,-2.3844768e-07,-18.67463,1.0,4
1918,-3.5760596e-07,-16.174519,-18.865044,-18.733635,-17.997005,1.0,1
1919,-17.78395,-20.486893,-20.290962,-16.267353,-2.3844768e-07,5.0,5
1920,-11.512925464970229,-11.512925464970229,-11.512925464970229,-12.286227,-5.9600343e-06,5.0,5
1921,-6.7947026e-06,-11.952849,-19.092976,-19.024899,-19.258554,3.0,1
1922,-4.7689537e-07,-15.1166315,-19.491337,-19.585773,-18.917866,4.0,1
1923,-15.01278,-0.0005426066,-7.5227194,-17.205065,-16.731747,4.0,2
1924,-0.0051550656,-5.2709727,-17.244371,-17.852596,-16.433315,5.0,1
1925,-11.512925464970229,-11.512925464970229,-11.512925464970229,-11.512925464970229,-11.512925464970229,3.0,-1
1926,-11.512925464970229,-11.512925464970229,-11.512925464970229,-11.512925464970229,-11.512925464970229,2.0,-1
1927,0.0,-18.853546,-21.846348,-19.361185,-19.822903,5.0,1
1928,-0.0011657295,-6.7561574,-18.292404,-18.397348,-18.426107,1.0,1
1929,-3.5760596e-07,-15.0804,-19.455746,-19.347267,-18.87759,1.0,1
1930,-17.890434,-3.5760596e-07,-17.460709,-19.58076,-11.512925464970229,1.0,2
1931,-19.068281,-21.391932,-11.512925464970229,-17.183498,0.0,5.0,5
1932,0.0,-21.861452,-22.263943,-22.54556,-22.180534,4.0,1
1933,-1.1922384e-07,-16.386772,-19.52334,-19.508522,-19.287481,3.0,1
1934,-3.5760596e-07,-16.107395,-19.522648,-19.353565,-18.41595,5.0,1
1935,-11.512925464970229,-11.512925464970229,-11.512925464970229,-22.328514,0.0,3.0,5
1936,-6.7947026e-06,-11.996347,-19.021053,-19.000114,-19.165947,2.0,1
1937,-1.5496514e-06,-13.619043,-18.610327,-18.472443,-18.793436,2.0,1
1938,-4.6326385,-0.009778318,-15.3110695,-17.535315,-15.222069,2.0,2
1939,-7.438434e-05,-9.515907,-18.417816,-18.322666,-17.991657,3.0,1
1940,-18.936478,-19.635498,-18.541117,-18.264296,-2.3844768e-07,1.0,5
1941,-1.3112239e-06,-14.024985,-17.84621,-18.48007,-18.34221,1.0,1
1942,-8.379868,-0.00025758808,-10.5193,-17.025602,-15.792676,5.0,2
1943,-12.284804,-0.00057083525,-7.479262,-15.286684,-16.289154,1.0,2
1944,-18.855974,-16.953808,-7.152119e-07,-18.013115,-11.512925464970229,1.0,3
1945,-17.365143,-17.00954,-7.152119e-07,-17.155315,-18.334843,3.0,3
1946,-11.512925464970229,-11.512925464970229,-11.512925464970229,-11.512925464970229,-11.512925464970229,1.0,-1
1947,-17.7172,-1.0729074e-06,-16.299013,-11.512925464970229,-11.512925464970229,2.0,2
1948,-21.33404,-21.331215,-22.017914,-19.535334,0.0,1.0,5
1949,-15.242861,-1.5260652e-05,-15.16228,-11.512925464970229,-17.477013,2.0,2
1950,-18.320232,-8.344534e-07,-17.214989,-11.512925464970229,-11.512925464970229,4.0,2
1951,-11.512925464970229,-17.583052,-5.9602587e-07,-17.940014,-11.512925464970229,3.0,3
1952,-2.3844768e-07,-16.164097,-20.10297,-19.834898,-20.221397,1.0,1
1953,0.0,-16.715261,-19.685644,-19.431255,-19.353413,3.0,1
1954,-20.547327,-19.364399,0.0,-19.441061,-21.83862,1.0,3
1955,-1.6689067e-06,-13.487369,-19.162603,-19.173494,-19.464457,1.0,1
1956,-20.292843,-18.351795,-20.503521,0.0,-18.430288,1.0,4
1957,-11.512925464970229,-11.512925464970229,-11.512925464970229,-11.512925464970229,-2.0266912e-06,2.0,5
1958,-0.00024936968,-8.300683,-18.970995,-19.194147,-18.174397,1.0,1
1959,-15.9331255,-17.370073,-16.083603,-2.0266912e-06,-15.028465,1.0,4
1960,-2.3844768e-07,-15.48824,-19.07779,-18.921173,-19.30245,2.0,1
1961,-0.27229238,-1.4336865,-15.340756,-16.813234,-15.042165,5.0,1
1962,-8.8208275,-0.00014910495,-14.488456,-18.788712,-16.583178,5.0,2
1963,-5.3625536,-0.00470245,-15.544679,-17.794847,-14.888284,4.0,2
1964,-7.152119e-07,-14.290747,-18.597973,-18.489819,-18.255281,2.0,1
1965,-1.1920517e-06,-14.172266,-18.19494,-17.804182,-16.751448,4.0,1
1966,-0.9644284,-0.47997138,-15.227469,-16.997908,-15.520407,5.0,2
1967,-0.17203218,-1.8450038,-15.389621,-16.361946,-14.964772,4.0,1
1968,-2.9564335e-05,-10.451922,-18.811874,-18.544703,-18.91816,1.0,1
1969,-5.9602587e-07,-15.031929,-18.803123,-18.861351,-19.30727,5.0,1
1970,-0.08132551,-2.5496635,-16.425224,-16.867493,-14.855485,4.0,1
1971,-6.0083028e-05,-9.732524,-18.525175,-18.895723,-19.009132,4.0,1
1972,-2.884861e-05,-10.472055,-17.657347,-17.728933,-18.696447,1.0,1
1973,-2.1458147e-06,-13.388533,-18.940687,-18.498913,-19.382711,4.0,1
1974,-11.512925464970229,-11.512925464970229,-11.512925464970229,-11.512925464970229,-11.512925464970229,5.0,-1
1975,-1.5856183e-05,-11.096017,-18.677568,-18.527344,-18.953796,3.0,1
1976,-14.811425,-0.026512977,-3.6435688,-14.87647,-16.243494,3.0,2
1977,-16.541346,-1.7523887e-05,-11.020228,-16.932638,-15.335788,2.0,2
1978,-11.512925464970229,-11.512925464970229,-11.512925464970229,-14.14139,-1.0729074e-06,3.0,5
1979,-19.295622,-20.186777,-20.342932,-14.573023,-5.9602587e-07,2.0,5
1980,-4.5296107e-05,-10.019841,-18.533676,-18.67246,-17.648977,1.0,1
1981,-11.512925464970229,-11.512925464970229,-11.512925464970229,-11.512925464970229,-0.0014017029,1.0,5
1982,-1.1735438,-10.443672,-0.37081704,-11.512925464970229,-12.724303,1.0,3
1983,-18.950598,-19.10923,-19.9061,-14.6886215,-7.152119e-07,4.0,5
1984,-15.600531,-3.7294917,-0.024859933,-7.5459895,-11.512925464970229,4.0,3
1985,-11.512925464970229,-8.412903,-0.0002228819,-16.62093,-19.24843,3.0,3
1986,-18.560196,-19.7478,-18.385206,-12.318194,-4.8873435e-06,4.0,5
1987,-18.61091,-19.884731,-19.336002,-13.390346,-1.6689067e-06,4.0,5
1988,-19.018724,-11.512925464970229,-11.512925464970229,-13.836463,-1.5496514e-06,1.0,5
1989,-16.981485,-18.305084,-17.238695,-12.992636,-2.5032687e-06,1.0,5
1990,-19.004326,-11.512925464970229,-11.512925464970229,-10.139024,-4.1243744e-05,1.0,5
1991,-15.770827,-4.7689537e-07,-20.132753,-18.572483,-15.129662,1.0,2
1992,-16.659557,-2.3844768e-07,-17.374752,-11.512925464970229,-11.512925464970229,3.0,2
1993,-17.631927,-16.541096,-1.0728064e-05,-15.469445,-11.512925464970229,3.0,3
1994,-11.512925464970229,-11.512925464970229,-11.512925464970229,-11.512925464970229,-11.512925464970229,4.0,-1
1995,-11.512925464970229,-11.512925464970229,-11.512925464970229,-11.512925464970229,-11.512925464970229,3.0,-1
1996,-11.512925464970229,-11.512925464970229,-11.512925464970229,-11.512925464970229,-11.512925464970229,1.0,-1
1997,-11.512925464970229,-11.512925464970229,-11.512925464970229,-11.512925464970229,-11.512925464970229,2.0,-1
1998,-11.512925464970229,-11.512925464970229,-11.512925464970229,-11.512925464970229,-11.512925464970229,1.0,-1
1999,-11.512925464970229,-11.512925464970229,-11.512925464970229,-11.512925464970229,-11.512925464970229,3.0,-1
2000,-3.5760596e-07,-15.457207,-19.319328,-19.086918,-19.648994,1.0,1
2001,-3.5760596e-07,-15.567347,-18.558496,-18.965889,-19.2831,1.0,1
2002,-8.832644e-05,-9.341964,-18.364761,-18.011688,-18.092817,1.0,1
2003,-14.515124,-2.1028888,-0.13053593,-8.320863,-16.002684,3.0,3
2004,-5.9602587e-07,-14.7143955,-18.332712,-18.329573,-18.445873,2.0,1
2005,-3.5760596e-07,-15.168599,-18.863914,-18.74737,-19.002102,3.0,1
2006,-3.5760596e-07,-15.994651,-18.650654,-17.286139,-17.76687,2.0,1
2007,-4.3267007,-0.013300569,-15.931427,-11.512925464970229,-15.875576,4.0,2
2008,-15.184336,-1.7285625e-05,-17.226583,-11.512925464970229,-11.512925464970229,2.0,2
2009,-0.0039808676,-11.512925464970229,-11.512925464970229,-11.512925464970229,-11.512925464970229,3.0,1
2010,-16.62273,-4.649037e-06,-18.142555,-11.512925464970229,-11.512925464970229,2.0,2
2011,-0.00060799794,-11.512925464970229,-11.512925464970229,-11.512925464970229,-11.512925464970229,4.0,1
2012,-2.5032687e-06,-13.073403,-18.828218,-19.474096,-18.810589,2.0,1
2013,-0.33119905,-11.512925464970229,-11.512925464970229,-11.512925464970229,-11.512925464970229,5.0,1
2014,-11.512925464970229,-12.835133,-3.3378135e-06,-14.998285,-11.512925464970229,3.0,3
2015,-12.528867,-11.983902,-0.02065842,-11.512925464970229,-11.512925464970229,2.0,3
2016,-19.009834,-14.44163,-1.6689067e-06,-14.276566,-18.600046,4.0,3
2017,-4.7689537e-07,-15.463918,-16.99452,-17.8561,-19.658764,2.0,1
2018,-17.024353,-1.1922384e-07,-16.981003,-20.004925,-21.149456,1.0,2
2019,-1.6689067e-06,-17.175207,-13.449424,-11.512925464970229,-11.512925464970229,2.0,1
2020,-15.4273815,-1.6689067e-06,-15.713089,-18.577593,-11.512925464970229,1.0,2
2021,-4.1724998e-06,-17.393024,-17.273586,-11.512925464970229,-11.512925464970229,3.0,1
2022,0.0,-22.055595,-22.436237,-21.280884,-23.170135,2.0,1
2023,0.0,-20.280405,-20.85787,-20.955515,-21.905182,1.0,1
2024,-17.730732,-3.5760596e-07,-17.020039,-11.512925464970229,-11.512925464970229,2.0,2
2025,-3.5760596e-07,-15.486751,-19.300251,-18.726665,-18.682306,3.0,1
2026,-1.0729074e-06,-14.281483,-18.419905,-18.602816,-19.07889,1.0,1
2027,-19.609562,-19.651117,0.0,-17.737442,-18.617077,3.0,3
2028,-0.00020094513,-11.512925464970229,-11.512925464970229,-11.512925464970229,-11.512925464970229,3.0,1
2029,-18.83213,-20.728697,-19.615076,-16.093868,-1.1922384e-07,2.0,5
2030,-4.684578e-05,-9.986094,-18.14224,-17.775629,-17.402945,1.0,1
2031,-1.02513495e-05,-11.515155,-18.9399,-19.022076,-18.402578,1.0,1
2032,-19.495169,0.0,-18.89215,-18.73659,-20.469221,5.0,2
2033,-4.3169494,-0.013432863,-15.81958,-16.911787,-14.787111,2.0,2
2034,-1.454359e-05,-11.174263,-18.646145,-18.504604,-17.926462,1.0,1
2035,-9.145885,-0.00011479403,-11.95092,-16.184927,-15.572979,2.0,2
2036,-10.115846,-4.3746564e-05,-13.023449,-17.822916,-17.228262,2.0,2
2037,-10.21231,-3.9217906e-05,-14.161096,-17.916756,-14.265084,2.0,2
2038,-17.768461,-0.027212497,-3.6177695,-17.500143,-15.7423525,1.0,2
2039,-11.512925464970229,-11.512925464970229,-11.512925464970229,-11.512925464970229,-0.0012208595,1.0,5
2040,-19.274437,-11.512925464970229,-11.512925464970229,-15.368619,-5.9602587e-07,4.0,5
2041,-17.57809,-19.361456,-19.264858,-19.269936,-1.1922384e-07,1.0,5
2042,-17.10449,-0.32157394,-1.291106,-11.512925464970229,-16.227108,1.0,2
2043,-2.3844768e-07,-18.91015,-16.550838,-20.393816,-16.932135,3.0,1
2044,-18.07094,-19.672026,-19.77796,-19.733517,-1.1922384e-07,4.0,5
2045,-17.283972,-18.137833,-18.68795,-19.36381,-3.5760596e-07,3.0,5
2046,-8.423805,-0.00022121263,-14.094536,-18.565155,-17.242104,2.0,2
2047,-9.610055,-6.926154e-05,-13.616996,-18.544733,-15.961812,3.0,2
2048,-11.512925464970229,-11.512925464970229,-11.512925464970229,-0.24607623,-1.5224243,1.0,4
2049,0.0,-17.431376,-21.65602,-20.16545,-19.382624,1.0,1
2050,-1.7643022e-05,-10.979136,-18.861052,-18.756933,-18.862623,2.0,1
2051,-11.512925464970229,-11.512925464970229,-16.689968,-0.001978919,-6.227046,4.0,4
2052,-11.512925464970229,-11.512925464970229,-11.512925464970229,-14.353845,-1.0729074e-06,5.0,5
2053,-1.7881898e-06,-13.373991,-18.905706,-18.662912,-18.413687,3.0,1
2054,-0.00044025236,-7.729938,-18.657072,-17.861643,-17.606096,2.0,1
2055,-11.512925464970229,-11.512925464970229,-11.512925464970229,-11.512925464970229,-11.512925464970229,4.0,-1
2056,-11.512925464970229,-11.512925464970229,-18.85264,-1.275466e-05,-11.330364,5.0,4
2057,-20.084118,-11.512925464970229,-11.512925464970229,-15.648741,-4.7689537e-07,4.0,5
2058,-3.9342685e-06,-12.521494,-19.422337,-19.034828,-18.835482,2.0,1
2059,-19.56194,-11.512925464970229,-11.512925464970229,-14.6791525,-7.152119e-07,4.0,5
2060,-19.57777,-21.715244,-11.512925464970229,-17.41034,0.0,4.0,5
2061,-11.512925464970229,-11.512925464970229,-11.512925464970229,-11.512925464970229,-11.512925464970229,5.0,-1
2062,-3.5760596e-07,-16.616833,-19.587006,-19.432226,-19.527954,2.0,1
2063,-4.25547e-05,-10.078742,-18.485159,-18.044907,-18.503891,2.0,1
2064,-11.512925464970229,-11.512925464970229,-11.512925464970229,-10.880549,-2.014519e-05,4.0,5
2065,-9.834399,-0.00010596956,-9.897708,-17.020628,-15.862004,2.0,2
2066,-1.0729074e-06,-14.213358,-18.860163,-18.520048,-18.8884,1.0,1
2067,-6.7832036e-05,-9.612382,-18.764679,-18.505573,-17.925371,1.0,1
2068,-18.998173,-11.512925464970229,-11.512925464970229,-14.300778,-1.3112239e-06,5.0,5
2069,-11.512925464970229,-14.20373,-1.5496514e-06,-14.646843,-11.512925464970229,5.0,3
2070,-7.164416e-05,-9.547725,-18.877245,-19.411482,-19.697285,1.0,1
2071,-18.759117,-11.512925464970229,-19.49185,-14.550525,-7.152119e-07,5.0,5
2072,-19.216873,-20.601707,-20.005459,-14.382621,-5.9602587e-07,5.0,5
2073,-18.897778,-21.163513,-20.841919,-15.903463,-1.1922384e-07,4.0,5
2074,-2.5032687e-06,-13.026774,-18.960361,-19.163298,-19.257196,1.0,1
2075,-19.80848,-19.244541,-15.360737,-4.7689537e-07,-16.358742,5.0,4
2076,-19.49377,-11.512925464970229,-11.512925464970229,-15.335555,-4.7689537e-07,5.0,5
2077,-18.968632,-20.76805,-20.415813,-15.117728,-2.3844768e-07,5.0,5
2078,-5.2448504e-06,-12.216918,-19.4405,-19.088465,-19.369524,1.0,1
2079,-19.021957,-20.571066,-20.562363,-15.100673,-4.7689537e-07,5.0,5
2080,-18.999897,-20.47444,-11.512925464970229,-15.462927,-4.7689537e-07,5.0,5
2081,-18.905426,-20.179934,-11.512925464970229,-15.24536,-4.7689537e-07,5.0,5
2082,-1.0729074e-06,-14.048543,-19.310534,-18.822063,-19.017517,1.0,1
2083,-18.861996,-18.149437,-11.512925464970229,-13.0813875,-2.3841035e-06,5.0,5
2084,-11.512925464970229,-11.512925464970229,-11.512925464970229,-9.017232,-0.00012277917,5.0,5
2085,-19.23516,-18.967716,-11.512925464970229,-14.350568,-8.344534e-07,5.0,5
2086,-1.0729074e-06,-13.974898,-19.24149,-19.263273,-19.525322,4.0,1
2087,-1.1920517e-06,-13.886397,-19.56188,-19.407833,-19.703632,2.0,1
2088,-11.512925464970229,-14.88072,-8.344534e-07,-16.09758,-11.512925464970229,2.0,3
2089,-11.512925464970229,-11.512925464970229,-18.092958,-0.0033648554,-5.696669,5.0,4
2090,-4.0409548e-05,-10.132463,-19.259504,-19.06286,-18.673513,2.0,1
2091,-0.0050154505,-5.298167,-17.909922,-18.150806,-16.991007,2.0,1
2092,-0.8228707,-0.5783562,-16.069498,-16.639473,-14.330095,3.0,2
2093,-11.512925464970229,-11.512925464970229,-11.512925464970229,-0.38501167,-1.1408939,5.0,4
2094,-2.3844768e-07,-15.693498,-19.223717,-18.951483,-19.229578,3.0,1
2095,-0.0007979952,-7.134717,-19.067205,-18.37069,-18.34179,3.0,1
2096,-18.047443,-20.095118,-20.865349,-16.017319,-2.3844768e-07,2.0,5
2097,-19.10376,-11.512925464970229,-11.512925464970229,-15.038569,-5.9602587e-07,2.0,5
2098,-13.27582,-2.2649522e-06,-15.398627,-18.149895,-16.54227,5.0,2
2099,-1.3112239e-06,-13.838613,-19.250309,-18.356234,-19.178627,4.0,1
2100,-11.512925464970229,-20.611996,-16.955776,-4.7689537e-07,-15.238983,2.0,4
2101,-11.512925464970229,-11.512925464970229,-16.522366,-4.649037e-06,-12.379346,3.0,4
2102,-11.512925464970229,-11.512925464970229,-11.512925464970229,-12.557665,-4.053381e-06,3.0,5
2103,-11.512925464970229,-11.512925464970229,-11.512925464970229,-11.208392,-1.4424305e-05,4.0,5
2104,-19.132435,-11.512925464970229,-11.512925464970229,-12.889807,-3.0993028e-06,1.0,5
2105,-17.009241,-6.2813935,-0.030092707,-3.584128,-11.512925464970229,4.0,3
2106,-0.00028236414,-8.174538,-19.143583,-18.82013,-19.212626,2.0,1
2107,-19.468294,-11.512925464970229,-11.512925464970229,-12.138506,-5.7216143e-06,5.0,5
2108,-19.924372,-14.22101,-2.0266912e-06,-13.804298,-19.747894,1.0,3
2109,-3.5760596e-07,-15.914471,-19.522001,-19.165327,-19.18742,1.0,1
2110,-11.512925464970229,-11.512925464970229,-11.512925464970229,-14.781662,-8.344534e-07,4.0,5
2111,-19.469606,-11.512925464970229,-11.512925464970229,-14.966482,-8.344534e-07,5.0,5
2112,-19.731659,-11.512925464970229,-11.512925464970229,-14.538412,-8.344534e-07,2.0,5
2113,-8.344534e-07,-14.278828,-19.325487,-19.17382,-19.596195,1.0,1
2114,-0.00016542841,-8.710464,-18.97216,-18.854921,-18.838995,1.0,1
2115,-19.783148,-11.512925464970229,-11.512925464970229,-16.008383,-4.7689537e-07,5.0,5
2116,-19.147026,-11.512925464970229,-11.512925464970229,-13.816751,-1.4304238e-06,4.0,5
2117,-15.522933,-6.079254e-06,-15.446628,-18.892912,-11.512925464970229,3.0,2
2118,-15.790853,-14.699209,-14.298666,-3.3141754e-05,-14.260218,1.0,4
2119,-18.575119,-11.512925464970229,-11.512925464970229,-14.804366,-7.152119e-07,4.0,5
2120,-18.550192,-11.512925464970229,-11.512925464970229,-13.929046,-1.5496514e-06,5.0,5
2121,-16.598291,-17.273619,-17.392931,-17.36732,-5.0660925e-05,3.0,5
2122,0.0,-17.961231,-20.944237,-19.715166,-21.315989,4.0,1
2123,-13.297537,-5.2448504e-06,-11.512925464970229,-16.745333,-11.512925464970229,3.0,2
2124,-2.3844768e-07,-17.489914,-11.512925464970229,-20.025856,-11.512925464970229,5.0,1
2125,-15.581585,-16.1411,-16.917233,-15.367157,-5.8408214e-06,2.0,5
2126,-3.5762778e-07,-16.65183,-19.597992,-19.604887,-18.657303,2.0,1
2127,0.0,-17.407654,-20.193043,-20.333208,-19.816368,2.0,1
2128,-5.9600343e-06,-12.0960865,-19.385439,-18.90625,-18.75088,5.0,1
2129,-22.479757,0.0,-21.39172,-20.744072,-22.575333,1.0,2
2130,-4.7689537e-07,-15.251159,-19.526237,-19.189325,-19.182682,1.0,1
2131,-0.026191935,-3.6555617,-16.749224,-17.462254,-15.996094,4.0,1
2132,-22.965141,-22.901844,-22.580065,0.0,-21.926483,1.0,4
2133,-13.849719,-1.4304238e-06,-16.862291,-18.933481,-18.801142,3.0,2
2134,0.0,-19.94794,-17.664032,-21.436024,-21.319448,1.0,1
2135,-16.315464,-1.1922384e-07,-11.512925464970229,-11.512925464970229,-11.512925464970229,3.0,2
2136,-16.751612,-2.3844768e-07,-19.146278,-11.512925464970229,-11.512925464970229,2.0,2
2137,-4.7689537e-07,-11.512925464970229,-11.512925464970229,-11.512925464970229,-11.512925464970229,1.0,1
2138,-4.7689537e-07,-16.794672,-18.601883,-11.512925464970229,-11.512925464970229,1.0,1
2139,-18.844658,-20.772709,-21.0414,-19.669949,0.0,4.0,5
2140,-2.3844768e-07,-18.808186,-11.512925464970229,-11.512925464970229,-11.512925464970229,1.0,1
2141,-8.344534e-07,-14.31968,-19.221771,-18.977163,-19.076618,2.0,1
2142,-1.1922384e-07,-16.665443,-19.800446,-19.741829,-19.842392,3.0,1
2143,-18.138687,-15.762034,-8.344534e-07,-16.373512,-18.179844,4.0,3
2144,-18.87268,-11.512925464970229,-11.512925464970229,-12.873509,-3.3378135e-06,4.0,5
2145,-0.09489615,-11.512925464970229,-11.512925464970229,-11.512925464970229,-11.512925464970229,1.0,1
2146,-4.7689537e-07,-18.40208,-19.069016,-18.38937,-11.512925464970229,5.0,1
2147,-11.512925464970229,-11.512925464970229,-11.512925464970229,-11.512925464970229,-11.512925464970229,1.0,-1
2148,-0.2609152,-11.512925464970229,-11.512925464970229,-11.512925464970229,-11.512925464970229,5.0,1
2149,-1.0729074e-06,-14.111806,-19.253954,-19.07681,-19.780605,2.0,1
2150,-0.012982151,-4.3510237,-17.640734,-17.674809,-15.811425,2.0,1
2151,-14.769007,-0.88310826,-0.5338403,-9.171756,-16.017408,4.0,3
2152,-11.512925464970229,-13.55608,-2.3841035e-06,-14.123179,-11.512925464970229,2.0,3
2153,-3.815163e-06,-12.663241,-19.426495,-18.852066,-19.334888,2.0,1
2154,-9.6670185e-05,-9.257064,-18.87691,-18.330637,-17.579506,1.0,1
2155,-4.2716303,-0.014060151,-16.41626,-11.512925464970229,-15.113366,3.0,2
2156,-20.741638,0.0,-20.86708,-21.66772,-21.248137,5.0,2
2157,-11.512925464970229,-11.512925464970229,-11.512925464970229,-7.192321,-0.00075427577,5.0,5
2158,-16.114029,-5.9602587e-07,-15.709227,-18.265566,-11.512925464970229,2.0,2
2159,-19.567667,-11.512925464970229,-11.512925464970229,-12.656437,-3.6956835e-06,4.0,5
2160,-0.0002333753,-8.366107,-18.327175,-18.154202,-18.444193,1.0,1
2161,-4.7689537e-07,-15.62277,-18.57059,-18.343927,-18.499115,4.0,1
2162,-1.3470147e-05,-11.257072,-17.961023,-17.630116,-17.553934,1.0,1
2163,-18.65454,-20.148083,-20.113197,-14.680677,-8.344534e-07,5.0,5
2164,-18.192156,-11.512925464970229,-11.512925464970229,-11.747029,-8.583249e-06,2.0,5
2165,-19.657341,-11.512925464970229,-11.512925464970229,-13.105828,-2.3841035e-06,5.0,5
2166,-19.27764,-11.512925464970229,-11.512925464970229,-13.916883,-1.3112239e-06,3.0,5
2167,-19.523388,-11.512925464970229,-11.512925464970229,-14.195801,-1.4304238e-06,3.0,5
2168,-11.512925464970229,-18.489298,-8.751153,-0.00015899398,-15.953269,2.0,4
2169,-11.512925464970229,-19.576574,-15.498688,-1.1920517e-06,-14.845822,5.0,4
2170,-11.512925464970229,-19.320105,-15.0871315,-5.9602587e-07,-17.252697,5.0,4
2171,-18.266294,-19.593365,-11.512925464970229,-12.141148,-5.9600343e-06,5.0,5
2172,-18.216578,-17.802942,-14.632163,-7.152119e-07,-18.761114,5.0,4
2173,-8.810205,-0.00015041548,-15.018775,-11.512925464970229,-17.103544,5.0,2
2174,0.0,-17.27922,-20.353868,-20.13476,-19.778946,1.0,1
2175,-11.512925464970229,-11.512925464970229,-11.512925464970229,-11.512925464970229,-11.512925464970229,4.0,-1
2176,-0.06815543,-2.7199366,-17.193827,-17.240276,-16.076918,1.0,1
2177,-4.7689537e-07,-15.2632,-19.596691,-19.194025,-19.508913,2.0,1
2178,-4.7689537e-07,-16.122898,-19.394606,-19.382801,-19.071043,2.0,1
2179,-19.60022,-21.59034,-21.830235,-18.127787,0.0,4.0,5
2180,-5.9602587e-07,-14.99878,-19.75172,-19.40205,-19.34256,1.0,1
2181,-17.645851,-18.128418,0.0,-17.675419,-20.016003,2.0,3
2182,-1.1922384e-07,-16.707834,-19.29863,-19.594883,-19.441637,1.0,1
2183,-1.1922384e-07,-16.27752,-19.389406,-19.86154,-19.569756,1.0,1
2184,-20.18077,-19.51014,0.0,-18.036161,-20.807974,2.0,3
2185,-0.0041841767,-11.512925464970229,-11.512925464970229,-11.512925464970229,-11.512925464970229,1.0,1
2186,-19.384188,-18.9109,0.0,-17.464027,-20.444653,3.0,3
2187,-16.167128,-15.329784,-0.00017937121,-17.496956,-11.512925464970229,1.0,3
2188,0.0,-20.329678,-19.099024,-22.36354,-11.512925464970229,4.0,1
2189,-1.1922384e-07,-16.150856,-19.401968,-19.212317,-18.968382,1.0,1
2190,-1.9075815e-06,-13.297694,-18.74077,-18.69269,-18.557047,2.0,1
2191,-0.086324625,-2.4924774,-16.060946,-16.223139,-14.929712,3.0,1
2192,-11.512925464970229,-11.512925464970229,-11.512925464970229,-11.512925464970229,-11.512925464970229,5.0,-1
2193,-4.7689537e-07,-15.161309,-18.781868,-18.654587,-19.039284,3.0,1
2194,-0.003012509,-5.807328,-16.029482,-16.585455,-15.980047,4.0,1
2195,-11.512925464970229,-11.512925464970229,-18.182722,-0.00054701354,-7.513963,4.0,4
2196,-0.0004531263,-7.7014723,-17.784092,-18.473955,-17.792652,2.0,1
2197,-3.5760596e-07,-15.341993,-19.185408,-19.160671,-18.524014,3.0,1
2198,-1.0013012e-05,-11.536268,-18.979727,-18.955605,-19.108484,2.0,1
2199,-11.512925464970229,-11.512925464970229,-11.512925464970229,-13.722531,-1.4304238e-06,5.0,5
2200,-17.510548,-1.1922384e-07,-20.12072,-18.749046,-20.756102,2.0,2
2201,-1.6213524e-05,-11.062278,-18.62826,-19.02667,-18.227,2.0,1
2202,-19.509792,-11.512925464970229,-11.512925464970229,-14.660152,-5.9602587e-07,4.0,5
2203,-19.717197,-11.512925464970229,-11.512925464970229,-14.30828,-7.152119e-07,5.0,5
2204,-0.0002535384,-8.284117,-18.85102,-19.082842,-18.017942,3.0,1
2205,-1.5496514e-06,-13.536418,-19.580223,-18.960012,-19.32977,2.0,1
2206,-21.100412,0.0,-20.361404,-20.950184,-21.651972,3.0,2
2207,-11.512925464970229,-11.512925464970229,-11.512925464970229,-7.3273063,-0.00065945555,4.0,5
2208,-21.007137,0.0,-21.782417,-20.255066,-21.289867,3.0,2
2209,-5.2448504e-06,-12.196876,-19.516344,-19.000849,-18.522093,2.0,1
2210,-17.42343,-13.698148,-1.7881898e-06,-18.770737,-11.512925464970229,1.0,3
2211,-18.601828,-20.299524,-20.744991,-16.247837,-1.1922384e-07,2.0,5
2212,-18.099133,-8.3449995e-06,-11.728518,-19.042572,-11.512925464970229,2.0,2
2213,-0.00013671539,-8.899865,-19.758554,-19.520412,-19.52599,3.0,1
2214,-4.7689537e-07,-15.153458,-19.699852,-19.415522,-19.222042,4.0,1
2215,-18.88676,-11.512925464970229,-11.512925464970229,-16.884418,-1.1922384e-07,4.0,5
2216,-0.3255575,-1.2807081,-17.227684,-11.512925464970229,-16.780209,4.0,1
2217,-0.07269718,-11.512925464970229,-11.512925464970229,-11.512925464970229,-11.512925464970229,3.0,1
2218,-4.768187e-06,-12.31359,-19.26864,-19.346334,-19.290236,2.0,1
2219,-11.512925464970229,-11.512925464970229,-11.512925464970229,-11.512925464970229,-11.512925464970229,5.0,-1
2220,-1.7295659,-0.19526786,-14.261238,-16.65599,-17.017262,4.0,2
2221,-15.634222,-15.853166,-11.512925464970229,-13.003841,-2.586704e-05,3.0,5
2222,-1.1922384e-07,-16.378101,-19.976929,-19.802166,-19.817398,1.0,1
2223,-3.8721707,-0.021037403,-16.350422,-17.997963,-14.935349,3.0,2
2224,-5.9602587e-07,-14.930545,-20.269741,-19.763964,-20.05145,2.0,1
2225,-4.7689537e-07,-15.574512,-19.425121,-19.122179,-19.057514,1.0,1
2226,-4.7689537e-07,-15.672428,-19.22625,-18.64747,-18.235329,1.0,1
2227,-18.28259,-17.42248,-11.512925464970229,-1.0729074e-06,-17.520079,4.0,4
2228,-2.3844768e-07,-16.117714,-20.314636,-20.150118,-18.999573,2.0,1
2229,-0.003296925,-5.7170496,-17.13101,-17.030577,-16.452728,1.0,1
2230,-19.610071,-11.512925464970229,-11.512925464970229,-15.990434,-2.3844768e-07,5.0,5
2231,-19.402348,-11.512925464970229,-11.512925464970229,-16.314068,-2.3844768e-07,5.0,5
2232,-18.701181,-11.512925464970229,-11.512925464970229,-15.985738,-3.5760596e-07,5.0,5
2233,-0.0004510998,-7.7062597,-17.998629,-18.131628,-17.576212,3.0,1
2234,-19.11479,-11.512925464970229,-11.512925464970229,-16.248512,-2.3844768e-07,5.0,5
2235,-19.908306,-11.512925464970229,-11.512925464970229,-15.558636,-4.7689537e-07,4.0,5
2236,-19.74569,-21.432936,-11.512925464970229,-17.128359,0.0,4.0,5
2237,-19.714685,-11.512925464970229,-11.512925464970229,-13.527801,-1.5496514e-06,1.0,5
2238,-11.512925464970229,-11.512925464970229,-16.608742,-7.366949e-05,-9.528232,1.0,4
2239,-11.512925464970229,-11.512925464970229,-11.512925464970229,-14.847609,-5.9602587e-07,4.0,5
2240,-1.096644e-05,-11.447245,-18.213253,-18.504509,-18.713858,1.0,1
2241,-0.061680395,-11.512925464970229,-11.512925464970229,-11.512925464970229,-11.512925464970229,2.0,1
2242,-3.6954e-05,-10.214925,-18.016218,-18.370852,-18.417923,3.0,1
2243,-19.059618,-20.520325,-19.998024,-14.366626,-8.344534e-07,5.0,5
2244,-7.3910837e-06,-11.842879,-18.45739,-18.71545,-18.553993,1.0,1
2245,-4.7689537e-07,-15.367786,-19.294813,-18.540276,-19.223217,2.0,1
2246,-1.1922384e-07,-16.315163,-19.692652,-19.285812,-19.887085,1.0,1
2247,-1.1922384e-07,-16.068869,-19.157656,-18.254635,-18.510124,4.0,1
2248,-11.512925464970229,-11.512925464970229,-11.512925464970229,-11.512925464970229,-11.512925464970229,3.0,-1
2249,-4.7689537e-07,-15.199622,-18.550411,-18.504663,-18.918358,2.0,1
2250,-3.5760596e-07,-15.572303,-18.723686,-18.483696,-18.90564,1.0,1
2251,-19.381094,-11.512925464970229,-11.512925464970229,-14.232023,-1.1920517e-06,3.0,5
2252,-11.512925464970229,-19.546942,-15.42181,-4.4107555e-06,-12.527259,2.0,4
2253,-18.286674,-7.152119e-07,-16.975449,-11.512925464970229,-11.512925464970229,3.0,2
2254,-11.512925464970229,-11.512925464970229,-18.071438,-7.152119e-07,-18.535114,1.0,4
2255,-20.375252,-19.750174,0.0,-19.309185,-19.388903,2.0,3
2256,-16.721483,-16.392698,-11.512925464970229,-0.0017903995,-11.512925464970229,2.0,4
2257,-16.676247,-2.3844768e-07,-16.550629,-16.48258,-18.627102,3.0,2
2258,-5.9602587e-07,-15.353367,-19.471478,-19.105614,-19.145336,2.0,1
2259,-0.026957508,-11.512925464970229,-11.512925464970229,-11.512925464970229,-11.512925464970229,3.0,1
2260,0.0,-19.0612,-11.512925464970229,-21.797403,-22.616743,1.0,1
2261,-0.029249271,-15.303702,-11.512925464970229,-11.512925464970229,-11.512925464970229,2.0,1
2262,-1.1922384e-07,-16.657673,-19.9051,-19.56007,-18.98325,2.0,1
2263,-14.634152,-14.403836,-9.166374e-05,-11.512925464970229,-11.512925464970229,2.0,3
2264,-15.065529,-14.467531,-0.30696896,-11.512925464970229,-11.512925464970229,3.0,3
2265,-20.84723,-19.123611,0.0,-19.873112,-20.758478,1.0,3
2266,-11.512925464970229,-0.07763167,-11.512925464970229,-11.512925464970229,-11.512925464970229,2.0,2
2267,-16.399506,-16.461132,-18.18466,-0.0006824453,-11.512925464970229,1.0,4
2268,-19.077456,0.0,-18.349457,-19.211838,-18.37105,2.0,2
2269,-19.107155,-20.192259,-18.772318,0.0,-18.629608,1.0,4
2270,-18.506111,-2.1458147e-06,-17.52461,-11.512925464970229,-11.512925464970229,5.0,2
2271,-16.223457,-1.47821675e-05,-11.158705,-18.286736,-15.991026,4.0,2
2272,-21.357784,-20.076948,0.0,-20.19354,-22.010445,1.0,3
2273,-17.250536,-1.5496514e-06,-14.470124,-17.193022,-19.462332,2.0,2
2274,-18.243792,-1.4304238e-06,-17.619219,-11.512925464970229,-11.512925464970229,1.0,2
2275,-17.573717,-1.1920517e-06,-13.950165,-18.986616,-17.055826,1.0,2
2276,-3.5760596e-07,-15.369194,-19.808846,-19.551071,-20.133263,2.0,1
2277,-12.861796,-2.372092e-05,-10.792268,-18.187557,-16.856419,2.0,2
2278,-11.512925464970229,-11.512925464970229,-11.512925464970229,-13.469043,-2.2649522e-06,5.0,5
2279,-2.6372979,-0.07424292,-16.305737,-17.772501,-14.947519,2.0,2
2280,-2.1458147e-06,-13.155437,-18.844984,-19.05652,-18.485672,1.0,1
2281,-15.558989,-1.3395553,-0.30376193,-11.769345,-15.769685,4.0,3
2282,-19.214827,-21.307713,-21.558846,-16.740404,0.0,5.0,5
2283,-4.0409548e-05,-10.121878,-18.839746,-19.329409,-19.462107,1.0,1
2284,-0.020739596,-3.8862467,-17.33216,-17.387875,-17.071997,4.0,1
2285,-18.626635,-11.512925464970229,-11.512925464970229,-14.387373,-9.537907e-07,4.0,5
2286,-19.307634,-11.512925464970229,-11.512925464970229,-16.395523,-8.344534e-07,4.0,5
2287,-11.512925464970229,-11.512925464970229,-11.512925464970229,-12.335299,-5.48322e-06,4.0,5
2288,-0.00012968745,-8.952187,-20.212591,-19.932714,-20.233185,2.0,1
2289,-2.401612,-0.09493712,-16.72335,-17.669773,-16.173433,4.0,2
2290,-19.533512,-11.512925464970229,-11.512925464970229,-14.268148,-9.537907e-07,4.0,5
2291,-11.512925464970229,-11.512925464970229,-11.512925464970229,-10.781419,-2.1694499e-05,5.0,5
2292,-18.808199,-11.512925464970229,-11.512925464970229,-14.589908,-8.344534e-07,5.0,5
2293,-19.327024,-11.512925464970229,-11.512925464970229,-14.637104,-1.0729074e-06,5.0,5
2294,-19.127548,-11.512925464970229,-11.512925464970229,-16.119686,-2.3844768e-07,4.0,5
2295,-11.512925464970229,-19.658089,-11.531169,-1.060888e-05,-17.479109,4.0,4
2296,-19.27413,-11.512925464970229,-11.512925464970229,-12.342771,-4.8873435e-06,4.0,5
2297,-19.249378,-11.512925464970229,-11.512925464970229,-11.9466305,-6.9139664e-06,3.0,5
2298,-18.363932,-11.512925464970229,-11.512925464970229,-16.79612,-2.3844768e-07,5.0,5
2299,-11.512925464970229,-15.932776,-3.60433,-0.027587853,-11.512925464970229,4.0,4
2300,-11.512925464970229,-11.512925464970229,-11.512925464970229,-0.041746657,-3.1969895,4.0,4
2301,-11.512925464970229,-11.512925464970229,-11.512925464970229,-0.25477108,-1.4918221,5.0,4
2302,-19.099236,-11.512925464970229,-11.512925464970229,-8.891736,-0.00013862136,5.0,5
2303,-19.025793,-19.361048,-11.512925464970229,-12.306558,-4.8873435e-06,4.0,5
2304,-3.601522,-0.027665732,-13.978204,-17.106796,-17.78764,1.0,2
2305,-11.512925464970229,-11.512925464970229,-11.512925464970229,-0.075677305,-2.6188827,5.0,4
2306,-19.441227,-11.512925464970229,-11.512925464970229,-11.292887,-1.3231638e-05,5.0,5
2307,-11.512925464970229,-19.118746,-9.5804205,-6.973805e-05,-16.615202,3.0,4
2308,-2.7416409e-06,-12.896525,-19.875282,-18.90674,-19.346455,1.0,1
2309,-11.512925464970229,-11.512925464970229,-11.512925464970229,-9.620538,-6.7951165e-05,1.0,5
2310,-15.335357,-13.623366,-6.7947026e-06,-14.328568,-16.172117,5.0,3
2311,-20.630295,0.0,-21.752779,-21.921944,-11.512925464970229,2.0,2
2312,-1.1922384e-07,-15.853381,-19.529076,-19.494535,-19.96419,2.0,1
2313,-10.3237705,-3.409474e-05,-14.394644,-18.470385,-17.045494,1.0,2
2314,-19.46172,-11.512925464970229,-11.512925464970229,-14.464298,-8.344534e-07,5.0,5
2315,-11.512925464970229,-17.2122,-4.0413437,-0.017734373,-11.512925464970229,5.0,4
2316,-8.821511e-06,-11.687476,-18.82958,-18.952005,-19.244091,1.0,1
2317,-18.968653,-11.512925464970229,-11.512925464970229,-11.640909,-9.298074e-06,4.0,5
2318,-11.512925464970229,-11.512925464970229,-11.512925464970229,-7.025723,-0.00089127576,5.0,5
2319,-19.200235,-11.512925464970229,-11.512925464970229,-10.987155,-1.7643022e-05,4.0,5
2320,-18.824347,-11.512925464970229,-11.512925464970229,-14.285291,-9.537907e-07,5.0,5
2321,-19.623262,-12.755803,-5.364032e-06,-13.153446,-11.512925464970229,5.0,3
2322,-19.647738,-11.512925464970229,-11.512925464970229,-15.407474,-4.7689537e-07,5.0,5
2323,-19.021172,-17.916092,-19.03653,0.0,-20.66493,3.0,4
2324,-5.9600343e-06,-12.07061,-19.340923,-18.600191,-19.951447,4.0,1
2325,-11.512925464970229,-11.512925464970229,-13.075343,-2.9800683e-06,-17.498573,3.0,4
2326,-18.980963,-11.512925464970229,-11.512925464970229,-13.256779,-2.2649522e-06,5.0,5
2327,-4.529893e-06,-12.363767,-19.49102,-18.859009,-19.599478,2.0,1
2328,-19.415354,-11.512925464970229,-11.512925464970229,-12.663303,-3.9342685e-06,4.0,5
2329,-19.195127,-11.512925464970229,-11.512925464970229,-13.286034,-2.3841035e-06,4.0,5
2330,-19.250347,-21.265795,-21.264256,-16.154936,-1.1922384e-07,5.0,5
2331,-11.512925464970229,-11.512925464970229,-11.512925464970229,-7.136547,-0.0007972805,5.0,5
2332,-11.512925464970229,-17.624651,-9.094792,-0.000113243645,-18.24259,5.0,4
2333,-11.512925464970229,-11.512925464970229,-11.512925464970229,-0.0012774146,-6.6647506,5.0,4
2334,-11.512925464970229,-11.512925464970229,-11.512925464970229,-9.886373,-5.2330306e-05,5.0,5
2335,-19.080738,-11.512925464970229,-11.512925464970229,-13.7697525,-1.4304238e-06,4.0,5
2336,-19.267006,-11.512925464970229,-11.512925464970229,-12.687328,-3.4570896e-06,5.0,5
2337,-18.288284,-20.34849,-19.948185,-14.919609,-5.9602587e-07,4.0,5
2338,-18.952574,-11.512925464970229,-20.81432,-16.574038,-2.3844768e-07,5.0,5
2339,-18.713825,-20.951454,-20.531178,-15.395159,-3.5760596e-07,5.0,5
2340,-19.27622,-11.512925464970229,-20.02704,-13.085259,-2.3841035e-06,5.0,5
2341,-11.512925464970229,-11.512925464970229,-14.602218,-8.344534e-07,-19.50885,4.0,4
2342,-19.066835,-11.512925464970229,-11.512925464970229,-14.853833,-5.9602587e-07,4.0,5
2343,-18.930544,-11.512925464970229,-11.512925464970229,-13.400245,-1.9075815e-06,5.0,5
2344,-19.47481,-11.512925464970229,-11.512925464970229,-14.206385,-1.0729074e-06,4.0,5
2345,-19.001202,-11.512925464970229,-11.512925464970229,-14.040611,-1.1920517e-06,4.0,5
2346,-19.842606,-11.512925464970229,-11.512925464970229,-16.05056,-3.5760596e-07,4.0,5
2347,-19.039648,-20.266764,-19.985493,-14.094216,-9.537907e-07,4.0,5
2348,-3.815163e-06,-12.557096,-19.219667,-19.05232,-19.35147,3.0,1
2349,-12.8424835,-3.409474e-05,-10.386993,-17.443554,-17.176311,4.0,2
2350,-11.512925464970229,-11.512925464970229,-11.512925464970229,-10.2265215,-3.731144e-05,4.0,5
2351,-11.512925464970229,-11.512925464970229,-14.94417,-0.0002959444,-8.131023,4.0,4
2352,-1.1922384e-07,-15.562844,-19.709143,-19.262133,-19.015701,1.0,1
2353,-19.061386,-11.512925464970229,-11.512925464970229,-14.519912,-8.344534e-07,4.0,5
2354,-19.56772,-11.512925464970229,-11.512925464970229,-16.590694,-3.5760596e-07,4.0,5
2355,-18.842003,-11.512925464970229,-11.512925464970229,-14.735071,-5.9602587e-07,4.0,5
2356,-11.512925464970229,-11.512925464970229,-11.512925464970229,-0.9664185,-0.47874948,4.0,5
2357,-11.512925464970229,-19.191895,-9.011944,-0.00012242186,-18.633461,4.0,4
2358,-11.512925464970229,-11.512925464970229,-11.512925464970229,-11.155966,-1.5379754e-05,3.0,5
2359,-0.0002805773,-8.18091,-19.05154,-18.82052,-19.170738,1.0,1
2360,-19.159615,-20.070143,-19.899734,-12.422333,-4.4107555e-06,4.0,5
2361,-18.057823,-19.87984,-20.157568,-13.188223,-2.1458147e-06,4.0,5
2362,-11.512925464970229,-11.512925464970229,-11.512925464970229,-0.13746838,-2.0523071,5.0,4
2363,-17.967201,-18.833763,-18.34165,-12.4658,-4.053381e-06,4.0,5
2364,-0.0013582517,-6.602873,-18.378777,-18.904682,-18.451841,3.0,1
2365,-7.152119e-07,-14.890687,-18.692467,-18.077757,-18.073124,3.0,1
2366,-0.0073480424,-4.917245,-18.163153,-18.56369,-18.301943,2.0,1
2367,-19.309546,-11.512925464970229,-11.512925464970229,-15.293768,-5.9602587e-07,4.0,5
2368,-15.59949,-0.46588844,-0.987678,-12.912112,-16.245558,3.0,2
2369,-18.792013,-11.512925464970229,-11.512925464970229,-14.298964,-9.537907e-07,4.0,5
2370,-11.512925464970229,-11.512925464970229,-11.512925464970229,-5.8302174,-0.0029448844,4.0,5
2371,-18.25908,-11.512925464970229,-11.512925464970229,-15.04168,-4.7689537e-07,4.0,5
2372,-11.512925464970229,-11.512925464970229,-11.512925464970229,-12.677902,-3.815163e-06,4.0,5
2373,-11.512925464970229,-11.512925464970229,-11.512925464970229,-11.667204,-9.536374e-06,4.0,5
2374,-18.278759,-20.468397,-11.512925464970229,-15.792594,-3.5760596e-07,4.0,5
2375,-18.930756,-11.512925464970229,-11.512925464970229,-14.898184,-7.152119e-07,4.0,5
2376,-16.219728,-0.43545097,-1.0411544,-14.220657,-17.109417,3.0,2
2377,-18.716883,-19.989277,-19.672514,-12.994748,-2.5032687e-06,4.0,5
2378,-19.24333,-20.683126,-11.512925464970229,-15.882743,-3.5760596e-07,4.0,5
2379,-19.028217,-11.512925464970229,-19.92244,-12.438037,-4.2916245e-06,4.0,5
2380,-5.1257117e-05,-9.884542,-19.484486,-20.122917,-20.340197,4.0,1
2381,-1.7166498e-05,-10.989525,-19.06581,-19.412533,-19.751493,2.0,1
2382,-11.512925464970229,-11.512925464970229,-11.512925464970229,-8.208029,-0.00027474045,4.0,5
2383,-14.154531,-1.2277732e-05,-11.427242,-19.061924,-16.40377,4.0,2
2384,-3.5760596e-07,-15.292622,-19.346247,-19.054913,-19.579296,3.0,1
2385,-5.8794484,-0.002802236,-14.8265505,-18.68874,-17.61939,2.0,2
2386,-16.97444,-14.921037,-2.6224477e-06,-14.582738,-16.93793,5.0,3
2387,-18.32166,-13.219164,-4.649037e-06,-13.042289,-11.512925464970229,4.0,3
2388,-18.70132,-19.963974,-19.664242,-14.186219,-1.0729074e-06,5.0,5
2389,-11.512925464970229,-11.512925464970229,-14.949716,-8.344534e-07,-16.333307,4.0,4
2390,-11.512925464970229,-11.512925464970229,-11.512925464970229,-0.028686685,-3.5659354,4.0,4
2391,-11.512925464970229,-17.6425,-8.797619,-0.00015244089,-19.107637,5.0,4
2392,-19.038773,-11.512925464970229,-11.512925464970229,-15.417325,-4.7689537e-07,5.0,5
2393,-19.69925,-11.512925464970229,-11.512925464970229,-14.959572,-5.9602587e-07,4.0,5
2394,-19.848583,-11.512925464970229,-11.512925464970229,-13.854899,-1.3112239e-06,4.0,5
2395,-11.512925464970229,-11.465924,-0.008807633,-4.7383265,-11.512925464970229,4.0,3
2396,-11.512925464970229,-11.512925464970229,-18.908472,-9.380581,-8.546612e-05,3.0,5
2397,-18.983961,-11.512925464970229,-11.512925464970229,-13.166803,-2.3841035e-06,4.0,5
2398,-19.526403,-11.512925464970229,-11.512925464970229,-13.453047,-1.7881898e-06,5.0,5
2399,-11.512925464970229,-11.512925464970229,-13.689177,-1.9075815e-06,-15.837856,4.0,4
2400,-3.0993028e-06,-12.8180485,-19.144533,-18.29068,-18.760601,2.0,1
2401,-18.985258,-11.512925464970229,-11.512925464970229,-10.472245,-2.908718e-05,5.0,5
2402,-11.512925464970229,-11.512925464970229,-11.512925464970229,-5.233275,-0.005354191,5.0,5
2403,-19.037031,-11.512925464970229,-11.512925464970229,-11.227206,-1.4066472e-05,4.0,5
2404,-18.37138,-19.713692,-19.530077,-13.442155,-1.6689067e-06,4.0,5
2405,-18.969687,-11.512925464970229,-11.512925464970229,-13.78486,-1.3112239e-06,4.0,5
2406,-19.209938,-11.512925464970229,-11.512925464970229,-14.562254,-8.344534e-07,5.0,5
2407,-11.512925464970229,-19.621605,-11.408338,-1.1681643e-05,-17.880863,4.0,4
2408,-12.226515,-5.48322e-06,-15.477404,-19.42499,-16.236235,3.0,2
2409,-14.305482,-0.0001695991,-8.692745,-16.783136,-15.714294,3.0,2
2410,-11.512925464970229,-17.77973,-9.055717,-0.000118133525,-17.265993,4.0,4
2411,-11.512925464970229,-11.512925464970229,-11.512925464970229,-11.512925464970229,-11.512925464970229,4.0,-1
2412,-13.193507,-0.00046218614,-7.6912274,-13.641591,-17.024296,1.0,2
2413,-18.938553,-11.512925464970229,-11.512925464970229,-10.547185,-2.729807e-05,1.0,5
2414,-3.5623503,-0.02878657,-14.644467,-16.890633,-15.77219,5.0,2
2415,-11.512925464970229,-11.512925464970229,-11.512925464970229,-9.64523,-6.592612e-05,4.0,5
2416,-18.886604,-20.473215,-20.60093,-15.2474,-2.3844768e-07,5.0,5
2417,-11.512925464970229,-17.805511,-5.6855407,-0.0034020236,-18.745266,5.0,4
2418,-11.512925464970229,-18.30316,-7.8749485,-0.00038137473,-17.482273,5.0,4
2419,-11.512925464970229,-11.512925464970229,-11.512925464970229,-14.774346,-9.537907e-07,5.0,5
2420,-4.1724998e-06,-12.4423065,-19.454771,-19.048473,-19.371264,3.0,1
2421,-18.639109,-20.104273,-11.512925464970229,-13.843362,-1.3112239e-06,4.0,5
2422,-0.0017781439,-6.333676,-17.300987,-17.130264,-17.718899,4.0,1
2423,-0.003917799,-5.54459,-17.526745,-17.620888,-17.48732,1.0,1
2424,-3.0640404e-05,-10.404301,-19.941633,-19.485126,-19.703062,3.0,1
2425,-1.1920517e-06,-13.725603,-20.314812,-19.644258,-20.26405,4.0,1
2426,-11.512925464970229,-11.512925464970229,-11.512925464970229,-0.008589925,-4.761832,5.0,4
2427,-11.512925464970229,-11.512925464970229,-11.512925464970229,-7.7085977,-0.0004507422,4.0,5
2428,-14.724188,-11.51753,-0.30254206,-13.022894,-11.512925464970229,2.0,3
2429,-5.9602587e-07,-14.649997,-19.060196,-19.208424,-19.69556,2.0,1
2430,-0.00040664026,-7.8100324,-19.34415,-18.944086,-18.60613,2.0,1
2431,-11.512925464970229,-11.512925464970229,-16.572584,-11.512925464970229,-1.4304238e-06,4.0,5
2432,-11.512925464970229,-11.41012,-0.083653666,-2.5227444,-11.512925464970229,4.0,3
2433,-11.512925464970229,-19.576624,-12.224358,-5.48322e-06,-17.418583,5.0,4
2434,-11.512925464970229,-11.512925464970229,-11.512925464970229,-11.158346,-1.5379754e-05,5.0,5
2435,-19.299175,-11.512925464970229,-11.512925464970229,-13.91868,-1.5496514e-06,4.0,5
2436,-3.5760596e-07,-14.8681755,-19.353554,-19.280098,-19.350492,2.0,1
2437,-19.021852,-11.512925464970229,-11.512925464970229,-12.390259,-4.529893e-06,4.0,5
2438,-18.987947,-11.512925464970229,-11.512925464970229,-14.349905,-9.537907e-07,5.0,5
2439,-19.41633,-11.512925464970229,-11.512925464970229,-14.437349,-9.537907e-07,4.0,5
2440,-18.54917,-11.512925464970229,-19.877832,-11.188214,-1.4305025e-05,5.0,5
2441,-19.438423,-11.512925464970229,-11.512925464970229,-10.606336,-2.550932e-05,5.0,5
2442,-12.294954,-7.5103785e-06,-12.988592,-18.494041,-16.537766,1.0,2
2443,-19.292854,-11.512925464970229,-11.512925464970229,-13.051175,-2.5032687e-06,4.0,5
2444,-18.79145,-11.512925464970229,-20.353296,-15.17828,-4.7689537e-07,5.0,5
2445,-11.512925464970229,-11.512925464970229,-11.512925464970229,-13.751385,-1.7881898e-06,5.0,5
2446,-3.2434103,-0.03981623,-15.870881,-11.512925464970229,-16.335333,1.0,2
2447,-18.360935,-11.512925464970229,-20.077606,-14.923365,-5.9602587e-07,5.0,5
2448,-0.21773641,-11.512925464970229,-11.512925464970229,-11.512925464970229,-11.512925464970229,4.0,1
2449,-11.512925464970229,-11.512925464970229,-11.512925464970229,-2.1786735,-0.1201294,4.0,5
2450,-11.512925464970229,-11.512925464970229,-11.512925464970229,-12.972073,-3.2185512e-06,3.0,5
2451,-11.512925464970229,-11.512925464970229,-11.512925464970229,-4.9059954,-0.0074318065,4.0,5
2452,-6.274555,-0.0018862957,-16.443571,-18.768505,-16.361628,3.0,2
2453,-11.512925464970229,-11.512925464970229,-11.512925464970229,-10.405778,-3.135504e-05,4.0,5
2454,-19.534393,-11.512925464970229,-11.512925464970229,-12.861549,-3.2185512e-06,5.0,5
2455,-0.3605092,-1.1952965,-16.296614,-16.56934,-15.632166,4.0,1
2456,-11.512925464970229,-11.512925464970229,-11.512925464970229,-6.898808,-0.0010113934,5.0,5
2457,-18.389454,-20.288433,-20.08291,-14.817253,-5.9602587e-07,5.0,5
2458,-19.452467,-11.512925464970229,-11.512925464970229,-16.735323,-1.1922384e-07,4.0,5
2459,-18.4813,-20.787476,-20.416067,-16.224117,-1.1922384e-07,5.0,5
2460,-3.9342685e-06,-12.514974,-20.75896,-20.309986,-20.27302,3.0,1
2461,-19.052242,-11.512925464970229,-11.512925464970229,-14.476588,-8.344534e-07,4.0,5
2462,-11.512925464970229,-11.512925464970229,-15.224268,-1.0729074e-06,-16.570475,3.0,4
2463,-18.86069,-11.512925464970229,-11.512925464970229,-13.55878,-1.7881898e-06,5.0,5
2464,-9.774687e-06,-11.561942,-19.814287,-19.938648,-19.77336,4.0,1
2465,-4.0130024,-0.01824778,-15.795496,-18.00884,-16.94155,3.0,2
2466,-6.497319e-05,-9.645834,-11.512925464970229,-20.02888,-19.877165,4.0,1
2467,-11.512925464970229,-11.512925464970229,-11.512925464970229,-12.060248,-6.5561944e-06,4.0,5
2468,-1.1922384e-07,-15.754244,-19.32696,-18.874908,-19.243511,2.0,1
2469,-19.019283,-11.512925464970229,-11.512925464970229,-11.867265,-7.74943e-06,4.0,5
2470,-0.0016136878,-6.430559,-18.49493,-18.363033,-18.433937,4.0,1
2471,-11.512925464970229,-11.512925464970229,-11.512925464970229,-0.0920822,-2.430751,4.0,4
2472,-18.96457,-11.512925464970229,-11.512925464970229,-14.505221,-7.152119e-07,1.0,5
2473,-4.655731,-0.009553788,-16.235378,-18.29661,-15.978292,4.0,2
2474,-0.4195183,-1.07112,-16.45356,-17.217297,-14.8455715,3.0,1
2475,-19.863422,-11.512925464970229,-11.512925464970229,-14.586947,-8.344534e-07,4.0,5
2476,-18.857748,-20.166586,-19.664902,-12.357378,-4.649037e-06,3.0,5
2477,-11.512925464970229,-11.512925464970229,-11.512925464970229,-12.877032,-2.9800683e-06,2.0,5
2478,-11.512925464970229,-11.512925464970229,-11.512925464970229,-14.021865,-1.5496514e-06,4.0,5
2479,-11.512925464970229,-11.512925464970229,-11.512925464970229,-10.483527,-2.908718e-05,4.0,5
2480,-0.38859913,-1.1332204,-14.922901,-15.223701,-15.973274,1.0,1
2481,-18.778149,-11.512925464970229,-11.512925464970229,-11.692316,-9.059786e-06,3.0,5
2482,-17.707258,-19.247122,-19.617563,-13.749032,-1.4304238e-06,3.0,5
2483,-18.364214,-11.512925464970229,-11.512925464970229,-11.06425,-1.6332639e-05,3.0,5
2484,-3.7073147e-05,-10.210816,-18.277903,-18.840008,-19.68764,1.0,1
2485,-11.512925464970229,-11.512925464970229,-11.512925464970229,-12.658415,-3.9342685e-06,3.0,5
2486,-19.531517,-20.413843,-11.512925464970229,-15.736902,-3.5760596e-07,5.0,5
2487,-11.512925464970229,-20.331867,-16.868622,-2.8608476e-06,-12.898334,3.0,4
2488,-9.4643685e-05,-9.271712,-19.068092,-18.840874,-19.169706,1.0,1
2489,-2.0266912e-06,-13.093426,-19.442698,-19.471727,-20.08216,1.0,1
2490,-14.680325,-0.58222777,-0.81841475,-8.536821,-15.107939,4.0,2
2491,-13.743523,-0.004551131,-5.395508,-14.184637,-16.496418,1.0,2
2492,-16.000221,-0.00025115628,-8.295409,-17.289768,-15.499797,3.0,2
2493,-19.527317,-11.512925464970229,-11.512925464970229,-11.325767,-1.251619e-05,3.0,5
2494,-19.22584,-11.512925464970229,-11.512925464970229,-14.288545,-9.537907e-07,5.0,5
2495,-19.492113,-11.512925464970229,-11.512925464970229,-13.213915,-2.3841035e-06,4.0,5
2496,-19.1708,-11.512925464970229,-11.512925464970229,-12.5172205,-4.1724998e-06,3.0,5
2497,-19.375307,-11.512925464970229,-11.512925464970229,-14.17433,-9.537907e-07,4.0,5
2498,-11.512925464970229,-11.512925464970229,-17.429176,-7.1167626e-05,-9.5596075,4.0,4
2499,-18.70569,-11.512925464970229,-20.093552,-13.252133,-2.1458147e-06,4.0,5
2500,-4.649037e-06,-12.3271055,-19.141901,-19.288925,-19.561783,1.0,1
2501,-20.229307,-11.512925464970229,-11.512925464970229,-15.918433,-3.5760596e-07,5.0,5
2502,-20.164852,-11.512925464970229,-11.512925464970229,-15.571081,-4.7689537e-07,5.0,5
2503,-11.512925464970229,-11.512925464970229,-11.512925464970229,-13.757537,-1.9075815e-06,5.0,5
2504,-11.512925464970229,-8.991811,-0.00012516127,-18.006798,-11.512925464970229,4.0,3
2505,-19.336632,-11.512925464970229,-11.512925464970229,-14.98001,-7.152119e-07,4.0,5
2506,-19.183228,-11.512925464970229,-11.512925464970229,-14.614432,-7.152119e-07,4.0,5
2507,-11.512925464970229,-11.512925464970229,-11.512925464970229,-0.024258463,-3.7314632,4.0,4
2508,-1.6689067e-06,-13.4844675,-19.906715,-19.418674,-20.186323,1.0,1
2509,-19.662731,-11.512925464970229,-11.512925464970229,-11.063512,-1.6332639e-05,5.0,5
2510,-19.773981,-11.512925464970229,-11.512925464970229,-12.242854,-5.2448504e-06,4.0,5
2511,-5.9602587e-07,-14.8576565,-19.90359,-18.925549,-19.831856,2.0,1
2512,-3.4570896e-06,-12.579455,-19.665161,-19.485046,-19.17968,4.0,1
2513,-11.512925464970229,-11.512925464970229,-11.512925464970229,-0.0199526,-3.9245641,4.0,4
2514,-11.512925464970229,-11.512925464970229,-11.512925464970229,-16.046988,-4.7689537e-07,5.0,5
2515,-6.7947026e-06,-11.948142,-19.540077,-18.915974,-19.768848,1.0,1
2516,-1.3231638e-05,-11.259659,-18.312803,-18.128937,-18.33526,1.0,1
2517,-11.26649,-2.78944e-05,-11.141374,-17.750292,-17.313543,2.0,2
2518,-19.248598,-11.512925464970229,-11.512925464970229,-15.422137,-4.7689537e-07,5.0,5
2519,-9.059786e-06,-11.65266,-19.06267,-18.63729,-18.675821,1.0,1
2520,-19.2755,-11.512925464970229,-19.789125,-11.6497965,-9.059786e-06,5.0,5
2521,0.0,-19.436495,-19.788101,-20.506363,-20.994896,1.0,1
2522,-0.0015040721,-6.5012693,-17.861656,-17.595934,-15.869646,4.0,1
2523,-0.005613495,-5.185915,-17.909998,-17.617065,-16.02704,4.0,1
2524,-2.0741047e-05,-10.797876,-19.358541,-19.579672,-19.920238,2.0,1
2525,-18.929165,-11.512925464970229,-11.512925464970229,-14.520248,-7.152119e-07,5.0,5
2526,-11.512925464970229,-11.512925464970229,-11.512925464970229,-14.531289,-8.344534e-07,5.0,5
2527,-11.512925464970229,-6.9438972,-0.00983601,-4.731411,-17.163027,3.0,3
2528,-0.61575246,-13.399736,-11.512925464970229,-11.512925464970229,-11.512925464970229,4.0,1
2529,-11.512925464970229,-11.512925464970229,-16.879805,-3.83838e-05,-10.183741,3.0,4
2530,-4.7689537e-07,-14.457688,-19.732048,-19.82993,-19.815033,1.0,1
2531,-11.512925464970229,-11.512925464970229,-11.512925464970229,-11.218041,-1.454359e-05,5.0,5
2532,-8.344534e-07,-14.571847,-18.499775,-18.33812,-18.381445,2.0,1
2533,-3.671571e-05,-10.226341,-19.0008,-18.641611,-18.888247,4.0,1
2534,-19.399448,-11.512925464970229,-11.512925464970229,-15.854269,-4.7689537e-07,5.0,5
2535,-11.512925464970229,-11.512925464970229,-11.512925464970229,-10.648394,-2.467469e-05,5.0,5
2536,-1.4102436,-0.2797524,-16.558088,-17.198385,-16.401922,3.0,2
2537,-5.8408214e-06,-12.107669,-20.00545,-19.901777,-11.512925464970229,3.0,1
2538,-15.733949,-0.00047243852,-7.6608634,-17.11433,-15.925016,4.0,2
2539,-11.512925464970229,-11.512925464970229,-11.512925464970229,-0.004206381,-5.473923,4.0,4
2540,-19.249054,-11.512925464970229,-11.512925464970229,-12.928989,-2.9800683e-06,4.0,5
2541,-19.358105,-11.512925464970229,-11.512925464970229,-15.836249,-3.5760596e-07,5.0,5
2542,-19.73248,-11.512925464970229,-11.512925464970229,-14.592407,-8.344534e-07,5.0,5
2543,-11.512925464970229,-11.512925464970229,-11.512925464970229,-11.512925464970229,-11.512925464970229,3.0,-1
2544,-1.0013012e-05,-11.519965,-18.81706,-18.859003,-19.487679,3.0,1
2545,-11.512925464970229,-11.512925464970229,-11.512925464970229,-0.036619175,-3.3254986,3.0,4
2546,-11.512925464970229,-11.512925464970229,-11.512925464970229,-7.8968124,-0.00037374793,4.0,5
2547,-11.512925464970229,-16.325605,-3.6942914,-0.025185766,-17.638435,4.0,4
2548,-11.512925464970229,-11.512925464970229,-11.512925464970229,-8.494421,-0.00020642883,4.0,5
2549,-11.512925464970229,-11.512925464970229,-17.129816,-3.6940238,-0.025190972,4.0,5
2550,-11.512925464970229,-11.512925464970229,-11.512925464970229,-12.686434,-3.815163e-06,4.0,5
2551,-2.0266912e-06,-13.254632,-19.504526,-19.56656,-19.606216,2.0,1
2552,-11.512925464970229,-11.512925464970229,-14.265154,-1.0729074e-06,-18.249998,4.0,4
2553,-1.0035088,-0.4565918,-16.661121,-17.544413,-16.631105,3.0,2
2554,-6.533053e-05,-9.646415,-18.164389,-18.229439,-18.163303,2.0,1
2555,-11.512925464970229,-11.512925464970229,-11.512925464970229,-9.296878,-9.273649e-05,4.0,5
2556,-0.00018521116,-8.597061,-19.359049,-18.851635,-18.593328,2.0,1
2557,-13.9718485,-1.1443229e-05,-11.511562,-18.68578,-16.435852,5.0,2
2558,-0.00016924161,-8.6878195,-18.92457,-18.182089,-18.575079,5.0,1
2559,-19.446175,-11.512925464970229,-19.143238,-9.546658,-7.2120696e-05,5.0,5
2560,-11.512925464970229,-11.512925464970229,-11.512925464970229,-16.136023,-4.7689537e-07,5.0,5
2561,-11.512925464970229,-11.512925464970229,-11.512925464970229,-13.766784,-1.7881898e-06,5.0,5
2562,-11.512925464970229,-11.512925464970229,-11.512925464970229,-8.636875,-0.00017960957,3.0,5
2563,-7.152119e-07,-14.381965,-19.394562,-18.829906,-18.781677,4.0,1
2564,-0.00038971682,-7.8518167,-18.815243,-18.545889,-18.433468,2.0,1
2565,-19.109394,-11.512925464970229,-11.512925464970229,-16.117033,-4.7689537e-07,5.0,5
2566,-18.71722,-11.512925464970229,-11.512925464970229,-15.41639,-7.152119e-07,4.0,5
2567,-2.1575312e-05,-10.76311,-18.787407,-18.84492,-18.931993,2.0,1
2568,-0.1479502,-1.9839659,-15.9704485,-16.77751,-17.072706,1.0,1
2569,-11.512925464970229,-11.512925464970229,-11.512925464970229,-8.490191,-0.00020726332,1.0,5
2570,-7.3073796e-05,-9.528855,-19.89796,-19.851522,-19.876019,1.0,1
2571,-11.512925464970229,-11.512925464970229,-11.512925464970229,-14.784148,-9.537907e-07,5.0,5
2572,-18.637775,-11.512925464970229,-19.557486,-13.260367,-2.1458147e-06,4.0,5
2573,-11.512925464970229,-11.512925464970229,-11.512925464970229,-14.546246,-1.4304238e-06,5.0,5
2574,-19.222195,-11.512925464970229,-11.512925464970229,-11.500151,-1.096644e-05,5.0,5
2575,-11.512925464970229,-11.512925464970229,-16.230112,-7.152119e-07,-15.351195,5.0,4
2576,-18.430576,-20.087833,-20.147594,-14.709594,-5.9602587e-07,4.0,5
2577,-18.285376,-19.993584,-19.412642,-13.03604,-2.5032687e-06,5.0,5
2578,-11.512925464970229,-11.512925464970229,-11.512925464970229,-0.094818674,-2.4028268,5.0,4
2579,-5.0032067,-0.0067412346,-15.166627,-11.512925464970229,-17.090027,1.0,2
2580,-19.899157,-4.7689537e-07,-18.395939,-19.812551,-11.512925464970229,1.0,2
2581,-4.2916245e-06,-16.557022,-11.512925464970229,-11.512925464970229,-11.512925464970229,2.0,1
2582,-11.512925464970229,-11.512925464970229,-11.512925464970229,-8.922519,-0.00013492857,5.0,5
2583,-1.6213524e-05,-11.044633,-19.954058,-19.694527,-20.010468,3.0,1
2584,-11.512925464970229,-11.512925464970229,-11.512925464970229,-12.143998,-5.9600343e-06,3.0,5
2585,-0.00014017,-8.87773,-18.51673,-18.429346,-18.60947,4.0,1
2586,-11.512925464970229,-11.512925464970229,-17.234707,-0.07243533,-2.661089,3.0,4
2587,-17.73568,-3.3864753,-0.034434028,-10.931526,-18.343668,3.0,3
2588,-19.506454,-11.641265,-9.655529e-06,-14.535761,-19.468567,4.0,3
2589,-19.735012,-11.512925464970229,-11.512925464970229,-12.611393,-3.815163e-06,3.0,5
2590,-18.881777,-19.275743,-19.482244,-12.2598095,-5.1256748e-06,3.0,5
2591,-19.175976,-11.512925464970229,-11.512925464970229,-15.144679,-4.7689537e-07,4.0,5
2592,-17.708027,-3.3036208,-0.037452213,-12.025545,-17.280434,5.0,3
2593,-19.980404,-11.512925464970229,-11.512925464970229,-16.126871,-2.3844768e-07,5.0,5
2594,-11.512925464970229,-11.512925464970229,-11.512925464970229,-14.533706,-1.0729074e-06,5.0,5
2595,-1.7404756e-05,-10.973764,-19.5552,-19.194391,-19.024836,2.0,1
2596,-18.814,-11.512925464970229,-11.512925464970229,-15.507614,-5.9602587e-07,4.0,5
2597,-18.335121,-11.512925464970229,-11.512925464970229,-14.706826,-7.152119e-07,5.0,5
2598,-11.512925464970229,-11.512925464970229,-12.567942,-4.768187e-06,-14.683099,4.0,4
2599,-11.512925464970229,-11.512925464970229,-11.512925464970229,-13.497211,-2.0266912e-06,5.0,5
2600,-19.574306,-11.512925464970229,-11.512925464970229,-12.786189,-3.4570896e-06,4.0,5
2601,-11.512925464970229,-11.512925464970229,-11.512925464970229,-15.542697,-7.152119e-07,5.0,5
2602,-11.512925464970229,-11.512925464970229,-18.346588,-0.0017890906,-6.3277664,5.0,4
2603,-10.655634,-4.029038e-05,-11.018723,-17.583178,-17.58581,5.0,2
2604,-18.444098,-11.512925464970229,-11.512925464970229,-12.277524,-5.1256748e-06,4.0,5
2605,-18.402288,-11.512925464970229,-11.512925464970229,-14.148969,-1.1920517e-06,5.0,5
2606,-11.512925464970229,-18.218348,-11.6174555,-9.536374e-06,-19.120192,5.0,4
2607,-16.621798,-0.00040139628,-7.8262033,-17.52273,-14.991974,2.0,2
2608,-16.07148,-0.27968717,-1.4104683,-14.6705265,-14.827023,3.0,2
2609,-11.512925464970229,-11.512925464970229,-11.512925464970229,-11.837952,-8.106762e-06,4.0,5
2610,-11.512925464970229,-12.765078,-0.21857487,-1.6279281,-11.512925464970229,4.0,3
2611,-11.512925464970229,-12.5617075,-3.9342685e-06,-16.820068,-11.512925464970229,3.0,3
2612,-19.264193,-11.512925464970229,-11.512925464970229,-13.082514,-2.6224477e-06,4.0,5
2613,-19.054258,-11.512925464970229,-11.512925464970229,-14.357744,-9.537907e-07,4.0,5
2614,-11.512925464970229,-11.512925464970229,-11.512925464970229,-7.5797296,-0.0005136638,3.0,5
2615,-2.3844768e-07,-16.33712,-19.330212,-18.80458,-18.930529,3.0,1
2616,-19.000921,-11.512925464970229,-11.512925464970229,-14.319029,-9.537907e-07,5.0,5
2617,-17.993736,-20.904358,-21.011183,-16.901634,0.0,5.0,5
2618,-18.282722,-11.512925464970229,-11.512925464970229,-15.479435,-4.7689537e-07,5.0,5
2619,-0.00012992568,-8.950817,-18.302828,-18.659592,-19.502375,1.0,1
2620,-11.512925464970229,-18.757534,-11.397007,-1.1800854e-05,-17.727167,3.0,4
2621,-19.46585,-11.512925464970229,-11.512925464970229,-13.081324,-2.3841035e-06,3.0,5
2622,-0.009619157,-4.648825,-17.82599,-18.066881,-18.871212,1.0,1
2623,-0.0019102084,-6.261985,-17.443766,-18.6048,-18.833006,2.0,1
2624,-11.512925464970229,-11.512925464970229,-11.512925464970229,-10.786842,-2.121776e-05,5.0,5
2625,-9.388103,-8.498943e-05,-14.175774,-18.950087,-16.346134,5.0,2
2626,-1.1920517e-06,-13.884648,-19.399487,-19.190004,-19.754763,2.0,1
2627,-11.512925464970229,-11.512925464970229,-11.512925464970229,-13.490997,-2.5032687e-06,4.0,5
2628,-11.512925464970229,-11.512925464970229,-11.512925464970229,-14.021744,-1.4304238e-06,4.0,5
2629,-19.637047,-21.252607,-21.05042,-16.846798,0.0,4.0,5
2630,-11.512925464970229,-11.512925464970229,-11.512925464970229,-0.0050887596,-5.2837524,4.0,4
2631,-2.3844768e-07,-15.365756,-19.620771,-19.631994,-19.782578,1.0,1
2632,-11.512925464970229,-11.512925464970229,-11.512925464970229,-6.157873,-0.0021209794,4.0,5
2633,-19.05339,-11.512925464970229,-11.512925464970229,-17.113766,-3.5760596e-07,5.0,5
2634,-19.51613,-11.512925464970229,-11.512925464970229,-16.659933,-4.7689537e-07,5.0,5
2635,-0.013348595,-4.32306,-18.330338,-11.512925464970229,-18.457155,1.0,1
2636,-11.512925464970229,-11.512925464970229,-18.195513,-1.1920517e-06,-14.302413,2.0,4
2637,-15.069036,-7.0571965e-05,-9.574453,-18.667656,-16.930788,4.0,2
2638,-16.090149,-1.6689067e-06,-13.618131,-18.328793,-17.004099,3.0,2
2639,-19.133186,-11.512925464970229,-11.512925464970229,-13.394935,-1.9075815e-06,3.0,5
2640,-0.005698016,-5.1707277,-17.206757,-17.505682,-18.121431,3.0,1
2641,-11.512925464970229,-11.512925464970229,-17.223024,-6.0838933,-0.0022834695,1.0,5
2642,-11.512925464970229,-11.512925464970229,-11.512925464970229,-13.642455,-1.9075815e-06,5.0,5
2643,-9.537907e-07,-14.097205,-20.02836,-19.591778,-19.309387,1.0,1
2644,-18.819586,-11.512925464970229,-11.512925464970229,-12.836192,-3.2185512e-06,3.0,5
2645,-17.891926,-11.512925464970229,-11.512925464970229,-12.879798,-3.0993028e-06,5.0,5
2646,-0.18477014,-11.512925464970229,-11.512925464970229,-11.512925464970229,-11.512925464970229,4.0,1
2647,-11.512925464970229,-11.512925464970229,-17.564732,-0.03583775,-3.346684,4.0,4
2648,-19.442171,-11.512925464970229,-11.512925464970229,-12.831775,-2.9800683e-06,4.0,5
2649,-19.250576,-11.512925464970229,-11.512925464970229,-16.391743,-2.3844768e-07,3.0,5
2650,-7.795877e-05,-9.464424,-19.250877,-19.09542,-19.372007,2.0,1
2651,-0.6782349,-0.7082985,-16.233198,-17.145931,-15.386012,3.0,1
2652,-5.1256748e-06,-12.238724,-19.369255,-18.747019,-18.899755,4.0,1
2653,-7.033236e-06,-11.912587,-19.15974,-18.053478,-18.28094,1.0,1
2654,-18.56292,-20.1627,-19.990818,-14.897628,-5.9602587e-07,4.0,5
2655,-18.290707,-19.945896,-19.972414,-14.739312,-5.9602587e-07,3.0,5
2656,-19.704641,-20.384579,-11.512925464970229,-14.195069,-9.537907e-07,3.0,5
2657,-11.512925464970229,-11.512925464970229,-11.512925464970229,-11.692912,-9.059786e-06,4.0,5
2658,-11.512925464970229,-11.512925464970229,-11.512925464970229,-13.847604,-1.3112239e-06,3.0,5
2659,-19.454313,-11.512925464970229,-11.512925464970229,-13.641822,-1.5496514e-06,3.0,5
2660,-11.512925464970229,-11.512925464970229,-11.512925464970229,-6.1507473,-0.002136457,4.0,5
2661,-11.512925464970229,-11.512925464970229,-11.512925464970229,-11.512925464970229,-11.512925464970229,4.0,-1
2662,-19.264582,-11.512925464970229,-11.512925464970229,-14.01721,-1.1920517e-06,4.0,5
2663,-11.512925464970229,-11.512925464970229,-16.169762,-3.815163e-06,-12.684865,3.0,4
2664,-18.536161,-11.512925464970229,-11.512925464970229,-11.538565,-1.0489701e-05,5.0,5
2665,-19.088572,-11.512925464970229,-11.512925464970229,-16.40454,-4.7689537e-07,5.0,5
2666,-18.782005,-11.512925464970229,-11.512925464970229,-15.5287,-7.152119e-07,5.0,5
2667,-11.512925464970229,-11.512925464970229,-11.512925464970229,-2.0077038,-0.1442185,3.0,5
2668,-19.104797,-11.512925464970229,-20.019781,-13.716012,-1.3112239e-06,4.0,5
2669,-19.24961,-11.512925464970229,-11.512925464970229,-15.900819,-2.3844768e-07,5.0,5
2670,-19.268713,-20.512049,-20.62901,-15.238088,-3.5760596e-07,3.0,5
2671,-4.7689537e-07,-14.636616,-19.51262,-19.220188,-19.596487,2.0,1
2672,-19.00866,-19.932087,-11.512925464970229,-15.522889,-4.7689537e-07,3.0,5
2673,-19.351557,-20.136547,-20.67763,-14.940898,-4.7689537e-07,5.0,5
2674,-18.95636,-11.512925464970229,-11.512925464970229,-14.775089,-7.152119e-07,4.0,5
2675,-11.512925464970229,-17.929716,-7.3609085,-0.00063718087,-18.967731,4.0,4
2676,-19.629091,-11.512925464970229,-11.512925464970229,-10.453748,-2.9445042e-05,5.0,5
2677,-11.512925464970229,-11.882687,-0.0044853725,-5.4121337,-11.512925464970229,3.0,3
2678,-16.596714,-0.44489607,-1.0240511,-13.994716,-15.833334,5.0,2
2679,-19.07896,-11.512925464970229,-11.512925464970229,-8.975194,-0.00012718611,4.0,5
2680,-11.512925464970229,-11.512925464970229,-11.512925464970229,-6.6603184,-0.0012837247,5.0,5
2681,-19.00354,-11.512925464970229,-11.512925464970229,-14.603745,-7.152119e-07,5.0,5
2682,-6.437762e-05,-9.6557045,-19.391205,-19.207767,-19.302689,4.0,1
2683,-11.512925464970229,-11.512925464970229,-11.512925464970229,-15.068906,-9.537907e-07,4.0,5
2684,0.0,-17.348423,-19.941147,-19.666641,-19.089668,1.0,1
2685,-18.858608,-11.512925464970229,-11.512925464970229,-13.192527,-2.3841828e-06,4.0,5
2686,-20.74739,-14.338765,-8.344534e-07,-16.190044,-19.577627,5.0,3
2687,-3.2784395e-05,-10.332848,-19.812958,-19.82657,-19.682583,1.0,1
2688,-1.0985718,-0.40559196,-16.520155,-11.512925464970229,-16.015276,3.0,2
2689,-2.3844768e-07,-18.405607,-20.032482,-19.183857,-21.493599,4.0,1
2690,-11.512925464970229,-11.512925464970229,-11.512925464970229,-6.2775946,-0.0018816558,3.0,5
2691,-11.512925464970229,-11.512925464970229,-11.512925464970229,-11.512925464970229,-11.512925464970229,5.0,-1
2692,-11.512925464970229,-11.512925464970229,-11.512925464970229,-9.800108,-5.710082e-05,3.0,5
2693,-19.49382,-11.512925464970229,-11.512925464970229,-15.791931,-4.7689537e-07,5.0,5
2694,-11.512925464970229,-11.512925464970229,-11.512925464970229,-4.121479,-0.016355665,4.0,5
2695,-11.512925464970229,-11.512925464970229,-19.880386,-4.1724998e-06,-12.469608,3.0,4
2696,-20.373207,-12.534512,-3.9342685e-06,-17.347752,-11.512925464970229,3.0,3
2697,-11.512925464970229,-11.512925464970229,-11.512925464970229,-7.179124,-0.0007674987,5.0,5
2698,-11.512925464970229,-11.512925464970229,-11.512925464970229,-11.512925464970229,-11.512925464970229,4.0,-1
2699,-11.512925464970229,-11.512925464970229,-17.221926,-1.6928245e-05,-11.019632,4.0,4
2700,-11.512925464970229,-11.512925464970229,-11.512925464970229,-3.1736848,-0.042754795,4.0,5
2701,-19.292519,-11.512925464970229,-11.512925464970229,-15.760751,-3.5760596e-07,5.0,5
2702,-11.512925464970229,-11.512925464970229,-11.512925464970229,-9.389586,-8.4870255e-05,5.0,5
2703,-11.512925464970229,-11.512925464970229,-11.512925464970229,-11.512925464970229,-11.512925464970229,3.0,-1
2704,-11.512925464970229,-11.512925464970229,-16.297237,-5.9602587e-07,-15.876252,2.0,4
2705,-19.578732,-11.512925464970229,-11.512925464970229,-14.766935,-5.9602587e-07,4.0,5
2706,-11.512925464970229,-11.512925464970229,-17.595234,-3.4570896e-06,-12.685805,4.0,4
2707,-11.512925464970229,-11.512925464970229,-11.512925464970229,-0.08477161,-2.5098758,3.0,4
2708,-11.512925464970229,-13.261077,-2.2649522e-06,-16.07379,-11.512925464970229,4.0,3
2709,-11.512925464970229,-11.512925464970229,-11.512925464970229,-0.0019708204,-6.2310033,4.0,4
2710,-15.697676,-4.1724998e-06,-12.739096,-18.311699,-14.337268,4.0,2
2711,-19.78687,-11.512925464970229,-11.512925464970229,-13.87431,-1.4304238e-06,3.0,5
2712,-16.601034,-13.187006,-17.814726,-16.004646,-9.726624e-05,3.0,5
2713,-22.545141,-22.300364,-11.512925464970229,-20.8987,0.0,5.0,5
2714,-11.512925464970229,-11.512925464970229,-14.066422,-0.17213047,-14.59152,4.0,4
2715,-11.512925464970229,-11.512925464970229,-15.649785,-3.5760596e-07,-18.749138,4.0,4
2716,-11.512925464970229,-15.6722765,-0.0020270313,-6.203752,-11.512925464970229,3.0,3
2717,-19.285877,-11.512925464970229,-11.512925464970229,-15.950548,-4.7689537e-07,5.0,5
2718,-19.17628,-11.512925464970229,-11.512925464970229,-15.043081,-5.9602587e-07,4.0,5
2719,-11.512925464970229,-11.512925464970229,-17.345661,-4.7689537e-07,-16.43119,3.0,4
2720,-11.512925464970229,-11.512925464970229,-18.226015,-7.152119e-07,-14.5785265,3.0,4
2721,-11.512925464970229,-11.512925464970229,-11.512925464970229,-9.766825,-5.876845e-05,4.0,5
2722,-11.512925464970229,-11.512925464970229,-11.512925464970229,-0.0018407286,-6.299053,3.0,4
2723,-11.512925464970229,-11.512925464970229,-11.512925464970229,-11.512925464970229,-11.512925464970229,3.0,-1
2724,-11.512925464970229,-11.512925464970229,-11.512925464970229,-2.6739252,-0.071479455,2.0,5
2725,-18.640814,-11.512925464970229,-11.512925464970229,-14.920489,-5.9602587e-07,4.0,5
2726,-11.512925464970229,-13.064327,-2.3841035e-06,-16.975756,-11.512925464970229,3.0,3
2727,-11.512925464970229,-11.512925464970229,-18.900536,-3.0993028e-06,-12.909701,3.0,4
2728,-11.512925464970229,-17.395786,-3.0059555,-0.050764725,-11.512925464970229,3.0,4
2729,-19.25679,-18.011673,-18.98443,0.0,-20.94283,5.0,4
2730,-11.512925464970229,-11.512925464970229,-11.512925464970229,-10.78588,-2.1694499e-05,3.0,5
2731,-19.36626,-11.512925464970229,-11.512925464970229,-14.463094,-8.344534e-07,4.0,5
2732,-6.822336,-0.0010908276,-15.710602,-11.512925464970229,-17.932148,4.0,2
2733,-11.512925464970229,-11.512925464970229,-18.068737,-0.00035039228,-7.958711,5.0,4
2734,-11.512925464970229,-11.512925464970229,-11.512925464970229,-9.983917,-4.744184e-05,4.0,5
2735,-11.512925464970229,-19.386524,-9.981451,-4.744184e-05,-19.386826,4.0,4
2736,-11.512925464970229,-11.512925464970229,-11.512925464970229,-4.3587112,-0.01288046,4.0,5
2737,-11.512925464970229,-11.512925464970229,-11.512925464970229,-8.301842,-0.00024948877,5.0,5
2738,-11.512925464970229,-11.512925464970229,-11.512925464970229,-8.277074,-0.000256397,4.0,5
2739,-4.046895,-0.017634166,-16.212423,-11.512925464970229,-16.77024,2.0,2
2740,-11.512925464970229,-11.512925464970229,-11.512925464970229,-11.512925464970229,-11.512925464970229,3.0,-1
2741,-18.992132,-11.512925464970229,-11.512925464970229,-14.24498,-9.5367386e-07,5.0,5
2742,-16.458614,-18.749996,-18.476635,-7.152119e-07,-17.474665,3.0,4
2743,-11.512925464970229,-6.8199134,-0.0010944003,-17.325584,-17.491262,2.0,3
2744,-11.512925464970229,-11.512925464970229,-11.512925464970229,-1.0111294,-0.45221323,3.0,5
2745,-11.512925464970229,-11.512925464970229,-11.512925464970229,-2.8310413,-0.060779594,4.0,5
2746,-11.512925464970229,-11.512925464970229,-11.512925464970229,-8.970483,-0.00012861854,3.0,5
2747,-16.462177,-0.053200994,-2.9602883,-15.993729,-14.331415,4.0,2
2748,-11.512925464970229,-5.8207436,-0.0029718778,-16.635567,-17.599089,4.0,3
2749,-11.512925464970229,-11.512925464970229,-19.117603,-0.0014181804,-6.559804,5.0,4
2750,-16.431646,-1.2039286e-05,-11.587821,-17.71491,-13.159917,3.0,2
2751,-11.512925464970229,-14.670917,-9.537907e-07,-15.8065405,-11.512925464970229,3.0,3
2752,-11.512925464970229,-11.512925464970229,-11.512925464970229,-2.703506,-0.06932602,4.0,5
2753,-11.512925464970229,-11.512925464970229,-17.405552,-2.3844768e-07,-17.567497,4.0,4
2754,-20.206217,-13.588661,-1.7881898e-06,-16.524336,-19.826283,4.0,3
2755,0.0,-16.987474,-22.494709,-21.613478,-11.512925464970229,4.0,1
2756,-11.512925464970229,-11.512925464970229,-11.512925464970229,-8.873682,-0.00014136128,3.0,5
2757,-11.512925464970229,-11.512925464970229,-11.512925464970229,-12.020176,-6.9139664e-06,4.0,5
2758,-11.512925464970229,-17.583868,-8.3446463e-07,-14.228862,-20.525879,3.0,3
2759,-11.512925464970229,-11.512925464970229,-11.512925464970229,-11.512925464970229,-11.512925464970229,2.0,-1
2760,-15.045811,-2.6344025e-05,-11.512925464970229,-11.512925464970229,-11.512925464970229,3.0,2
2761,-11.512925464970229,-11.512925464970229,-11.512925464970229,-5.0062003,-0.0067231194,4.0,5
2762,-18.65437,-19.189716,-2.3844768e-07,-11.512925464970229,-11.512925464970229,3.0,3
2763,-11.512925464970229,-11.512925464970229,-11.512925464970229,-11.211792,-1.4185746e-05,4.0,5
2764,-11.512925464970229,-8.773156,-0.0001554195,-16.344381,-11.512925464970229,4.0,3
2765,-15.626388,-1.1920517e-06,-14.462995,-19.517822,-15.246159,4.0,2
2766,-19.767033,-11.512925464970229,-11.512925464970229,-12.831336,-3.2185512e-06,4.0,5
2767,-15.908243,-16.984325,-17.380795,-17.129858,-3.3378544e-06,4.0,5
2768,-11.512925464970229,-11.512925464970229,-14.388274,-1.1920517e-06,-18.76817,3.0,4
2769,-11.512925464970229,-11.512925464970229,-11.512925464970229,-11.529873,-1.096644e-05,5.0,5
2770,-11.512925464970229,-11.512925464970229,-14.811443,-7.152119e-07,-18.577589,3.0,4
2771,-10.43148,-3.0280113e-05,-15.780679,-11.512925464970229,-16.855341,4.0,2
2772,-11.512925464970229,-11.512925464970229,-11.512925464970229,-8.044222,-0.00032251154,3.0,5
2773,-11.512925464970229,-11.512925464970229,-11.512925464970229,-3.588383,-0.028038247,4.0,5
2774,-11.512925464970229,-11.512925464970229,-11.512925464970229,-3.6666327,-0.025899025,3.0,5
2775,-11.512925464970229,-11.512925464970229,-18.723711,-1.5496514e-06,-13.680883,3.0,4
2776,-19.246239,-19.219906,-17.332653,-3.3378544e-06,-12.828841,3.0,4
2777,-11.512925464970229,-11.512925464970229,-11.512925464970229,-8.23151,-0.00026735527,4.0,5
2778,-11.512925464970229,-11.512925464970229,-11.512925464970229,-0.20403472,-1.6898574,3.0,4
2779,-0.041738763,-11.512925464970229,-11.512925464970229,-11.512925464970229,-11.512925464970229,3.0,1
2780,-11.512925464970229,-11.512925464970229,-11.512925464970229,-0.40718532,-1.0953662,3.0,4
2781,-11.512925464970229,-11.512925464970229,-11.512925464970229,-14.566096,-9.537907e-07,4.0,5
2782,-18.300488,-17.46547,0.0,-17.230175,-20.182407,4.0,3
2783,-11.512925464970229,-11.512925464970229,-11.100879,-1.5737074e-05,-18.13884,3.0,4
2784,-11.512925464970229,-11.512925464970229,-11.512925464970229,-0.26492283,-1.4575975,3.0,4
2785,-11.512925464970229,-11.512925464970229,-11.512925464970229,-5.146926,-0.005837524,4.0,5
2786,-11.512925464970229,-11.512925464970229,-11.512925464970229,-11.512925464970229,-11.512925464970229,3.0,-1
2787,-3.595261,-0.027842002,-17.411547,-11.512925464970229,-15.084837,3.0,2
2788,-11.512925464970229,-11.512925464970229,-18.986744,-7.319293e-05,-9.535863,4.0,4
2789,-19.458271,-11.512925464970229,-11.512925464970229,-15.485583,-5.9602587e-07,5.0,5
2790,-11.512925464970229,-11.512925464970229,-17.149773,-2.3844768e-07,-17.028454,3.0,4
2791,-11.512925464970229,-11.512925464970229,-11.512925464970229,-11.512925464970229,-11.512925464970229,3.0,-1
2792,-19.923655,-11.512925464970229,-11.512925464970229,-12.825101,-3.0993028e-06,3.0,5
2793,-11.512925464970229,-20.621708,-16.298565,-3.5760596e-07,-18.31176,4.0,4
2794,-11.512925464970229,-18.719025,-6.9749646,-0.0009369057,-18.914442,3.0,4
2795,-11.512925464970229,-18.148533,-4.673707,-0.009383274,-17.943707,3.0,4
2796,-11.512925464970229,-20.162395,-18.991339,-5.101864e-05,-9.895167,3.0,4
2797,-11.512925464970229,-11.512925464970229,-11.512925464970229,-10.396506,-3.159326e-05,4.0,5
2798,-11.512925464970229,-11.512925464970229,-11.512925464970229,-10.999954,-1.8119572e-05,3.0,5
2799,-16.689287,-3.8058705,-0.022499563,-17.381199,-16.785675,4.0,3
2800,-11.512925464970229,-11.512925464970229,-11.512925464970229,-11.512925464970229,-11.512925464970229,4.0,-1
2801,-19.846386,-11.512925464970229,-11.512925464970229,-14.877694,-7.152119e-07,4.0,5
2802,-11.512925464970229,-4.324871,-0.0133283455,-15.071196,-15.936524,4.0,3
2803,-11.512925464970229,-11.512925464970229,-11.512925464970229,-9.290689,-9.38133e-05,4.0,5
2804,-11.512925464970229,-11.512925464970229,-11.512925464970229,-8.80901,-0.00015041548,4.0,5
2805,-11.512925464970229,-18.207117,-8.833188,-0.00014791355,-17.793835,5.0,4
2806,-20.237825,-11.512925464970229,-16.39005,-2.9800683e-06,-12.95664,2.0,4
2807,-11.512925464970229,-11.512925464970229,-11.512925464970229,-11.512925464970229,-11.512925464970229,4.0,-1
2808,-19.954042,-18.179585,-1.1922384e-07,-19.92828,-20.413237,4.0,3
2809,-11.512925464970229,-11.512925464970229,-11.512925464970229,-14.129944,-1.1920517e-06,5.0,5
2810,-17.546371,-11.512925464970229,-18.593954,-1.0729074e-06,-17.360296,3.0,4
2811,-11.512925464970229,-11.512925464970229,-11.512925464970229,-7.332344,-0.0006560012,4.0,5
2812,-11.512925464970229,-13.799718,-1.3113013e-06,-16.753815,-11.512925464970229,2.0,3
2813,-11.512925464970229,-11.512925464970229,-11.512925464970229,-1.3878396,-0.28711247,4.0,5
2814,-11.512925464970229,-11.512925464970229,-17.816086,-0.120620206,-2.17481,3.0,4
2815,-11.512925464970229,-18.648907,-7.62087,-0.0004917487,-17.508526,3.0,4
2816,-18.39667,0.0,-18.819557,-19.65872,-21.09382,2.0,2
2817,-19.85173,-11.512925464970229,-11.512925464970229,-16.282707,-2.3844768e-07,4.0,5
2818,-11.512925464970229,-10.544308,-2.717881e-05,-16.146496,-11.512925464970229,2.0,3
2819,-11.512925464970229,-11.512925464970229,-12.240314,-5.483612e-06,-18.541344,4.0,4
2820,-15.322722,-2.3841854e-07,-20.247654,-21.638268,-11.512925464970229,3.0,2
2821,-11.512925464970229,-11.512925464970229,-11.512925464970229,-5.7349243,-0.0032405069,5.0,5
2822,-11.512925464970229,-11.512925464970229,-11.512925464970229,-14.431631,-9.537907e-07,3.0,5
2823,-11.512925464970229,-9.444857,-8.010359e-05,-16.647797,-18.929699,4.0,3
2824,-11.512925464970229,-11.512925464970229,-11.512925464970229,-11.279408,-1.3470147e-05,3.0,5
2825,-11.512925464970229,-11.512925464970229,-11.512925464970229,-5.7766166,-0.0031065014,5.0,5
2826,-11.512925464970229,-11.512925464970229,-17.770554,-0.28012177,-1.4091139,5.0,4
2827,-19.945261,-11.512925464970229,-11.512925464970229,-15.527852,-4.7689537e-07,4.0,5
2828,-19.433962,-21.349094,-11.512925464970229,-15.780921,-1.19209275e-07,4.0,5
2829,-11.512925464970229,-11.512925464970229,-11.512925464970229,-12.738838,-3.5763796e-06,4.0,5
2830,-11.512925464970229,-11.512925464970229,-11.512925464970229,-1.2642964,-0.33196345,5.0,5
2831,-11.512925464970229,-11.512925464970229,-11.512925464970229,-8.141698,-0.0002923706,4.0,5
2832,-11.512925464970229,-11.512925464970229,-11.512925464970229,-11.512925464970229,-11.512925464970229,3.0,-1
2833,-11.512925464970229,-11.512925464970229,-11.512925464970229,-6.71413,-0.0012165731,4.0,5
2834,-11.512925464970229,-11.512925464970229,-11.512925464970229,-11.512925464970229,-11.512925464970229,4.0,-1
2835,-11.512925464970229,-11.512925464970229,-11.512925464970229,-11.512925464970229,-11.512925464970229,5.0,-1
2836,-11.512925464970229,-11.512925464970229,-11.512925464970229,-11.512925464970229,-11.512925464970229,3.0,-1
2837,-18.996466,-11.512925464970229,-11.512925464970229,-12.876669,-2.9800683e-06,4.0,5
2838,-17.830303,-16.59479,-1.3113013e-06,-16.695303,-11.512925464970229,4.0,3
2839,-23.471956,0.0,-24.468027,-24.136505,-11.512925464970229,3.0,2
2840,-15.712056,-1.3112239e-06,-14.151792,-17.893896,-15.803997,2.0,2
2841,-11.512925464970229,-11.512925464970229,-11.512925464970229,-14.482901,-1.1920517e-06,4.0,5
2842,-11.512925464970229,-11.512925464970229,-11.512925464970229,-12.199451,-5.7216143e-06,3.0,5
2843,-11.512925464970229,-11.512925464970229,-11.512925464970229,-2.8344812,-0.060553525,4.0,5
2844,-18.009682,-19.84419,-20.257267,-19.160847,-1.1922384e-07,4.0,5
2845,-19.608707,-11.512925464970229,-11.512925464970229,-11.150621,-1.5139464e-05,4.0,5
2846,-11.512925464970229,-11.512925464970229,-11.512925464970229,-1.32109,-0.31040496,4.0,5
2847,-11.512925464970229,-11.512925464970229,-11.512925464970229,-10.380051,-3.2427048e-05,5.0,5
2848,-11.512925464970229,-11.512925464970229,-11.512925464970229,-12.950871,-3.0993028e-06,4.0,5
2849,-11.512925464970229,-11.512925464970229,-11.512925464970229,-10.502787,-2.8967892e-05,4.0,5
2850,-11.512925464970229,-11.512925464970229,-17.248623,-9.537907e-07,-15.83898,5.0,4
2851,-11.512925464970229,-11.512925464970229,-11.512925464970229,-7.3265653,-0.00066028937,4.0,5
2852,-11.512925464970229,-11.512925464970229,-18.79369,-1.096644e-05,-11.47998,4.0,4
2853,-11.512925464970229,-11.512925464970229,-11.512925464970229,-11.38723,-1.2277732e-05,5.0,5
2854,-11.512925464970229,-11.512925464970229,-11.512925464970229,-11.512925464970229,-11.512925464970229,4.0,-1
2855,-11.512925464970229,-11.512925464970229,-11.512925464970229,-11.512925464970229,-11.512925464970229,3.0,-1
2856,-16.44876,-0.0001725783,-8.68023,-16.869652,-13.774105,4.0,2
2857,-19.09789,-11.512925464970229,-11.512925464970229,-13.811987,-1.3112239e-06,3.0,5
2858,-11.512925464970229,-11.512925464970229,-11.512925464970229,-11.512925464970229,-11.512925464970229,2.0,-1
2859,-3.5760596e-07,-14.861089,-19.686626,-18.951706,-19.274471,4.0,1
2860,-18.249805,-17.56287,-4.7689537e-07,-17.254612,-11.512925464970229,2.0,3
2861,-11.512925464970229,-11.512925464970229,-11.512925464970229,-11.512925464970229,-11.512925464970229,4.0,-1
2862,-4.260228,-0.0142220175,-16.199177,-11.512925464970229,-15.976744,4.0,2
2863,-14.541141,-15.5027685,-9.380928e-05,-16.118784,-11.512925464970229,4.0,3
2864,-3.6239144e-05,-10.238983,-19.689264,-18.771917,-19.530624,3.0,1
2865,-11.512925464970229,-11.512925464970229,-11.512925464970229,-9.371794,-8.749216e-05,4.0,5
2866,-11.512925464970229,-9.061391,-0.00011729862,-17.876654,-11.512925464970229,3.0,3
2867,-15.418725,-0.024004692,-3.7417724,-15.692568,-14.274282,4.0,2
2868,-7.630326e-06,-11.512925464970229,-17.726185,-17.618141,-11.512925464970229,3.0,1
2869,-19.667606,-11.512925464970229,-11.512925464970229,-15.218706,-5.9602587e-07,4.0,5
2870,-11.512925464970229,-11.512925464970229,-11.512925464970229,-10.421427,-3.0640404e-05,3.0,5
2871,-11.512925464970229,-12.220861,-5.2448504e-06,-16.558252,-19.694897,4.0,3
2872,-11.512925464970229,-12.072616,-0.0025823552,-5.963278,-11.512925464970229,4.0,3
2873,-15.808633,-0.40572008,-1.0983051,-13.211115,-14.911062,5.0,2
2874,-19.573029,-11.512925464970229,-11.512925464970229,-11.7256775,-8.702378e-06,3.0,5
2875,-11.512925464970229,-11.512925464970229,-11.512925464970229,-9.314745,-9.154454e-05,5.0,5
2876,-11.512925464970229,-11.512925464970229,-11.512925464970229,-0.0012209786,-6.709721,4.0,4
2877,-11.512925464970229,-11.512925464970229,-11.512925464970229,-11.265679,-1.3827933e-05,4.0,5
2878,-11.512925464970229,-11.512925464970229,-10.6710205,-2.503238e-05,-18.04444,3.0,4
2879,-11.512925464970229,-11.512925464970229,-11.512925464970229,-11.512925464970229,-11.512925464970229,3.0,-1
2880,-11.512925464970229,-11.512925464970229,-11.512925464970229,-10.037555,-4.4580913e-05,3.0,5
2881,-19.589914,-11.512925464970229,-11.512925464970229,-14.818637,-8.344534e-07,5.0,5
2882,-19.022123,-11.512925464970229,-11.512925464970229,-11.926169,-7.3910837e-06,4.0,5
2883,-19.762749,-12.079356,-6.1984797e-06,-16.214321,-11.512925464970229,1.0,3
2884,-15.56191,-15.359486,-11.512925464970229,-9.178928e-06,-14.773935,3.0,4
2885,-11.512925464970229,-11.512925464970229,-11.512925464970229,-3.5229566,-0.02996033,4.0,5
2886,-11.512925464970229,-11.512925464970229,-11.512925464970229,-4.932322,-0.0072389524,1.0,5
2887,-11.512925464970229,-11.512925464970229,-11.512925464970229,-5.9337344,-0.0026563343,3.0,5
2888,-11.512925464970229,-11.512925464970229,-11.512925464970229,-0.2740548,-1.4280808,4.0,4
2889,-11.512925464970229,-11.512925464970229,-11.512925464970229,-6.710248,-0.001221693,5.0,5
2890,-11.512925464970229,-11.512925464970229,-11.512925464970229,-11.512925464970229,-11.512925464970229,4.0,-1
2891,-19.314236,-11.512925464970229,-11.512925464970229,-13.478059,-1.7881898e-06,4.0,5
2892,-11.512925464970229,-11.512925464970229,-11.512925464970229,-9.594439,-7.009544e-05,4.0,5
2893,-19.883057,-11.512925464970229,-11.512925464970229,-17.397427,-2.3844768e-07,5.0,5
2894,-11.512925464970229,-11.512925464970229,-11.512925464970229,-6.180876,-0.0020732337,3.0,5
2895,-11.512925464970229,-11.512925464970229,-11.512925464970229,-1.549886e-05,-11.113399,4.0,4
2896,-11.512925464970229,-14.595919,-5.9602587e-07,-16.970512,-11.512925464970229,2.0,3
2897,-19.25123,-11.512925464970229,-11.512925464970229,-13.629362,-1.5496514e-06,4.0,5
2898,-17.124825,-1.5496514e-06,-14.039422,-18.77017,-15.631578,3.0,2
2899,-11.512925464970229,-11.512925464970229,-11.512925464970229,-11.512925464970229,-11.512925464970229,3.0,-1
2900,-11.512925464970229,-11.512925464970229,-11.512925464970229,-11.512925464970229,-11.512925464970229,4.0,-1
2901,-11.512925464970229,-11.512925464970229,-11.512925464970229,-6.7184334,-0.001211334,5.0,5
2902,-11.512925464970229,-11.512925464970229,-11.512925464970229,-2.2007086,-0.11736903,3.0,5
2903,-11.512925464970229,-11.115495,-1.5379754e-05,-17.065208,-19.702568,4.0,3
2904,-21.557829,-16.314142,-2.3844768e-07,-16.264874,-21.235403,3.0,3
2905,-18.840126,-11.512925464970229,-11.512925464970229,-15.104599,-5.9602587e-07,5.0,5
2906,-11.512925464970229,-11.512925464970229,-18.722296,-5.447688e-05,-9.836234,3.0,4
2907,-11.512925464970229,-11.512925464970229,-11.512925464970229,-0.0036522667,-5.6149592,5.0,4
2908,-11.512925464970229,-11.512925464970229,-11.512925464970229,-2.166667,-0.12166876,4.0,5
2909,-11.512925464970229,-11.512925464970229,-11.512925464970229,-8.3377695,-0.00024100761,4.0,5
2910,-11.512925464970229,-11.512925464970229,-11.512925464970229,-0.5076203,-0.9212021,4.0,4
2911,-11.512925464970229,-17.192146,-8.748376,-0.0001594706,-18.245312,4.0,4
2912,-11.512925464970229,-11.731191,-8.3449995e-06,-18.146915,-20.170498,3.0,3
2913,-11.512925464970229,-11.512925464970229,-11.512925464970229,-2.5020509,-0.085465014,4.0,5
2914,-11.512925464970229,-11.512925464970229,-18.84858,-0.008769501,-4.7410426,4.0,4
2915,-18.778446,-18.169418,-5.9602587e-07,-17.967873,-11.512925464970229,4.0,3
2916,-11.512925464970229,-16.05817,-5.6146615e-05,-9.812457,-11.512925464970229,3.0,3
2917,-11.512925464970229,-12.886231,-2.9800683e-06,-16.711086,-19.603445,4.0,3
2918,-17.972158,-18.07461,-1.1920517e-06,-15.728344,-11.512925464970229,2.0,3
2919,-11.512925464970229,-11.512925464970229,-11.512925464970229,-0.0017982525,-6.322738,2.0,4
2920,-11.512925464970229,-11.512925464970229,-15.8843775,-4.7689537e-07,-17.295273,2.0,4
2921,-11.512925464970229,-11.512925464970229,-11.512925464970229,-5.521055,-0.004015191,4.0,5
2922,-11.512925464970229,-15.31186,-3.5760596e-07,-16.791952,-11.512925464970229,4.0,3
2923,-19.17346,-11.512925464970229,-11.512925464970229,-14.338771,-9.537907e-07,4.0,5
2924,-11.512925464970229,-11.512925464970229,-11.512925464970229,-7.905492,-0.00037088792,3.0,5
2925,-11.512925464970229,-11.512925464970229,-11.512925464970229,-10.438781,-3.1116822e-05,5.0,5
2926,-16.513607,-6.9499794e-05,-9.602662,-16.723019,-14.102327,3.0,2
2927,-11.512925464970229,-11.512925464970229,-11.512925464970229,-9.7396,-6.0321625e-05,4.0,5
2928,-21.428883,-21.52351,-19.097654,-2.3844768e-07,-16.289,2.0,4
2929,-11.512925464970229,-11.512925464970229,-11.512925464970229,-12.723799,-3.6956835e-06,4.0,5
2930,-11.512925464970229,-11.512925464970229,-17.066977,-8.284435e-05,-9.407292,3.0,4
2931,-16.090801,-8.344534e-07,-15.171011,-18.761898,-15.861835,4.0,2
2932,-11.512925464970229,-11.512925464970229,-19.483864,-2.8252216e-05,-10.502441,4.0,4
2933,-19.24822,-20.287312,-11.512925464970229,-14.050306,-1.0729074e-06,4.0,5
2934,-20.510601,-16.731878,-4.7689537e-07,-15.571708,-11.512925464970229,4.0,3
2935,-11.512925464970229,-12.871212,-3.2185512e-06,-16.953407,-11.512925464970229,3.0,3
2936,-11.512925464970229,-11.512925464970229,-19.7733,-0.00048006847,-7.6434093,3.0,4
2937,-11.512925464970229,-11.512925464970229,-11.512925464970229,-8.4515505,-0.00021477422,4.0,5
2938,-11.512925464970229,-11.512925464970229,-11.512925464970229,-10.001431,-4.672657e-05,4.0,5
2939,-11.512925464970229,-11.512925464970229,-11.512925464970229,-14.429043,-1.3112239e-06,3.0,5
2940,-11.512925464970229,-11.512925464970229,-11.512925464970229,-8.211359,-0.0002743831,4.0,5
2941,-19.582315,-11.512925464970229,-11.512925464970229,-15.8056965,-5.9602587e-07,4.0,5
2942,-11.512925464970229,-11.512925464970229,-11.512925464970229,-11.512925464970229,-11.512925464970229,5.0,-1
2943,-11.512925464970229,-11.512925464970229,-11.512925464970229,-14.116592,-1.1920517e-06,4.0,5
2944,-11.512925464970229,-19.028717,-9.989152,-4.648815e-05,-18.55691,3.0,4
2945,-11.512925464970229,-11.512925464970229,-11.512925464970229,-15.784999,-7.152119e-07,4.0,5
2946,-18.723696,-9.418024,-8.177186e-05,-15.222967,-18.956745,4.0,3
2947,-11.512925464970229,-11.512925464970229,-11.512925464970229,-4.3581996,-0.01288549,4.0,5
2948,-11.512925464970229,-19.140944,-8.191827,-0.0002779567,-18.65283,3.0,4
2949,-11.512925464970229,-11.512925464970229,-11.512925464970229,-11.229974,-1.39472e-05,4.0,5
2950,-11.512925464970229,-14.176534,-7.630326e-06,-11.9712,-11.512925464970229,3.0,3
2951,-11.512925464970229,-11.512925464970229,-11.512925464970229,-11.512925464970229,-11.512925464970229,3.0,-1
2952,-11.512925464970229,-11.512925464970229,-11.512925464970229,-11.512925464970229,-11.512925464970229,3.0,-1
2953,-5.9602587e-07,-19.336716,-11.512925464970229,-21.954163,-11.512925464970229,4.0,1
2954,-11.512925464970229,-20.321014,-16.514988,-5.9602587e-07,-15.797407,4.0,4
2955,-11.512925464970229,-11.512925464970229,-11.512925464970229,-13.251755,-2.6224477e-06,3.0,5
2956,-11.512925464970229,-11.512925464970229,-11.512925464970229,-7.5170116,-0.00054534606,4.0,5
2957,-20.113106,-11.512925464970229,-11.512925464970229,-16.431677,-3.5760596e-07,4.0,5
2958,-13.410008,-4.053381e-06,-12.990751,-19.56151,-17.797142,2.0,2
2959,-11.512925464970229,-11.512925464970229,-17.587843,-3.218882e-05,-10.362511,5.0,4
2960,-11.512925464970229,-11.512925464970229,-17.65744,-0.015147717,-4.197662,5.0,4
2961,-11.512925464970229,-11.512925464970229,-11.512925464970229,-11.005422,-1.7643022e-05,4.0,5
2962,-11.512925464970229,-11.512925464970229,-11.512925464970229,-8.88723,-0.00013909786,4.0,5
2963,-11.512925464970229,-11.512925464970229,-11.512925464970229,-11.512925464970229,-11.512925464970229,2.0,-1
2964,-11.512925464970229,-11.512925464970229,-11.512925464970229,-0.5759992,-0.82588285,4.0,4
2965,-11.512925464970229,-11.512925464970229,-11.512925464970229,-5.65186,-0.0035199204,4.0,5
2966,-11.512925464970229,-11.512925464970229,-11.512925464970229,-12.166666,-5.9600343e-06,4.0,5
2967,-11.512925464970229,-11.512925464970229,-10.054291,-4.3984946e-05,-18.2091,4.0,4
2968,-11.512925464970229,-11.512925464970229,-11.512925464970229,-8.642315,-0.00017758356,3.0,5
2969,-19.705519,-11.512925464970229,-11.512925464970229,-13.963391,-1.1920517e-06,4.0,5
2970,-19.768675,-11.512925464970229,-11.512925464970229,-13.719326,-1.3112239e-06,3.0,5
2971,-18.1891,-1.7881898e-06,-13.514742,-18.654774,-16.27773,1.0,2
2972,-11.512925464970229,-11.512925464970229,-11.512925464970229,-0.6671062,-0.71990925,4.0,4
2973,-18.50785,-18.639603,-4.7689537e-07,-15.884132,-19.752878,4.0,3
2974,-11.512925464970229,-11.512925464970229,-13.94689,-0.05141724,-11.512925464970229,5.0,4
2975,-0.7763459,-0.6163785,-16.779655,-11.512925464970229,-14.36396,4.0,2
2976,-20.249157,-19.561104,-11.512925464970229,-15.376217,-5.9602587e-07,4.0,5
2977,-11.512925464970229,-11.512925464970229,-11.512925464970229,-10.065423,-4.3150623e-05,2.0,5
2978,-11.512925464970229,-11.512925464970229,-11.512925464970229,-0.733992,-0.6539272,3.0,5
2979,-11.512925464970229,-16.586555,-7.152119e-07,-14.910337,-11.512925464970229,2.0,3
2980,-11.512925464970229,-11.512925464970229,-11.512925464970229,-6.0602746,-0.00233893,4.0,5
2981,-11.512925464970229,-11.512925464970229,-11.512925464970229,-11.512925464970229,-11.512925464970229,2.0,-1
2982,-20.731195,-14.019692,-9.537907e-07,-17.019018,-20.935913,3.0,3
2983,-11.512925464970229,-11.512925464970229,-18.03084,-4.7689537e-07,-15.53009,3.0,4
2984,-11.512925464970229,-11.512925464970229,-11.512925464970229,-14.77,-8.344534e-07,4.0,5
2985,-11.512925464970229,-11.512925464970229,-11.512925464970229,-11.512925464970229,-11.512925464970229,3.0,-1
2986,-11.512925464970229,-11.512925464970229,-18.07839,-0.049555343,-3.0293756,3.0,4
2987,-11.512925464970229,-11.512925464970229,-11.512925464970229,-11.512925464970229,-11.512925464970229,3.0,-1
2988,-11.512925464970229,-11.512925464970229,-11.512925464970229,-0.10565265,-2.3000057,4.0,4
2989,-11.512925464970229,-6.4808354,-0.0015360895,-18.229116,-18.173094,5.0,3
2990,-11.512925464970229,-11.512925464970229,-13.095157,-2.6224477e-06,-19.086224,3.0,4
2991,-11.512925464970229,-11.512925464970229,-11.512925464970229,-11.512925464970229,-11.512925464970229,3.0,-1
2992,-11.512925464970229,-11.512925464970229,-11.512925464970229,-0.019813119,-3.931827,4.0,4
2993,-11.512925464970229,-19.346685,-12.311492,-5.364032e-06,-18.45409,3.0,4
2994,-11.512925464970229,-11.512925464970229,-11.512925464970229,-11.504851,-1.0728064e-05,3.0,5
2995,-11.512925464970229,-19.47108,-11.984235,-7.1525124e-06,-17.690784,3.0,4
2996,-11.512925464970229,-11.512925464970229,-11.512925464970229,-11.512925464970229,-11.512925464970229,5.0,-1
2997,-19.609324,-11.512925464970229,-11.512925464970229,-13.484127,-1.7881898e-06,4.0,5
2998,-11.512925464970229,-11.512925464970229,-17.566277,-4.7689537e-07,-16.306267,4.0,4
2999,-15.188185,-14.215859,-14.181526,-12.852846,-1.6570877e-05,2.0,5
3000,-15.837911,-0.00037398626,-7.900919,-15.9741,-13.218365,4.0,2
3001,-11.512925464970229,-11.512925464970229,-15.649152,-7.152119e-07,-17.251476,2.0,4
3002,-1.1922384e-07,-11.512925464970229,-11.512925464970229,-11.512925464970229,-11.512925464970229,4.0,1
3003,-19.015575,-21.790268,-20.520737,-19.421782,0.0,3.0,5
3004,-1.1922384e-07,-20.856852,-11.512925464970229,-11.512925464970229,-11.512925464970229,4.0,1
3005,-11.512925464970229,-11.512925464970229,-11.512925464970229,-11.512925464970229,-11.512925464970229,3.0,-1
3006,-11.512925464970229,-11.512925464970229,-16.766352,-7.152119e-07,-16.592434,4.0,4
3007,-11.512925464970229,-11.512925464970229,-11.512925464970229,-11.512925464970229,-11.512925464970229,3.0,-1
3008,-11.512925464970229,-11.512925464970229,-11.512925464970229,-14.450951,-8.344534e-07,5.0,5
3009,-11.512925464970229,-14.147071,-9.537907e-07,-17.923136,-11.512925464970229,3.0,3
3010,-11.512925464970229,-11.512925464970229,-11.512925464970229,-11.559403,-1.02513495e-05,4.0,5
3011,-11.512925464970229,-11.512925464970229,-11.512925464970229,-0.018785479,-3.9842415,4.0,4
3012,-11.512925464970229,-11.512925464970229,-11.512925464970229,-5.2368846,-0.0053343866,4.0,5
3013,0.0,-21.750975,-24.329157,-24.349554,-11.512925464970229,4.0,1
3014,-14.752651,-0.00048030692,-7.645147,-17.419886,-16.291334,5.0,2
3015,-16.77551,-0.18199259,-1.7936125,-15.71936,-14.305467,4.0,2
3016,-15.782271,-1.3011767,-0.3177744,-12.633872,-15.795486,5.0,3
3017,-18.40466,-4.537999,-0.010756515,-12.717155,-17.838425,4.0,3
3018,-11.512925464970229,-11.512925464970229,-11.512925464970229,-11.512925464970229,-11.512925464970229,3.0,-1
3019,-11.512925464970229,-11.512925464970229,-11.512925464970229,-1.1422281,-0.38438892,3.0,5
3020,-11.512925464970229,-11.512925464970229,-11.512925464970229,-13.302843,-2.2649522e-06,4.0,5
3021,-18.39515,-2.3844768e-07,-19.293854,-18.90017,-20.461267,3.0,2
3022,-12.204829,-5.602414e-06,-16.364553,-19.66305,-16.462126,2.0,2
3023,-11.512925464970229,-11.512925464970229,-11.512925464970229,-0.016522797,-4.111406,1.0,4
3024,-11.512925464970229,-11.512925464970229,-11.512925464970229,-1.2912495,-0.3215248,5.0,5
3025,-11.512925464970229,-15.965591,-3.5760596e-07,-16.41663,-21.27084,3.0,3
3026,-11.512925464970229,-11.512925464970229,-19.234362,-1.0729074e-06,-14.231805,3.0,4
3027,-11.512925464970229,-13.987743,-1.1920517e-06,-16.085209,-11.512925464970229,2.0,3
3028,-11.512925464970229,-11.512925464970229,-11.512925464970229,-12.820852,-3.4570896e-06,4.0,5
3029,-11.512925464970229,-11.512925464970229,-11.512925464970229,-0.001624518,-6.4247413,4.0,4
3030,-11.512925464970229,-11.512925464970229,-17.06416,-4.7689537e-07,-15.563108,3.0,4
3031,-17.196438,-16.306637,-3.5760596e-07,-19.371021,-19.493147,3.0,3
3032,-11.512925464970229,-11.512925464970229,-11.512925464970229,-7.533683,-0.0005371276,4.0,5
3033,-19.05631,-11.512925464970229,-11.512925464970229,-11.045868,-1.6689999e-05,4.0,5
3034,-11.512925464970229,-11.512925464970229,-11.512925464970229,-7.4920278,-0.00055940077,4.0,5
3035,-11.512925464970229,-11.512925464970229,-11.512925464970229,-4.79283,-0.008326248,4.0,5
3036,-19.258205,-11.512925464970229,-11.512925464970229,-14.97067,-7.152119e-07,5.0,5
3037,-11.512925464970229,-11.512925464970229,-11.512925464970229,-3.0732877,-0.04737635,3.0,5
3038,-16.580605,-0.00075546704,-7.1901436,-18.264137,-16.327873,3.0,2
3039,-13.814302,-0.00014267169,-8.866421,-18.342846,-17.268957,4.0,2
3040,-11.512925464970229,-11.512925464970229,-11.512925464970229,-1.9665911,-0.15075326,4.0,5
3041,-11.512925464970229,-14.842009,-7.152119e-07,-15.810616,-20.493677,4.0,3
3042,-11.512925464970229,-11.512925464970229,-13.9767275,-1.1920517e-06,-16.960737,4.0,4
3043,-11.512925464970229,-11.512925464970229,-11.512925464970229,-0.23760241,-1.5534728,4.0,4
3044,-11.512925464970229,-11.512925464970229,-11.512925464970229,-9.776254,-5.817436e-05,4.0,5
3045,-11.512925464970229,-11.512925464970229,-11.512925464970229,-6.2086535,-0.0020186952,4.0,5
3046,-11.512925464970229,-11.512925464970229,-11.512925464970229,-0.12791829,-2.1196308,3.0,4
3047,-11.512925464970229,-11.512925464970229,-11.512925464970229,-11.633094,-9.536374e-06,3.0,5
3048,-11.512925464970229,-11.512925464970229,-11.512925464970229,-10.633428,-2.539008e-05,4.0,5
3049,-11.512925464970229,-11.512925464970229,-11.512925464970229,-11.512925464970229,-11.512925464970229,4.0,-1
3050,-11.512925464970229,-11.512925464970229,-16.549372,-1.0729074e-06,-15.984915,3.0,4
3051,-11.512925464970229,-13.586196,-2.2649522e-06,-14.703976,-20.061495,2.0,3
3052,-11.512925464970229,-11.512925464970229,-11.512925464970229,-14.059821,-2.0266912e-06,4.0,5
3053,-11.512925464970229,-13.087773,-2.3841035e-06,-17.256845,-11.512925464970229,3.0,3
3054,-11.512925464970229,-11.512925464970229,-11.512925464970229,-11.512925464970229,-11.512925464970229,3.0,-1
3055,-11.512925464970229,-13.123194,-2.3841035e-06,-15.850856,-20.332253,3.0,3
3056,-11.512925464970229,-11.512925464970229,-11.512925464970229,-14.1762495,-1.4304238e-06,4.0,5
3057,-11.512925464970229,-8.644063,-0.00018223155,-12.2440195,-11.512925464970229,2.0,3
3058,-11.512925464970229,-11.512925464970229,-11.512925464970229,-11.512925464970229,-11.512925464970229,4.0,-1
3059,-11.512925464970229,-11.512925464970229,-11.512925464970229,-0.25840712,-1.4793754,3.0,4
3060,-11.512925464970229,-11.512925464970229,-11.512925464970229,-11.443797,-1.1681643e-05,5.0,5
3061,-20.3705,-20.022373,-11.512925464970229,-19.327003,0.0,3.0,5
3062,-11.512925464970229,-11.512925464970229,-11.512925464970229,-0.006684284,-5.0117674,3.0,4
3063,-14.544044,-3.6956835e-06,-12.761337,-19.680477,-16.702133,4.0,2
3064,-19.338856,-11.512925464970229,-11.512925464970229,-13.462469,-1.7881898e-06,4.0,5
3065,-11.512925464970229,-11.512925464970229,-11.512925464970229,-1.205087,-0.35629588,4.0,5
3066,-11.512925464970229,-11.512925464970229,-11.512925464970229,-0.0036886996,-5.604927,4.0,4
3067,-11.512925464970229,-11.512925464970229,-11.512925464970229,-12.518244,-4.2916245e-06,2.0,5
3068,-19.868582,-11.512925464970229,-11.512925464970229,-16.947937,-2.3844768e-07,4.0,5
3069,-11.512925464970229,-11.512925464970229,-11.512925464970229,-8.93177,-0.00013338002,4.0,5
3070,-11.512925464970229,-8.395666,-0.00022693604,-16.08426,-19.15917,4.0,3
3071,-11.512925464970229,-7.7003856,-0.00045706014,-12.993634,-17.912775,2.0,3
3072,-11.512925464970229,-11.512925464970229,-11.512925464970229,-3.2247524,-0.04058455,5.0,5
3073,-11.512925464970229,-11.512925464970229,-11.512925464970229,-11.512925464970229,-11.512925464970229,5.0,-1
3074,-11.512925464970229,-11.512925464970229,-11.512925464970229,-11.512925464970229,-11.512925464970229,1.0,-1
3075,-11.512925464970229,-6.1322403,-0.0021761013,-17.935978,-17.96886,2.0,3
3076,-11.512925464970229,-11.512925464970229,-11.512925464970229,-13.802761,-1.5496514e-06,5.0,5
3077,-0.0041497406,-16.412025,-11.512925464970229,-11.512925464970229,-11.512925464970229,1.0,1
3078,-19.059021,-11.512925464970229,-11.512925464970229,-13.418043,-1.9075815e-06,3.0,5
3079,-0.6232145,-11.512925464970229,-11.512925464970229,-11.512925464970229,-11.512925464970229,4.0,1
3080,-18.439018,-20.592434,-11.512925464970229,-16.423306,-3.5760596e-07,5.0,5
3081,-11.512925464970229,-11.512925464970229,-11.512925464970229,-8.458433,-0.00021358198,4.0,5
3082,-15.005368,-12.109631,-1.3708667e-05,-14.665483,-11.512925464970229,3.0,3
3083,-1.1920517e-06,-13.896416,-18.88377,-18.61145,-19.277752,2.0,1
3084,-15.355821,-2.3844768e-07,-18.60645,-20.241783,-20.249115,3.0,2
3085,-9.07915,-0.000115032555,-14.657747,-19.481012,-17.258722,3.0,2
3086,-1.3112239e-06,-13.701104,-19.231976,-19.215088,-19.355354,2.0,1
3087,-18.970062,-10.727311,-2.2528851e-05,-15.0781975,-19.566034,4.0,3
3088,-19.105759,-11.512925464970229,-11.512925464970229,-15.273503,-4.7689537e-07,5.0,5
3089,-15.388777,-2.3844768e-07,-20.214867,-19.102913,-21.458305,4.0,2
3090,-11.512925464970229,-15.669065,-15.782452,-17.949114,-1.4304238e-06,2.0,5
3091,-16.019596,-2.3844768e-07,-17.06528,-19.52439,-11.512925464970229,5.0,2
3092,-15.419633,-2.5270847e-05,-17.163725,-11.512925464970229,-11.512925464970229,4.0,2
3093,-20.767439,0.0,-11.512925464970229,-11.512925464970229,-11.512925464970229,2.0,2
3094,-1.4304238e-06,-13.760557,-19.46009,-19.222578,-19.899359,1.0,1
3095,-0.00036838543,-7.908076,-18.61427,-18.834402,-18.55975,5.0,1
3096,-11.134912,-1.549886e-05,-15.124187,-19.329268,-17.337828,2.0,2
3097,-19.919727,-21.526293,-21.746183,-19.962631,0.0,5.0,5
3098,-5.1853327e-05,-9.88439,-19.325537,-18.796812,-18.258554,2.0,1
3099,-0.026787005,-3.633402,-16.77079,-17.101976,-15.53713,1.0,1
3100,-20.340042,0.0,-11.512925464970229,-11.512925464970229,-11.512925464970229,1.0,2
3101,-18.834541,0.0,-22.012245,-11.512925464970229,-11.512925464970229,3.0,2
3102,-5.9602587e-07,-14.758744,-19.642376,-19.25122,-18.932703,2.0,1
3103,-11.512925464970229,-18.37878,-8.247662,-0.0002633054,-18.30481,5.0,4
3104,-1.6451757e-05,-11.051807,-19.105095,-18.445501,-18.381514,3.0,1
3105,-18.740665,-20.336731,-11.512925464970229,-15.28429,-4.7689537e-07,5.0,5
3106,-1.6689067e-06,-13.50037,-19.069643,-18.363558,-19.61854,3.0,1
3107,-5.9602587e-07,-15.158376,-18.816582,-18.385494,-18.892933,2.0,1
3108,-18.849495,-20.341778,-11.512925464970229,-15.253265,-3.5760596e-07,5.0,5
3109,-18.967997,-20.650242,-11.512925464970229,-16.064472,-2.3844768e-07,5.0,5
3110,-0.011053833,-4.51064,-16.846605,-16.566694,-16.519285,2.0,1
3111,-12.22805,-1.6213524e-05,-11.41496,-19.131697,-18.136263,2.0,2
3112,-15.563042,-0.017441098,-4.057753,-16.22403,-16.340946,5.0,2
3113,-18.639566,-17.741863,-1.1922384e-07,-16.93792,-18.689995,5.0,3
3114,-5.3522817e-05,-9.846888,-18.844397,-19.247997,-18.63572,1.0,1
3115,-11.455057,-0.00093261665,-6.9907436,-15.221619,-16.146257,4.0,2
3116,-17.658724,-3.6432824,-0.026522119,-12.414588,-18.240345,5.0,3
3117,-11.512925464970229,-11.512925464970229,-11.512925464970229,-8.906191,-0.00013695363,5.0,5
3118,-5.9602587e-07,-15.063062,-19.361855,-19.439795,-19.453825,1.0,1
3119,-19.773674,-20.373531,-11.512925464970229,-15.010921,-5.9602587e-07,4.0,5
3120,-20.477797,-11.512925464970229,-11.512925464970229,-15.444633,-4.7689537e-07,5.0,5
3121,-13.476265,-0.0012576506,-6.6810384,-15.672288,-18.062784,5.0,2
3122,-0.0001269479,-8.979857,-18.912489,-18.360752,-18.51594,4.0,1
3123,0.0,-19.429014,-19.2903,-20.289812,-11.512925464970229,5.0,1
3124,-11.512925464970229,-11.512925464970229,-13.837779,-1.4304238e-06,-16.38229,5.0,4
3125,-11.512925464970229,-11.512925464970229,-18.189093,-5.150414,-0.005816189,4.0,5
3126,-1.1922384e-07,-16.744892,-19.814892,-19.547703,-19.743889,1.0,1
3127,-1.1922384e-07,-19.458092,-11.512925464970229,-23.447727,-11.512925464970229,4.0,1
3128,-16.349142,-3.3378135e-06,-12.861013,-18.650692,-16.36654,4.0,2
3129,-1.1922384e-07,-16.087425,-18.901058,-20.381264,-11.512925464970229,3.0,1
3130,-4.7689537e-07,-15.4108095,-19.36401,-19.2672,-19.814388,1.0,1
3131,-19.600544,-11.512925464970229,-11.512925464970229,-15.033791,-5.9602587e-07,5.0,5
3132,-19.801786,-11.512925464970229,-11.512925464970229,-16.081942,-3.5760596e-07,4.0,5
3133,-19.564396,-11.512925464970229,-11.512925464970229,-15.04029,-5.9602587e-07,3.0,5
3134,-6.973805e-05,-9.58044,-17.73017,-17.689985,-17.705168,2.0,1
3135,-1.894062,-0.16308022,-14.046148,-15.896174,-15.562787,4.0,2
3136,-19.144121,-19.558495,-11.512925464970229,-15.22331,-4.7689537e-07,5.0,5
3137,-11.512925464970229,-11.512925464970229,-17.957779,-1.2396959e-05,-11.35221,5.0,4
3138,-1.3112239e-06,-13.987332,-18.952349,-19.082941,-19.520159,1.0,1
3139,-11.512925464970229,-11.512925464970229,-18.106781,-0.047690827,-3.0668044,5.0,4
3140,-0.0009554916,-6.9546375,-18.348925,-19.126272,-18.650316,2.0,1
3141,-11.512925464970229,-11.512925464970229,-18.269413,-7.987648e-06,-11.7783165,5.0,4
3142,-0.0011968075,-6.7301607,-18.268312,-17.711393,-17.533247,3.0,1
3143,-19.415495,-11.512925464970229,-11.512925464970229,-14.831263,-5.9602587e-07,3.0,5
3144,-11.512925464970229,-11.512925464970229,-11.512925464970229,-14.211444,-1.1920517e-06,5.0,5
3145,0.0,-17.803532,-22.120998,-22.470978,-11.512925464970229,5.0,1
3146,-8.382976,-0.0002319443,-13.072542,-18.48692,-16.461555,1.0,2
3147,-11.512925464970229,-11.512925464970229,-11.512925464970229,-9.139696,-0.000108354354,5.0,5
3148,-13.521267,-1.6689067e-06,-17.582338,-18.478899,-18.681812,5.0,2
3149,-3.0965037,-0.046264097,-14.568684,-17.761507,-16.553478,1.0,2
3150,-5.9602587e-07,-15.684796,-18.78506,-18.368906,-18.658384,1.0,1
3151,-0.00014886666,-8.81649,-18.0294,-18.35924,-18.377693,1.0,1
3152,-18.197847,-19.216452,-19.539734,-11.695,-8.821511e-06,5.0,5
3153,-2.3634224,-0.098825574,-14.212405,-16.000988,-14.902858,1.0,2
3154,-1.3112239e-06,-13.87418,-18.802977,-18.770855,-19.159475,1.0,1
3155,-11.616538,-1.28739e-05,-12.634379,-18.458794,-17.050417,5.0,2
3156,-19.29206,-11.512925464970229,-11.512925464970229,-16.346088,-4.7689537e-07,5.0,5
3157,-11.512925464970229,-11.512925464970229,-11.512925464970229,-11.512925464970229,-11.512925464970229,3.0,-1
3158,-4.7689537e-07,-15.1830225,-18.914728,-19.0813,-19.349045,2.0,1
3159,-11.6962805,-1.0132179e-05,-13.643712,-19.053629,-16.927237,4.0,2
3160,-19.667068,-11.512925464970229,-11.512925464970229,-16.481947,-2.3844768e-07,3.0,5
3161,-1.73492,-0.19412369,-14.519122,-16.363941,-15.028782,3.0,2
3162,-4.7689537e-07,-15.610258,-19.320044,-19.203758,-18.39111,2.0,1
3163,-9.537907e-07,-14.436467,-19.001436,-18.792582,-18.321457,3.0,1
3164,0.0,-21.856203,-23.304106,-21.154804,-23.18597,5.0,1
3165,0.0,-22.342262,-24.328724,-21.604446,-23.72806,5.0,1
3166,-0.0009873353,-6.9222503,-18.649652,-18.904514,-18.337393,1.0,1
3167,-7.152119e-07,-14.95277,-20.148579,-19.909708,-20.167843,1.0,1
3168,-0.0002810538,-8.179296,-18.215044,-18.84781,-18.586353,1.0,1
3169,-12.361908,-5.14956e-05,-9.979761,-17.205603,-15.220873,1.0,2
3170,-2.3844768e-07,-16.11641,-20.403732,-19.909008,-19.83416,3.0,1
3171,-2.0266912e-06,-13.227329,-19.65124,-19.06068,-19.16801,3.0,1
3172,-19.437122,-11.512925464970229,-11.512925464970229,-11.472033,-1.1085632e-05,4.0,5
3173,-0.06031674,-2.8382156,-17.37744,-17.429792,-15.573357,3.0,1
3174,-5.9602587e-07,-15.041695,-19.492167,-19.517492,-19.471653,1.0,1
3175,-15.963472,-0.006376379,-5.0586014,-16.74063,-19.000494,5.0,2
3176,-12.546617,-2.9445042e-05,-10.585008,-17.923807,-17.40166,5.0,2
3177,-18.847393,-11.512925464970229,-19.902514,-14.858745,-5.9602587e-07,5.0,5
3178,0.0,-19.635664,-11.512925464970229,-22.922808,-11.512925464970229,2.0,1
3179,-7.5186205,-0.0005446314,-14.641586,-18.047482,-16.407598,1.0,2
3180,-5.5353303,-0.003954381,-16.091078,-18.510553,-16.946838,2.0,2
3181,-5.3442025,-0.0047897873,-16.062994,-18.035849,-16.31481,5.0,2
3182,-8.344534e-07,-14.542306,-19.040327,-18.55844,-18.22815,2.0,1
3183,-0.00018747573,-8.586139,-18.486107,-18.546589,-18.675846,3.0,1
3184,-1.8509154,-0.17092276,-14.792181,-11.512925464970229,-16.292341,3.0,2
3185,-7.0254436,-0.00089794747,-11.820662,-18.554926,-17.524754,3.0,2
3186,-7.152119e-07,-16.302559,-19.212025,-19.311604,-19.290277,1.0,1
3187,-0.027644537,-3.6022658,-17.224247,-18.172548,-16.304947,4.0,1
3188,-17.150717,-1.1922384e-07,-20.474974,-21.33781,-22.15046,5.0,2
3189,-18.04483,0.0,-20.23249,-21.19386,-11.512925464970229,5.0,2
3190,-1.4305025e-05,-11.191752,-18.96697,-18.707405,-19.144632,1.0,1
3191,-19.089815,-11.512925464970229,-11.512925464970229,-14.33108,-9.537907e-07,4.0,5
3192,-19.796856,-11.512925464970229,-11.512925464970229,-16.100288,-4.7689537e-07,2.0,5
3193,-8.626559,-0.00018044382,-14.75224,-18.785915,-17.181652,1.0,2
3194,-5.9600343e-06,-12.06764,-18.912764,-19.051182,-18.988142,2.0,1
3195,-19.301008,-11.512925464970229,-11.512925464970229,-14.049044,-1.1920517e-06,4.0,5
3196,-19.347464,-11.512925464970229,-11.512925464970229,-13.199582,-2.5032687e-06,3.0,5
3197,-15.816049,-14.971203,-2.1458147e-06,-15.674615,-17.826303,4.0,3
3198,-3.5760596e-07,-14.948983,-18.769243,-19.085613,-18.866314,2.0,1
3199,-2.3844768e-07,-16.182652,-19.44736,-19.44062,-19.362556,1.0,1
3200,-19.684233,-11.512925464970229,-11.512925464970229,-11.766128,-8.3449995e-06,1.0,5
3201,-5.101328,-0.006111258,-14.358252,-17.576569,-15.327377,2.0,2
3202,-0.67833745,-0.708197,-16.708372,-11.512925464970229,-15.684721,4.0,1
3203,-3.5760596e-07,-15.042541,-19.401583,-20.345703,-22.29683,3.0,1
3204,-17.278154,-18.693096,-18.119537,-10.857699,-1.9668532e-05,1.0,5
3205,-18.881456,-19.457336,-11.512925464970229,-14.833289,-7.152119e-07,5.0,5
3206,-1.3112239e-06,-13.737036,-19.592127,-18.565222,-19.417698,1.0,1
3207,-21.97054,0.0,-22.06122,-21.21262,-22.8718,4.0,2
3208,-19.562782,-11.512925464970229,-11.512925464970229,-12.306731,-5.006506e-06,4.0,5
3209,-19.540237,-11.512925464970229,-11.512925464970229,-14.843476,-7.152119e-07,3.0,5
3210,-13.886841,-2.4913146e-05,-10.67098,-11.512925464970229,-18.180902,2.0,2
3211,-0.00013135505,-8.9441395,-19.252846,-18.955793,-19.248451,2.0,1
3212,-0.485592,-0.9553853,-16.276823,-17.30526,-15.491116,1.0,1
3213,-10.5234585,-6.0918137e-05,-10.304373,-18.459019,-18.58733,5.0,2
3214,-5.9602587e-07,-15.13601,-19.03379,-19.048874,-18.727465,3.0,1
3215,-2.3844768e-07,-18.276382,-20.790209,-21.918056,-11.512925464970229,2.0,1
3216,-11.512925464970229,-11.512925464970229,-11.512925464970229,-8.720405,-0.00016459428,5.0,5
3217,0.0,-19.711462,-23.354845,-21.99622,-11.512925464970229,5.0,1
3218,-0.029229706,-3.5472674,-17.22565,-18.020004,-16.256365,1.0,1
3219,-16.34386,-16.635967,-5.9602587e-07,-16.68711,-18.384624,5.0,3
3220,0.0,-19.394894,-23.153677,-22.415869,-11.512925464970229,5.0,1
3221,-11.512925464970229,-11.512925464970229,-11.512925464970229,-6.537286,-0.0014522938,2.0,5
3222,-5.9602587e-07,-15.256679,-18.916157,-18.767056,-19.063988,1.0,1
3223,-19.13037,-11.512925464970229,-11.512925464970229,-14.707181,-5.9602587e-07,5.0,5
3224,-19.0201,-20.933765,-11.512925464970229,-16.30538,-2.3844768e-07,5.0,5
3225,-11.512925464970229,-19.79407,-15.000677,-5.9602587e-07,-17.060818,5.0,4
3226,-1.6689067e-06,-13.453683,-19.62848,-19.604326,-19.590895,1.0,1
3227,-19.128128,-20.111008,-20.364037,-14.539399,-8.344534e-07,4.0,5
3228,-19.757957,-11.512925464970229,-11.512925464970229,-14.193222,-1.0729074e-06,5.0,5
3229,-19.784027,-11.512925464970229,-11.512925464970229,-14.443258,-8.344534e-07,4.0,5
3230,-1.3112239e-06,-13.765197,-19.66194,-19.439615,-19.527796,1.0,1
3231,-3.3378135e-06,-12.693322,-18.855484,-19.289297,-19.873974,1.0,1
3232,-18.926365,-20.553892,-20.218618,-15.40607,-3.5760596e-07,5.0,5
3233,-0.0015487056,-6.471998,-17.862007,-18.49544,-18.356419,1.0,1
3234,-7.7243865e-05,-9.479852,-19.350962,-18.786926,-18.101559,1.0,1
3235,-0.0007501064,-7.1980195,-17.917974,-17.195147,-16.30234,3.0,1
3236,-14.437342,-4.529893e-06,-12.639256,-17.778309,-14.802231,4.0,2
3237,-0.0007721446,-7.1680484,-18.992887,-18.949833,-18.390463,4.0,1
3238,-7.691996,-0.00046004038,-12.874973,-17.523518,-17.974176,1.0,2
3239,-19.833351,-11.512925464970229,-11.512925464970229,-16.499506,-1.1922384e-07,5.0,5
3240,-1.5502285,-0.23847048,-15.501486,-17.261492,-15.4224615,1.0,2
3241,-0.00026628323,-8.233506,-18.678589,-18.915722,-19.06578,1.0,1
3242,-0.9315065,-0.5008596,-16.156242,-11.512925464970229,-15.467232,1.0,2
3243,-11.512925464970229,-11.512925464970229,-11.512925464970229,-4.4638925,-0.011585843,5.0,5
3244,-11.512925464970229,-11.512925464970229,-11.512925464970229,-15.74512,-4.7689537e-07,5.0,5
3245,-19.657873,-11.512925464970229,-11.512925464970229,-12.567408,-4.1724998e-06,5.0,5
3246,-3.5760596e-07,-15.4828825,-19.428642,-18.979286,-18.77586,1.0,1
3247,-1.3283763,-0.3077578,-15.94653,-17.054821,-16.472227,4.0,2
3248,-5.025055,-0.0065955957,-14.87296,-18.179874,-16.475803,4.0,2
3249,-3.5760596e-07,-16.34173,-20.671028,-21.22155,-11.512925464970229,2.0,1
3250,-3.3378135e-06,-12.685853,-19.350681,-18.997946,-19.462107,2.0,1
3251,-19.278782,-11.512925464970229,-11.512925464970229,-14.064286,-1.1920517e-06,4.0,5
3252,-19.023655,-11.512925464970229,-11.512925464970229,-14.941796,-7.152119e-07,5.0,5
3253,-11.512925464970229,-11.512925464970229,-11.512925464970229,-14.033942,-1.9075815e-06,4.0,5
3254,-0.31008184,-1.3219665,-16.36455,-17.058456,-15.914423,1.0,1
3255,-20.12112,-11.512925464970229,-11.512925464970229,-15.244271,-4.7689537e-07,3.0,5
3256,-18.971748,-11.512925464970229,-11.512925464970229,-15.09428,-5.9602587e-07,4.0,5
3257,-11.512925464970229,-11.512925464970229,-11.512925464970229,-4.9427123,-0.0071674767,4.0,5
3258,-3.5760596e-07,-15.824488,-19.326775,-19.202631,-19.169455,1.0,1
3259,-1.1922384e-07,-16.077448,-20.2285,-20.287937,-19.987608,1.0,1
3260,-16.106571,-2.3844768e-07,-21.065315,-20.42716,-21.590038,2.0,2
3261,-1.3112239e-06,-13.795685,-20.22572,-19.966797,-20.279615,1.0,1
3262,-1.1922384e-07,-19.826012,-20.790657,-20.12196,-21.395462,2.0,1
3263,-2.3844768e-07,-15.595258,-21.71786,-20.120213,-18.716576,4.0,1
3264,-19.507572,-11.512925464970229,-11.512925464970229,-15.990903,-2.3844768e-07,5.0,5
3265,-19.612843,-11.512925464970229,-11.512925464970229,-11.545482,-1.02513495e-05,4.0,5
3266,-0.44968334,-1.0155727,-15.787945,-16.397453,-14.976378,3.0,1
3267,-18.996807,-20.271572,-20.18527,-14.6444845,-5.9602587e-07,2.0,5
3268,-11.512925464970229,-11.512925464970229,-11.512925464970229,-14.909443,-8.344534e-07,5.0,5
3269,-11.512925464970229,-10.036365,-4.4819313e-05,-15.404279,-11.512925464970229,3.0,3
3270,-1.0729074e-06,-14.015296,-19.461617,-18.981627,-19.302385,1.0,1
3271,-11.512925464970229,-11.512925464970229,-11.512925464970229,-12.069278,-6.3177117e-06,4.0,5
3272,-19.618965,-11.512925464970229,-11.512925464970229,-12.781655,-3.2185512e-06,4.0,5
3273,-18.878069,-11.512925464970229,-11.512925464970229,-14.116681,-9.537907e-07,4.0,5
3274,-7.168519,-0.0007716681,-16.050055,-19.113111,-18.11487,3.0,2
3275,0.0,-17.122883,-11.512925464970229,-11.512925464970229,-11.512925464970229,5.0,1
3276,-3.5760596e-07,-15.232647,-11.512925464970229,-20.482922,-11.512925464970229,4.0,1
3277,-1.1922384e-07,-16.243855,-11.512925464970229,-11.512925464970229,-11.512925464970229,4.0,1
3278,-11.512925464970229,-20.338934,-14.065479,-2.2649522e-06,-13.790251,1.0,4
3279,0.0,-19.543646,-21.606333,-20.628347,-22.965097,4.0,1
3280,-1.1922384e-07,-17.646702,-11.512925464970229,-20.776075,-11.512925464970229,4.0,1
3281,-19.216356,-11.512925464970229,-11.512925464970229,-14.559404,-8.344534e-07,3.0,5
3282,-5.9602587e-07,-15.538362,-18.723068,-18.946287,-19.153097,2.0,1
3283,-19.779495,-21.064253,-21.078968,-16.211304,-2.3844768e-07,5.0,5
3284,-11.512925464970229,-11.512925464970229,-11.512925464970229,-8.794548,-0.0001541089,4.0,5
3285,-1.1922384e-07,-16.507536,-21.010872,-22.255478,-11.512925464970229,4.0,1
3286,-8.583249e-06,-11.700744,-18.839964,-18.809103,-18.929623,2.0,1
3287,-0.0057828855,-5.1559963,-17.37913,-18.009563,-18.837364,3.0,1
3288,-18.722984,-2.3844768e-07,-18.154247,-19.965656,-19.986725,5.0,2
3289,-19.452837,-11.512925464970229,-11.512925464970229,-13.525215,-1.6689067e-06,5.0,5
3290,-4.7689537e-07,-15.891244,-19.135382,-18.59766,-19.128185,1.0,1
3291,-11.512925464970229,-12.75604,-3.3416603,-0.03602677,-16.958616,5.0,4
3292,-9.587334,-7.271638e-05,-12.614339,-18.225477,-16.89452,4.0,2
3293,-1.3395196,-0.30376062,-14.719828,-16.146364,-16.272892,5.0,2
3294,-5.9602587e-07,-14.902954,-18.945616,-19.184155,-19.238024,2.0,1
3295,-19.361256,-20.792683,-20.938765,-16.64792,-1.1922384e-07,5.0,5
3296,-18.597542,-20.150497,-20.353973,-16.033073,-2.3844768e-07,5.0,5
3297,-11.512925464970229,-19.546717,-12.047417,-6.5561944e-06,-17.801773,2.0,4
3298,-0.17190689,-1.8456817,-16.29637,-17.018442,-16.326437,2.0,1
3299,-11.512925464970229,-11.512925464970229,-11.512925464970229,-7.439285,-0.00059060764,5.0,5
3300,-11.512925464970229,-11.512925464970229,-11.512925464970229,-13.723411,-1.7881898e-06,3.0,5
3301,-18.47322,-19.560371,0.0,-19.46022,-21.916859,5.0,3
3302,-1.1922384e-07,-16.317501,-19.762758,-19.405462,-19.522774,2.0,1
3303,-11.512925464970229,-11.512925464970229,-11.512925464970229,-8.748649,-0.0001597089,1.0,5
3304,-11.512925464970229,-11.512925464970229,-11.512925464970229,-14.387587,-1.4304238e-06,3.0,5
3305,-11.512925464970229,-11.512925464970229,-17.763481,-7.152119e-07,-14.794909,2.0,4
3306,-4.7689537e-07,-15.90068,-19.391266,-19.316328,-19.054277,3.0,1
3307,-7.152119e-07,-14.708129,-19.461298,-19.48655,-19.122738,2.0,1
3308,-16.436073,-1.2158508e-05,-15.624811,-11.512925464970229,-11.512925464970229,3.0,2
3309,-0.028609665,-3.5683913,-17.269833,-11.512925464970229,-17.39584,5.0,1
3310,-21.04629,-1.1922384e-07,-16.205746,-20.95985,-11.512925464970229,1.0,2
3311,-18.968601,-7.152119e-07,-16.973946,-20.608316,-11.512925464970229,1.0,2
3312,0.0,-16.878557,-20.774395,-20.735342,-22.98037,1.0,1
3313,-11.512925464970229,-3.9342685e-06,-11.512925464970229,-11.512925464970229,-11.512925464970229,1.0,2
3314,-0.0001035849,-9.181224,-18.978579,-18.885338,-18.74493,1.0,1
3315,-4.7689537e-07,-15.427352,-19.56284,-19.616756,-19.221859,1.0,1
3316,-11.512925464970229,-19.922878,-12.632021,-3.815163e-06,-17.621155,4.0,4
3317,-1.1922384e-07,-15.674501,-19.636944,-19.140676,-19.592415,4.0,1
3318,-5.9602587e-07,-15.497701,-17.355196,-18.03664,-17.223598,2.0,1
3319,0.0,-17.038895,-21.544313,-21.536978,-23.12777,2.0,1
3320,-18.112831,-17.166435,0.0,-16.844086,-18.472795,2.0,3
3321,0.0,-18.001095,-21.96489,-22.006096,-23.95547,2.0,1
3322,-4.2916245e-06,-12.414744,-19.037697,-18.550274,-18.705175,2.0,1
3323,-18.229542,-19.900997,-19.426859,-14.565068,-5.9602587e-07,4.0,5
3324,-18.984417,-20.69214,-20.315893,-14.6778345,-5.9602587e-07,5.0,5
3325,-18.375704,-20.671206,-20.434958,-15.766985,-1.1922384e-07,4.0,5
3326,-17.015469,0.0,-20.357273,-21.608322,-22.13457,2.0,2
3327,-16.928654,0.0,-19.26286,-20.558441,-21.24997,2.0,2
3328,-18.140615,0.0,-23.028065,-11.512925464970229,-11.512925464970229,2.0,2
3329,-16.350117,-1.02513495e-05,-15.252964,-11.512925464970229,-11.512925464970229,2.0,2
3330,-8.522777e-05,-9.374372,-18.67478,-19.181883,-19.253681,2.0,1
3331,-9.6074145e-05,-9.256543,-18.535538,-18.60778,-19.085234,4.0,1
3332,-8.534695e-05,-11.512925464970229,-11.512925464970229,-11.512925464970229,-11.512925464970229,5.0,1
3333,-0.086866364,-2.4864502,-16.562853,-17.533812,-16.541273,2.0,1
3334,-3.5760596e-07,-16.308922,-18.813221,-18.955578,-19.148094,2.0,1
3335,-2.3844768e-07,-19.870615,-11.512925464970229,-11.512925464970229,-11.512925464970229,4.0,1
3336,-1.1922384e-07,-19.455992,-22.538965,-11.512925464970229,-11.512925464970229,4.0,1
3337,-11.512925464970229,-11.512925464970229,-11.512925464970229,-13.054273,-2.8608476e-06,4.0,5
3338,-18.031792,-1.1922384e-07,-18.22792,-18.429516,-20.037752,2.0,2
3339,-0.1440494,-2.0087955,-16.326906,-16.385248,-15.093612,1.0,1
3340,-5.996373e-05,-9.734189,-18.447847,-17.690191,-18.314056,2.0,1
3341,-11.512925464970229,-11.512925464970229,-17.574945,-2.9059432,-0.056253646,5.0,5
3342,-5.9602587e-07,-15.4103985,-19.69978,-19.42494,-19.865273,3.0,1
3343,-0.04384215,-3.1490667,-17.368107,-11.512925464970229,-11.512925464970229,3.0,1
3344,-0.7637742,-0.627189,-15.838738,-11.512925464970229,-16.762936,5.0,2
3345,-18.842585,-2.3844768e-07,-18.771969,-11.512925464970229,-11.512925464970229,5.0,2
3346,-3.5760596e-07,-16.74266,-19.981392,-19.597235,-19.601507,3.0,1
3347,-5.9602587e-07,-14.877444,-19.529816,-19.219973,-19.50319,1.0,1
3348,-11.512925464970229,-11.512925464970229,-11.512925464970229,-12.379278,-4.8873435e-06,4.0,5
3349,-11.512925464970229,-11.512925464970229,-11.512925464970229,-10.331482,-3.3975615e-05,3.0,5
3350,-7.152119e-07,-15.314311,-18.996937,-18.658829,-19.007069,2.0,1
3351,-16.637913,-6.652171e-05,-9.633333,-17.523394,-15.338867,4.0,2
3352,-11.512925464970229,-11.512925464970229,-11.512925464970229,-14.523814,-9.537907e-07,5.0,5
3353,-11.512925464970229,-8.3449995e-06,-11.512925464970229,-11.512925464970229,-11.512925464970229,5.0,2
3354,-1.7881898e-06,-13.39787,-19.43239,-19.333061,-19.778902,2.0,1
3355,-11.512925464970229,-17.893034,-9.8034315,-5.626589e-05,-16.563023,2.0,4
3356,-19.1212,-20.609516,-20.60402,-14.936695,-4.7689537e-07,3.0,5
3357,-19.60213,-11.512925464970229,-11.512925464970229,-14.917848,-5.9602587e-07,5.0,5
3358,-5.9602587e-07,-15.295067,-20.36427,-20.065819,-20.302256,1.0,1
3359,-2.1458147e-06,-13.199751,-19.1876,-19.367004,-20.174103,2.0,1
3360,-1.4185746e-05,-11.205147,-19.516157,-19.495567,-19.2856,1.0,1
3361,-0.00038888262,-7.854698,-19.234032,-19.363117,-11.512925464970229,5.0,1
3362,-17.99116,-11.512925464970229,-17.698254,-1.3112239e-06,-18.114527,3.0,4
3363,-11.512925464970229,-11.512925464970229,-15.334884,-5.9602587e-07,-17.593153,3.0,4
3364,-20.174759,-11.512925464970229,-11.512925464970229,-15.776848,-2.3844768e-07,5.0,5
3365,-3.6017551,-0.027658552,-15.649365,-11.512925464970229,-16.380833,5.0,2
3366,-15.161606,-3.5760596e-07,-19.488811,-18.09578,-20.43616,1.0,2
3367,-11.512925464970229,-11.512925464970229,-11.512925464970229,-17.670506,-2.3844768e-07,1.0,5
3368,0.0,-21.773268,-22.225029,-11.512925464970229,-22.70041,5.0,1
3369,-4.7689537e-07,-18.705437,-11.512925464970229,-11.512925464970229,-11.512925464970229,3.0,1
3370,-9.537907e-07,-14.209386,-19.868868,-19.590948,-19.651709,2.0,1
3371,-3.5618615,-0.028799621,-15.45472,-17.423105,-15.224434,4.0,2
3372,-0.017141866,-4.074969,-17.96393,-17.69905,-16.073866,5.0,1
3373,-19.59941,-11.512925464970229,-11.512925464970229,-13.533424,-1.7881898e-06,3.0,5
3374,0.0,-17.145435,-19.855234,-19.56947,-19.517849,1.0,1
3375,-0.00081348204,-7.116193,-18.84357,-11.512925464970229,-11.512925464970229,4.0,1
3376,-19.70842,-11.512925464970229,-11.512925464970229,-12.404285,-4.529893e-06,2.0,5
3377,-21.3937,0.0,-21.265654,-20.440754,-22.682499,2.0,2
3378,-3.5760596e-07,-14.992973,-20.070854,-19.639565,-20.061752,2.0,1
3379,-1.0729074e-06,-13.964987,-19.287868,-19.119026,-19.61924,1.0,1
3380,-18.91554,-11.512925464970229,-11.512925464970229,-12.863013,-2.9800683e-06,2.0,5
3381,-11.512925464970229,-10.29443,-0.044453282,-3.1364048,-11.512925464970229,3.0,3
3382,-7.152119e-07,-15.896076,-18.809835,-18.815533,-18.522423,2.0,1
3383,-18.698605,-19.803085,-19.442148,-13.4693165,-1.7881898e-06,4.0,5
3384,-11.512925464970229,-11.512925464970229,-15.655901,-0.036025725,-3.3416154,4.0,4
3385,-11.512925464970229,-11.512925464970229,-11.512925464970229,-9.020194,-0.00012313647,4.0,5
3386,-5.9602587e-07,-15.203619,-18.534798,-18.238016,-18.763695,3.0,1
3387,-15.356933,-0.051988963,-2.9826798,-14.001821,-15.645363,2.0,2
3388,-18.92533,-11.512925464970229,-11.512925464970229,-14.932717,-7.152119e-07,5.0,5
3389,-3.9119594,-0.020209163,-14.722297,-18.179916,-17.8351,5.0,2
3390,-4.7689537e-07,-15.106351,-19.337513,-19.354092,-19.476604,1.0,1
3391,-19.137575,-19.423214,-20.498901,-14.660568,-5.9602587e-07,5.0,5
3392,-19.690086,-20.259455,-11.512925464970229,-17.685097,0.0,5.0,5
3393,-18.927692,-3.5760596e-07,-17.45641,-18.652578,-20.055943,3.0,2
3394,-2.1458147e-06,-13.1742,-19.229738,-19.346212,-19.389805,2.0,1
3395,-18.054728,-5.07892,-0.0062497524,-13.81608,-17.799856,4.0,3
3396,-19.185545,-11.512925464970229,-11.512925464970229,-13.496165,-1.7881898e-06,4.0,5
3397,-8.344534e-07,-14.037882,-20.755875,-11.512925464970229,-11.512925464970229,4.0,1
3398,-16.026531,-0.15666719,-1.9310107,-14.394813,-15.606853,4.0,2
3399,-8.367853e-05,-9.399088,-19.463034,-19.101528,-19.22572,4.0,1
3400,-11.512925464970229,-11.512925464970229,-11.512925464970229,-10.702701,-2.3601708e-05,4.0,5
3401,-11.512925464970229,-11.512925464970229,-11.512925464970229,-3.2198076,-0.040787637,4.0,5
3402,-15.19895,-5.8408214e-06,-16.72169,-11.512925464970229,-11.512925464970229,1.0,2
3403,-10.092323,-0.00013576241,-9.287899,-15.324696,-18.4841,1.0,2
3404,-18.977772,-11.512925464970229,-11.512925464970229,-15.430738,-4.7689537e-07,4.0,5
3405,-18.982489,-11.512925464970229,-11.512925464970229,-12.997803,-2.6224477e-06,4.0,5
3406,-3.815163e-06,-12.590534,-19.870874,-19.696014,-19.262026,2.0,1
3407,-12.945687,-0.0048694047,-5.3282127,-15.076746,-15.613126,2.0,2
3408,-9.837376,-5.5550263e-05,-13.818362,-18.55309,-15.877209,2.0,2
3409,-10.198742,-3.9813716e-05,-13.122756,-18.659555,-16.620024,3.0,2
3410,-3.308992,-0.037240602,-15.56712,-17.586159,-15.363335,3.0,2
3411,-18.887022,0.0,-22.29523,-22.058165,-22.734858,4.0,2
3412,-18.49587,-11.512925464970229,-11.512925464970229,-13.726793,-1.4304238e-06,5.0,5
3413,-16.485403,-1.1922384e-07,-18.512024,-18.091705,-19.0125,5.0,2
3414,-9.537907e-07,-14.205939,-19.674795,-19.373837,-19.385157,1.0,1
3415,-18.96305,-19.72336,-11.512925464970229,-14.865058,-5.9602587e-07,4.0,5
3416,-11.512925464970229,-19.692392,-11.512925464970229,-8.395346,-0.00022669755,4.0,5
3417,-11.512925464970229,-19.553782,-13.810024,-1.3112239e-06,-17.181442,4.0,4
3418,-5.9602587e-07,-14.801389,-19.383738,-19.291721,-19.303673,1.0,1
3419,-7.7657037,-0.00042582958,-13.806677,-18.603302,-17.717014,2.0,2
3420,-1.195775,-0.3603087,-15.73557,-16.396622,-13.837691,1.0,2
3421,-19.740448,-11.512925464970229,-11.512925464970229,-13.739035,-1.4304238e-06,4.0,5
3422,-10.64247,-3.1712367e-05,-11.8822775,-18.92632,-16.32628,4.0,2
3423,-1.0729074e-06,-14.41768,-18.936054,-18.956861,-19.254845,3.0,1
3424,-19.722034,-11.512925464970229,-11.512925464970229,-15.774738,-4.7689537e-07,4.0,5
3425,-14.305261,-0.0009786409,-6.9319935,-16.137732,-15.220978,4.0,2
3426,-3.4809513e-05,-10.2739935,-19.807068,-19.824572,-20.17154,1.0,1
3427,-11.512925464970229,-11.512925464970229,-11.512925464970229,-9.94513,-4.875325e-05,3.0,5
3428,-19.582005,-11.512925464970229,-11.512925464970229,-15.297357,-3.5760596e-07,5.0,5
3429,-9.774687e-06,-16.663498,-16.396502,-11.512925464970229,-11.512925464970229,1.0,1
3430,-1.0729074e-06,-13.962522,-20.323336,-20.2064,-20.616032,1.0,1
3431,-1.255098,-0.33561286,-14.669314,-17.573923,-16.206776,2.0,2
3432,-19.420897,-11.512925464970229,-11.512925464970229,-14.405451,-1.0729074e-06,5.0,5
3433,-19.50403,-11.512925464970229,-11.512925464970229,-14.726913,-7.152119e-07,4.0,5
3434,-4.7689537e-07,-15.189712,-19.467459,-19.581598,-19.760937,2.0,1
3435,-19.465975,-11.512925464970229,-11.512925464970229,-16.263573,-4.7689537e-07,5.0,5
3436,-19.420042,-11.512925464970229,-11.512925464970229,-16.514019,-3.5760596e-07,5.0,5
3437,-1.399841,-0.2831417,-15.456186,-17.11982,-16.555328,2.0,2
3438,-8.522777e-05,-9.377362,-18.318487,-19.003294,-18.620333,1.0,1
3439,-11.003069,-2.4913146e-05,-11.780558,-18.75117,-17.047733,5.0,2
3440,-13.389978,-2.8608476e-06,-14.209648,-19.180199,-16.735262,5.0,2
3441,-19.499592,-18.492632,0.0,-20.536665,-21.874853,5.0,3
3442,-3.9342685e-06,-12.529253,-19.13038,-18.666061,-19.098392,3.0,1
3443,-0.000337643,-7.996441,-18.179453,-18.468424,-18.477303,1.0,1
3444,-0.00044502039,-7.7202897,-18.588207,-19.161163,-18.31038,4.0,1
3445,-11.512925464970229,-11.512925464970229,-11.512925464970229,-11.7762165,-8.702378e-06,4.0,5
3446,-1.490146e-05,-11.130438,-18.642496,-19.147217,-19.181849,1.0,1
3447,-19.06988,-20.002293,-11.512925464970229,-15.04502,-4.7689537e-07,4.0,5
3448,-2.6822982,-0.070861325,-14.740522,-17.123764,-15.80382,2.0,2
3449,-1.5496514e-06,-13.528022,-19.389044,-19.740576,-20.441324,2.0,1
3450,-5.9602587e-07,-15.067292,-18.543945,-19.021677,-18.890461,1.0,1
3451,-2.8967892e-05,-10.471334,-18.67502,-18.548872,-18.738993,1.0,1
3452,-19.380917,-21.005985,-21.174683,-15.686902,-2.3844768e-07,5.0,5
3453,-3.5760596e-07,-18.537937,-19.655626,-20.50366,-11.512925464970229,5.0,1
3454,-3.5760596e-07,-16.57026,-19.461569,-19.1992,-19.350622,2.0,1
3455,-8.324078,-0.00024567745,-13.074898,-16.940693,-17.339941,4.0,2
3456,-11.512925464970229,-11.512925464970229,-11.512925464970229,-15.48541,-5.9602587e-07,4.0,5
3457,-0.00050175335,-7.6002197,-17.886856,-18.041134,-17.715834,2.0,1
3458,-1.4304238e-06,-13.687044,-19.72452,-19.434603,-19.613989,2.0,1
3459,-19.470802,-11.512925464970229,-11.512925464970229,-14.343699,-1.0729074e-06,5.0,5
3460,-19.760054,-11.512925464970229,-11.512925464970229,-16.341536,-2.3844768e-07,3.0,5
3461,-12.884973,-3.0993028e-06,-15.12348,-19.193085,-17.137516,5.0,2
3462,-3.7192294e-05,-10.216495,-19.322708,-19.688414,-19.484392,3.0,1
3463,-10.368265,-3.8622115e-05,-11.976189,-18.600405,-17.377905,4.0,2
3464,-19.495148,-11.512925464970229,-11.512925464970229,-14.914369,-4.7689537e-07,5.0,5
3465,-11.512925464970229,-11.512925464970229,-11.512925464970229,-9.3593855,-8.677708e-05,5.0,5
3466,-0.9427104,-0.49361563,-16.09079,-11.512925464970229,-16.726728,1.0,2
3467,-5.364032e-06,-12.190296,-19.138159,-19.31298,-19.003035,5.0,1
3468,-11.710531,-1.3708667e-05,-12.228668,-18.206991,-17.00501,5.0,2
3469,0.0,-20.254883,-21.646725,-21.352299,-11.512925464970229,4.0,1
3470,-0.014562517,-4.236744,-17.186182,-17.375772,-16.742594,1.0,1
3471,-3.6147702,-0.027297238,-14.509579,-15.856672,-15.280256,2.0,2
3472,-12.813938,-0.011462815,-4.475202,-12.188015,-16.65863,5.0,2
3473,-16.633675,-1.1922384e-07,-20.907673,-21.432943,-22.315384,4.0,2
3474,-5.9602587e-07,-15.9478035,-19.030666,-18.451973,-18.12135,2.0,1
3475,-5.9602587e-07,-15.141666,-18.872555,-18.430576,-18.817923,2.0,1
3476,-11.512925464970229,-19.491005,-13.111801,-2.8608476e-06,-15.5038395,4.0,4
3477,-1.1922384e-07,-16.769321,-20.28262,-20.841238,-22.817616,3.0,1
3478,-8.344534e-07,-14.543526,-18.881733,-18.780293,-19.186432,2.0,1
3479,-19.370928,-20.73903,-11.512925464970229,-15.964045,-2.3844768e-07,5.0,5
3480,-18.970982,-11.512925464970229,-11.512925464970229,-13.521967,-1.6689067e-06,3.0,5
3481,-19.272465,-11.512925464970229,-11.512925464970229,-14.054552,-1.1920517e-06,5.0,5
3482,-11.512925464970229,-11.512925464970229,-18.554333,-4.7689537e-07,-15.804935,4.0,4
3483,-11.512925464970229,-11.512925464970229,-19.248203,-0.00039960857,-7.8270025,3.0,4
3484,-19.02772,-21.38048,-11.512925464970229,-17.283987,0.0,4.0,5
3485,-16.858402,-0.7412132,-0.6473049,-15.106343,-16.495752,4.0,3
3486,-11.512925464970229,-11.512925464970229,-11.512925464970229,-11.512925464970229,-0.111994,3.0,5
3487,-0.78036547,-0.6129575,-16.276703,-11.512925464970229,-16.62525,2.0,2
3488,-19.521847,-21.621088,-21.426477,-17.670551,0.0,5.0,5
3489,-19.328506,-11.512925464970229,-11.512925464970229,-15.259054,-5.9602587e-07,4.0,5
3490,-8.386137,-0.00022896317,-17.119442,-19.231356,-17.276852,3.0,2
3491,-11.512925464970229,-11.512925464970229,-13.770839,-1.6689067e-06,-15.568907,3.0,4
3492,-0.36394507,-11.512925464970229,-11.512925464970229,-11.512925464970229,-11.512925464970229,5.0,1
3493,-11.512925464970229,-11.512925464970229,-11.512925464970229,-6.5790596,-0.0013925367,2.0,5
3494,-11.512925464970229,-12.212685,-5.364032e-06,-17.468245,-11.512925464970229,5.0,3
3495,-11.512925464970229,-11.512925464970229,-11.512925464970229,-2.0510356,-0.13765588,4.0,5
3496,-19.26195,-11.512925464970229,-11.512925464970229,-14.9295845,-7.152119e-07,5.0,5
3497,-11.512925464970229,-15.217094,-0.8101029,-0.5884957,-11.512925464970229,3.0,4
3498,-19.640404,-11.512925464970229,-11.512925464970229,-13.992506,-1.4304238e-06,4.0,5
3499,-18.733072,-11.512925464970229,-11.512925464970229,-7.784254,-0.00041772457,2.0,5
3500,-19.670706,-11.512925464970229,-11.512925464970229,-15.907608,-4.7689537e-07,5.0,5
3501,-19.897547,-11.512925464970229,-11.512925464970229,-15.611195,-3.5760596e-07,5.0,5
3502,-11.512925464970229,-8.420786,-0.00022121263,-18.183924,-19.115349,4.0,3
3503,-11.512925464970229,-11.512925464970229,-11.512925464970229,-11.512925464970229,-11.512925464970229,3.0,-1
3504,-11.512925464970229,-11.512925464970229,-11.512925464970229,-12.401121,-5.1256748e-06,5.0,5
3505,-11.512925464970229,-11.512925464970229,-11.512925464970229,-0.049984008,-3.021038,2.0,4
3506,-0.04050265,-11.512925464970229,-11.512925464970229,-11.512925464970229,-11.512925464970229,2.0,1
3507,-15.349092,-8.344534e-07,-16.252872,-19.240738,-11.512925464970229,3.0,2
3508,-0.033606473,-11.512925464970229,-11.512925464970229,-11.512925464970229,-11.512925464970229,4.0,1
3509,-13.902836,-12.564136,-14.636077,-13.092801,-8.3449995e-06,3.0,5
3510,-0.065182984,-2.7631028,-16.74626,-17.243513,-16.015064,2.0,1
3511,-16.115992,-1.4304238e-06,-15.486478,-18.943117,-11.512925464970229,2.0,2
3512,0.0,-17.22208,-19.998604,-19.112343,-21.385307,4.0,1
3513,-16.307566,-16.636377,-9.537907e-07,-15.689606,-17.701902,4.0,3
3514,-0.010813225,-4.5323606,-18.10958,-19.17203,-18.148989,2.0,1
3515,-13.103135,-9.202131e-05,-9.322767,-18.60645,-17.47346,3.0,2
3516,-11.512925464970229,-11.512925464970229,-18.787973,-1.5140056e-05,-11.175912,4.0,4
3517,-0.0012475301,-6.6880455,-19.005053,-19.225565,-18.541748,2.0,1
3518,-11.512925464970229,-11.512925464970229,-16.598677,-1.9075815e-06,-13.580701,4.0,4
3519,-11.512925464970229,-11.512925464970229,-18.224882,-0.047285788,-3.0751617,3.0,4
3520,-19.660404,-11.512925464970229,-11.512925464970229,-15.924976,-5.9602587e-07,4.0,5
3521,-19.913456,-11.512925464970229,-11.512925464970229,-15.557714,-3.5760596e-07,4.0,5
3522,-2.6340308,-0.07449489,-16.469885,-17.100256,-14.602601,2.0,2
3523,-16.507813,-0.18271919,-1.7899809,-15.324376,-14.436635,3.0,2
3524,-11.512925464970229,-11.512925464970229,-11.512925464970229,-10.99387,-1.7523887e-05,4.0,5
3525,-17.180708,-5.6829495,-0.0034165105,-15.176414,-17.392725,2.0,3
3526,-11.512925464970229,-11.512925464970229,-11.512925464970229,-4.2306757,-0.014653071,3.0,5
3527,-0.05869672,-2.864626,-16.55917,-16.579115,-15.399793,3.0,1
3528,-19.305756,-11.512925464970229,-11.512925464970229,-16.163403,-4.7689537e-07,4.0,5
3529,-16.11836,-0.0074209208,-4.907493,-16.81437,-16.236137,3.0,2
3530,-1.1922384e-07,-15.975387,-20.073635,-19.664356,-20.174204,2.0,1
3531,0.0,-17.10699,-20.23614,-20.027409,-19.979702,3.0,1
3532,-11.512925464970229,-11.512925464970229,-11.512925464970229,-11.512925464970229,-11.512925464970229,5.0,-1
3533,-1.1922384e-07,-16.414822,-20.301868,-19.96735,-20.725845,3.0,1
3534,-0.003964596,-5.5325994,-18.46478,-19.222515,-18.162174,2.0,1
3535,-1.1562433e-05,-11.404897,-18.353148,-18.8312,-19.633835,1.0,1
3536,-17.138212,-6.755698,-0.0011662057,-16.36546,-17.670713,4.0,3
3537,-19.001888,-11.512925464970229,-19.73258,-12.1967535,-5.364032e-06,5.0,5
3538,-8.236768e-05,-9.406889,-20.04773,-20.131714,-19.85925,5.0,1
3539,-15.437479,-16.19179,-11.512925464970229,-16.875883,-6.3177117e-06,3.0,5
3540,-19.361645,-11.512925464970229,-11.512925464970229,-15.464991,-7.152119e-07,4.0,5
3541,-2.0979402e-05,-11.512925464970229,-11.512925464970229,-11.512925464970229,-11.512925464970229,2.0,1
3542,-11.512925464970229,-11.512925464970229,-11.512925464970229,-0.0045342753,-5.3988996,4.0,4
3543,-11.512925464970229,-11.512925464970229,-16.10004,-5.9602587e-07,-16.459269,4.0,4
3544,-19.77687,-11.512925464970229,-11.512925464970229,-16.83622,-1.1922384e-07,4.0,5
3545,-19.91898,-17.727865,0.0,-18.269045,-11.512925464970229,4.0,3
3546,-17.005724,-0.032261916,-3.4502554,-16.294006,-14.577194,3.0,2
3547,-11.512925464970229,-16.769579,-5.498992,-0.004109604,-11.512925464970229,3.0,4
3548,-19.824434,-11.512925464970229,-11.512925464970229,-16.334488,-2.3844768e-07,5.0,5
3549,-11.512925464970229,-11.512925464970229,-11.512925464970229,-7.402831,-0.00061109493,3.0,5
3550,-11.512925464970229,-19.615946,0.0,-19.942337,-20.206532,5.0,3
3551,-18.57499,-16.89058,-3.5760596e-07,-18.062885,-11.512925464970229,2.0,3
3552,-18.924274,-11.512925464970229,-11.512925464970229,-15.93357,-4.7689537e-07,5.0,5
3553,-11.512925464970229,-10.65848,-0.00044943093,-7.7740626,-11.512925464970229,3.0,3
3554,-0.027445387,-3.6093678,-18.468988,-11.512925464970229,-17.215044,1.0,1
3555,-0.006206038,-5.0859485,-17.644566,-17.295925,-14.862591,1.0,1
3556,-19.246532,-20.7178,-11.512925464970229,-17.577766,-1.1922384e-07,5.0,5
3557,-1.1922384e-07,-15.974311,-19.273224,-19.43281,-19.960413,1.0,1
3558,-11.512925464970229,-11.512925464970229,-11.512925464970229,-6.7465835,-0.0011783515,3.0,5
3559,-11.512925464970229,-11.512925464970229,-11.512925464970229,-11.1073065,-1.6689999e-05,4.0,5
3560,-11.512925464970229,-11.512925464970229,-11.512925464970229,-11.321801,-1.4185746e-05,3.0,5
3561,-16.355967,-2.550932e-05,-10.621161,-17.993404,-16.011843,2.0,2
3562,-1.08472495e-05,-11.449605,-19.645283,-19.184654,-19.448559,1.0,1
3563,-10.981082,-1.7643022e-05,-16.225708,-11.512925464970229,-17.91857,5.0,2
3564,-11.512925464970229,-11.512925464970229,-11.512925464970229,-11.512925464970229,-11.512925464970229,5.0,-1
3565,-4.8873435e-06,-12.367185,-19.558973,-18.688173,-18.403912,1.0,1
3566,-16.5796,-2.3841035e-06,-13.368753,-19.4711,-15.428124,4.0,2
3567,-11.512925464970229,-18.048994,-8.548834,-0.00019641538,-17.856995,4.0,4
3568,-11.512925464970229,-7.157661,-0.00078334246,-12.843277,-11.512925464970229,5.0,3
3569,-11.512925464970229,-11.512925464970229,-18.196535,-1.5496514e-06,-13.665895,5.0,4
3570,-11.512925464970229,-11.512925464970229,-11.512925464970229,-14.934476,-8.344534e-07,5.0,5
3571,-11.512925464970229,-11.512925464970229,-11.512925464970229,-12.544578,-4.2916245e-06,5.0,5
3572,-19.79636,-11.512925464970229,-11.512925464970229,-17.85488,0.0,5.0,5
3573,-0.00078215124,-7.1548557,-18.528831,-17.747524,-17.013147,1.0,1
3574,-19.890606,-11.512925464970229,-11.512925464970229,-15.987956,-3.5760596e-07,4.0,5
3575,-11.512925464970229,-11.512925464970229,-11.512925464970229,-2.5010486,-0.085553676,3.0,5
3576,-11.512925464970229,-11.512925464970229,-11.512925464970229,-16.517502,-3.5760596e-07,5.0,5
3577,-11.512925464970229,-13.827423,-1.4304238e-06,-15.856584,-11.512925464970229,5.0,3
3578,-11.512925464970229,-20.549791,-15.616265,-3.5760596e-07,-17.799686,4.0,4
3579,-11.512925464970229,-11.512925464970229,-11.512925464970229,-12.708961,-3.5763796e-06,5.0,5
3580,-19.115734,-11.512925464970229,-11.512925464970229,-15.740644,-4.7689537e-07,4.0,5
3581,-19.626726,-11.512925464970229,-11.512925464970229,-15.752441,-4.7689537e-07,3.0,5
3582,-0.01808179,-4.022011,-17.507029,-17.520485,-15.793436,2.0,1
3583,-1.0370523e-05,-11.525113,-11.512925464970229,-19.135515,-19.146112,1.0,1
3584,-1.889322,-0.16391915,-16.03011,-17.167013,-15.389881,2.0,2
3585,-1.6689067e-06,-13.45656,-19.594828,-19.506151,-19.475763,1.0,1
3586,-11.512925464970229,-8.037849,-0.0003263241,-14.070719,-11.512925464970229,4.0,3
3587,-18.867489,-9.894104,-5.113788e-05,-16.800642,-19.097486,3.0,3
3588,-11.512925464970229,-11.512925464970229,-11.512925464970229,-11.512925464970229,-11.512925464970229,4.0,-1
3589,-11.512925464970229,-11.512925464970229,-11.512925464970229,-8.094609,-0.00030761928,4.0,5
3590,-11.512925464970229,-11.512925464970229,-6.539109,-0.0014487229,-11.512925464970229,3.0,4
3591,-19.045532,-11.512925464970229,-11.512925464970229,-11.894606,-7.271795e-06,2.0,5
3592,-18.699924,-11.512925464970229,-11.512925464970229,-16.413925,-4.7689537e-07,5.0,5
3593,-11.512925464970229,-11.512925464970229,-13.95362,-1.4304238e-06,-16.861872,3.0,4
3594,-11.512925464970229,-11.512925464970229,-17.911976,-7.152119e-07,-14.976628,4.0,4
3595,-18.865852,-11.512925464970229,-11.512925464970229,-13.756149,-1.4304238e-06,4.0,5
3596,-11.512925464970229,-11.512925464970229,-11.512925464970229,-6.4228683,-0.0016284451,5.0,5
3597,-11.512925464970229,-11.512925464970229,-11.512925464970229,-1.0570052,-0.42694122,4.0,5
3598,-11.512925464970229,-11.512925464970229,-11.512925464970229,-14.580456,-9.537907e-07,4.0,5
3599,-18.876078,-11.512925464970229,-11.512925464970229,-16.890121,-1.1922384e-07,3.0,5
3600,-19.499512,-11.512925464970229,-11.512925464970229,-16.619099,-4.7689537e-07,5.0,5
3601,-19.213297,-11.512925464970229,-11.512925464970229,-13.435551,-2.0266912e-06,4.0,5
3602,-2.8608476e-06,-12.808566,-20.300997,-20.19798,-20.144888,1.0,1
3603,-11.512925464970229,-18.37329,-10.041498,-4.4342527e-05,-18.116056,2.0,4
3604,-19.777245,-11.512925464970229,-11.512925464970229,-16.463055,-2.3844768e-07,3.0,5
3605,-7.271795e-06,-11.872276,-11.512925464970229,-20.688908,-20.289108,2.0,1
3606,-0.008385884,-4.7856417,-17.586855,-17.565,-16.433786,3.0,1
3607,-11.512925464970229,-11.512925464970229,-11.512925464970229,-0.00667493,-5.0131483,4.0,4
3608,-11.512925464970229,-11.512925464970229,-11.512925464970229,-12.262006,-5.48322e-06,4.0,5
3609,-11.512925464970229,-11.512925464970229,-11.512925464970229,-0.8745358,-0.5397332,4.0,5
3610,-20.344984,-11.512925464970229,-11.512925464970229,-16.054024,-2.3844768e-07,4.0,5
3611,-11.512925464970229,-11.512925464970229,-11.512925464970229,-13.8726015,-1.7881898e-06,3.0,5
3612,-19.565168,-11.512925464970229,-11.512925464970229,-15.443624,-5.9602587e-07,5.0,5
3613,-19.701778,-11.512925464970229,-11.512925464970229,-12.586254,-3.815163e-06,3.0,5
3614,-18.144539,-19.693672,-19.195503,-18.776945,-2.3844768e-07,5.0,5
3615,-11.512925464970229,-11.512925464970229,-11.512925464970229,-11.512925464970229,-11.512925464970229,3.0,-1
3616,-11.512925464970229,-11.512925464970229,-11.512925464970229,-11.512925464970229,-11.512925464970229,5.0,-1
3617,-2.497542,-0.08586562,-17.31521,-11.512925464970229,-15.501422,5.0,2
3618,-16.175083,-0.0013394421,-6.616923,-18.121712,-17.212532,2.0,2
3619,-11.512925464970229,-11.512925464970229,-11.512925464970229,-8.471488,-0.00021083988,3.0,5
3620,-16.105324,-0.0006928087,-7.277159,-17.769915,-16.86101,4.0,2
3621,-19.564531,-11.512925464970229,-11.512925464970229,-8.3304825,-0.00024184244,3.0,5
3622,-11.512925464970229,-11.512925464970229,-11.512925464970229,-1.4304238e-06,-18.017036,4.0,4
3623,-11.512925464970229,-10.787083,-2.3005661e-05,-13.941759,-11.512925464970229,4.0,3
3624,-18.94688,-11.512925464970229,-11.512925464970229,-15.705436,-4.7689537e-07,5.0,5
3625,-0.06876884,-12.364629,-11.512925464970229,-11.512925464970229,-11.512925464970229,4.0,1
3626,-3.7549737e-05,-10.2079115,-19.297188,-18.579933,-18.440235,3.0,1
3627,-11.512925464970229,-11.512925464970229,-11.512925464970229,-2.0484605,-0.13803715,3.0,5
3628,-19.62458,-11.512925464970229,-11.512925464970229,-15.153369,-5.9602587e-07,4.0,5
3629,-14.305769,-2.5628558e-05,-10.636371,-17.38534,-15.890287,2.0,2
3630,-16.407946,-0.37898389,-1.1539205,-14.737629,-14.240406,4.0,2
3631,-11.512925464970229,-4.461038,-0.011623077,-15.938002,-16.341702,4.0,3
3632,-11.512925464970229,-11.512925464970229,-11.512925464970229,-12.914574,-3.2185512e-06,5.0,5
3633,-11.512925464970229,-6.903312,-0.0010065103,-16.312634,-18.328194,3.0,3
3634,-16.633986,-4.8037928e-05,-9.962358,-18.654638,-16.099463,3.0,2
3635,-11.512925464970229,-6.5799003,-0.0013901558,-17.998251,-18.728775,3.0,3
3636,-11.512925464970229,-11.512925464970229,-11.512925464970229,-7.4665093,-0.0005745277,3.0,5
3637,-19.645178,-11.512925464970229,-11.512925464970229,-13.764548,-1.5496514e-06,4.0,5
3638,-16.77485,-0.38246793,-1.1463554,-15.601838,-15.781303,2.0,2
3639,-19.455658,-11.512925464970229,-11.512925464970229,-12.924406,-3.0993028e-06,4.0,5
3640,-19.121866,-11.512925464970229,-11.512925464970229,-16.423496,-4.7689537e-07,4.0,5
3641,-0.012970139,-4.3516045,-18.458134,-18.543934,-17.559385,3.0,1
3642,-9.118696e-05,-9.311619,-11.512925464970229,-11.512925464970229,-19.461802,4.0,1
3643,-4.9409366,-0.0071768253,-16.529722,-11.512925464970229,-16.097782,5.0,2
3644,-17.944439,-19.968336,-20.32496,-16.972948,-2.3844768e-07,4.0,5
3645,-0.0006654114,-7.3168845,-19.036472,-18.455523,-17.803125,1.0,1
3646,-1.1324027e-05,-11.443117,-19.504795,-18.731846,-18.293669,1.0,1
3647,-0.27750668,-11.512925464970229,-11.512925464970229,-11.512925464970229,-11.512925464970229,4.0,1
3648,-1.0729074e-06,-14.032735,-19.41597,-19.002993,-18.66575,2.0,1
3649,-11.512925464970229,-11.512925464970229,-11.512925464970229,-11.478627,-1.1085632e-05,3.0,5
3650,-11.512925464970229,-11.512925464970229,-11.512925464970229,-7.1512012,-0.0007859633,4.0,5
3651,-11.512925464970229,-11.512925464970229,-11.512925464970229,-10.277713,-3.5524314e-05,5.0,5
3652,-18.594624,-11.512925464970229,-11.512925464970229,-2.3844768e-07,-18.74083,5.0,4
3653,-14.214966,-9.655529e-06,-11.693508,-18.123375,-16.287987,4.0,2
3654,-11.512925464970229,-11.512925464970229,-11.512925464970229,-13.653087,-1.6689067e-06,2.0,5
3655,-19.731709,-11.512925464970229,-11.512925464970229,-16.310543,-4.7689537e-07,5.0,5
3656,-19.18837,-11.512925464970229,-11.512925464970229,-16.888317,-2.3844768e-07,4.0,5
3657,-11.512925464970229,-11.512925464970229,-11.512925464970229,-9.893372,-5.161484e-05,4.0,5
3658,-4.7689537e-07,-15.456133,-19.333618,-19.134071,-18.87637,5.0,1
3659,0.0,-17.381783,-19.906017,-19.912998,-19.45796,1.0,1
3660,-2.1249723,-0.12718858,-16.113115,-11.512925464970229,-16.02483,2.0,2
3661,-0.0023171513,-6.069263,-18.701273,-17.669111,-16.861483,2.0,1
3662,-7.152119e-07,-15.017395,-19.357498,-18.584402,-19.031588,3.0,1
3663,-11.512925464970229,-11.512925464970229,-11.512925464970229,-11.566775,-1.0728064e-05,4.0,5
3664,-0.6798387,-0.7066503,-16.66443,-16.701418,-14.620626,4.0,1
3665,-11.512925464970229,-11.512925464970229,-11.044789,-1.6332639e-05,-18.310244,3.0,4
3666,-2.3844768e-07,-15.088076,-19.817863,-19.746471,-19.472527,1.0,1
3667,-11.512925464970229,-11.512925464970229,-11.512925464970229,-11.83277,-8.3449995e-06,4.0,5
3668,-17.131227,-11.512925464970229,-17.513083,-1.1920517e-06,-15.9108305,3.0,4
3669,-11.512925464970229,-3.15832,-0.04343279,-13.225503,-16.92689,4.0,3
3670,-11.512925464970229,-11.512925464970229,-11.512925464970229,-13.668267,-1.5496514e-06,4.0,5
3671,-19.95063,-11.512925464970229,-11.512925464970229,-16.773956,0.0,3.0,5
3672,-11.512925464970229,-11.512925464970229,-11.512925464970229,-9.680793,-6.378206e-05,4.0,5
3673,-7.3910837e-06,-11.855851,-19.518934,-18.820658,-19.336044,1.0,1
3674,-11.512925464970229,-11.512925464970229,-11.512925464970229,-12.221519,-5.602414e-06,1.0,5
3675,-11.512925464970229,-11.512925464970229,-11.512925464970229,-14.229419,-1.1920517e-06,1.0,5
3676,-19.366283,-11.512925464970229,-11.512925464970229,-14.709593,-5.9602587e-07,5.0,5
3677,-17.429895,-1.6332639e-05,-11.0752,-19.099796,-16.224173,3.0,2
3678,-11.512925464970229,-11.512925464970229,-15.138308,-1.0013012e-05,-11.596407,2.0,4
3679,-11.512925464970229,-11.512925464970229,-11.512925464970229,-7.7377768,-0.00043751078,2.0,5
3680,-9.494768,-7.5933225e-05,-16.852896,-11.512925464970229,-16.755993,3.0,2
3681,-1.1922384e-07,-15.9939995,-19.49208,-19.347157,-18.861794,1.0,1
3682,-18.194706,-10.431446,-3.0280113e-05,-15.900463,-18.684921,2.0,3
3683,-18.998241,-20.673256,-11.512925464970229,-16.150335,-3.5760596e-07,4.0,5
3684,-19.410149,-11.512925464970229,-11.512925464970229,-14.71874,-7.152119e-07,4.0,5
3685,-11.512925464970229,-11.512925464970229,-4.0979958,-0.016750317,-11.512925464970229,3.0,4
3686,-16.841637,-1.7545302,-0.18997599,-16.45692,-15.84353,3.0,3
3687,-11.512925464970229,-11.512925464970229,-15.342715,-7.152119e-07,-17.698013,4.0,4
3688,-11.370718,-1.5260652e-05,-12.58205,-19.66682,-18.14363,2.0,2
3689,-18.80507,-17.95291,-8.344534e-07,-16.996374,-18.79948,3.0,3
3690,-11.512925464970229,-15.57132,-5.2448504e-06,-12.351698,-11.512925464970229,4.0,3
3691,-11.512925464970229,-11.512925464970229,-11.512925464970229,-0.06526069,-2.7619598,4.0,4
3692,-11.512925464970229,-16.005428,-0.015834123,-4.1537757,-11.512925464970229,4.0,3
3693,-14.988794,-1.1920069e-05,-15.739353,-19.060852,-11.512925464970229,2.0,2
3694,-11.512925464970229,-11.512925464970229,-11.512925464970229,-4.06316,-0.017347304,2.0,5
3695,-18.417143,-16.33928,-1.0729074e-06,-16.617105,-18.596504,4.0,3
3696,-3.4693527,-0.03163517,-14.95168,-16.894722,-15.705831,1.0,2
3697,-17.079277,-0.004403109,-5.4283895,-16.742634,-15.101635,3.0,2
3698,-11.512925464970229,-13.729734,-1.4662876e-05,-11.259762,-11.512925464970229,1.0,3
3699,-19.336786,-11.512925464970229,-11.512925464970229,-15.199317,-5.9602587e-07,4.0,5
3700,-1.2635423e-05,-11.325515,-15.417295,-16.599257,-18.078331,4.0,1
3701,-9.214749,-0.00010036583,-17.409712,-19.413183,-15.794737,3.0,2
3702,-11.512925464970229,-11.512925464970229,-11.512925464970229,-3.7125547,-0.024722746,4.0,5
3703,-11.512925464970229,-11.512925464970229,-11.512925464970229,-8.01294,-0.00033299622,4.0,5
3704,-11.512925464970229,-11.512925464970229,-2.892613,-0.05703395,-11.512925464970229,4.0,4
3705,-19.21988,-11.512925464970229,-11.512925464970229,-7.152119e-07,-19.326809,3.0,4
3706,-11.512925464970229,-15.410877,-2.6224477e-06,-13.3131,-11.512925464970229,3.0,3
3707,-19.683695,-11.512925464970229,-11.512925464970229,-16.097712,-3.5760596e-07,5.0,5
3708,-14.860168,-1.1085632e-05,-11.511934,-18.468967,-16.253428,4.0,2
3709,-11.512925464970229,-11.512925464970229,-11.512925464970229,-11.512925464970229,-11.512925464970229,2.0,-1
3710,-11.512925464970229,-11.512925464970229,-11.512925464970229,-11.512925464970229,-11.512925464970229,3.0,-1
3711,-11.512925464970229,-11.512925464970229,-11.512925464970229,-12.575254,-4.529893e-06,3.0,5
3712,-11.512925464970229,-11.512925464970229,-11.512925464970229,-5.6907315,-0.0033862304,2.0,5
3713,-17.485945,-16.669823,-9.537907e-07,-16.128561,-15.989584,2.0,3
3714,-4.8873435e-06,-12.283139,-20.981554,-20.498373,-20.598707,2.0,1
3715,-1.1922384e-07,-17.253155,-18.449127,-18.04155,-19.600365,1.0,1
3716,-11.512925464970229,-11.512925464970229,-11.512925464970229,-13.896813,-1.6689067e-06,4.0,5
3717,-11.512925464970229,-11.512925464970229,-11.512925464970229,-6.2354813,-0.0019627216,3.0,5
3718,-11.512925464970229,-11.512925464970229,-11.512925464970229,-13.440163,-2.0266912e-06,5.0,5
3719,-11.512925464970229,-11.512925464970229,-19.186937,-2.9800683e-06,-12.862839,4.0,4
3720,-11.512925464970229,-11.512925464970229,-18.616272,-1.5496514e-06,-13.949471,4.0,4
3721,-11.512925464970229,-11.512925464970229,-11.512925464970229,-1.1950259,-0.3606276,4.0,5
3722,-11.512925464970229,-11.512925464970229,-11.512925464970229,-12.855615,-3.2185512e-06,5.0,5
3723,-17.858421,-0.029342689,-3.5434513,-16.319862,-15.884734,5.0,2
3724,-6.818941e-05,-9.602713,-19.246014,-19.177732,-18.821432,3.0,1
3725,-2.3844768e-07,-15.469155,-19.517883,-19.602533,-19.695717,3.0,1
3726,-4.8157144e-05,-9.953352,-19.42151,-19.640238,-19.031624,1.0,1
3727,-7.152119e-07,-14.20719,-18.530022,-18.896666,-18.071781,2.0,1
3728,-0.00045384152,-7.6993694,-19.348396,-18.547523,-18.952444,3.0,1
3729,-0.0007184546,-7.2397075,-18.73887,-18.513067,-19.206116,3.0,1
3730,-20.002804,-11.512925464970229,-11.512925464970229,-15.193429,-4.7689537e-07,5.0,5
3731,-11.512925464970229,-11.512925464970229,-11.512925464970229,-3.8697467,-0.021089124,2.0,5
3732,-18.880676,-11.512925464970229,-11.512925464970229,-9.041125,-0.000119564815,4.0,5
3733,-11.512925464970229,-11.512925464970229,-11.512925464970229,-3.5644972,-0.02872684,5.0,5
3734,-17.035866,-16.117786,-9.537907e-07,-16.336847,-18.332647,5.0,3
3735,-11.512925464970229,-11.512925464970229,-17.164343,-3.1831478e-05,-10.374,5.0,4
3736,-11.512925464970229,-11.512925464970229,-11.512925464970229,-13.403251,-2.7416409e-06,4.0,5
3737,-11.512925464970229,-11.512925464970229,-11.512925464970229,-0.0068083624,-4.993476,4.0,4
3738,-19.817142,-11.512925464970229,-11.512925464970229,-17.389019,0.0,5.0,5
3739,-11.512925464970229,-11.512925464970229,-11.512925464970229,-0.4216778,-1.0669949,4.0,4
3740,-0.0002429158,-8.326627,-19.496859,-19.431437,-18.99985,4.0,1
3741,-12.70938,-5.7216143e-06,-13.0776825,-11.512925464970229,-18.576788,3.0,2
3742,-11.512925464970229,-11.512925464970229,-11.512925464970229,-14.747517,-9.537907e-07,5.0,5
3743,-11.512925464970229,-0.11154664,-2.2487175,-16.799604,-15.674587,2.0,2
3744,-11.512925464970229,-11.512925464970229,-11.512925464970229,-7.940639,-0.0003582567,3.0,5
3745,-11.512925464970229,-11.512925464970229,-16.899685,-4.326981e-05,-10.057479,2.0,4
3746,-19.428902,-11.512925464970229,-11.512925464970229,-14.677032,-8.344534e-07,4.0,5
3747,-11.512925464970229,-11.512925464970229,-15.211964,-5.9602587e-07,-19.40768,3.0,4
3748,-2.8348942,-0.060523976,-16.685562,-11.512925464970229,-16.035023,1.0,2
3749,-6.0554867,-0.0023497592,-16.594238,-18.204525,-16.300158,4.0,2
3750,-11.512925464970229,-11.512925464970229,-11.512925464970229,-12.585181,-4.4107555e-06,5.0,5
3751,-18.748135,-19.025658,0.0,-17.84813,-22.038692,4.0,3
3752,-11.512925464970229,-11.512925464970229,-11.512925464970229,-0.8464413,-0.560278,4.0,5
3753,-19.759357,-11.512925464970229,-11.512925464970229,-15.463432,-4.7689537e-07,3.0,5
3754,-19.170584,-11.512925464970229,-11.512925464970229,-15.522412,-5.9602587e-07,5.0,5
3755,-19.16927,-11.512925464970229,-11.512925464970229,-11.651463,-9.536374e-06,4.0,5
3756,-19.544096,-11.512925464970229,-11.512925464970229,-14.877861,-5.9602587e-07,3.0,5
3757,-11.512925464970229,-11.512925464970229,-11.512925464970229,-14.349875,-9.537907e-07,4.0,5
3758,-19.45352,-11.512925464970229,-11.512925464970229,-15.427317,-5.9602587e-07,5.0,5
3759,-19.126846,-11.512925464970229,-11.512925464970229,-13.36733,-2.1458147e-06,4.0,5
3760,-0.00018127808,-8.619089,-19.462687,-18.813295,-19.095818,2.0,1
3761,-0.01677261,-4.096561,-17.292387,-11.512925464970229,-11.512925464970229,1.0,1
3762,-18.979622,-11.512925464970229,-19.478018,-11.809042,-8.106762e-06,4.0,5
3763,-0.0005804832,-7.4529557,-18.91634,-18.71611,-18.313194,2.0,1
3764,-13.441671,-1.9075815e-06,-16.051931,-11.512925464970229,-16.654312,3.0,2
3765,-16.548674,-8.177186e-05,-9.428055,-18.295456,-14.758801,2.0,2
3766,-11.512925464970229,-11.512925464970229,-11.512925464970229,-15.065383,-5.9602587e-07,4.0,5
3767,-11.512925464970229,-11.512925464970229,-11.512925464970229,-11.473022,-1.1085632e-05,4.0,5
3768,-11.512925464970229,-11.512925464970229,-11.512925464970229,-0.0015707242,-6.458068,3.0,4
3769,-11.512925464970229,-11.512925464970229,-18.639145,-0.00056368875,-7.4829645,4.0,4
3770,-19.677984,-11.512925464970229,-11.512925464970229,-16.120926,-4.7689537e-07,4.0,5
3771,-11.512925464970229,-11.512925464970229,-11.512925464970229,-8.326482,-0.0002432736,3.0,5
3772,-11.512925464970229,-11.512925464970229,-15.954589,-8.344534e-07,-14.7559805,5.0,4
3773,-11.512925464970229,-11.512925464970229,-17.762856,-0.00089306285,-7.0222116,4.0,4
3774,-19.53962,-11.512925464970229,-11.512925464970229,-16.079647,-3.5760596e-07,4.0,5
3775,-13.149504,-2.7416409e-06,-15.333837,-19.853075,-16.915342,3.0,2
3776,-19.066914,-11.512925464970229,-11.512925464970229,-11.403285,-1.1920069e-05,5.0,5
3777,-13.579466,-2.2767254e-05,-10.788546,-18.055874,-14.967411,4.0,2
3778,-18.246403,-11.512925464970229,-11.512925464970229,-14.448965,-8.344534e-07,5.0,5
3779,-18.698816,-11.512925464970229,-11.512925464970229,-13.969647,-1.0729074e-06,3.0,5
3780,-11.512925464970229,-11.512925464970229,-11.512925464970229,-5.0282154,-0.006574517,5.0,5
3781,-1.7762157e-05,-10.955052,-18.561506,-18.446207,-18.86014,1.0,1
3782,-11.512925464970229,-11.512925464970229,-11.512925464970229,-0.99723995,-0.4602507,4.0,5
3783,-13.09999,-3.778804e-05,-10.267012,-18.228325,-16.170214,4.0,2
3784,-11.512925464970229,-11.512925464970229,-11.512925464970229,-11.512925464970229,-11.512925464970229,4.0,-1
3785,-18.041794,-18.486416,-16.953527,-6.9636793,-0.00094715174,2.0,5
3786,-19.894587,-11.512925464970229,-11.512925464970229,-15.192238,-7.152119e-07,3.0,5
3787,-3.8756008,-0.020963611,-17.085281,-18.629328,-16.68646,4.0,2
3788,-0.0037238249,-5.5953164,-18.740677,-18.759405,-17.5868,3.0,1
3789,-11.512925464970229,-9.778224,-5.78165e-05,-15.393177,-11.512925464970229,4.0,3
3790,-17.316166,-0.013253489,-4.331016,-15.213798,-12.370988,5.0,2
3791,-11.512925464970229,-11.512925464970229,-11.512925464970229,-0.05643943,-2.9027357,5.0,4
3792,-11.512925464970229,-17.554691,-4.5615535,-0.010503358,-11.512925464970229,4.0,4
3793,-11.512925464970229,-11.512925464970229,-11.512925464970229,-0.12914944,-2.1106539,4.0,4
3794,-11.512925464970229,-11.512925464970229,-11.512925464970229,-14.646407,-8.344534e-07,4.0,5
3795,-11.512925464970229,-13.284165,-4.1958803e-05,-10.18647,-11.512925464970229,3.0,3
3796,-20.248484,-11.512925464970229,-11.512925464970229,-16.686708,-2.3844768e-07,5.0,5
3797,-20.00865,-11.512925464970229,-11.512925464970229,-14.660804,-8.344534e-07,4.0,5
3798,-20.173574,-11.512925464970229,-11.512925464970229,-16.992004,-2.3844768e-07,4.0,5
3799,-11.512925464970229,-11.512925464970229,-11.512925464970229,-16.275532,-4.7689537e-07,5.0,5
3800,-11.512925464970229,-11.512925464970229,-11.512925464970229,-15.403089,-8.344534e-07,5.0,5
3801,-16.882126,-3.4570896e-06,-13.041847,-16.397064,-14.092499,3.0,2
3802,-19.626785,-11.512925464970229,-11.512925464970229,-17.024277,-3.5760596e-07,5.0,5
3803,-20.165733,-14.463532,-9.537907e-07,-15.241088,-19.714622,3.0,3
3804,-11.512925464970229,-11.512925464970229,-11.512925464970229,-0.11078376,-2.2551777,4.0,4
3805,-11.512925464970229,-11.512925464970229,-18.308727,-3.815163e-06,-12.589201,4.0,4
3806,-19.17399,-11.512925464970229,-11.512925464970229,-15.463953,-4.7689537e-07,5.0,5
3807,-1.771167,-0.18652461,-15.556804,-11.512925464970229,-16.740095,2.0,2
3808,-16.66138,-0.11984261,-2.181017,-13.799266,-12.16135,4.0,2
3809,-11.512925464970229,-11.512925464970229,-11.512925464970229,-11.512925464970229,-11.512925464970229,4.0,-1
3810,-20.38388,-11.512925464970229,-11.512925464970229,-17.62334,0.0,4.0,5
3811,-11.512925464970229,-11.512925464970229,-12.864195,-3.2185512e-06,-17.203777,4.0,4
3812,-9.828702,-5.435762e-05,-19.773361,-11.512925464970229,-11.512925464970229,1.0,2
3813,-11.512925464970229,-11.512925464970229,-11.512925464970229,-0.029910311,-3.5245774,4.0,4
3814,-11.512925464970229,-11.512925464970229,-11.512925464970229,-10.919197,-1.91919e-05,5.0,5
3815,-11.512925464970229,-11.512925464970229,-11.512925464970229,-11.512925464970229,-11.512925464970229,4.0,-1
3816,-7.868537e-06,-11.785451,-19.914248,-19.404318,-19.544336,2.0,1
3817,-2.3844768e-07,-15.659863,-19.46054,-19.408726,-18.842098,2.0,1
3818,-0.004692125,-16.428858,-11.512925464970229,-11.512925464970229,-11.512925464970229,2.0,1
3819,-9.537907e-07,-14.297642,-19.197884,-18.727034,-18.95349,2.0,1
3820,-11.512925464970229,-11.512925464970229,-11.512925464970229,-11.512925464970229,-11.512925464970229,4.0,-1
3821,-11.512925464970229,-11.512925464970229,-11.512925464970229,-6.866591e-05,-9.597294,4.0,4
3822,-18.901354,-11.512925464970229,-11.512925464970229,-10.735984,-2.2409657e-05,4.0,5
3823,-17.31275,-18.933044,-17.72098,-3.5760596e-07,-17.963074,4.0,4
3824,-14.884927,-4.529893e-06,-12.56492,-18.151976,-15.804833,2.0,2
3825,-17.828808,-18.279034,-1.1922384e-07,-17.419796,-19.688042,4.0,3
3826,-11.512925464970229,-11.512925464970229,-11.512925464970229,-10.817703,-2.109858e-05,4.0,5
3827,-14.917982,-2.121776e-05,-10.820976,-18.60009,-16.181576,4.0,2
3828,-19.121548,-11.512925464970229,-11.512925464970229,-16.238129,-3.5760596e-07,4.0,5
3829,-11.512925464970229,-10.70362,-7.331207e-05,-9.914639,-11.512925464970229,4.0,3
3830,-20.052792,-11.512925464970229,-11.512925464970229,-16.191992,-2.3844768e-07,5.0,5
3831,-19.847324,-11.512925464970229,-11.512925464970229,-16.517673,-3.5760596e-07,5.0,5
3832,-12.476577,-4.529893e-06,-16.67803,-11.512925464970229,-16.845703,3.0,2
3833,-11.512925464970229,-11.512925464970229,-11.512925464970229,-13.602066,-1.7881898e-06,4.0,5
3834,-11.512925464970229,-11.512925464970229,-11.512925464970229,-15.032246,-5.9602587e-07,5.0,5
3835,-11.512925464970229,-11.512925464970229,-11.512925464970229,-8.869048,-0.00014183778,5.0,5
3836,-11.512925464970229,-11.512925464970229,-11.512925464970229,-12.130209,-5.7216143e-06,3.0,5
3837,-11.512925464970229,-11.512925464970229,-11.512925464970229,-7.985684,-0.00034181325,4.0,5
3838,-19.957577,-11.512925464970229,-11.512925464970229,-16.934536,-1.1922384e-07,3.0,5
3839,-11.512925464970229,-11.512925464970229,-11.512925464970229,-9.087451,-0.0001139592,2.0,5
3840,-11.512925464970229,-1.6189936,-0.22075641,-15.567536,-15.217627,5.0,3
3841,-11.512925464970229,-11.512925464970229,-11.512925464970229,-0.000741053,-7.210801,4.0,4
3842,-18.770256,-11.512925464970229,-11.512925464970229,-15.702116,-3.5760596e-07,5.0,5
3843,-11.512925464970229,-19.748945,-17.930307,-5.447688e-05,-9.829642,4.0,4
3844,-0.0021924104,-6.1242857,-19.559425,-19.303705,-19.179075,3.0,1
3845,-5.5265226,-0.003989181,-18.003038,-11.512925464970229,-17.821733,4.0,2
3846,-16.75322,-1.0729074e-06,-16.668861,-11.512925464970229,-11.512925464970229,5.0,2
3847,-11.512925464970229,-11.512925464970229,-11.512925464970229,-11.512925464970229,-11.512925464970229,3.0,-1
3848,-11.512925464970229,-11.512925464970229,-17.982557,-4.569919,-0.010413619,4.0,5
3849,-11.512925464970229,-11.512925464970229,-11.512925464970229,-11.990942,-6.9139664e-06,4.0,5
3850,-11.512925464970229,-11.512925464970229,-17.738111,-2.5032687e-06,-13.158583,4.0,4
3851,-7.4564013,-0.0005792921,-16.789736,-11.512925464970229,-15.202502,5.0,2
3852,-11.512925464970229,-0.57681763,-0.82484543,-15.673665,-14.70235,2.0,2
3853,-19.021458,-11.512925464970229,-11.512925464970229,-16.377737,-3.5760596e-07,5.0,5
3854,-14.786749,-2.515161e-05,-10.633884,-18.620262,-15.818839,5.0,2
3855,-13.067609,-3.2185512e-06,-14.542498,-19.27046,-16.677887,3.0,2
3856,-11.512925464970229,-11.512925464970229,-11.512925464970229,-2.2817793,-0.1077089,3.0,5
3857,-19.443138,-11.512925464970229,-11.512925464970229,-16.892103,-2.3844768e-07,4.0,5
3858,-11.512925464970229,-11.512925464970229,-11.512925464970229,-14.403377,-1.0729074e-06,4.0,5
3859,-2.1458147e-06,-13.177883,-19.069712,-18.891184,-18.8936,1.0,1
3860,-0.9225248,-11.512925464970229,-11.512925464970229,-11.512925464970229,-11.512925464970229,1.0,1
3861,-17.70825,-3.7280028,-0.024343612,-13.1398735,-16.534195,5.0,3
3862,-7.868537e-06,-18.664211,-11.512925464970229,-11.512925464970229,-11.512925464970229,1.0,1
3863,-11.512925464970229,-11.512925464970229,-11.512925464970229,-0.017139759,-4.0751023,3.0,4
3864,-19.809385,-11.512925464970229,-11.512925464970229,-15.665885,-3.5760596e-07,5.0,5
3865,0.0,-16.792532,-19.827602,-19.48209,-19.294641,1.0,1
3866,-11.512925464970229,-11.512925464970229,-11.512925464970229,-11.512925464970229,-11.512925464970229,3.0,-1
3867,-19.603563,-11.512925464970229,-11.512925464970229,-16.628391,-2.3844768e-07,5.0,5
3868,-19.811771,-11.512925464970229,-20.934397,-16.770412,0.0,4.0,5
3869,-19.788895,-11.512925464970229,-11.512925464970229,-17.03854,-1.1922384e-07,4.0,5
3870,-11.512925464970229,-19.363026,-10.33991,-3.2903514e-05,-17.98324,5.0,4
3871,-14.794164,-7.867781e-06,-11.911282,-18.366686,-15.808663,3.0,2
3872,-11.512925464970229,-15.275231,-1.1920517e-06,-14.376293,-11.512925464970229,4.0,3
3873,-1.1922384e-07,-16.512386,-19.774197,-19.825062,-19.539839,1.0,1
3874,-11.512925464970229,-11.512925464970229,-11.512925464970229,-11.512925464970229,-11.512925464970229,4.0,-1
3875,-11.512925464970229,-11.512925464970229,-11.512925464970229,-11.512925464970229,-11.512925464970229,4.0,-1
3876,-15.548581,-0.000983524,-6.9271407,-17.467976,-15.759402,4.0,2
3877,-19.743698,-11.512925464970229,-11.512925464970229,-15.123857,-5.9602587e-07,4.0,5
3878,-19.721819,-11.512925464970229,-11.512925464970229,-13.431405,-2.0266912e-06,5.0,5
3879,-11.512925464970229,-10.422874,-3.0399415e-05,-17.197422,-18.231396,3.0,3
3880,-19.849884,-11.512925464970229,-11.512925464970229,-15.12769,-4.7689537e-07,3.0,5
3881,-19.733139,-11.512925464970229,-11.512925464970229,-14.85112,-7.1525545e-07,5.0,5
3882,-11.512925464970229,-11.512925464970229,-14.533602,-1.0729074e-06,-17.644999,3.0,4
3883,-11.392275,-1.1920069e-05,-15.878944,-18.297443,-15.755923,1.0,2
3884,-0.0022451435,-6.1007633,-18.796423,-17.842173,-17.44004,1.0,1
3885,-11.512925464970229,-11.512925464970229,-11.512925464970229,-11.106633,-1.6213524e-05,5.0,5
3886,-11.512925464970229,-20.425255,-16.004667,-4.7689537e-07,-15.874916,2.0,4
3887,-8.766804,-0.00015684929,-16.39938,-11.512925464970229,-17.476757,4.0,2
3888,-11.512925464970229,-11.512925464970229,-11.512925464970229,-0.0069446187,-4.9738617,5.0,4
3889,-11.512925464970229,-11.512925464970229,-11.512925464970229,-14.371878,-1.3112239e-06,4.0,5
3890,-11.512925464970229,-11.512925464970229,-19.106937,-1.0729074e-06,-14.411109,3.0,4
3891,-11.512925464970229,-11.512925464970229,-13.656896,-1.6689067e-06,-17.494162,5.0,4
3892,-19.443962,-11.512925464970229,-11.512925464970229,-11.016199,-1.7166498e-05,5.0,5
3893,-18.930536,-11.512925464970229,-11.512925464970229,-13.207778,-2.3841035e-06,4.0,5
3894,-11.512925464970229,-11.512925464970229,-11.512925464970229,-6.4590898,-0.001570129,5.0,5
3895,-16.380365,-16.21011,-7.152119e-07,-16.261385,-18.818136,3.0,3
3896,-11.512925464970229,-11.512925464970229,-11.512925464970229,-4.101753,-0.016687196,2.0,5
3897,-16.961195,-1.1920517e-06,-16.068901,-11.512925464970229,-11.512925464970229,4.0,2
3898,-16.88326,-1.4304238e-06,-13.834643,-18.338284,-16.5689,2.0,2
3899,-18.624866,-11.512925464970229,-11.512925464970229,-13.802737,-1.4304238e-06,4.0,5
3900,-19.67873,-21.137674,-11.512925464970229,-16.248165,-2.3844768e-07,3.0,5
3901,-19.391273,-11.512925464970229,-11.512925464970229,-16.514519,-3.5760596e-07,5.0,5
3902,-2.7416409e-06,-12.918086,-19.946331,-19.283274,-19.581781,1.0,1
3903,-17.23154,-18.656395,-17.662159,-3.5760596e-07,-15.953122,2.0,4
3904,-11.512925464970229,-11.512925464970229,-11.512925464970229,-5.491032,-0.0041392907,4.0,5
3905,-11.512925464970229,-11.512925464970229,-11.512925464970229,-13.826172,-1.4304238e-06,5.0,5
3906,-11.512925464970229,-11.512925464970229,-11.512925464970229,-11.512925464970229,-11.512925464970229,4.0,-1
3907,-13.52565,-5.48322e-06,-12.55765,-19.15951,-16.388744,3.0,2
3908,-11.512925464970229,-11.512925464970229,-11.512925464970229,-9.893763,-5.1376355e-05,4.0,5
3909,-11.512925464970229,-11.512925464970229,-11.512925464970229,-9.50094,-7.605237e-05,4.0,5
3910,-20.396807,-14.373072,-8.344534e-07,-16.8359,-20.353668,3.0,3
3911,-11.512925464970229,-11.512925464970229,-11.512925464970229,-0.01834183,-4.0080442,3.0,4
3912,-11.512925464970229,-11.512925464970229,-11.512925464970229,-4.2916245e-06,-12.548519,4.0,4
3913,-11.512925464970229,-10.054096,-4.3746564e-05,-16.84712,-19.414175,4.0,3
3914,-11.512925464970229,-11.512925464970229,-19.050037,-0.00017245911,-8.672828,3.0,4
3915,-11.512925464970229,-11.512925464970229,-11.512925464970229,-0.012619508,-4.379061,3.0,4
3916,-19.92888,-11.512925464970229,-11.512925464970229,-16.091284,-4.7689537e-07,4.0,5
3917,-11.512925464970229,-11.512925464970229,-11.512925464970229,-7.849953,-0.00039317293,3.0,5
3918,-11.512925464970229,-4.2693644,-0.014092614,-16.827673,-17.520582,4.0,3
3919,-11.512925464970229,-8.733524,-0.00016173451,-16.928703,-19.621513,3.0,3
3920,-11.512925464970229,-11.512925464970229,-11.512925464970229,-12.43387,-4.649037e-06,4.0,5
3921,-11.512925464970229,-8.783749,-0.0001541089,-17.141798,-11.512925464970229,3.0,3
3922,-11.512925464970229,-11.512925464970229,-11.512925464970229,-1.2500303,-0.33765194,4.0,5
3923,-19.626726,-11.512925464970229,-11.512925464970229,-14.554348,-8.344534e-07,3.0,5
3924,-20.951952,-21.19822,-18.46277,-2.3844768e-07,-16.552288,3.0,4
3925,-11.512925464970229,-13.29322,-2.6224477e-06,-14.308224,-19.8586,3.0,3
3926,-16.265656,-2.3844768e-07,-16.304415,-18.471737,-19.390804,4.0,2
3927,-11.512925464970229,-11.512925464970229,-15.897473,-5.9602587e-07,-15.60892,4.0,4
3928,-19.485092,-11.512925464970229,-11.512925464970229,-16.311216,-2.3844768e-07,5.0,5
3929,0.0,-18.132416,-19.198664,-20.346909,-21.017899,2.0,1
3930,-19.455854,-11.512925464970229,-11.512925464970229,-12.903485,-3.0993028e-06,3.0,5
3931,-11.512925464970229,-11.512925464970229,-6.3070188,-0.0018278789,-11.512925464970229,4.0,4
3932,-19.579407,-11.512925464970229,-11.512925464970229,-12.974236,-2.9800683e-06,1.0,5
3933,-17.501705,-1.8000432e-05,-11.148131,-16.821838,-14.095966,3.0,2
3934,-11.512925464970229,-11.512925464970229,-11.512925464970229,-11.557578,-1.096644e-05,5.0,5
3935,-11.512925464970229,-11.512925464970229,-19.751448,-0.00016602421,-8.7076435,5.0,4
3936,-13.948786,-2.0266912e-06,-14.375231,-18.227392,-15.116511,3.0,2
3937,-17.712305,-6.43695e-06,-12.054164,-17.969751,-15.911176,3.0,2
3938,-11.512925464970229,-11.512925464970229,-11.512925464970229,-2.6584044,-0.07264624,4.0,5
3939,-19.887646,-11.512925464970229,-11.512925464970229,-16.548988,-2.3844768e-07,5.0,5
3940,-11.512925464970229,-8.679335,-0.00017341248,-16.424711,-18.09616,3.0,3
3941,-11.512925464970229,-11.512925464970229,-11.512925464970229,-0.12564528,-2.1364655,3.0,4
3942,-11.512925464970229,-11.512925464970229,-11.512925464970229,-7.1142573,-0.00081610284,3.0,5
3943,-11.512925464970229,-11.512925464970229,-11.512925464970229,-12.255933,-5.48322e-06,4.0,5
3944,-11.512925464970229,-11.512925464970229,-11.512925464970229,-1.7658036,-0.18763083,4.0,5
3945,-11.512925464970229,-11.512925464970229,-14.726399,-7.152119e-07,-18.630405,3.0,4
3946,-11.512925464970229,-10.597124,-2.5986285e-05,-17.156078,-11.512925464970229,3.0,3
3947,-11.512925464970229,-11.512925464970229,-11.512925464970229,-11.512925464970229,-11.512925464970229,4.0,-1
3948,-14.2053,-1.4304238e-06,-16.837278,-19.924034,-16.434893,1.0,2
3949,-11.512925464970229,-11.512925464970229,-11.512925464970229,-11.512925464970229,-11.512925464970229,3.0,-1
3950,-11.512925464970229,-11.512925464970229,-11.512925464970229,-11.512925464970229,-11.512925464970229,3.0,-1
3951,-18.150023,-6.5687884e-05,-9.642051,-18.572777,-15.552133,4.0,2
3952,-11.512925464970229,-11.512925464970229,-11.512925464970229,-2.5778596,-0.078971595,3.0,5
3953,-16.662703,-17.212227,-17.584124,-16.92892,-1.3113013e-06,3.0,5
3954,-19.691748,-11.512925464970229,-11.512925464970229,-14.997056,-7.152119e-07,4.0,5
3955,-19.491926,-11.512925464970229,-11.512925464970229,-17.024124,-1.1922384e-07,4.0,5
3956,-11.512925464970229,-11.512925464970229,-16.155529,-3.5760596e-07,-18.585217,3.0,4
3957,-11.512925464970229,-11.512925464970229,-11.512925464970229,-0.017192531,-11.512925464970229,4.0,4
3958,-11.512925464970229,-11.512925464970229,-11.512925464970229,-2.1542437,-0.123291165,3.0,5
3959,-20.096722,-11.512925464970229,-11.512925464970229,-16.045881,-2.3841854e-07,5.0,5
3960,-11.512925464970229,-2.4639022,-0.08894424,-16.843529,-15.780859,4.0,3
3961,-0.26422128,-11.512925464970229,-11.512925464970229,-11.512925464970229,-11.512925464970229,4.0,1
3962,-11.512925464970229,-11.512925464970229,-11.512925464970229,-0.4372129,-1.0379362,3.0,4
3963,-11.512925464970229,-11.512925464970229,-11.512925464970229,-11.512925464970229,-11.512925464970229,3.0,-1
3964,-14.174535,-1.5496514e-06,-15.23589,-19.662989,-16.559883,3.0,2
3965,-11.512925464970229,-12.9155445,-3.6956835e-06,-14.702869,-11.512925464970229,3.0,3
3966,-11.512925464970229,-11.512925464970229,-18.618593,-2.5032687e-06,-13.1554165,4.0,4
3967,-11.512925464970229,-11.512925464970229,-11.512925464970229,-10.267142,-3.564345e-05,4.0,5
3968,-11.512925464970229,-11.512925464970229,-11.512925464970229,-2.2016332,-0.1172501,5.0,5
3969,-14.964884,-0.00026449654,-11.512925464970229,-11.512925464970229,-11.512925464970229,2.0,2
3970,-14.501668,-0.00038423482,-11.512925464970229,-11.512925464970229,-11.512925464970229,3.0,2
3971,-19.11475,-11.512925464970229,-11.512925464970229,-15.688158,-4.7689537e-07,4.0,5
3972,-11.512925464970229,-11.512925464970229,-11.512925464970229,-3.5849488,-0.02813844,3.0,5
3973,-13.071081,-4.1724998e-06,-13.410625,-19.313486,-16.916302,3.0,2
3974,-17.010721,-7.1352463,-0.0007991865,-15.357507,-17.165659,5.0,3
3975,-11.512925464970229,-11.512925464970229,-11.512925464970229,-0.011697077,-4.4546123,4.0,4
3976,-0.64942575,-0.7388861,-15.670214,-17.468124,-16.211878,1.0,1
3977,0.0,-16.902344,-20.306717,-20.226273,-20.00249,2.0,1
3978,-16.774775,-0.27957016,-1.4108167,-14.957268,-16.344082,3.0,2
3979,-14.184564,-6.926154e-05,-9.601148,-17.83255,-16.240532,3.0,2
3980,-17.404787,-0.0013045596,-6.643751,-17.970825,-17.104733,3.0,2
3981,-16.969917,-0.0013992031,-6.573718,-18.080818,-17.20311,3.0,2
3982,-19.249125,-10.80288,-2.109858e-05,-15.69383,-19.130869,3.0,3
3983,-0.044725116,-14.84459,-11.512925464970229,-11.512925464970229,-11.512925464970229,4.0,1
3984,-10.783547,-2.1575312e-05,-15.628341,-19.685045,-16.635172,3.0,2
3985,-0.013896028,-4.283227,-17.861225,-17.582268,-16.853394,2.0,1
3986,-11.512925464970229,-11.947411,-7.271795e-06,-16.774618,-11.512925464970229,3.0,3
3987,-11.512925464970229,-11.512925464970229,-11.512925464970229,-5.496001,-0.004116491,4.0,5
3988,-11.512925464970229,-9.190983,-0.00010298876,-16.715149,-11.512925464970229,3.0,3
3989,-19.131939,-19.445133,-18.51746,-5.960463e-07,-17.700275,4.0,4
3990,-14.568162,-1.8357856e-05,-10.98149,-19.175861,-16.274763,3.0,2
3991,-11.512925464970229,-11.512925464970229,-11.512925464970229,-8.391844,-0.00022848618,5.0,5
3992,-11.512925464970229,-11.512925464970229,-11.512925464970229,-0.009525705,-4.6587224,1.0,4
3993,-11.512925464970229,-11.512925464970229,-11.512925464970229,-11.512925464970229,-11.512925464970229,4.0,-1
3994,-19.158089,-11.512925464970229,-11.512925464970229,-15.779558,-4.7689537e-07,4.0,5
3995,-11.512925464970229,-11.512925464970229,-11.512925464970229,-11.565248,-1.08472495e-05,5.0,5
3996,-12.239592,-6.3177117e-06,-14.0427065,-19.460032,-16.42888,4.0,2
3997,-16.762926,-11.512925464970229,-17.51468,-16.528263,-7.152119e-07,4.0,5
3998,-14.9938135,-5.7216143e-06,-12.3002825,-18.778276,-15.557308,3.0,2
3999,-18.605564,-11.512925464970229,-11.512925464970229,-15.030977,-7.152119e-07,5.0,5
4000,-16.400011,-3.5760596e-07,-15.842217,-19.860445,-17.142868,4.0,2
4001,-15.857692,-2.0266912e-06,-14.030668,-18.650625,-14.322385,3.0,2
4002,-19.40358,-20.770836,-20.596615,-15.331292,-4.7683704e-07,3.0,5
4003,-11.512925464970229,-11.512925464970229,-11.512925464970229,-14.721335,-9.537907e-07,3.0,5
4004,-11.512925464970229,-19.699896,-14.743424,-7.152119e-07,-18.944977,3.0,4
4005,-14.78839,-7.152119e-07,-16.70044,-19.743656,-16.639614,3.0,2
4006,-11.512925464970229,-11.512925464970229,-17.032715,-2.3844768e-07,-18.314814,3.0,4
4007,-0.09621735,-11.512925464970229,-11.512925464970229,-11.512925464970229,-11.512925464970229,4.0,1
4008,-11.512925464970229,-11.512925464970229,-11.512925464970229,-11.512925464970229,-11.512925464970229,3.0,-1
4009,-11.512925464970229,-16.637625,-8.344534e-07,-14.373649,-11.512925464970229,4.0,3
4010,-11.512925464970229,-11.512925464970229,-11.512925464970229,-4.6964664,-0.009174502,3.0,5
4011,-11.512925464970229,-11.512925464970229,-11.512925464970229,-0.17121805,-1.8493758,5.0,4
4012,-11.512925464970229,-11.512925464970229,-11.512925464970229,-0.026848348,-3.6311555,3.0,4
4013,-16.779095,-16.143726,-8.344534e-07,-18.385082,-18.074057,3.0,3
4014,-11.512925464970229,-11.512925464970229,-11.512925464970229,-11.269032,-1.3589405e-05,3.0,5
4015,-19.759108,-11.512925464970229,-11.512925464970229,-13.414229,-2.0266912e-06,3.0,5
4016,-11.512925464970229,-10.025728,-4.5415305e-05,-15.345126,-11.512925464970229,3.0,3
4017,-17.405237,-17.852783,-4.7689537e-07,-16.737495,-11.512925464970229,5.0,3
4018,-17.911299,-2.3841854e-07,-16.67592,-19.241306,-11.512925464970229,1.0,2
4019,-16.67625,-17.956795,-17.567572,-16.719437,-8.344534e-07,5.0,5
4020,-11.512925464970229,-8.946858,-0.00013230796,-13.872608,-11.512925464970229,5.0,3
4021,-11.512925464970229,-11.512925464970229,-9.628351,-6.7117304e-05,-11.512925464970229,3.0,4
4022,-11.512925464970229,-11.512925464970229,-11.512925464970229,-2.372853,-0.0978572,4.0,5
4023,-11.512925464970229,-11.512925464970229,-17.728855,-8.344534e-07,-17.652393,4.0,4
4024,-0.23287888,-1.5713646,-16.444262,-16.821941,-15.262988,3.0,1
4025,-15.599465,-15.216096,-0.0015204308,-16.438086,-11.512925464970229,4.0,3
4026,-11.512925464970229,-11.512925464970229,-11.512925464970229,-7.906362,-0.00036957712,4.0,5
4027,-19.596697,-11.512925464970229,-11.512925464970229,-15.635353,-4.7689537e-07,4.0,5
4028,-17.00122,-0.0048360643,-5.33459,-18.105736,-17.198975,3.0,2
4029,-20.64775,-19.707907,-16.298458,-3.5760596e-07,-16.900824,3.0,4
4030,-19.891916,-11.512925464970229,-11.512925464970229,-12.165114,-5.602414e-06,3.0,5
4031,-11.512925464970229,-11.512925464970229,-11.512925464970229,-14.499324,-8.344534e-07,4.0,5
4032,-11.512925464970229,-13.816926,-1.3112239e-06,-16.37541,-20.374401,1.0,3
4033,-11.512925464970229,-18.651314,-10.013141,-4.6249734e-05,-11.512925464970229,3.0,4
4034,-11.512925464970229,-11.512925464970229,-11.512925464970229,-7.0014434,-0.00091319706,2.0,5
4035,-11.512925464970229,-11.512925464970229,-11.512925464970229,-11.844997,-8.225878e-06,4.0,5
4036,-11.512925464970229,-2.9960787,-0.05128126,-15.852037,-16.5798,3.0,3
4037,-1.9073467e-06,-13.28086,-19.671984,-18.925951,-19.633118,2.0,1
4038,-14.319287,-1.0729074e-06,-16.23445,-19.319773,-16.666878,3.0,2
4039,-6.17042,-0.0020949042,-16.916592,-18.316528,-15.754261,3.0,2
4040,-6.0796547e-06,-12.082418,-19.011665,-18.633408,-19.153105,3.0,1
4041,-9.387937,-8.499261e-05,-16.958712,-11.512925464970229,-16.110712,3.0,2
4042,-21.537863,-19.4375,0.0,-19.468174,-21.550003,3.0,3
4043,-11.512925464970229,-11.512925464970229,-11.512925464970229,-9.348628,-8.832644e-05,5.0,5
4044,-11.512925464970229,-11.512925464970229,-11.512925464970229,-11.512925464970229,-11.512925464970229,2.0,-1
4045,-11.512925464970229,-11.512925464970229,-11.512925464970229,-4.838454,-0.007956221,4.0,5
4046,-11.512925464970229,-11.512925464970229,-11.512925464970229,-2.7605906,-0.065356314,4.0,5
4047,-11.512925464970229,-11.512925464970229,-13.24894,-2.3841035e-06,-19.231544,4.0,4
4048,-11.512925464970229,-11.512925464970229,-11.512925464970229,-11.512925464970229,-11.512925464970229,5.0,-1
4049,-17.033367,-9.5367386e-07,-15.38703,-18.784948,-15.290843,3.0,2
4050,-21.015892,-19.903994,-17.150402,-1.19209275e-07,-17.427422,5.0,4
4051,-20.628777,-19.701088,-15.8853035,-3.5762778e-07,-17.031824,5.0,4
4052,-19.376736,-11.512925464970229,-11.512925464970229,-12.315842,-5.006506e-06,4.0,5
4053,-17.305012,-1.3113013e-06,-14.200623,-17.617449,-14.984131,4.0,2
4054,-16.879118,-9.537907e-07,-14.634672,-18.037477,-15.823444,3.0,2
4055,-15.750704,-0.000101438825,-9.207518,-17.887817,-15.759174,4.0,2
4056,-11.512925464970229,-14.132064,-1.1920517e-06,-15.883892,-11.512925464970229,3.0,3
4057,-20.51909,-13.285167,-2.0266912e-06,-16.14471,-20.717875,4.0,3
4058,-11.512925464970229,-5.7074285,-0.0033363544,-16.236055,-16.768787,4.0,3
4059,-11.512925464970229,-11.512925464970229,-11.512925464970229,-11.512925464970229,-11.512925464970229,5.0,-1
4060,-17.585936,-1.3589405e-05,-11.255236,-18.62328,-15.946155,2.0,2
4061,-11.512925464970229,-11.512925464970229,-11.512925464970229,-0.0032375369,-5.7356787,4.0,4
4062,-11.512925464970229,-11.512925464970229,-11.512925464970229,-9.420211,-8.296352e-05,2.0,5
4063,-11.512925464970229,-11.512925464970229,-11.512925464970229,-11.512925464970229,-11.512925464970229,3.0,-1
4064,-11.512925464970229,-11.512925464970229,-18.794565,-1.1920517e-06,-13.976037,4.0,4
4065,-11.512925464970229,-11.512925464970229,-11.512925464970229,-9.719376,-6.128081e-05,5.0,5
4066,-16.408184,-17.98076,-16.590199,-15.906244,-1.5496514e-06,3.0,5
4067,-11.512925464970229,-11.512925464970229,-11.512925464970229,-0.0039385846,-5.539606,4.0,4
4068,-19.05506,-19.715729,-1.1922384e-07,-17.831633,-11.512925464970229,4.0,3
4069,-8.930376,-0.00013349914,-16.688015,-11.512925464970229,-16.712046,3.0,2
4070,0.0,-18.54004,-20.691082,-21.399605,-18.342632,5.0,1
4071,-11.512925464970229,-11.512925464970229,-11.512925464970229,-10.276806,-3.6000863e-05,3.0,5
4072,-11.512925464970229,-8.392359,-0.00022742547,-17.406006,-11.512925464970229,3.0,3
4073,-11.512925464970229,-11.512925464970229,-11.512925464970229,-2.8265529,-0.061059415,5.0,5
4074,-11.512925464970229,-11.512925464970229,-11.512925464970229,-2.243236,-0.112193495,3.0,5
4075,-11.512925464970229,-11.512925464970229,-11.512925464970229,-11.512925464970229,-11.512925464970229,5.0,-1
4076,-11.512925464970229,-11.512925464970229,-17.216625,-3.5760596e-07,-15.550152,3.0,4
4077,-11.512925464970229,-11.512925464970229,-11.512925464970229,-2.2025766,-0.117136836,5.0,5
4078,-20.04741,-11.512925464970229,-11.512925464970229,-16.560518,-3.5760596e-07,4.0,5
4079,-11.512925464970229,-11.512925464970229,-11.512925464970229,-12.134019,-5.8408214e-06,5.0,5
4080,-0.012598902,-4.3805304,-18.166079,-17.60179,-16.923853,1.0,1
4081,-11.512925464970229,-11.512925464970229,-11.512925464970229,-0.034161326,-3.393769,2.0,4
4082,-11.512925464970229,-11.512925464970229,-11.512925464970229,-11.512925464970229,-11.512925464970229,4.0,-1
4083,-11.512925464970229,-11.512925464970229,-11.512925464970229,-11.512925464970229,-11.512925464970229,3.0,-1
4084,-17.387592,-0.00063110597,-7.371395,-17.779848,-16.160877,3.0,2
4085,-5.599524,-0.0037081614,-16.465042,-11.512925464970229,-16.19928,3.0,2
4086,-11.512925464970229,-11.512925464970229,-11.512925464970229,-11.512925464970229,-11.512925464970229,4.0,-1
4087,-7.2449837,-0.00071520335,-16.697214,-11.512925464970229,-17.182665,3.0,2
4088,-15.500716,-2.1458147e-06,-13.853662,-18.077415,-14.87195,1.0,2
4089,-16.886929,-2.3044333,-0.105165094,-15.287294,-14.922454,5.0,3
4090,-11.512925464970229,-0.5851223,-0.8143169,-14.8528,-14.191232,5.0,2
4091,-15.373125,-1.4185746e-05,-11.244712,-18.90779,-17.153414,5.0,2
4092,-0.035273574,-3.3622694,-17.922783,-17.857193,-16.98415,4.0,1
4093,-11.512925464970229,-11.512925464970229,-19.607292,-4.4107555e-06,-12.465319,5.0,4
4094,-11.512925464970229,-11.512925464970229,-11.512925464970229,-15.05366,-9.537907e-07,3.0,5
4095,-11.512925464970229,-11.512925464970229,-11.512925464970229,-11.512925464970229,-11.512925464970229,5.0,-1
4096,-11.512925464970229,-20.779095,-15.899963,-2.3844768e-07,-18.994425,5.0,4
4097,-19.886894,-11.512925464970229,-11.512925464970229,-15.283555,-5.9602587e-07,4.0,5
4098,-20.171776,-11.512925464970229,-11.512925464970229,-17.053576,-2.3844768e-07,5.0,5
4099,-11.512925464970229,-11.512925464970229,-11.512925464970229,-13.483522,-2.0265556e-06,5.0,5
4100,-10.829818,-2.0502699e-05,-16.141943,-11.512925464970229,-16.417927,4.0,2
4101,-19.193626,-11.512925464970229,-11.512925464970229,-12.832307,-3.3378135e-06,3.0,5
4102,-11.512925464970229,-11.512925464970229,-11.512925464970229,-11.512925464970229,-11.512925464970229,5.0,-1
4103,-0.028627066,-11.512925464970229,-11.512925464970229,-11.512925464970229,-11.512925464970229,3.0,1
4104,-11.512925464970229,-11.512925464970229,-11.512925464970229,-0.0011720405,-6.75064,3.0,4
4105,-11.512925464970229,-11.512925464970229,-11.512925464970229,-13.808091,-1.6689286e-06,3.0,5
4106,-11.512925464970229,-11.512925464970229,-11.512925464970229,-16.386135,-3.5760596e-07,4.0,5
4107,-11.512925464970229,-13.574774,-2.1458147e-06,-15.61947,-11.512925464970229,3.0,3
4108,-11.512925464970229,-14.189041,-1.072883e-06,-16.184778,-11.512925464970229,2.0,3
4109,-11.512925464970229,-11.512925464970229,-11.512925464970229,-0.20517986,-1.6848112,4.0,4
4110,-11.512925464970229,-11.512925464970229,-11.512925464970229,-11.512925464970229,-11.512925464970229,5.0,-1
4111,-11.512925464970229,-11.512925464970229,-17.413174,-5.364032e-06,-12.206986,4.0,4
4112,-11.512925464970229,-0.9112778,-0.51426315,-16.275677,-15.2996,3.0,3
4113,-15.012819,-3.2185512e-06,-12.994025,-18.72905,-16.493795,3.0,2
4114,-16.725176,-3.5760596e-07,-16.167965,-19.21825,-11.512925464970229,5.0,2
4115,-11.512925464970229,-11.512925464970229,-11.512925464970229,-11.512925464970229,-11.512925464970229,4.0,-1
4116,-1.9075815e-06,-13.314722,-20.118322,-19.561152,-20.002514,2.0,1
4117,-11.512925464970229,-11.512925464970229,-16.861916,-3.5760596e-07,-18.477139,3.0,4
4118,-11.512925464970229,-16.33828,-4.7689537e-07,-16.573492,-11.512925464970229,3.0,3
4119,-2.6438935,-0.073743105,-16.476564,-17.514574,-15.591298,3.0,2
4120,-17.19358,-1.609441e-05,-11.105342,-17.641659,-14.747143,2.0,2
4121,-19.08434,-11.512925464970229,-11.512925464970229,-12.7764015,-3.5762723e-06,5.0,5
4122,-20.103514,-15.597185,-2.3844768e-07,-16.077183,-20.345589,2.0,3
4123,-11.512925464970229,-11.512925464970229,-11.512925464970229,-11.512925464970229,-11.512925464970229,5.0,-1
4124,-0.111856915,-2.2460294,-17.642647,-17.630722,-16.558313,2.0,1
4125,-11.512925464970229,-11.512925464970229,-11.512925464970229,-11.512925464970229,-11.512925464970229,2.0,-1
4126,-11.512925464970229,-11.512925464970229,-11.512925464970229,-0.12595938,-2.1341991,4.0,4
4127,-16.94098,-3.5763796e-06,-12.7597885,-17.065073,-15.212459,4.0,2
4128,-0.60987306,-0.78403497,-16.053577,-16.260756,-14.484149,2.0,1
4129,-11.512925464970229,-11.512925464970229,-18.94744,-0.00014827098,-8.822976,2.0,4
4130,-11.512925464970229,-11.512925464970229,-11.512925464970229,-11.512925464970229,-11.512925464970229,4.0,-1
4131,-11.512925464970229,-11.512925464970229,-11.512925464970229,-11.512925464970229,-11.512925464970229,3.0,-1
4132,-16.908876,-17.369253,-16.185879,-16.411346,-7.1525545e-07,2.0,5
4133,-19.93479,-11.512925464970229,-11.512925464970229,-11.282081,-1.3232143e-05,4.0,5
4134,-11.512925464970229,-11.512925464970229,-11.512925464970229,-11.155627,-1.5379754e-05,5.0,5
4135,-11.512925464970229,-11.512925464970229,-11.512925464970229,-9.767148,-5.8532216e-05,4.0,5
4136,-0.32192332,-11.512925464970229,-11.512925464970229,-11.512925464970229,-11.512925464970229,3.0,1
4137,-11.512925464970229,-11.512925464970229,-17.21566,-5.9602587e-07,-16.916613,3.0,4
4138,-19.697897,-11.512925464970229,-11.512925464970229,-15.672497,-3.5760596e-07,3.0,5
4139,-11.512925464970229,-19.844534,-15.198188,-5.9602587e-07,-18.710093,2.0,4
4140,-19.057297,-11.512925464970229,-19.302738,-2.3841854e-07,-17.732428,3.0,4
4141,-11.512925464970229,-11.512925464970229,-10.789289,-2.1336942e-05,-18.926294,4.0,4
4142,-11.512925464970229,-11.512925464970229,-11.512925464970229,-15.395631,-9.537907e-07,3.0,5
4143,-11.512925464970229,-11.512925464970229,-18.377977,-1.9075815e-06,-13.488856,4.0,4
4144,-11.512925464970229,-11.512925464970229,-14.601911,-9.537907e-07,-16.689379,3.0,4
4145,-11.512925464970229,-11.512925464970229,-16.78215,-8.344534e-07,-15.912217,3.0,4
4146,-0.0010056206,-6.9041123,-19.021849,-18.214342,-18.18538,4.0,1
4147,-17.16146,-7.5101566e-06,-11.902432,-18.571384,-15.77325,4.0,2
4148,-11.512925464970229,-11.512925464970229,-16.74422,-4.7689537e-07,-17.47387,3.0,4
4149,-11.512925464970229,-11.512925464970229,-11.512925464970229,-8.652959,-0.00017641418,3.0,5
4150,-11.512925464970229,-11.512925464970229,-11.512925464970229,-11.3486395,-1.2755311e-05,4.0,5
4151,-11.512925464970229,-11.512925464970229,-11.512925464970229,-11.512925464970229,-11.512925464970229,4.0,-1
4152,-17.170033,-3.5405177e-05,-10.291284,-18.33756,-15.535525,3.0,2
4153,-11.512925464970229,-11.512925464970229,-11.512925464970229,-0.217126,-11.512925464970229,4.0,4
4154,-11.512925464970229,-11.512925464970229,-11.512925464970229,-0.7111303,-0.67549914,3.0,5
4155,-11.512925464970229,-13.541318,-2.0266912e-06,-15.459154,-11.512925464970229,1.0,3
4156,-5.6692796,-0.003458305,-17.021013,-11.512925464970229,-15.924317,3.0,2
4157,-18.730213,-11.512925464970229,-11.512925464970229,-13.341431,-2.2649738e-06,3.0,5
4158,-11.512925464970229,-11.512925464970229,-11.512925464970229,-15.170624,-7.152119e-07,4.0,5
4159,-14.479424,-1.3112239e-06,-15.473648,-19.433016,-16.976233,3.0,2
4160,-11.512925464970229,-16.639431,-2.3844768e-07,-17.312515,-11.512925464970229,5.0,3
4161,-11.512925464970229,-14.070582,-1.1920517e-06,-17.19129,-11.512925464970229,1.0,3
4162,-11.512925464970229,-11.512925464970229,-11.512925464970229,-12.015138,-7.1525124e-06,5.0,5
4163,-2.682173e-05,-17.971306,-11.512925464970229,-11.512925464970229,-11.512925464970229,2.0,1
4164,-11.512925464970229,-7.5070624,-0.0005505868,-16.99687,-19.17347,3.0,3
4165,-11.512925464970229,-11.512925464970229,-11.512925464970229,-7.3380833,-0.0006523388,3.0,5
4166,-20.636637,-13.539026,-1.5497195e-06,-16.915104,-20.139761,2.0,3
4167,-11.512925464970229,-11.512925464970229,-16.30511,-4.7689537e-07,-18.18782,4.0,4
4168,-11.512925464970229,-11.512925464970229,-11.512925464970229,-7.121051,-0.0008117241,4.0,5
4169,-11.512925464970229,-11.512925464970229,-11.512925464970229,-12.854938,-3.3378135e-06,4.0,5
4170,-11.512925464970229,-11.512925464970229,-11.512925464970229,-2.2648053e-05,-10.727131,4.0,4
4171,-10.681666,-2.3959354e-05,-14.794766,-19.47152,-17.507626,5.0,2
4172,-15.16129,-8.344534e-07,-15.316539,-19.703535,-16.0229,3.0,2
4173,-14.568937,-5.602414e-06,-16.762678,-11.512925464970229,-11.512925464970229,3.0,2
4174,-11.512925464970229,-11.512925464970229,-11.512925464970229,-9.2816,-9.488608e-05,4.0,5
4175,-11.512925464970229,-11.512925464970229,-18.246433,-2.5032687e-06,-13.078833,4.0,4
4176,-9.912396,-5.0183986e-05,-16.709438,-11.512925464970229,-17.7976,2.0,2
4177,-13.787271,-2.7416409e-06,-13.583881,-18.899302,-17.068789,4.0,2
4178,-11.512925464970229,-11.512925464970229,-11.512925464970229,-8.53306,-0.00019999147,5.0,5
4179,-11.512925464970229,-18.841946,-8.027841,-0.00032751553,-18.365887,5.0,4
4180,-11.512925464970229,-11.512925464970229,-19.904821,-3.457125e-05,-10.285337,5.0,4
4181,-11.512925464970229,-11.512925464970229,-11.512925464970229,-3.130092,-0.04470565,4.0,5
4182,-19.434387,-11.512925464970229,-11.512925464970229,-15.859245,-5.9602587e-07,3.0,5
4183,-11.512925464970229,-11.512925464970229,-11.512925464970229,-1.8396435,-0.17304426,2.0,5
4184,-19.186876,-10.042702,-4.4342527e-05,-17.127024,-11.512925464970229,4.0,3
4185,-19.045788,-11.512925464970229,-11.512925464970229,-11.837227,-7.987648e-06,3.0,5
4186,-11.512925464970229,-11.512925464970229,-11.512925464970229,-15.567025,-5.9602587e-07,5.0,5
4187,-16.341837,-9.537907e-07,-14.315699,-18.532759,-17.719728,3.0,2
4188,-11.512925464970229,-11.512925464970229,-11.512925464970229,-11.512925464970229,-11.512925464970229,4.0,-1
4189,-20.794926,-11.512925464970229,-18.61529,-7.152119e-07,-14.599081,4.0,4
4190,-19.0883,-11.512925464970229,-11.512925464970229,-16.291906,-4.7689537e-07,2.0,5
4191,-11.512925464970229,-11.512925464970229,-11.512925464970229,-11.512925464970229,-11.512925464970229,4.0,-1
4192,-11.512925464970229,-11.512925464970229,-18.98719,-7.152119e-07,-14.777256,3.0,4
4193,-11.512925464970229,-11.512925464970229,-11.512925464970229,-4.798291,-0.008286688,5.0,5
4194,-19.962648,-11.512925464970229,-11.512925464970229,-15.909444,-3.5760596e-07,3.0,5
4195,-16.62613,-3.4570896e-06,-16.551289,-19.728804,-19.7726,4.0,2
4196,-11.512925464970229,-11.512925464970229,-11.512925464970229,-0.11093085,-2.2539077,3.0,4
4197,-11.512925464970229,-11.512925464970229,-11.512925464970229,-7.622199,-0.00049115316,3.0,5
4198,-11.512925464970229,-18.982113,-8.868161,-0.00014255257,-18.634779,4.0,4
4199,-11.512925464970229,-11.512925464970229,-18.69739,-1.0729074e-06,-14.092752,3.0,4
4200,-11.512925464970229,-11.512925464970229,-18.027563,-1.7881898e-06,-14.063215,1.0,4
4201,-11.512925464970229,-11.512925464970229,-11.512925464970229,-3.2016017,-0.041556157,3.0,5
4202,-11.512925464970229,-11.512925464970229,-11.512925464970229,-12.990877,-2.8608476e-06,5.0,5
4203,-11.512925464970229,-11.512925464970229,-11.512925464970229,-0.042195033,-3.1866424,5.0,4
4204,-2.444914,-0.090723366,-17.296501,-11.512925464970229,-17.014969,3.0,2
4205,-11.512925464970229,-11.512925464970229,-11.512925464970229,-1.0420532,-0.4349651,3.0,5
4206,-18.999592,-11.512925464970229,-11.512925464970229,-15.1184845,-5.9602587e-07,4.0,5
4207,-10.106499,-4.1839623e-05,-15.852515,-19.305683,-16.873032,4.0,2
4208,-11.512925464970229,-11.512925464970229,-14.120255,-1.0729074e-06,-18.295252,2.0,4
4209,-19.445284,-11.512925464970229,-11.512925464970229,-13.7633295,-1.4304238e-06,4.0,5
4210,-11.512925464970229,-11.512925464970229,-11.512925464970229,-4.6001134,-0.010105438,3.0,5
4211,-11.512925464970229,-11.512925464970229,-11.512925464970229,-2.0918126,-0.13177726,4.0,5
4212,-11.512925464970229,-11.512925464970229,-11.512925464970229,-3.566818,-0.028657584,3.0,5
4213,-19.729544,-11.512925464970229,-11.512925464970229,-15.338731,-5.9602587e-07,4.0,5
4214,-17.750023,-11.512925464970229,-11.512925464970229,-16.918087,-2.3844768e-07,5.0,5
4215,-18.583078,-8.814299,-0.00015041548,-16.613367,-11.512925464970229,3.0,3
4216,-10.800332,-2.109858e-05,-17.06844,-19.514856,-15.927197,2.0,2
4217,-11.512925464970229,-11.512925464970229,-11.512925464970229,-1.7275449,-0.19571316,4.0,5
4218,-11.512925464970229,-11.512925464970229,-11.512925464970229,-5.5892143,-0.0037498125,5.0,5
4219,-13.619771,-2.5032687e-06,-14.880599,-11.512925464970229,-16.850107,4.0,2
4220,-11.512925464970229,-11.512925464970229,-11.512925464970229,-11.512925464970229,-11.512925464970229,2.0,-1
4221,-11.512925464970229,-11.512925464970229,-11.512925464970229,-0.07278914,-2.6564398,2.0,4
4222,-11.512925464970229,-11.512925464970229,-11.512925464970229,-16.394331,-5.7216143e-06,2.0,5
4223,-11.512925464970229,-11.512925464970229,-16.472158,-2.3841035e-06,-13.271566,2.0,4
4224,-15.654547,-15.519307,-16.02,-7.987648e-06,-14.635726,3.0,4
4225,-11.512925464970229,-11.512925464970229,-17.274721,-5.1256748e-06,-12.446087,2.0,4
4226,-19.043484,-11.512925464970229,-11.512925464970229,-11.159922,-1.5260652e-05,4.0,5
4227,-13.382383,-3.2185512e-06,-13.917876,-19.5211,-15.590824,3.0,2
4228,-0.01319263,-4.334829,-18.31847,-11.512925464970229,-16.957727,3.0,1
4229,-11.512925464970229,-11.512925464970229,-18.065256,-4.7689537e-07,-15.899968,4.0,4
4230,-19.68887,-11.512925464970229,-11.512925464970229,-14.278715,-9.537907e-07,4.0,5
4231,-18.328836,-2.0979402e-05,-10.825024,-18.53655,-15.549411,3.0,2
4232,-11.512925464970229,-16.503233,-2.3844768e-07,-15.5625725,-20.809544,3.0,3
4233,-11.512925464970229,-11.512925464970229,-11.512925464970229,-0.0005038972,-7.5963807,4.0,4
4234,-11.512925464970229,-11.512925464970229,-11.512925464970229,-2.8747845,-0.058090184,3.0,5
4235,-11.512925464970229,-11.512925464970229,-11.512925464970229,-0.067369364,-2.7312489,4.0,4
4236,-18.784052,-17.013428,-5.9602587e-07,-16.630093,-18.408752,3.0,3
4237,-11.512925464970229,-11.512925464970229,-11.512925464970229,-11.512925464970229,-11.512925464970229,3.0,-1
4238,-11.512925464970229,-11.512925464970229,-11.512925464970229,-13.2447605,-2.3841035e-06,4.0,5
4239,-11.512925464970229,-11.512925464970229,-11.512925464970229,-7.5183706,-0.0005446381,4.0,5
4240,-12.460563,-5.8408214e-06,-13.754327,-11.512925464970229,-16.488049,5.0,2
4241,-0.6102911,-11.512925464970229,-11.512925464970229,-11.512925464970229,-11.512925464970229,4.0,1
4242,-11.512925464970229,-11.512925464970229,-11.512925464970229,-11.512925464970229,-11.512925464970229,4.0,-1
4243,-0.06539119,-11.512925464970229,-11.512925464970229,-11.512925464970229,-11.512925464970229,4.0,1
4244,-16.045599,-1.0729074e-06,-15.870139,-18.934181,-14.825969,4.0,2
4245,-19.788769,-11.512925464970229,-11.512925464970229,-15.538435,-4.7689537e-07,4.0,5
4246,-11.512925464970229,-11.512925464970229,-18.876965,-5.9602587e-07,-16.656921,4.0,4
4247,-11.512925464970229,-11.512925464970229,-11.512925464970229,-11.416139,-1.1800854e-05,3.0,5
4248,-11.512925464970229,-11.512925464970229,-11.512925464970229,-11.512925464970229,-11.512925464970229,3.0,-1
4249,-15.195267,-1.9075815e-06,-13.852306,-18.653105,-15.690293,3.0,2
4250,-11.512925464970229,-11.512925464970229,-11.512925464970229,-3.3022294,-0.0375085,4.0,5
4251,-11.512925464970229,-11.512925464970229,-11.512925464970229,-11.512925464970229,-11.512925464970229,4.0,-1
4252,-16.349365,-4.2915253e-06,-12.657147,-18.469995,-14.777026,3.0,2
4253,-11.512925464970229,-11.512925464970229,-6.9683247,-0.00094417325,-18.395681,2.0,4
4254,-19.199379,-11.512925464970229,-11.512925464970229,-15.631847,-3.5760596e-07,4.0,5
4255,-11.512925464970229,-11.512925464970229,-11.512925464970229,-11.512925464970229,-11.512925464970229,4.0,-1
4256,-12.169055,-6.3180723e-06,-16.732023,-11.512925464970229,-15.018578,1.0,2
4257,-11.512925464970229,-16.86165,-3.5572653,-0.028946925,-11.512925464970229,4.0,4
4258,-15.598555,-3.2186456e-06,-13.375348,-18.032871,-13.985705,5.0,2
4259,-17.09652,-8.583032e-06,-12.035278,-16.733152,-14.213703,4.0,2
4260,-19.74612,-12.607019,-3.933899e-06,-16.404766,-11.512925464970229,3.0,3
4261,-11.512925464970229,-12.867916,-3.2185512e-06,-17.636412,-11.512925464970229,3.0,3
4262,-18.983496,-11.512925464970229,-20.913343,-15.994428,-2.3841854e-07,4.0,5
4263,-19.102352,-19.66557,-11.512925464970229,-2.3844768e-07,-18.864294,3.0,4
4264,-15.857542,-2.9800683e-06,-12.981302,-19.578808,-16.418755,3.0,2
4265,-19.285149,-11.512925464970229,-11.512925464970229,-11.767302,-8.464122e-06,4.0,5
4266,-11.512925464970229,-11.512925464970229,-11.512925464970229,-11.512925464970229,-11.512925464970229,2.0,-1
4267,-16.580462,-18.124584,-16.567898,-15.545182,-1.4305103e-06,3.0,5
4268,-19.036926,-20.284641,-11.512925464970229,-15.679361,-2.3841854e-07,3.0,5
4269,-11.512925464970229,-11.512925464970229,-11.512925464970229,-11.862258,-8.464122e-06,4.0,5
4270,-11.512925464970229,-11.512925464970229,-11.508701,-1.1204828e-05,-18.402468,2.0,4
4271,-11.512925464970229,-14.992287,-0.45806903,-1.0010302,-11.512925464970229,5.0,3
4272,-11.512925464970229,-11.512925464970229,-11.512925464970229,-11.512925464970229,-11.512925464970229,4.0,-1
4273,-11.512925464970229,-11.512925464970229,-18.160248,-7.152119e-07,-16.146736,3.0,4
4274,-16.495306,-0.020479921,-3.898833,-15.501281,-14.738887,3.0,2
4275,-16.143559,-15.386909,-2.6224477e-06,-15.419155,-11.512925464970229,1.0,3
4276,-4.7683704e-07,-18.134153,-17.937525,-18.41613,-11.512925464970229,4.0,1
4277,-11.512925464970229,-11.512925464970229,-0.16621557,-11.512925464970229,-11.512925464970229,5.0,3
4278,-0.011323514,-4.486549,-18.921682,-11.512925464970229,-18.506552,3.0,1
4279,-11.512925464970229,-11.512925464970229,-11.512925464970229,-5.7797294,-0.0030971437,4.0,5
4280,-16.110413,-0.00018664141,-8.594387,-17.97579,-15.283301,4.0,2
4281,-1.8819792,-0.1652357,-16.516731,-11.512925464970229,-15.346093,4.0,2
4282,-19.64828,0.0,-20.846426,-20.913387,-22.121702,4.0,2
4283,-18.564396,-11.512925464970229,-11.512925464970229,-14.3963175,-9.5367386e-07,4.0,5
4284,-16.296175,-1.1920517e-06,-14.030879,-17.99275,-20.620342,2.0,2
4285,-11.512925464970229,-11.512925464970229,-11.512925464970229,-14.335101,-1.3113013e-06,5.0,5
4286,-11.512925464970229,-11.512925464970229,-11.512925464970229,-11.317106,-1.3112935e-05,4.0,5
4287,-19.22592,-18.180788,-4.7689537e-07,-17.859653,-11.512925464970229,4.0,3
4288,-5.960463e-07,-15.719967,-18.98818,-18.738495,-19.14254,2.0,1
4289,-16.040894,-14.334052,-2.2649522e-06,-18.125505,-18.579372,3.0,3
4290,-19.649687,-11.512925464970229,-11.512925464970229,-12.159646,-5.9600343e-06,4.0,5
4291,-13.118842,-3.9342685e-06,-13.392398,-19.790443,-17.201485,5.0,2
4292,0.0,-19.391037,-23.549086,-21.979414,-23.451902,3.0,1
4293,-17.566381,-15.3016,-1.4304238e-06,-15.761396,-18.170063,4.0,3
4294,-18.260702,-11.512925464970229,-11.512925464970229,-15.8384495,-3.5760596e-07,5.0,5
4295,-20.380625,-13.767622,-1.6689067e-06,-14.704411,-19.932692,5.0,3
4296,-19.02241,-11.512925464970229,-11.512925464970229,-10.448261,-3.0041514e-05,3.0,5
4297,-15.593931,-0.03619576,-3.336977,-15.309988,-14.992946,4.0,2
4298,-15.37961,-9.893847e-06,-14.936282,-17.083933,-17.46979,4.0,2
4299,-16.518988,-14.872042,-1.5496514e-06,-14.590272,-17.91979,4.0,3
4300,-16.452444,-15.384255,-8.344534e-07,-14.996774,-18.90612,4.0,3
4301,-19.55706,-1.1922384e-07,-19.65801,-16.957558,-11.512925464970229,5.0,2
4302,-18.769693,-11.512925464970229,-11.512925464970229,-1.6689067e-06,-19.198185,1.0,4
4303,-0.0034847804,-5.661543,-18.451017,-18.681087,-16.81497,5.0,1
4304,-0.00040532925,-7.814311,-18.408457,-18.469515,-16.507334,3.0,1
4305,-16.26194,-15.370206,-15.35046,-1.8477e-05,-13.262341,4.0,4
4306,-11.512925464970229,-11.512925464970229,-11.512925464970229,-9.626301,-6.842766e-05,4.0,5
4307,-6.964775,-0.00094596035,-16.771328,-11.512925464970229,-17.275545,3.0,2
4308,-16.784393,-1.1920517e-06,-16.162949,-11.512925464970229,-11.512925464970229,3.0,2
4309,-17.491741,-0.005614562,-5.185756,-18.094336,-16.851658,2.0,2
4310,-11.512925464970229,-11.512925464970229,-11.512925464970229,-13.354652,-2.2649522e-06,4.0,5
4311,-14.805516,-6.7947026e-06,-12.055041,-11.512925464970229,-18.019714,4.0,2
4312,-10.450098,-3.0521303e-05,-13.847403,-19.599117,-17.192795,2.0,2
4313,-11.512925464970229,-3.4012005,-0.033906158,-15.69277,-17.84349,4.0,3
4314,-9.537907e-07,-14.250437,-18.794,-18.466356,-19.073122,1.0,1
4315,-18.898668,-11.512925464970229,-11.512925464970229,-13.346573,-1.9075815e-06,5.0,5
4316,-18.326958,-5.692391,-0.0033805305,-13.898751,-11.512925464970229,3.0,3
4317,-9.853752,-5.3403564e-05,-15.245741,-19.393538,-17.681393,5.0,2
4318,-18.693785,-11.512925464970229,-11.512925464970229,-13.579412,-1.6689067e-06,4.0,5
4319,-11.512925464970229,-20.483315,-15.75273,-4.7689537e-07,-17.386497,5.0,4
4320,-14.6785145,-1.5496514e-06,-14.464116,-19.415346,-16.392315,2.0,2
4321,-11.512925464970229,-5.4873056,-0.004149266,-16.086374,-18.421066,3.0,3
4322,-18.682198,-11.512925464970229,-11.512925464970229,-15.033664,-7.152119e-07,3.0,5
4323,-17.203709,-1.1922384e-07,-18.494392,-19.633001,-19.298851,5.0,2
4324,-0.60104793,-11.512925464970229,-11.512925464970229,-11.512925464970229,-11.512925464970229,2.0,1
4325,-0.005330356,-11.512925464970229,-11.512925464970229,-11.512925464970229,-11.512925464970229,5.0,1
4326,-11.512925464970229,-11.512925464970229,-11.512925464970229,-6.0092077,-0.0024613722,4.0,5
4327,-0.00024651116,-8.310747,-11.512925464970229,-19.56699,-19.531736,5.0,1
4328,-19.657032,-18.510721,0.0,-17.811821,-19.903904,3.0,3
4329,-16.369688,-18.044218,-17.499502,-18.209652,-1.9075815e-06,5.0,5
4330,-11.512925464970229,-11.512925464970229,-11.512925464970229,-11.512925464970229,-11.512925464970229,3.0,-1
4331,-14.721584,-1.9075815e-06,-16.700754,-18.658972,-11.512925464970229,3.0,2
4332,-18.089096,0.0,-18.09594,-18.716623,-21.121933,3.0,2
4333,-0.002222051,-11.512925464970229,-11.512925464970229,-11.512925464970229,-11.512925464970229,5.0,1
4334,-19.12668,-11.512925464970229,-11.512925464970229,-13.774075,-1.4304238e-06,3.0,5
4335,-1.2999339,-0.31823877,-16.285097,-11.512925464970229,-16.089918,2.0,2
4336,-11.512925464970229,-11.512925464970229,-11.512925464970229,-11.512925464970229,-11.512925464970229,4.0,-1
4337,-15.786911,-0.00036504885,-7.922126,-17.84644,-15.320875,5.0,2
4338,-11.512925464970229,-11.512925464970229,-11.512925464970229,-12.3671255,-5.2448504e-06,4.0,5
4339,-11.512925464970229,-17.548092,0.0,-18.132458,-19.328842,5.0,3
4340,-4.7689537e-07,-15.722364,-18.82257,-18.897364,-18.943357,3.0,1
4341,-16.891521,-18.53268,-11.512925464970229,-8.344534e-07,-19.163305,4.0,4
4342,-19.201197,-11.512925464970229,-11.512925464970229,-16.723026,0.0,4.0,5
4343,-19.17765,-11.512925464970229,-11.512925464970229,-13.517879,-2.0266912e-06,3.0,5
4344,-4.890949,-0.0075451327,-16.22604,-17.936844,-15.378813,3.0,2
4345,-11.512925464970229,-11.512925464970229,-7.9779205,-0.00034514948,-11.512925464970229,2.0,4
4346,-20.647808,0.0,-20.157509,-21.744059,-11.512925464970229,4.0,2
4347,-11.512925464970229,-11.512925464970229,-11.512925464970229,-11.512925464970229,-11.512925464970229,4.0,-1
4348,-11.512925464970229,-4.2132425,-0.014912466,-15.703529,-17.408915,4.0,3
4349,-11.512925464970229,-11.512925464970229,-11.512925464970229,-11.512925464970229,-11.512925464970229,4.0,-1
4350,-18.69078,-11.512925464970229,-11.512925464970229,-14.441627,-9.537907e-07,5.0,5
4351,-11.512925464970229,-11.512925464970229,-11.512925464970229,-1.5431523,-0.24038367,4.0,5
4352,-15.320038,-15.908589,-15.074171,-14.733271,-2.1458147e-06,3.0,5
4353,-16.381386,-0.0021135975,-6.161286,-17.33658,-16.868504,4.0,2
4354,-1.1922384e-07,-16.212883,-19.183338,-18.969812,-18.555607,1.0,1
4355,-15.604199,-16.276505,-16.452547,-15.230548,-2.0266912e-06,3.0,5
4356,-4.5653713e-05,-11.895737,-11.293293,-13.519274,-13.798457,3.0,1
4357,-16.902039,-3.5760596e-07,-15.172633,-18.872972,-19.987467,4.0,2
4358,-11.512925464970229,-11.512925464970229,-11.512925464970229,-3.5597503,-0.028864693,4.0,5
4359,-16.12162,-4.7689537e-07,-16.244118,-18.771387,-19.361803,4.0,2
4360,-11.512925464970229,-11.512925464970229,-11.512925464970229,-4.8036995,-0.0082380315,4.0,5
4361,-11.512925464970229,-11.512925464970229,-17.69023,-0.00015005805,-8.811828,5.0,4
4362,-11.512925464970229,-11.512925464970229,-11.512925464970229,-11.685416,-9.298074e-06,2.0,5
4363,-0.0005447505,-7.5167646,-11.512925464970229,-11.512925464970229,-19.806122,5.0,1
4364,-2.3841035e-06,-13.077131,-11.512925464970229,-20.253618,-20.42377,3.0,1
4365,-15.349864,-2.7655866e-05,-10.52628,-18.960438,-17.618984,5.0,2
4366,-19.065807,-20.055279,-11.512925464970229,-14.116438,-1.0729074e-06,5.0,5
4367,-5.4240766,-9.2394085,-0.5333218,-14.633912,-11.512925464970229,5.0,3
4368,-19.833664,0.0,-20.390339,-19.212162,-20.49097,3.0,2
4369,-18.959227,-11.512925464970229,-11.512925464970229,-7.152119e-07,-17.33254,4.0,4
4370,-11.512925464970229,-11.512925464970229,-11.512925464970229,-8.989291,-0.00012670967,4.0,5
4371,-18.337444,-8.570789,-0.00019093229,-16.314903,-18.64501,5.0,3
4372,-11.512925464970229,-11.512925464970229,-11.512925464970229,-2.1889312,-0.118839994,3.0,5
4373,-17.04229,-11.512925464970229,-18.401693,-1.1920517e-06,-17.040167,5.0,4
4374,-11.512925464970229,-11.512925464970229,-11.512925464970229,-11.512925464970229,-11.512925464970229,4.0,-1
4375,-18.589796,-11.512925464970229,-11.512925464970229,-17.777672,-7.152119e-07,5.0,5
4376,-11.512925464970229,-11.512925464970229,-11.512925464970229,-0.346829,-1.2275815,3.0,4
4377,-11.512925464970229,-11.512925464970229,-11.512925464970229,-3.8415353,-0.021703377,5.0,5
4378,-20.077238,-11.512925464970229,-11.512925464970229,-15.016415,-7.152119e-07,4.0,5
4379,-11.512925464970229,-11.512925464970229,-11.512925464970229,-0.014098378,-4.268859,5.0,4
4380,-20.414278,-19.179796,-13.027088,-2.7416409e-06,-16.088594,2.0,4
4381,-11.512925464970229,-11.512925464970229,-12.673321,-3.815163e-06,-19.357817,3.0,4
4382,-11.512925464970229,-11.512925464970229,-3.9432976,-0.019581936,-11.512925464970229,4.0,4
4383,-0.0024476894,-11.512925464970229,-11.512925464970229,-11.512925464970229,-11.512925464970229,5.0,1
4384,0.0,-18.855886,-19.483595,-20.8567,-11.512925464970229,4.0,1
4385,-11.512925464970229,-11.512925464970229,-11.512925464970229,-11.512925464970229,-11.512925464970229,5.0,-1
4386,-12.705417,-12.40181,-0.09046173,-4.776705,-10.999817,4.0,3
4387,-16.166777,-9.537907e-07,-15.1103115,-16.68319,-11.512925464970229,2.0,2
4388,-18.986689,-19.085342,-4.7689537e-07,-18.683104,-11.512925464970229,4.0,3
4389,-11.512925464970229,-11.512925464970229,-11.512925464970229,-7.4981675,-0.0005557084,4.0,5
4390,-1.2070366,-0.35546455,-16.755375,-11.512925464970229,-16.764761,4.0,2
4391,-18.217182,-20.142513,-19.901712,-1.1922384e-07,-11.512925464970229,4.0,4
4392,-12.4960575,-3.9342685e-06,-17.018154,-19.53019,-20.679253,3.0,2
4393,-18.445715,-1.7881898e-06,-18.530043,-19.137104,-18.383669,5.0,2
4394,-0.00072961714,-11.512925464970229,-11.512925464970229,-11.512925464970229,-11.512925464970229,2.0,1
4395,-11.512925464970229,-11.512925464970229,-11.512925464970229,-8.702378e-06,-11.738109,5.0,4
4396,-11.512925464970229,-11.512925464970229,-14.651497,-1.1920517e-06,-16.160414,4.0,4
4397,-15.758311,-9.774308e-05,-9.244516,-17.900574,-15.894,5.0,2
4398,-17.358189,-17.582676,0.0,-19.018764,-19.821442,4.0,3
4399,-1.7881898e-06,-13.4880705,-18.534166,-18.374836,-17.81245,1.0,1
4400,-11.512925464970229,-20.986448,-11.512925464970229,0.0,-21.341606,4.0,4
4401,-14.5517435,-1.6689067e-06,-14.743847,-17.802103,-17.481237,4.0,2
4402,-0.0035431879,-11.512925464970229,-11.512925464970229,-11.512925464970229,-11.512925464970229,5.0,1
4403,-17.743624,0.0,-18.864967,-18.965946,-19.287603,4.0,2
4404,-16.148905,-15.640943,-16.550531,-1.3112239e-06,-15.974324,3.0,4
4405,-17.22974,0.0,-18.93124,-19.578136,-19.36224,5.0,2
4406,-0.36396208,-11.512925464970229,-11.512925464970229,-11.512925464970229,-11.512925464970229,4.0,1
4407,-18.851261,-11.512925464970229,-11.512925464970229,-15.968135,-3.5760596e-07,5.0,5
4408,-19.001657,-11.512925464970229,-11.512925464970229,-2.3844768e-07,-18.803373,2.0,4
4409,-11.512925464970229,-11.512925464970229,-11.512925464970229,-0.0026129235,-5.9495754,5.0,4
4410,-16.472778,-1.1246185,-0.39270404,-15.989353,-15.471279,4.0,3
4411,-19.05742,-11.512925464970229,-11.512925464970229,-14.364498,-9.537907e-07,5.0,5
4412,-11.512925464970229,-5.2557106,-0.005233938,-15.0366,-11.512925464970229,4.0,3
4413,-17.899073,-4.408644,-0.012247469,-16.127413,-17.790625,5.0,3
4414,-9.374208,-8.582365e-05,-15.15122,-19.263567,-16.696417,4.0,2
4415,-11.512925464970229,-11.512925464970229,-11.512925464970229,-5.4884877,-0.004147128,5.0,5
4416,-5.9602587e-07,-17.189198,-11.512925464970229,-11.512925464970229,-11.512925464970229,3.0,1
4417,-9.486813,-7.664811e-05,-15.186005,-18.88792,-17.314816,4.0,2
4418,-19.570484,-11.512925464970229,-11.512925464970229,-15.382186,-4.7689537e-07,4.0,5
4419,-14.307317,-3.0993028e-06,-13.169076,-19.061602,-17.283089,4.0,2
4420,-17.761002,-17.507694,-3.5760596e-07,-16.97485,-11.512925464970229,1.0,3
4421,-15.307323,-4.8873435e-06,-15.1724825,-11.512925464970229,-11.512925464970229,5.0,2
4422,-3.5760596e-07,-16.19735,-18.74448,-18.311407,-17.623928,1.0,1
4423,0.0,-17.539085,-18.364042,-20.00341,-22.387955,5.0,1
4424,-1.1922384e-07,-17.887737,-19.888342,-11.512925464970229,-11.512925464970229,2.0,1
4425,-11.512925464970229,-11.512925464970229,-11.512925464970229,-11.512925464970229,-11.512925464970229,4.0,-1
4426,-18.900627,-11.512925464970229,-11.512925464970229,-17.078743,-1.1922384e-07,4.0,5
4427,-0.0002552059,-8.274927,-19.939018,-19.544306,-18.83574,4.0,1
4428,-4.3627377e-05,-10.046963,-19.165224,-19.459024,-18.892351,2.0,1
4429,-16.3623,-5.030322e-05,-9.919984,-18.070415,-15.298735,5.0,2
4430,-11.512925464970229,-11.512925464970229,-11.512925464970229,-3.6603599,-0.026069112,4.0,5
4431,-3.2665277e-05,-10.340723,-18.88682,-18.985514,-18.553041,4.0,1
4432,-12.588862,-7.271795e-06,-12.62215,-18.82683,-16.8709,1.0,2
4433,-20.312359,-20.960571,-21.457735,-20.187809,0.0,4.0,5
4434,-1.1922384e-07,-16.266506,-19.467052,-19.228176,-19.108234,1.0,1
4435,-11.512925464970229,-11.512925464970229,-11.512925464970229,-13.247748,-2.3841035e-06,4.0,5
4436,-11.512925464970229,-11.512925464970229,-14.6833515,-8.344534e-07,-16.729225,3.0,4
4437,-11.512925464970229,-11.512925464970229,-11.512925464970229,-10.014089,-4.6607358e-05,4.0,5
4438,-7.152119e-07,-14.847571,-18.44352,-18.684309,-18.15085,1.0,1
4439,-12.312348,-8.940647e-06,-12.485289,-18.701544,-16.194643,4.0,2
4440,-11.512925464970229,-11.512925464970229,-11.512925464970229,-8.618995,-0.00018246993,2.0,5
4441,-11.512925464970229,-11.512925464970229,-11.512925464970229,-0.42147523,-1.0673835,4.0,4
4442,-3.5760596e-07,-15.256188,-19.23011,-18.943464,-18.389627,1.0,1
4443,-16.038229,-0.05421778,-2.9418216,-14.842744,-14.095161,4.0,2
4444,-15.423138,-0.000880077,-7.0372133,-17.334631,-16.489328,3.0,2
4445,-11.512925464970229,-11.512925464970229,-11.512925464970229,-0.33313704,-1.2613387,5.0,4
4446,-16.281069,-17.83583,-16.30015,-16.683683,-9.537907e-07,2.0,5
4447,-15.6834135,-9.537907e-07,-16.527033,-18.899998,-11.512925464970229,5.0,2
4448,-11.512925464970229,-6.670999,-0.0013024167,-10.435123,-11.512925464970229,4.0,3
4449,-15.840362,-2.0383528e-05,-10.838773,-18.427843,-16.82985,4.0,2
4450,-1.9075815e-06,-13.392397,-18.519768,-19.145641,-19.162697,1.0,1
4451,-16.699678,-11.512925464970229,-18.933643,-3.5760596e-07,-18.326382,4.0,4
4452,-6.6492276,-0.0012972972,-15.06168,-11.512925464970229,-16.365173,3.0,2
4453,-11.512925464970229,-11.512925464970229,-11.512925464970229,-8.042706,-0.00032465608,4.0,5
4454,-16.06375,-1.3112239e-06,-15.721206,-11.512925464970229,-11.512925464970229,4.0,2
4455,-16.62714,-9.537907e-07,-16.573309,-11.512925464970229,-11.512925464970229,4.0,2
4456,-11.512925464970229,-11.512925464970229,-11.512925464970229,-12.692739,-0.0001084736,2.0,5
4457,-18.52969,-1.1922384e-07,-16.42042,-20.866215,-21.634523,5.0,2
4458,-18.305994,-11.512925464970229,-11.512925464970229,-14.388127,-8.344534e-07,4.0,5
4459,-11.512925464970229,-11.512925464970229,-11.512925464970229,-11.512925464970229,-11.512925464970229,5.0,-1
4460,-13.932657,-1.8357856e-05,-10.998893,-18.706968,-15.943171,4.0,2
4461,-15.68682,-3.5760596e-07,-17.171938,-18.969896,-11.512925464970229,4.0,2
4462,-11.512925464970229,-11.512925464970229,-11.512925464970229,-7.25551,-0.000709009,4.0,5
4463,-11.512925464970229,-11.512925464970229,-11.512925464970229,-11.857311,-0.076662004,3.0,5
4464,-14.144013,-1.5379754e-05,-15.575238,-11.512925464970229,-11.512925464970229,3.0,2
4465,-11.512925464970229,-11.512925464970229,-11.512925464970229,-11.512925464970229,-11.512925464970229,4.0,-1
4466,-16.592476,-18.243114,-17.708641,-16.526016,-3.5760596e-07,4.0,5
4467,-11.187204,-1.4662876e-05,-16.378407,-19.183722,-15.719344,4.0,2
4468,-15.937879,-8.344534e-07,-15.90789,-17.94905,-11.512925464970229,2.0,2
4469,-17.75297,0.0,-18.381924,-21.27613,-19.286144,5.0,2
4470,-11.512925464970229,-11.512925464970229,-11.512925464970229,-10.537187,-2.729807e-05,5.0,5
4471,-18.97713,-11.512925464970229,-11.512925464970229,-9.915935,-5.0422455e-05,5.0,5
4472,-18.291805,-11.512925464970229,-11.512925464970229,-13.048794,-2.8608476e-06,3.0,5
4473,-11.512925464970229,-7.66461,-0.00047124637,-14.810455,-11.512925464970229,4.0,3
4474,-0.018646872,-11.512925464970229,-11.512925464970229,-11.512925464970229,-11.512925464970229,4.0,1
4475,-0.0050475984,-15.521135,-11.512925464970229,-11.512925464970229,-11.512925464970229,5.0,1
4476,-16.72132,-0.9166645,-0.5106491,-13.894605,-13.9038725,4.0,3
4477,-11.512925464970229,-11.512925464970229,-11.512925464970229,-7.8044357,-0.0004102158,2.0,5
4478,-18.0131,-11.512925464970229,-11.512925464970229,-7.152119e-07,-17.24107,4.0,4
4479,-14.485303,-1.3112239e-06,-14.401969,-15.776273,-16.749163,4.0,2
4480,-11.512925464970229,-11.512925464970229,-11.512925464970229,-5.674407,-0.0034435824,2.0,5
4481,-2.8356082,-0.060478915,-16.527111,-11.512925464970229,-16.593327,4.0,2
4482,-19.654547,-11.512925464970229,-11.512925464970229,-15.513738,-5.9602587e-07,4.0,5
4483,-18.482906,-1.1922384e-07,-19.16684,-20.768845,-19.399607,4.0,2
4484,0.0,-17.772303,-19.263313,-19.183178,-20.368069,3.0,1
4485,-0.051786236,-11.512925464970229,-11.512925464970229,-11.512925464970229,-11.512925464970229,3.0,1
4486,-19.619762,-11.512925464970229,-11.512925464970229,-15.369012,-5.9602587e-07,4.0,5
4487,-14.151213,-7.033236e-06,-12.088016,-18.730915,-16.864773,2.0,2
4488,-11.512925464970229,-11.512925464970229,-11.512925464970229,-0.5728012,-0.83003575,4.0,4
4489,-14.216246,-17.732042,-18.381556,-18.963316,-1.0489701e-05,5.0,5
4490,-11.512925464970229,-11.512925464970229,-11.512925464970229,-13.16909,-2.8608476e-06,5.0,5
4491,-15.160374,-13.8315115,-0.003102224,-15.366737,-11.512925464970229,4.0,3
4492,-18.423868,-7.152119e-07,-17.352306,-11.512925464970229,-19.093048,2.0,2
4493,-18.926708,0.0,-18.252533,-19.340744,-20.875538,5.0,2
4494,-18.052011,-11.512925464970229,-11.512925464970229,-13.038531,-2.5032687e-06,2.0,5
4495,-11.664941,-9.298074e-06,-14.819636,-19.479597,-16.977861,5.0,2
4496,-17.429695,-17.526432,0.0,-16.93808,-19.284954,3.0,3
4497,-16.746056,-16.354704,-5.9602587e-07,-14.976377,-18.739185,5.0,3
4498,-19.53814,-11.512925464970229,-11.512925464970229,-15.720674,-4.7689537e-07,3.0,5
4499,-14.876986,-1.1085632e-05,-11.495844,-19.609095,-17.87622,4.0,2
4500,-14.889421,-1.0728064e-05,-11.536558,-18.962431,-16.722912,3.0,2
4501,-14.722604,-15.719774,-15.562414,-15.506867,-1.2158508e-05,5.0,5
4502,-11.512925464970229,-11.512925464970229,-8.09112,-0.0003090489,-11.512925464970229,4.0,4
4503,-21.508379,-20.434767,0.0,-20.515984,-22.058113,4.0,3
4504,-11.512925464970229,-11.512925464970229,-11.512925464970229,-0.33003467,-1.269198,3.0,4
4505,-16.712513,-0.013950855,-4.2794194,-17.062721,-15.802081,5.0,2
4506,-19.355171,-11.512925464970229,-11.512925464970229,-17.147408,-1.1922384e-07,4.0,5
4507,-11.512925464970229,-14.392464,-13.488132,-0.00022753223,-11.866496,5.0,4
4508,-18.058933,0.0,-19.273308,-19.053658,-18.461185,3.0,2
4509,-11.512925464970229,-11.512925464970229,-11.512925464970229,-11.512925464970229,-11.512925464970229,4.0,-1
4510,-18.851555,-11.512925464970229,-11.512925464970229,-16.182022,-2.3844768e-07,3.0,5
4511,-17.779884,-2.3290422,-0.10246624,-15.077354,-16.508602,5.0,3
4512,-8.771283,-0.00015577694,-16.517178,-11.512925464970229,-16.926596,3.0,2
4513,-18.65496,-11.512925464970229,-11.512925464970229,-15.458864,-5.9602587e-07,5.0,5
4514,-11.512925464970229,-11.512925464970229,-11.512925464970229,-10.643715,-2.4555464e-05,4.0,5
4515,-22.192009,-22.493528,-11.512925464970229,0.0,-22.372131,4.0,4
4516,-11.512925464970229,-11.512925464970229,-11.512925464970229,-11.512925464970229,-11.512925464970229,4.0,-1
4517,-15.692662,-16.662146,-16.001356,-14.623302,-2.1458147e-06,5.0,5
4518,-19.161419,-11.512925464970229,-11.512925464970229,-14.947048,-5.9602587e-07,4.0,5
4519,-16.275148,-11.512925464970229,-17.754038,-17.129374,-1.5496514e-06,5.0,5
4520,-11.512925464970229,-11.512925464970229,-11.512925464970229,-4.7192063,-0.008968887,3.0,5
4521,-0.12668635,-2.1286757,-17.147167,-11.512925464970229,-17.362278,3.0,1
4522,-11.512925464970229,-11.512925464970229,-11.512925464970229,-0.9322892,-0.50036055,2.0,5
4523,-3.084569,-0.046832167,-16.675964,-11.512925464970229,-16.104153,2.0,2
4524,-10.924696,-1.9549374e-05,-13.896904,-18.927605,-17.283524,3.0,2
4525,-16.601612,-16.54563,-15.107232,-1.9075815e-06,-16.442642,4.0,4
4526,-18.74984,-20.873217,-20.60524,-16.398663,-2.3844768e-07,4.0,5
4527,-11.998124,-0.00018211237,-8.649085,-17.11601,-16.152376,5.0,2
4528,-19.064383,-11.512925464970229,-11.512925464970229,-11.638489,-9.178928e-06,3.0,5
4529,-7.4038577,-0.0006097847,-15.578117,-18.95335,-16.93838,3.0,2
4530,-11.512925464970229,-11.512925464970229,-11.512925464970229,-11.512925464970229,-11.512925464970229,2.0,-1
4531,-14.992605,-2.2649522e-06,-15.308941,-11.512925464970229,-11.512925464970229,5.0,2
4532,-16.156647,-2.1458147e-06,-15.142526,-18.556847,-11.512925464970229,3.0,2
4533,-11.512925464970229,-1.609496,-0.22311099,-14.661547,-15.314994,3.0,3
4534,-11.512925464970229,-11.512925464970229,-17.96557,-0.002026912,-6.202867,3.0,4
4535,-18.814568,-18.126915,0.0,-18.222195,-21.560612,4.0,3
4536,-11.512925464970229,-11.512925464970229,-11.512925464970229,-8.110676,-0.00030178178,3.0,5
4537,-0.007434408,-11.512925464970229,-11.512925464970229,-11.512925464970229,-11.512925464970229,5.0,1
4538,-11.512925464970229,-11.512925464970229,-11.512925464970229,-11.924026,-7.3910837e-06,4.0,5
4539,-18.670143,-4.437142,-0.011902201,-13.511836,-17.750673,4.0,3
4540,-11.512925464970229,-11.512925464970229,-11.512925464970229,-6.3133764,-0.0018184794,2.0,5
4541,-19.161747,-18.905697,0.0,-19.428543,-20.566961,5.0,3
4542,-18.333702,-11.512925464970229,-11.512925464970229,-15.662569,-3.5760596e-07,1.0,5
4543,-1.1922384e-07,-15.980051,-20.0876,-19.655426,-19.902065,5.0,1
4544,-5.1102076,-0.0060550957,-15.066406,-18.291143,-17.499693,3.0,2
4545,-11.512925464970229,-14.876518,-1.6689067e-06,-13.964208,-11.512925464970229,4.0,3
4546,-18.719141,-11.512925464970229,-11.512925464970229,-15.024669,-7.152119e-07,4.0,5
4547,-0.21461862,-1.6442833,-17.380684,-11.512925464970229,-16.085487,4.0,1
4548,-5.4435086,-0.0043357965,-16.134089,-11.512925464970229,-16.551767,5.0,2
4549,-11.512925464970229,-11.512925464970229,-11.512925464970229,-12.112596,-6.1984797e-06,4.0,5
4550,-11.512925464970229,-11.512925464970229,-11.512925464970229,-11.512925464970229,-11.512925464970229,4.0,-1
4551,-15.717085,-16.732023,-16.610899,-9.298074e-06,-15.246224,3.0,4
4552,-11.512925464970229,-11.512925464970229,-11.512925464970229,-11.512925464970229,-11.512925464970229,5.0,-1
4553,-3.9037004,-0.020378616,-15.8666115,-11.512925464970229,-16.801203,2.0,2
4554,-9.912156,-5.0422455e-05,-15.67492,-11.512925464970229,-16.414013,5.0,2
4555,-19.40335,-11.512925464970229,-11.512925464970229,-12.439193,-4.2916245e-06,3.0,5
4556,-10.781552,-2.205207e-05,-14.244505,-19.185373,-16.96843,4.0,2
4557,-11.512925464970229,-11.512925464970229,-11.512925464970229,-8.695313,-0.00016876495,1.0,5
4558,-0.0038316771,-11.512925464970229,-11.512925464970229,-11.512925464970229,-11.512925464970229,3.0,1
4559,-1.47821675e-05,-16.134672,-11.512925464970229,-11.512925464970229,-11.512925464970229,4.0,1
4560,-11.512925464970229,-11.512925464970229,-11.512925464970229,-11.512925464970229,-11.512925464970229,5.0,-1
4561,-11.512925464970229,-11.512925464970229,-11.512925464970229,-15.179988,-5.9602587e-07,4.0,5
4562,-4.207798e-05,-10.082275,-19.290257,-19.333038,-19.250273,4.0,1
4563,-17.664991,-18.1055,-16.608719,-11.490722,-1.08472495e-05,4.0,5
4564,-11.512925464970229,-11.512925464970229,-11.512925464970229,-11.512925464970229,-11.512925464970229,5.0,-1
4565,-18.490562,-20.395567,-11.512925464970229,-15.775118,-3.5760596e-07,3.0,5
4566,-17.799639,-1.1922384e-07,-19.442322,-17.28315,-11.512925464970229,5.0,2
4567,-19.33507,-11.512925464970229,-11.512925464970229,-14.253616,-1.1920517e-06,3.0,5
4568,-19.072178,-11.512925464970229,-5.9602587e-07,-17.604115,-11.512925464970229,4.0,3
4569,-18.783203,-11.512925464970229,-11.512925464970229,-14.855783,-9.537907e-07,2.0,5
4570,-3.5760596e-07,-17.364616,-17.842434,-17.858912,-11.512925464970229,3.0,1
4571,-19.106941,-19.342945,-20.012573,-19.257282,-1.1922384e-07,3.0,5
4572,-11.512925464970229,-11.512925464970229,-11.512925464970229,-12.597327,-4.2916245e-06,5.0,5
4573,-10.827475,-2.0860223e-05,-14.814722,-11.512925464970229,-16.568861,4.0,2
4574,-12.876063,-4.529893e-06,-13.684875,-18.989605,-15.277255,4.0,2
4575,-14.747716,-2.1456128e-05,-10.801338,-17.374697,-15.870407,2.0,2
4576,-16.369303,-0.000227413,-8.398048,-17.497175,-15.318727,5.0,2
4577,-21.069754,-20.693241,-21.764088,0.0,-21.751652,2.0,4
4578,-22.075485,-22.139292,-11.512925464970229,0.0,-21.966394,3.0,4
4579,-17.158287,-7.152119e-07,-15.261582,-18.674911,-11.512925464970229,4.0,2
4580,-21.806614,-21.193844,-11.512925464970229,0.0,-11.512925464970229,3.0,4
4581,-17.520681,-18.153755,-16.747993,-14.089844,-2.2649522e-06,2.0,5
4582,-8.8442745,-0.00014541173,-16.018394,-19.399893,-15.462213,3.0,2
4583,-13.1427355,-4.4107555e-06,-13.4861,-18.806562,-15.436798,3.0,2
4584,-13.19091,-5.2448504e-06,-12.915844,-18.767221,-14.984024,4.0,2
4585,-19.973448,-11.512925464970229,-11.512925464970229,-16.300095,-4.7689537e-07,4.0,5
4586,-11.512925464970229,-11.512925464970229,-11.512925464970229,-11.512925464970229,-0.0015469204,3.0,5
4587,-15.481021,-18.070765,-17.056208,-17.095884,-1.4304238e-06,3.0,5
4588,-3.1946273,-0.041846666,-16.913834,-11.512925464970229,-16.364622,5.0,2
4589,-18.457657,-11.512925464970229,-11.512925464970229,-16.317215,-3.5760596e-07,3.0,5
4590,-11.512925464970229,-16.396114,-16.33955,-2.550932e-05,-16.186104,5.0,4
4591,-17.333012,-1.1922384e-07,-17.44688,-17.842022,-20.474358,3.0,2
4592,-15.487449,-9.537907e-07,-16.497278,-11.512925464970229,-11.512925464970229,4.0,2
4593,-1.1922384e-07,-16.533657,-19.098003,-18.991432,-18.257332,1.0,1
4594,-11.512925464970229,-11.512925464970229,-11.512925464970229,-7.422647,-0.00060049386,5.0,5
4595,-11.512925464970229,-11.512925464970229,-11.512925464970229,-0.42999163,-1.0512723,2.0,4
4596,-0.0056647058,-11.512925464970229,-11.512925464970229,-11.512925464970229,-11.512925464970229,5.0,1
4597,-4.7689537e-07,-18.392162,-11.512925464970229,-11.512925464970229,-11.512925464970229,4.0,1
4598,-11.512925464970229,-11.512925464970229,-15.047302,-1.0729074e-06,-15.348143,4.0,4
4599,-19.023357,-11.512925464970229,-11.512925464970229,-9.3960905,-8.4512736e-05,2.0,5
4600,-2.3844768e-07,-15.360552,-19.15871,-19.17741,-18.486652,4.0,1
4601,-11.512925464970229,-11.512925464970229,-11.512925464970229,-12.6020155,-4.1724998e-06,4.0,5
4602,-11.512925464970229,-11.512925464970229,-10.051296,-4.4342527e-05,-14.957332,5.0,4
4603,-18.881943,-11.512925464970229,-11.512925464970229,-12.561157,-4.053381e-06,3.0,5
4604,-11.512925464970229,-13.564687,-2.2649522e-06,-14.959569,-11.512925464970229,4.0,3
4605,-11.512925464970229,-11.512925464970229,-11.512925464970229,-15.717218,-7.152119e-07,2.0,5
4606,-1.1922384e-07,-18.832891,-11.512925464970229,-11.512925464970229,-11.512925464970229,5.0,1
4607,-18.105322,-11.512925464970229,-11.512925464970229,-11.664564,-1.0013012e-05,4.0,5
4608,-16.66057,-11.512925464970229,-11.512925464970229,-17.481005,-4.1724998e-06,5.0,5
4609,-18.670103,-11.512925464970229,-11.512925464970229,-15.644202,-3.5760596e-07,4.0,5
4610,-16.55154,-1.0729074e-06,-15.879979,-18.231466,-11.512925464970229,4.0,2
4611,-0.005576388,-11.512925464970229,-11.512925464970229,-11.512925464970229,-11.512925464970229,2.0,1
4612,-17.858143,-11.512925464970229,-5.9602587e-07,-17.406319,-18.967106,5.0,3
4613,-18.854017,-20.592749,-20.943039,-16.38145,-2.3844768e-07,4.0,5
4614,-16.620934,-1.1922384e-07,-18.335922,-19.117119,-19.993294,5.0,2
4615,-11.512925464970229,-16.993013,-7.0098104,-0.00090509566,-18.115297,3.0,4
4616,-9.893847e-06,-11.512925464970229,-11.512925464970229,-11.512925464970229,-11.512925464970229,4.0,1
4617,-18.140509,-11.512925464970229,-11.512925464970229,-16.324776,-4.7689537e-07,2.0,5
4618,-19.322117,-16.273787,-7.152119e-07,-18.765865,-11.512925464970229,5.0,3
4619,-17.16652,-16.358171,-1.1922384e-07,-19.086597,-11.512925464970229,4.0,3
4620,-18.582817,-17.059053,-3.4690383e-05,-15.645543,-19.286552,5.0,3
4621,-18.751266,-11.512925464970229,-11.512925464970229,-16.156502,-3.5760596e-07,4.0,5
4622,-1.3589405e-05,-11.228489,-19.368334,-19.532877,-19.455074,4.0,1
4623,-17.735071,-19.85909,-11.512925464970229,-14.0550585,-1.1920517e-06,3.0,5
4624,-18.362734,-11.512925464970229,-11.512925464970229,-15.33532,-4.7689537e-07,5.0,5
4625,-11.512925464970229,-11.512925464970229,-11.512925464970229,-11.566278,-1.0489701e-05,5.0,5
4626,-1.9075815e-06,-13.294673,-19.218868,-19.167793,-18.863146,4.0,1
4627,-15.610575,-1.5737074e-05,-11.123767,-19.31426,-16.198242,3.0,2
4628,-2.7600555,-0.0653857,-16.161049,-11.512925464970229,-16.762342,3.0,2
4629,-11.512925464970229,-9.415768,-8.201019e-05,-17.09953,-19.23193,4.0,3
4630,-11.512925464970229,-11.512925464970229,-11.512925464970229,-11.512925464970229,-11.512925464970229,4.0,-1
4631,-11.512925464970229,-11.512925464970229,-18.098417,-1.1681643e-05,-11.418713,3.0,4
4632,-15.093137,-9.537907e-07,-16.65188,-11.512925464970229,-11.512925464970229,4.0,2
4633,-14.374227,-2.3841035e-06,-15.831217,-18.391104,-11.512925464970229,4.0,2
4634,-20.198627,-19.310707,-21.181343,-19.10631,0.0,4.0,5
4635,-17.44888,-11.512925464970229,-18.13711,-11.512925464970229,-7.152119e-07,3.0,5
4636,-0.2572753,-11.512925464970229,-11.512925464970229,-11.512925464970229,-11.512925464970229,5.0,1
4637,-0.0002631863,-8.245089,-19.462194,-11.512925464970229,-18.76846,1.0,1
4638,-3.3297577,-0.036460802,-15.213216,-17.439608,-16.14248,5.0,2
4639,-0.000305594,-11.512925464970229,-11.512925464970229,-11.512925464970229,-11.512925464970229,3.0,1
4640,-16.174177,-0.014359867,-4.2508464,-15.651108,-14.296707,4.0,2
4641,-17.510836,-2.2649522e-06,-16.305086,-11.512925464970229,-11.512925464970229,4.0,2
4642,-15.4311695,-2.7416409e-06,-14.916033,-17.043291,-18.206985,4.0,2
4643,-0.6454558,-11.512925464970229,-11.512925464970229,-11.512925464970229,-11.512925464970229,3.0,1
4644,-14.8269615,-4.1243744e-05,-10.140134,-17.987736,-14.930744,4.0,2
4645,-16.39611,-1.1922384e-07,-17.81439,-18.327602,-17.903963,4.0,2
4646,-11.512925464970229,-0.123922996,-2.1494453,-16.193624,-14.779488,4.0,2
4647,-17.800764,-2.6224477e-06,-17.638498,-11.512925464970229,-11.512925464970229,3.0,2
4648,-0.00021453577,-8.449767,-19.148922,-18.80442,-18.4657,3.0,1
4649,-0.14765453,-11.512925464970229,-11.512925464970229,-11.512925464970229,-11.512925464970229,4.0,1
4650,-0.087743066,-2.4768746,-16.982347,-16.531282,-14.85981,5.0,1
4651,-18.72699,-17.846226,0.0,-18.747921,-19.834232,4.0,3
4652,-10.855317,-2.014519e-05,-15.446539,-19.413492,-16.752565,4.0,2
4653,-0.24049403,-11.512925464970229,-11.512925464970229,-11.512925464970229,-11.512925464970229,1.0,1
4654,-9.146049,-0.00010740041,-15.642922,-11.512925464970229,-18.117687,4.0,2
4655,-9.962266,-4.8634032e-05,-14.314765,-11.512925464970229,-17.648085,4.0,2
4656,-18.771008,-1.1922384e-07,-19.33623,-16.356176,-11.512925464970229,5.0,2
4657,-18.868664,-11.512925464970229,-11.512925464970229,-16.841803,-2.3844768e-07,4.0,5
4658,-14.725091,-14.896404,-0.0007567774,-11.512925464970229,-11.512925464970229,4.0,3
4659,0.0,-19.544907,-11.512925464970229,-11.512925464970229,-11.512925464970229,3.0,1
4660,0.0,-18.523315,-20.315899,-19.66092,-20.460403,5.0,1
4661,-19.246391,-21.304731,-20.731,-16.36635,-1.1922384e-07,4.0,5
4662,-16.097992,-0.021411903,-3.854782,-15.199562,-14.663514,5.0,2
4663,-11.512925464970229,-11.512925464970229,-11.512925464970229,-5.303448,-0.0049919607,5.0,5
4664,-0.14457454,-11.512925464970229,-11.512925464970229,-11.512925464970229,-11.512925464970229,5.0,1
4665,-1.1922384e-07,-15.624692,-18.849892,-18.539566,-18.435268,1.0,1
4666,-18.554825,-18.941551,-18.234379,-7.152119e-07,-18.976307,4.0,4
4667,-1.1922384e-07,-16.592934,-18.959381,-19.774818,-22.71788,4.0,1
4668,-11.512925464970229,-11.512925464970229,-11.512925464970229,-0.003332673,-5.7065454,5.0,4
4669,-20.891706,-20.965443,-21.375156,0.0,-20.354477,4.0,4
4670,-11.512925464970229,-11.512925464970229,-11.512925464970229,-11.512925464970229,-11.512925464970229,4.0,-1
4671,-0.016668187,-11.512925464970229,-11.512925464970229,-11.512925464970229,-11.512925464970229,4.0,1
4672,-0.036626182,-11.512925464970229,-11.512925464970229,-11.512925464970229,-11.512925464970229,5.0,1
4673,-15.286303,-9.178928e-06,-15.991706,-11.512925464970229,-11.512925464970229,5.0,2
4674,-1.490146e-05,-11.141548,-19.951527,-19.3124,-19.409283,1.0,1
4675,-0.026088275,-11.512925464970229,-11.512925464970229,-11.512925464970229,-11.512925464970229,3.0,1
4676,-0.025298618,-3.6899219,-11.512925464970229,-17.720245,-16.817516,1.0,1
4677,-19.335772,-11.512925464970229,-11.512925464970229,-14.338037,-9.537907e-07,1.0,5
4678,-19.352627,-11.512925464970229,-11.512925464970229,-14.049594,-1.4304238e-06,3.0,5
4679,-19.484425,-11.512925464970229,-11.512925464970229,-15.039917,-4.7689537e-07,4.0,5
4680,-11.512925464970229,-11.512925464970229,-11.512925464970229,-11.512925464970229,-11.512925464970229,2.0,-1
4681,-19.038315,-11.512925464970229,-11.512925464970229,-15.736837,-5.9602587e-07,5.0,5
4682,-0.00040354155,-7.8179045,-11.512925464970229,-11.512925464970229,-18.988813,1.0,1
4683,-19.260635,-11.512925464970229,-11.512925464970229,-15.092597,-7.152119e-07,5.0,5
4684,-3.9173658,-0.020099428,-16.099232,-11.512925464970229,-16.144741,3.0,2
4685,-19.395428,-21.322386,-21.433784,-16.613451,-1.1922384e-07,5.0,5
4686,-11.512925464970229,-11.512925464970229,-11.512925464970229,-12.756262,-3.6956835e-06,4.0,5
4687,-19.846947,-21.649654,-21.87217,-17.471441,0.0,5.0,5
4688,-11.512925464970229,-11.512925464970229,-11.512925464970229,-11.512925464970229,-11.512925464970229,1.0,-1
4689,-19.84056,-11.512925464970229,-11.512925464970229,-15.642774,-3.5760596e-07,5.0,5
4690,-19.035795,-9.355348,-8.689625e-05,-17.2053,-19.246273,5.0,3
4691,-20.374441,-11.512925464970229,-11.512925464970229,-14.762797,-4.7689537e-07,5.0,5
4692,-20.374441,-11.512925464970229,-11.512925464970229,-14.762797,-4.7689537e-07,5.0,5
4693,-15.678962,-4.649037e-06,-16.19357,-11.512925464970229,-11.512925464970229,5.0,2
4694,-11.512925464970229,-11.512925464970229,-11.512925464970229,-11.512925464970229,-11.512925464970229,4.0,-1
4695,-0.00073736015,-7.2135477,-18.934238,-19.70508,-19.41164,2.0,1
4696,-0.04895941,-3.0411909,-17.149298,-17.337187,-15.846427,5.0,1
4697,-19.608624,-11.512925464970229,-11.512925464970229,-16.145115,-1.1922384e-07,4.0,5
4698,-15.632246,-2.0266912e-06,-14.347873,-13.948118,-15.508215,4.0,2
4699,-17.302517,-3.5760596e-07,-16.179111,-15.581569,-17.571337,5.0,2
4700,-13.086854,-15.835416,-1.5617967e-05,-11.512925464970229,-11.512925464970229,4.0,3
4701,-19.784739,-11.512925464970229,-11.512925464970229,-13.346464,-2.0266912e-06,5.0,5
4702,-2.4170358,-0.093412265,-16.195398,-11.512925464970229,-17.024244,2.0,2
4703,-19.604017,-11.512925464970229,-11.512925464970229,-16.863209,0.0,5.0,5
4704,-11.512925464970229,-11.512925464970229,-11.512925464970229,-0.19745785,-1.7195048,5.0,4
4705,-11.512925464970229,-11.512925464970229,-11.512925464970229,-12.995568,-2.9800683e-06,5.0,5
4706,-11.512925464970229,-11.512925464970229,-11.512925464970229,-15.508183,-7.152119e-07,4.0,5
4707,-19.06193,-11.512925464970229,-11.512925464970229,-13.317678,-2.1458147e-06,4.0,5
4708,-18.719255,-11.512925464970229,-20.094046,-13.655411,-1.5496514e-06,5.0,5
4709,-5.93049,-0.0026623993,-16.2153,-19.151787,-15.762251,5.0,2
4710,-19.900667,-11.512925464970229,-11.512925464970229,-13.916216,-1.3112239e-06,5.0,5
4711,-19.819565,-11.512925464970229,-11.512925464970229,-16.352226,-3.5760596e-07,5.0,5
4712,-11.512925464970229,-11.512925464970229,-11.512925464970229,-11.512925464970229,-11.512925464970229,1.0,-1
4713,0.0,-19.00962,-21.040316,-21.365667,-23.625317,5.0,1
4714,-19.42528,-11.512925464970229,-11.512925464970229,-11.468279,-1.096644e-05,3.0,5
4715,-0.09815533,-11.512925464970229,-11.512925464970229,-11.512925464970229,-11.512925464970229,4.0,1
4716,-13.799836,-12.253827,-0.3542742,-15.102723,-11.512925464970229,2.0,3
4717,-19.967648,-11.512925464970229,-11.512925464970229,-16.747341,-1.1922384e-07,5.0,5
4718,-19.198956,-11.512925464970229,-11.512925464970229,-15.33876,-5.960463e-07,4.0,5
4719,-11.512925464970229,-11.512925464970229,-11.512925464970229,-0.07988922,-2.5667477,5.0,4
4720,-19.718393,-11.512925464970229,-11.512925464970229,-16.907513,-1.1922384e-07,4.0,5
4721,-11.512925464970229,-11.512925464970229,-11.512925464970229,-16.446096,-3.5760596e-07,5.0,5
4722,-11.512925464970229,-11.512925464970229,-11.512925464970229,-7.905233,-0.0003712454,4.0,5
4723,-11.512925464970229,-11.512925464970229,-11.512925464970229,-1.7169923,-0.1980008,3.0,5
4724,-19.297766,-11.512925464970229,-11.512925464970229,-13.970769,-1.3112239e-06,3.0,5
4725,-19.831314,-11.512925464970229,-11.512925464970229,-17.136665,-1.1922384e-07,5.0,5
4726,-19.945133,-11.512925464970229,-11.512925464970229,-13.066261,-2.5032687e-06,4.0,5
4727,-11.512925464970229,-11.512925464970229,-11.512925464970229,-8.1032915,-0.00030416442,3.0,5
4728,-11.512925464970229,-11.512925464970229,-11.512925464970229,-3.6026156,-0.027635712,4.0,5
4729,-19.488955,-11.512925464970229,-11.512925464970229,-14.842291,-8.344534e-07,4.0,5
4730,-6.6754455e-06,-11.953817,-19.094318,-18.877056,-19.554705,2.0,1
4731,-11.512925464970229,-11.512925464970229,-11.512925464970229,-7.4915147,-0.00055940077,1.0,5
4732,-19.058043,-11.512925464970229,-11.512925464970229,-15.644634,-3.5760596e-07,3.0,5
4733,-19.19999,-11.512925464970229,-11.512925464970229,-16.77782,-2.3844768e-07,5.0,5
4734,-19.568377,-11.512925464970229,-20.500416,-13.423417,-1.6689067e-06,4.0,5
4735,-18.608763,-19.341059,-18.342117,-9.834355,-5.4238357e-05,5.0,5
4736,-18.608763,-19.341059,-18.342117,-9.834355,-5.4238357e-05,4.0,5
4737,-4.7689537e-07,-15.01842,-19.61068,-19.362427,-19.278868,1.0,1
4738,-18.770044,-20.01547,-11.512925464970229,-13.323096,-2.1458147e-06,1.0,5
4739,-1.4304238e-06,-13.646092,-19.405046,-18.93833,-18.507301,5.0,1
4740,-12.167956,-5.8408214e-06,-17.63554,-20.155266,-16.648449,1.0,2
4741,-11.512925464970229,-11.512925464970229,-11.512925464970229,-12.246092,-5.364032e-06,5.0,5
4742,-11.512925464970229,-11.512925464970229,-11.512925464970229,-6.730661,-0.0011956168,4.0,5
4743,-11.512925464970229,-11.512925464970229,-16.578455,-3.9354458,-0.019733485,5.0,5
4744,-11.512925464970229,-11.512925464970229,-16.578455,-3.9354458,-0.019733485,5.0,5
4745,-18.076223,-9.537907e-07,-17.22111,-20.38307,-11.512925464970229,3.0,2
4746,-4.2793064e-05,-10.065652,-19.302681,-19.687065,-20.075172,1.0,1
4747,-18.676226,-1.4304238e-06,-17.731543,-11.512925464970229,-11.512925464970229,3.0,2
4748,-0.023623638,-3.7574685,-17.897999,-17.993792,-17.095348,1.0,1
4749,-19.145885,-11.512925464970229,-11.512925464970229,-17.80695,0.0,1.0,5
4750,-19.21642,-11.512925464970229,-11.512925464970229,-15.665746,-4.7689537e-07,5.0,5
4751,-2.908718e-05,-10.453498,-19.087614,-19.760143,-19.50601,2.0,1
4752,-19.016117,-11.512925464970229,-11.512925464970229,-16.868587,-1.1922384e-07,1.0,5
4753,-11.512925464970229,-11.512925464970229,-11.512925464970229,-7.0546565,-0.00086721044,5.0,5
4754,-19.919657,-11.512925464970229,-11.512925464970229,-16.012009,-3.5760596e-07,3.0,5
4755,-20.193724,-11.512925464970229,-11.512925464970229,-16.995644,0.0,1.0,5
4756,-11.512925464970229,-18.868967,-11.448332,-1.1920069e-05,-18.959793,4.0,4
4757,-19.063978,-20.783142,-11.512925464970229,-16.739292,-1.1922384e-07,5.0,5
4758,-18.012959,-4.7689537e-07,-17.384262,-11.512925464970229,-11.512925464970229,4.0,2
4759,-18.659813,0.0,-18.662052,-19.222784,-22.08713,5.0,2
4760,-5.113788e-05,-15.973573,-11.512925464970229,-11.512925464970229,-11.512925464970229,4.0,1
4761,-19.422764,-11.512925464970229,-11.512925464970229,-15.132889,-5.9602587e-07,4.0,5
4762,-19.544361,-11.512925464970229,-11.512925464970229,-15.081818,-5.9602587e-07,5.0,5
4763,-20.04287,-11.512925464970229,-11.512925464970229,-15.549376,-5.9602587e-07,5.0,5
4764,-19.524723,-11.512925464970229,-11.512925464970229,-11.81393,-7.987648e-06,5.0,5
4765,-11.512925464970229,-11.512925464970229,-11.512925464970229,-14.402799,-1.1920517e-06,5.0,5
4766,-11.512925464970229,-11.512925464970229,-11.512925464970229,-11.022491,-1.680912e-05,4.0,5
4767,-11.512925464970229,-11.512925464970229,-17.30586,-5.8987327,-0.0027481376,5.0,5
4768,-11.512925464970229,-11.512925464970229,-17.30586,-5.8987327,-0.0027481376,5.0,5
4769,-19.44757,-11.512925464970229,-11.512925464970229,-15.142081,-7.152119e-07,5.0,5
4770,-18.907103,-20.249458,-18.780405,-12.50073,-4.053381e-06,5.0,5
4771,-19.4592,-11.512925464970229,-19.2744,-12.833728,-2.9800683e-06,4.0,5
4772,-18.89947,-11.512925464970229,-18.165438,-9.836381,-5.435762e-05,4.0,5
4773,-19.385294,-11.512925464970229,-11.512925464970229,-14.103058,-1.0729074e-06,5.0,5
4774,-11.512925464970229,-20.212875,-13.393355,-1.9075815e-06,-18.061735,5.0,4
4775,-19.371857,-11.512925464970229,-11.512925464970229,-14.377853,-9.537907e-07,5.0,5
4776,-0.0023638017,-6.049317,-18.017582,-17.202032,-17.512684,1.0,1
4777,-11.512925464970229,-11.512925464970229,-11.512925464970229,-11.512925464970229,-11.512925464970229,5.0,-1
4778,-0.00017174412,-8.672419,-18.666353,-18.613358,-19.073565,1.0,1
4779,-3.188767,-0.042099368,-16.066536,-17.861397,-14.610206,1.0,2
4780,-0.00031667366,-8.059944,-19.702196,-11.512925464970229,-11.512925464970229,1.0,1
4781,-11.512925464970229,-11.512925464970229,-11.512925464970229,-6.637185,-0.0013149173,5.0,5
4782,-11.512925464970229,-11.512925464970229,-11.512925464970229,-13.655313,-1.7881898e-06,5.0,5
4783,-19.624199,-11.512925464970229,-11.512925464970229,-16.527798,-4.7689537e-07,5.0,5
4784,-11.512925464970229,-11.512925464970229,-11.512925464970229,-13.914067,-1.3112239e-06,4.0,5
4785,-11.512925464970229,-11.512925464970229,-11.512925464970229,-10.633403,-2.6105528e-05,2.0,5
4786,-19.478973,-18.486752,-16.954176,0.0,-20.663527,3.0,4
4787,-11.512925464970229,-11.512925464970229,-11.512925464970229,-7.8275337,-0.0004004428,4.0,5
4788,-0.056977488,-2.8936589,-16.959412,-11.512925464970229,-15.078582,2.0,1
4789,-19.188204,-11.512925464970229,-11.512925464970229,-13.402981,-1.9075815e-06,5.0,5
4790,-15.113295,-1.0729074e-06,-14.448567,-20.007141,-17.3033,4.0,2
4791,-19.162653,-11.512925464970229,-17.97164,-10.154977,-3.9337065e-05,5.0,5
4792,-11.512925464970229,-11.512925464970229,-19.409002,-9.270978,-9.4766896e-05,5.0,5
4793,-19.685707,-11.512925464970229,-11.512925464970229,-16.169712,-2.3844768e-07,5.0,5
4794,-18.658445,-21.234842,-21.374805,-16.744255,0.0,5.0,5
4795,-19.117718,-11.512925464970229,-11.512925464970229,-15.216805,-5.9602587e-07,5.0,5
4796,-19.000132,-11.512925464970229,-11.512925464970229,-14.003954,-1.3112239e-06,4.0,5
4797,-1.7881898e-06,-13.411998,-19.378149,-19.21077,-18.710497,1.0,1
4798,-7.152119e-07,-14.424676,-19.581024,-19.18428,-18.784145,1.0,1
4799,-0.10397175,-2.3152068,-16.50434,-16.651112,-15.378518,3.0,1
4800,-1.3350891e-05,-11.239971,-19.573658,-19.330606,-19.092863,1.0,1
4801,-11.512925464970229,-11.512925464970229,-11.512925464970229,-9.783503,-5.72201e-05,5.0,5
4802,-11.512925464970229,-11.512925464970229,-11.512925464970229,-11.119515,-1.5260652e-05,4.0,5
4803,-19.786991,-21.422867,-21.37459,-16.053236,-1.1922384e-07,5.0,5
4804,-20.212238,-11.512925464970229,-11.512925464970229,-16.486095,-1.1922384e-07,5.0,5
4805,-19.459967,-11.512925464970229,-11.512925464970229,-14.823092,-5.9602587e-07,5.0,5
4806,-8.796888e-05,-9.341349,-19.584805,-19.726,-19.441916,1.0,1
4807,-0.00034729426,-7.9675903,-19.308117,-11.512925464970229,-19.488747,3.0,1
4808,-20.187227,-11.512925464970229,-11.512925464970229,-15.610235,-2.3844768e-07,4.0,5
4809,-19.955778,-11.512925464970229,-11.512925464970229,-16.800756,-3.5760596e-07,5.0,5
4810,-11.512925464970229,-11.512925464970229,-11.512925464970229,-17.584173,-2.3844768e-07,5.0,5
4811,-19.493122,-11.512925464970229,-11.512925464970229,-17.311687,-2.3844768e-07,5.0,5
4812,-19.957264,-11.512925464970229,-11.512925464970229,-16.886099,-2.3844768e-07,5.0,5
4813,0.0,-18.867231,-21.420935,-20.840288,-11.512925464970229,5.0,1
4814,-0.0011120248,-6.803797,-18.027617,-17.706205,-17.471165,4.0,1
4815,-18.31017,-19.105917,-18.880924,-4.7689537e-07,-18.331953,3.0,4
4816,-1.4304238e-06,-13.599709,-18.864653,-18.525612,-18.759583,3.0,1
4817,-19.266418,-11.512925464970229,-11.512925464970229,-15.386922,-5.9602587e-07,5.0,5
4818,-11.512925464970229,-11.512925464970229,-11.512925464970229,-7.806075,-0.00040890474,5.0,5
4819,-11.512925464970229,-11.512925464970229,-11.512925464970229,-11.512925464970229,-11.512925464970229,4.0,-1
4820,-11.512925464970229,-11.512925464970229,-11.512925464970229,-11.512925464970229,-11.512925464970229,3.0,-1
4821,-11.512925464970229,-11.512925464970229,-11.512925464970229,-11.512925464970229,-11.512925464970229,5.0,-1
4822,-0.0003171502,-8.059598,-19.116034,-18.999496,-18.096859,1.0,1
4823,-4.160127e-05,-10.108765,-11.512925464970229,-11.512925464970229,-19.299953,3.0,1
4824,-1.4304238e-06,-13.637794,-19.632557,-18.985342,-19.01939,1.0,1
4825,-18.83892,-21.22454,-21.545652,-17.25476,0.0,5.0,5
4826,-19.655956,-11.512925464970229,-11.512925464970229,-16.894714,0.0,4.0,5
4827,-18.63886,-11.512925464970229,-11.512925464970229,-14.153763,-1.0729074e-06,3.0,5
4828,-3.8905823,-0.02065024,-16.250101,-17.241882,-15.242491,3.0,2
4829,-1.1922384e-07,-16.320581,-19.563087,-19.572645,-19.380695,1.0,1
4830,-17.237988,-15.996867,-1.6689067e-06,-15.744177,-18.858839,4.0,3
4831,-20.237465,0.0,-20.9155,-20.653454,-20.736956,4.0,2
4832,-19.368637,-11.512925464970229,-11.512925464970229,-12.387764,-4.768187e-06,4.0,5
4833,-11.512925464970229,-11.512925464970229,-11.512925464970229,-13.978015,-1.4304238e-06,5.0,5
4834,-11.512925464970229,-11.512925464970229,-11.512925464970229,-11.512925464970229,-11.512925464970229,3.0,-1
4835,-11.512925464970229,-0.0013927747,-6.5802255,-16.445107,-14.641414,4.0,2
4836,-7.578826,-0.0005122345,-16.694529,-19.144567,-16.077925,2.0,2
4837,-11.512925464970229,-11.512925464970229,-11.512925464970229,-15.623254,-8.344534e-07,5.0,5
4838,-11.512925464970229,-11.512925464970229,-11.512925464970229,-12.378963,-4.8873435e-06,4.0,5
4839,-11.512925464970229,-11.512925464970229,-11.512925464970229,-13.161331,-2.2649522e-06,5.0,5
4840,-11.512925464970229,-11.512925464970229,-11.512925464970229,-13.161331,-2.2649522e-06,5.0,5
4841,-19.325378,-11.512925464970229,-11.512925464970229,-16.547686,-3.5760596e-07,5.0,5
4842,-19.504688,-21.063778,-21.068853,-16.41317,-1.1922384e-07,5.0,5
4843,-19.638796,-11.512925464970229,-19.667913,-14.198912,-1.0729074e-06,4.0,5
4844,-0.07425098,-2.6372087,-16.562708,-11.512925464970229,-11.512925464970229,1.0,1
4845,-18.851816,-11.512925464970229,-11.512925464970229,-16.790617,-2.3844768e-07,5.0,5
4846,-19.22095,-11.512925464970229,-11.512925464970229,-16.188766,-3.5760596e-07,3.0,5
4847,-17.768995,-18.995203,-18.474583,-1.1920517e-06,-18.318382,3.0,4
4848,-13.766628,-14.336151,-15.247686,-13.557846,-9.893847e-06,2.0,5
4849,-19.21701,-11.512925464970229,-11.512925464970229,-16.971104,-1.1922384e-07,5.0,5
4850,-19.52228,-11.512925464970229,-11.512925464970229,-16.34085,-3.5760596e-07,4.0,5
4851,-18.014488,-11.512925464970229,-11.512925464970229,-15.570674,-4.7689537e-07,5.0,5
4852,-19.802156,-11.512925464970229,-11.512925464970229,-16.917181,0.0,4.0,5
4853,-19.619133,-11.512925464970229,-11.512925464970229,-17.416739,-1.1922384e-07,5.0,5
4854,-18.355389,-11.512925464970229,-11.512925464970229,-14.093291,-1.0729074e-06,5.0,5
4855,-19.844965,-11.512925464970229,-11.512925464970229,-16.584114,-3.5760596e-07,5.0,5
4856,-11.512925464970229,-11.512925464970229,-11.512925464970229,-16.027441,-4.7689537e-07,4.0,5
4857,-20.143442,-11.512925464970229,-11.512925464970229,-16.10073,-4.7689537e-07,5.0,5
4858,-19.307913,-11.512925464970229,-11.512925464970229,-14.3958235,-8.344534e-07,1.0,5
4859,-2.1458147e-06,-13.232397,-19.074558,-18.438457,-18.430113,2.0,1
4860,-0.00026032762,-8.256751,-18.947664,-18.658073,-18.195545,2.0,1
4861,-19.47826,-11.512925464970229,-11.512925464970229,-17.38598,-1.1922384e-07,5.0,5
4862,-19.243855,-11.512925464970229,-11.512925464970229,-16.207108,-7.152119e-07,2.0,5
4863,-18.517708,-11.512925464970229,-11.512925464970229,-15.964477,-4.7689537e-07,3.0,5
4864,-9.537907e-07,-14.2227545,-19.748907,-19.284708,-19.068748,1.0,1
4865,-11.512925464970229,-11.512925464970229,-11.512925464970229,-12.385019,-4.8873435e-06,5.0,5
4866,-19.609985,-11.512925464970229,-11.512925464970229,-12.469691,-4.1724998e-06,5.0,5
4867,-11.512925464970229,-11.512925464970229,-11.512925464970229,-11.469498,-1.096644e-05,4.0,5
4868,-11.512925464970229,-11.512925464970229,-11.512925464970229,-7.472982,-0.0005698824,3.0,5
4869,-11.512925464970229,-11.512925464970229,-11.512925464970229,-12.385947,-4.8873435e-06,5.0,5
4870,-19.106499,-19.643187,-17.154457,-7.2037,-0.0007446267,5.0,5
4871,-19.655949,-11.512925464970229,-20.336845,-14.361384,-8.344534e-07,5.0,5
4872,-19.962599,-11.512925464970229,-11.512925464970229,-15.722256,-4.7689537e-07,5.0,5
4873,-19.726292,-11.512925464970229,-11.512925464970229,-15.834848,-4.7689537e-07,5.0,5
4874,-19.243982,-11.512925464970229,-20.402956,-14.333759,-8.344534e-07,4.0,5
4875,-11.512925464970229,-11.512925464970229,-11.512925464970229,-11.862139,-8.583249e-06,5.0,5
4876,-11.512925464970229,-11.512925464970229,-13.247458,-7.3910837e-06,-12.196087,1.0,4
4877,-19.488794,-11.512925464970229,-11.512925464970229,-13.897105,-1.5496514e-06,4.0,5
4878,-11.512925464970229,-11.512925464970229,-11.512925464970229,-9.788176,-5.7577938e-05,4.0,5
4879,-19.716595,-11.512925464970229,-11.512925464970229,-17.585604,0.0,5.0,5
4880,-19.461573,-11.512925464970229,-11.512925464970229,-12.715511,-3.5763796e-06,3.0,5
4881,-1.0729074e-06,-13.937737,-19.6838,-20.084871,-19.797287,1.0,1
4882,-19.933506,-11.512925464970229,-11.512925464970229,-14.5449505,-8.344534e-07,5.0,5
4883,-19.184784,-11.512925464970229,-11.512925464970229,-12.866799,-3.3378135e-06,2.0,5
4884,-0.0005272418,-7.550349,-17.844164,-18.083231,-16.936123,2.0,1
4885,-18.814426,-11.512925464970229,-11.512925464970229,-15.814663,-4.7689537e-07,4.0,5
4886,-18.906057,-11.512925464970229,-11.512925464970229,-12.277467,-5.2448504e-06,3.0,5
4887,-11.512925464970229,-11.512925464970229,-11.512925464970229,-9.919223,-5.030322e-05,4.0,5
4888,-11.512925464970229,-11.512925464970229,-11.512925464970229,-0.14836511,-1.981392,3.0,4
4889,-11.512925464970229,-11.512925464970229,-11.512925464970229,-15.642573,-7.152119e-07,5.0,5
4890,-11.512925464970229,-11.512925464970229,-11.512925464970229,-13.307232,-2.3841035e-06,5.0,5
4891,-19.100595,-21.115353,-21.17522,-16.930283,-1.1922384e-07,5.0,5
4892,-5.6146474,-0.0036529796,-14.798417,-11.512925464970229,-16.947718,4.0,2
4893,-16.147377,-2.6224477e-06,-15.79422,-11.512925464970229,-11.512925464970229,5.0,2
4894,-19.387945,-11.512925464970229,-11.512925464970229,-11.685059,-8.940647e-06,5.0,5
4895,-1.14408,-0.38352096,-15.803359,-11.512925464970229,-16.73363,2.0,2
4896,-19.585882,-11.512925464970229,-11.512925464970229,-12.794921,-3.2185512e-06,5.0,5
4897,-18.443455,-11.512925464970229,-18.809006,-9.298799,-9.22597e-05,5.0,5
4898,-5.006506e-06,-12.243015,-19.343628,-19.037367,-19.336859,1.0,1
4899,-11.512925464970229,-21.087555,-11.512925464970229,-19.418657,0.0,3.0,5
4900,-11.512925464970229,-19.011282,-11.745345,-2.1336942e-05,-11.270075,3.0,4
4901,-19.67581,-11.512925464970229,-11.512925464970229,-13.556324,-1.9075815e-06,3.0,5
4902,-7.630326e-06,-11.815841,-18.92545,-18.631248,-18.193037,1.0,1
4903,-11.512925464970229,-11.512925464970229,-11.512925464970229,-8.279011,-0.00025580145,5.0,5
4904,-18.840252,-11.512925464970229,-11.512925464970229,-14.91005,-8.344534e-07,3.0,5
4905,-19.61003,-11.512925464970229,-11.512925464970229,-12.232522,-5.48322e-06,5.0,5
4906,-11.512925464970229,-11.512925464970229,-17.373848,-0.022674277,-3.7980077,5.0,4
4907,-19.313036,-11.512925464970229,-17.891705,-8.598232,-0.00018485359,5.0,5
4908,-19.315954,-11.512925464970229,-11.512925464970229,-13.741585,-1.5496514e-06,5.0,5
4909,-19.542328,-11.512925464970229,-11.512925464970229,-15.917042,-4.7689537e-07,5.0,5
4910,-19.616325,-11.512925464970229,-19.385942,-11.002619,-1.704737e-05,4.0,5
4911,-11.512925464970229,-11.512925464970229,-19.700026,-10.04068,-4.3984946e-05,5.0,5
4912,-11.512925464970229,-11.512925464970229,-19.700026,-10.04068,-4.3984946e-05,5.0,5
4913,-19.380577,-11.512925464970229,-21.44905,-15.055619,-2.3844768e-07,5.0,5
4914,-18.921272,-20.90004,-20.923096,-14.798379,-3.5760596e-07,5.0,5
4915,-19.184477,-11.512925464970229,-11.512925464970229,-13.060788,-2.5032687e-06,5.0,5
4916,-2.5032687e-06,-13.019029,-20.133322,-19.965628,-20.198162,3.0,1
4917,-11.512925464970229,-11.512925464970229,-11.512925464970229,-11.512925464970229,-11.512925464970229,1.0,-1
4918,-11.512925464970229,-11.512925464970229,-11.512925464970229,-11.512925464970229,-11.512925464970229,1.0,-1
4919,-0.03997202,-3.2395551,-17.857496,-17.16086,-15.429708,3.0,1
4920,-11.512925464970229,-11.512925464970229,-11.512925464970229,-11.512925464970229,-11.512925464970229,5.0,-1
4921,-11.512925464970229,-11.512925464970229,-11.512925464970229,-11.512925464970229,-11.512925464970229,5.0,-1
4922,-17.592249,-17.02046,-3.5760596e-07,-18.010855,-11.512925464970229,4.0,3
4923,-5.9602587e-07,-14.726449,-19.461,-19.439537,-19.247093,1.0,1
4924,-11.512925464970229,-11.512925464970229,-11.512925464970229,-11.512925464970229,-11.512925464970229,3.0,-1
4925,-0.00024267727,-8.325195,-19.12635,-18.448198,-18.853283,3.0,1
4926,-19.481592,-11.512925464970229,-11.512925464970229,-13.889764,-1.3112239e-06,1.0,5
4927,-9.537907e-07,-14.148436,-20.23508,-19.458845,-19.49783,3.0,1
4928,-5.364032e-06,-12.193485,-19.238935,-18.840055,-18.790895,2.0,1
4929,-11.512925464970229,-11.512925464970229,-11.512925464970229,-11.777887,-8.106762e-06,5.0,5
4930,-8.3449995e-06,-11.752973,-19.70459,-19.662289,-19.497883,1.0,1
4931,-17.405462,-16.018232,-1.0729074e-06,-14.55208,-18.560709,3.0,3
4932,-11.512925464970229,-11.512925464970229,-11.512925464970229,-11.547509,-1.02513495e-05,1.0,5
4933,-19.89579,-11.512925464970229,-11.512925464970229,-16.834236,-1.1922384e-07,5.0,5
4934,-18.476114,-20.130398,-11.512925464970229,-13.972105,-1.1920517e-06,4.0,5
4935,-18.84013,-20.743563,-11.512925464970229,-15.689245,-3.5760596e-07,4.0,5
4936,-15.974488,-5.9602587e-07,-16.302528,-11.512925464970229,-11.512925464970229,4.0,2
4937,-19.369562,-11.512925464970229,-11.512925464970229,-14.356097,-9.537907e-07,5.0,5
4938,-11.512925464970229,-11.512925464970229,-11.512925464970229,-14.047512,-1.5496514e-06,5.0,5
4939,-19.963566,-11.512925464970229,-11.512925464970229,-14.297816,-8.344534e-07,4.0,5
4940,-19.963566,-11.512925464970229,-11.512925464970229,-14.297816,-8.344534e-07,4.0,5
4941,-11.512925464970229,-11.512925464970229,-11.512925464970229,-10.456336,-2.980292e-05,1.0,5
4942,-20.191551,-11.512925464970229,-20.897333,-15.418629,-3.5760596e-07,5.0,5
4943,-19.612545,-11.512925464970229,-20.48919,-14.809028,-4.7689537e-07,5.0,5
4944,-19.612545,-11.512925464970229,-20.48919,-14.809028,-4.7689537e-07,5.0,5
4945,-16.449131,-0.03164464,-3.469179,-15.853171,-15.180141,3.0,2
4946,-11.512925464970229,-17.319704,-4.244435,-0.014452551,-11.512925464970229,1.0,4
4947,-19.225927,-11.512925464970229,-11.512925464970229,-12.704138,-3.6956835e-06,5.0,5
4948,-0.0004224922,-7.771039,-19.686932,-19.455832,-19.239304,1.0,1
4949,-2.695093,-0.06992881,-15.878843,-17.400139,-14.310536,5.0,2
4950,-19.347525,-11.512925464970229,-11.512925464970229,-14.661423,-9.537907e-07,1.0,5
4951,-19.160059,-11.512925464970229,-11.512925464970229,-13.731375,-1.6689067e-06,3.0,5
4952,-18.848158,-11.512925464970229,-11.512925464970229,-16.548325,-2.3844768e-07,1.0,5
4953,-20.26132,-11.512925464970229,-11.512925464970229,-15.785869,-3.5760596e-07,5.0,5
4954,-20.153587,-11.512925464970229,-11.512925464970229,-15.104086,-4.7689537e-07,5.0,5
4955,-19.580402,-21.485535,-21.47723,-16.393158,-1.1922384e-07,5.0,5
4956,-19.77101,-11.512925464970229,-11.512925464970229,-14.707445,-7.152119e-07,5.0,5
4957,-20.050226,-11.512925464970229,-11.512925464970229,-15.39017,-3.5760596e-07,4.0,5
4958,-19.164766,-11.512925464970229,-11.512925464970229,-12.01172,-6.6754455e-06,2.0,5
4959,-11.512925464970229,-11.512925464970229,-11.512925464970229,-11.316301,-1.28739e-05,3.0,5
4960,-16.844183,-17.386444,-10.677473,-14.545245,-2.503238e-05,5.0,5
4961,-19.198414,-11.512925464970229,-21.0741,-16.85416,0.0,5.0,5
4962,-18.371544,-11.512925464970229,-11.512925464970229,-15.899286,-4.7689537e-07,5.0,5
4963,-11.512925464970229,-11.512925464970229,-11.512925464970229,-0.005077017,-5.2867618,5.0,4
4964,-20.324501,-11.512925464970229,-11.512925464970229,-18.09784,0.0,4.0,5
4965,-19.117334,-11.512925464970229,-11.512925464970229,-14.082554,-1.0729074e-06,3.0,5
4966,-0.094764255,-2.4034247,-16.95562,-16.756966,-14.522045,3.0,1
4967,-7.1525124e-06,-11.876907,-18.722713,-18.872503,-19.739471,3.0,1
4968,-0.038429257,-11.512925464970229,-11.512925464970229,-11.512925464970229,-11.512925464970229,2.0,1
4969,-20.30717,-11.512925464970229,-11.512925464970229,-15.51861,-4.7689537e-07,5.0,5
4970,-3.5760596e-07,-15.007152,-19.642887,-19.813856,-19.707521,1.0,1
4971,-11.512925464970229,-11.512925464970229,-11.512925464970229,-11.512925464970229,-11.512925464970229,4.0,-1
4972,-19.98752,-12.101781,-5.9600343e-06,-16.261017,-11.512925464970229,5.0,3
4973,-11.512925464970229,-11.512925464970229,-11.512925464970229,-9.147777,-0.000107519656,5.0,5
4974,-11.512925464970229,-11.512925464970229,-11.512925464970229,-11.276173,-1.3112389e-05,5.0,5
4975,-19.670118,-11.512925464970229,-11.512925464970229,-16.595493,-2.3844768e-07,4.0,5
4976,-18.759275,-20.053242,-20.000275,-13.569359,-1.6689067e-06,3.0,5
4977,0.0,-18.824507,-20.750784,-21.621613,-11.512925464970229,2.0,1
4978,-17.013502,0.0,-21.608381,-21.730629,-23.171509,3.0,2
4979,-18.883799,-20.923828,-21.42748,-16.905586,0.0,5.0,5
4980,0.0,-18.69331,-21.24911,-20.163311,-21.718693,5.0,1
4981,-11.980446,-1.2993142e-05,-12.048786,-18.915342,-15.912218,5.0,2
4982,-18.081375,0.0,-19.653238,-19.892025,-11.512925464970229,3.0,2
4983,-17.700197,-19.515327,-19.175547,-14.030512,-1.1920517e-06,3.0,5
4984,-19.1214,-11.512925464970229,-11.512925464970229,-9.915181,-5.0183986e-05,3.0,5
4985,-16.873913,-18.524391,-17.025589,-16.74481,-5.9602587e-07,4.0,5
4986,-11.512925464970229,-11.512925464970229,-11.512925464970229,-11.512925464970229,-11.512925464970229,3.0,-1
4987,-20.304363,-11.512925464970229,-11.512925464970229,-14.899356,-7.152119e-07,5.0,5
4988,-19.888699,-11.512925464970229,-11.512925464970229,-16.793343,-2.3844768e-07,4.0,5
4989,-19.27955,-11.512925464970229,-11.512925464970229,-14.047843,-1.3112239e-06,5.0,5
4990,-11.512925464970229,-11.512925464970229,-11.512925464970229,-10.296835,-3.4690383e-05,5.0,5
4991,-11.512925464970229,-11.512925464970229,-11.512925464970229,-15.414839,-4.7689537e-07,5.0,5
4992,-20.621752,-13.402702,-2.0266912e-06,-15.314473,-20.533615,5.0,3
4993,-20.052525,-11.512925464970229,-11.512925464970229,-14.376041,-8.344534e-07,4.0,5
4994,-20.052525,-11.512925464970229,-11.512925464970229,-14.376041,-8.344534e-07,4.0,5
4995,-11.512925464970229,-11.512925464970229,-11.512925464970229,-10.886438,-1.9549374e-05,5.0,5
4996,-11.512925464970229,-11.512925464970229,-11.512925464970229,-11.427163,-1.1562433e-05,5.0,5
4997,-11.512925464970229,-11.512925464970229,-18.666304,-5.6975393,-0.0033618878,5.0,5
4998,-11.512925464970229,-11.512925464970229,-18.666304,-5.6975393,-0.0033618878,5.0,5
4999,-18.044384,-11.512925464970229,-11.512925464970229,-16.541056,-3.5760596e-07,5.0,5
5000,-2.4610605,-0.089209616,-15.147195,-11.512925464970229,-15.918807,4.0,2
5001,-9.774687e-06,-11.573609,-11.512925464970229,-19.971642,-20.07872,1.0,1
5002,-7.152119e-07,-15.455492,-19.082851,-19.392365,-18.978834,3.0,1
5003,-11.050081,-1.8834444e-05,-13.064441,-18.392105,-16.76966,2.0,2
5004,-11.512925464970229,-11.512925464970229,-11.512925464970229,-11.512925464970229,-11.512925464970229,5.0,-1
5005,-0.010753802,-4.5379696,-17.3261,-17.9697,-17.138525,3.0,1
5006,-3.795757,-0.022731509,-14.709029,-11.512925464970229,-15.86548,1.0,2
5007,-20.128162,-11.512925464970229,-11.512925464970229,-15.8089905,-3.5760596e-07,5.0,5
5008,-18.231363,-19.600163,-19.609003,-14.928824,-4.7689537e-07,1.0,5
5009,-19.321625,-11.512925464970229,-11.512925464970229,-14.893347,-5.9602587e-07,5.0,5
5010,-1.5496514e-06,-13.435289,-19.241251,-19.131945,-19.770529,1.0,1
5011,-19.03143,-11.512925464970229,-11.512925464970229,-16.978662,-1.1922384e-07,5.0,5
5012,-19.76489,-11.512925464970229,-11.512925464970229,-16.625433,-2.3844768e-07,4.0,5
5013,-10.232364,-3.7549737e-05,-14.750115,-18.914528,-16.054535,3.0,2
5014,-0.009428118,-4.668869,-18.459871,-18.366001,-17.4438,3.0,1
5015,-11.512925464970229,-11.512925464970229,-11.512925464970229,-12.043848,-6.6754455e-06,5.0,5
5016,-11.512925464970229,-11.512925464970229,-11.512925464970229,-10.4124775,-3.0759507e-05,5.0,5
5017,-19.631294,-11.512925464970229,-11.512925464970229,-12.067569,-6.43695e-06,5.0,5
5018,-11.512925464970229,-11.512925464970229,-16.906034,-5.3590164,-0.0047185887,4.0,5
5019,-19.432842,-11.512925464970229,-11.512925464970229,-15.591242,-3.5760596e-07,3.0,5
5020,-19.632881,-21.025501,-20.924822,-16.037254,-2.3844768e-07,5.0,5
5021,-11.512925464970229,-11.512925464970229,-11.512925464970229,-15.015499,-9.537907e-07,5.0,5
5022,-18.145836,-19.809237,-11.512925464970229,-14.537475,-8.344534e-07,4.0,5
5023,-0.08672612,-11.512925464970229,-11.512925464970229,-11.512925464970229,-11.512925464970229,5.0,1
5024,-16.175602,-16.843857,-16.601162,-15.446882,-2.9800683e-06,1.0,5
5025,-5.9602587e-07,-15.054793,-19.513235,-19.713358,-19.931461,1.0,1
5026,-20.537725,0.0,-19.180414,-21.757648,-21.65458,3.0,2
5027,-19.062695,-11.512925464970229,-11.512925464970229,-15.959297,-3.5760596e-07,3.0,5
5028,-3.6956835e-06,-12.583638,-19.749105,-19.025246,-19.125046,3.0,1
5029,-7.5103785e-06,-11.825642,-19.781748,-19.258333,-19.273785,3.0,1
5030,-7.152119e-07,-14.084733,-20.022705,-19.767887,-20.448387,3.0,1
5031,-19.629713,-11.512925464970229,-11.512925464970229,-11.934555,-6.9139664e-06,4.0,5
5032,-3.5760596e-07,-14.813635,-19.757545,-19.532398,-20.659834,1.0,1
5033,-11.512925464970229,-11.512925464970229,-16.010069,-9.537907e-07,-15.501818,5.0,4
5034,-2.0266912e-06,-13.260597,-20.095991,-19.667051,-20.137083,1.0,1
5035,-11.512925464970229,-11.512925464970229,-13.458776,-1.9075815e-06,-17.347038,4.0,4
5036,-11.512925464970229,-11.512925464970229,-11.512925464970229,-11.091704,-1.6213524e-05,1.0,5
5037,-0.013546899,-4.3084497,-17.611107,-17.344864,-16.398348,2.0,1
5038,-4.1482093e-05,-10.10559,-19.616938,-19.016392,-18.57053,3.0,1
5039,-20.316893,-11.512925464970229,-11.512925464970229,-16.528683,-2.3844768e-07,4.0,5
5040,-5.3880587e-05,-9.838053,-19.67569,-19.30117,-19.530647,1.0,1
5041,-5.9602587e-07,-15.143917,-19.19262,-18.587215,-18.389664,3.0,1
5042,-16.037521,-1.1922384e-07,-18.478567,-20.406713,-22.198874,4.0,2
5043,-11.512925464970229,-11.512925464970229,-11.512925464970229,-11.471354,-1.1204828e-05,3.0,5
5044,-19.315311,-11.512925464970229,-11.512925464970229,-15.3452835,-1.3112239e-06,3.0,5
5045,-11.512925464970229,-11.512925464970229,-11.512925464970229,-7.2957935,-0.00068113505,4.0,5
5046,0.0,-18.28366,-20.858337,-21.004774,-23.331276,4.0,1
5047,-19.221815,-11.512925464970229,-11.512925464970229,-14.405694,-8.344534e-07,4.0,5
5048,0.0,-20.649563,-22.92104,-22.348366,-25.186777,4.0,1
5049,0.0,-17.284393,-20.116829,-19.840605,-22.431988,4.0,1
5050,-19.848892,-22.192211,-21.82873,-16.996403,0.0,5.0,5
5051,-20.102032,-11.512925464970229,-11.512925464970229,-15.54112,-3.5760596e-07,4.0,5
5052,-11.512925464970229,-11.512925464970229,-11.512925464970229,-10.910171,-1.9430214e-05,3.0,5
5053,-19.633892,-11.512925464970229,-11.512925464970229,-16.993927,0.0,4.0,5
5054,-7.259724e-05,-9.539455,-19.109314,-18.777021,-18.84058,1.0,1
5055,-18.974436,-20.469786,-20.12361,-14.1970215,-9.537907e-07,5.0,5
5056,-8.821511e-06,-11.699818,-19.432028,-19.010614,-18.871502,3.0,1
5057,-3.3378135e-06,-12.705348,-19.075626,-18.769867,-19.036278,1.0,1
5058,-19.767632,-11.512925464970229,-11.512925464970229,-15.101832,-4.7689537e-07,4.0,5
5059,-18.502611,-19.12926,-18.970121,-10.250847,-3.5881723e-05,4.0,5
5060,-20.003252,-11.512925464970229,-11.512925464970229,-13.372611,-1.9075815e-06,3.0,5
5061,-19.871193,-11.512925464970229,-11.512925464970229,-14.756839,-4.7689537e-07,3.0,5
5062,-11.512925464970229,-11.512925464970229,-11.512925464970229,-14.708606,-1.0729074e-06,4.0,5
5063,-18.782084,-11.512925464970229,-11.512925464970229,-14.058277,-1.5496514e-06,5.0,5
5064,-0.7613819,-11.512925464970229,-11.512925464970229,-11.512925464970229,-11.512925464970229,5.0,1
5065,-19.5279,-11.512925464970229,-11.512925464970229,-13.671653,-1.5496514e-06,2.0,5
5066,-20.09028,-11.512925464970229,-11.512925464970229,-14.5244255,-8.344534e-07,5.0,5
5067,-4.7689537e-07,-15.34708,-20.179934,-19.571968,-19.751223,1.0,1
5068,-3.6477424e-05,-10.235811,-19.513498,-19.059542,-18.995363,1.0,1
5069,-11.512925464970229,-11.512925464970229,-11.512925464970229,-16.753635,-4.7689537e-07,4.0,5
5070,-11.512925464970229,-13.011959,-3.4570896e-06,-15.552108,-11.512925464970229,3.0,3
5071,-11.512925464970229,-14.184032,-1.6689067e-06,-14.836114,-11.512925464970229,4.0,3
5072,-11.512925464970229,-11.512925464970229,-11.516562,-1.060888e-05,-18.447073,4.0,4
5073,-19.313095,-11.512925464970229,-11.512925464970229,-16.871439,-2.3844768e-07,5.0,5
5074,-11.512925464970229,-11.512925464970229,-19.068861,-2.9325753e-05,-10.456275,4.0,4
5075,-11.512925464970229,-11.512925464970229,-11.512925464970229,-11.512925464970229,-11.512925464970229,5.0,-1
5076,-11.512925464970229,-11.512925464970229,-19.349527,-6.5561944e-06,-12.116835,3.0,4
5077,-11.512925464970229,-11.512925464970229,-11.512925464970229,-0.0019592675,-6.237883,4.0,4
5078,-11.512925464970229,-11.512925464970229,-11.512925464970229,-11.512925464970229,-11.512925464970229,3.0,-1
5079,-15.217776,-15.488472,-15.433717,-12.442414,-1.0370523e-05,3.0,5
5080,-17.148964,-18.92165,-19.090277,-16.886272,-1.1922384e-07,3.0,5
5081,-11.512925464970229,-11.512925464970229,-11.512925464970229,-11.631392,-1.02513495e-05,5.0,5
5082,-18.376255,-11.512925464970229,-18.585733,-7.152119e-07,-18.34227,4.0,4
5083,-11.512925464970229,-11.512925464970229,-18.022268,-7.152119e-07,-15.983409,3.0,4
5084,-0.12713622,-11.512925464970229,-11.512925464970229,-11.512925464970229,-11.512925464970229,4.0,1
5085,-19.443773,-11.512925464970229,-11.512925464970229,-15.501975,-5.9602587e-07,5.0,5
5086,-15.605817,-3.4570896e-06,-16.06669,-11.512925464970229,-19.212593,4.0,2
5087,-11.512925464970229,-11.512925464970229,-13.967044,-2.0266912e-06,-16.786722,4.0,4
5088,-11.512925464970229,-11.512925464970229,-11.512925464970229,-15.660531,-5.9602587e-07,5.0,5
5089,-19.156399,-11.512925464970229,-11.512925464970229,-16.27343,-3.5760596e-07,5.0,5
5090,-14.929092,-2.9800683e-06,-15.444492,-18.889112,-11.512925464970229,3.0,2
5091,-7.8835015,-0.0003779188,-16.245558,-19.022366,-16.662306,4.0,2
5092,-0.00026032762,-11.512925464970229,-11.512925464970229,-11.512925464970229,-11.512925464970229,3.0,1
5093,-15.308163,-0.00021143597,-15.446425,-17.896803,-18.457043,5.0,2
5094,-14.414468,-15.443919,-14.154905,-12.106375,-9.893847e-06,5.0,5
5095,-11.512925464970229,-11.512925464970229,-11.512925464970229,-11.512925464970229,-11.512925464970229,4.0,-1
5096,-2.1458147e-06,-11.512925464970229,-11.512925464970229,-11.512925464970229,-11.512925464970229,4.0,1
5097,-19.081764,-11.512925464970229,-19.263496,0.0,-18.595236,5.0,4
5098,-17.554968,-2.6224477e-06,-13.086717,-19.99137,-16.509605,4.0,2
5099,-11.512925464970229,-11.512925464970229,-11.512925464970229,-11.512925464970229,-11.512925464970229,4.0,-1
5100,-11.512925464970229,-11.512925464970229,-11.512925464970229,-12.272407,-5.602414e-06,5.0,5
5101,-0.11631883,-2.209163,-11.512925464970229,-11.512925464970229,-16.781416,4.0,1
5102,-11.512925464970229,-11.512925464970229,-9.935055,-4.9468606e-05,-18.65981,2.0,4
5103,-13.185511,-2.5032687e-06,-15.64633,-20.050291,-15.933147,3.0,2
5104,-4.2793064e-05,-10.0740595,-19.681026,-18.996538,-18.499836,3.0,1
5105,-20.017786,-11.512925464970229,-11.512925464970229,-16.083595,-3.5760596e-07,4.0,5
5106,-11.512925464970229,-16.171429,-1.9668532e-05,-10.907464,-11.512925464970229,3.0,3
5107,-11.512925464970229,-11.512925464970229,-19.17137,-1.5617967e-05,-11.111975,4.0,4
5108,-16.174765,-18.188688,-17.673727,-11.512925464970229,-2.0266912e-06,4.0,5
5109,-19.299849,-11.512925464970229,-11.512925464970229,-16.995579,-3.5760596e-07,4.0,5
5110,-11.512925464970229,-11.512925464970229,-11.512925464970229,-11.512925464970229,-11.512925464970229,5.0,-1
5111,-0.00016530925,-8.711432,-19.6622,-19.148989,-18.938042,4.0,1
5112,-11.512925464970229,-11.512925464970229,-11.512925464970229,-11.512925464970229,-11.512925464970229,4.0,-1
5113,-11.512925464970229,-11.512925464970229,-11.512925464970229,-14.928692,-7.152119e-07,5.0,5
5114,-17.524055,-0.00011312438,-9.103812,-18.286077,-15.471924,2.0,2
5115,-11.512925464970229,-11.512925464970229,-11.512925464970229,-6.599514,-0.0013655135,4.0,5
5116,-11.512925464970229,-11.512925464970229,-11.512925464970229,-5.5104895,-0.0040617455,3.0,5
5117,-19.591808,-11.512925464970229,-11.512925464970229,-16.541847,-3.5760596e-07,5.0,5
5118,-11.512925464970229,-11.512925464970229,-8.605718,-0.00018390012,-18.806576,3.0,4
5119,-11.512925464970229,-11.512925464970229,-11.512925464970229,-8.896966,-0.00013874049,5.0,5
5120,-11.512925464970229,-11.512925464970229,-11.512925464970229,-3.3332694,-0.03634277,5.0,5
5121,-11.512925464970229,-11.512925464970229,-17.140228,-4.7689537e-07,-16.566746,4.0,4
5122,-11.512925464970229,-11.512925464970229,-17.76727,-3.5760596e-07,-16.989525,5.0,4
5123,-11.512925464970229,-11.512925464970229,-18.408386,-4.7689537e-07,-16.14629,5.0,4
5124,-20.125328,-11.512925464970229,-11.512925464970229,-15.91635,-3.5760596e-07,5.0,5
5125,-11.512925464970229,-9.051115,-0.00011861061,-16.156384,-18.563417,2.0,3
5126,-11.512925464970229,-11.512925464970229,-9.487811,-7.7243865e-05,-11.512925464970229,5.0,4
5127,-19.282263,-11.512925464970229,-11.512925464970229,-14.64004,-1.0729074e-06,4.0,5
5128,-19.06252,-11.512925464970229,-11.512925464970229,-15.721461,-5.9602587e-07,5.0,5
5129,-17.254423,-4.303144e-05,-10.077144,-19.082027,-15.938147,4.0,2
5130,-12.367427,-5.364032e-06,-15.312014,-19.166239,-15.0303545,4.0,2
5131,-11.512925464970229,-11.512925464970229,-11.512925464970229,-11.512925464970229,-11.512925464970229,3.0,-1
5132,-19.426695,-11.512925464970229,-11.512925464970229,-16.927507,-2.3844768e-07,5.0,5
5133,-11.512925464970229,-11.512925464970229,-18.355408,-4.7689537e-07,-16.20349,4.0,4
5134,-11.512925464970229,-11.512925464970229,-18.248253,-5.9602587e-07,-17.041393,5.0,4
5135,-16.368557,-19.027134,-18.434027,-18.435543,-2.3844768e-07,5.0,5
5136,-19.583454,-11.512925464970229,-11.512925464970229,-16.87933,-1.1922384e-07,5.0,5
5137,-11.512925464970229,-11.512925464970229,-18.85627,-3.5760596e-07,-16.151575,3.0,4
5138,-11.512925464970229,-11.512925464970229,-12.925064,-2.7416409e-06,-18.696035,4.0,4
5139,-11.512925464970229,-11.512925464970229,-11.512925464970229,-12.813171,-3.5763796e-06,4.0,5
5140,-19.782856,-11.512925464970229,-11.512925464970229,-16.448994,-4.7689537e-07,4.0,5
5141,-14.424314,-14.344838,-0.004765819,-15.391936,-11.512925464970229,5.0,3
5142,-11.512925464970229,-12.194074,-5.8408214e-06,-16.661715,-11.512925464970229,4.0,3
5143,-11.512925464970229,-11.512925464970229,-11.512925464970229,-11.512925464970229,-11.512925464970229,3.0,-1
5144,-0.00033514088,-16.62621,-11.512925464970229,-11.512925464970229,-11.512925464970229,5.0,1
5145,-15.866157,-18.454384,-18.008718,-17.020683,-4.7689537e-07,3.0,5
5146,-11.512925464970229,-11.512925464970229,-11.512925464970229,-11.512925464970229,-11.512925464970229,4.0,-1
5147,-11.512925464970229,-11.512925464970229,-11.512925464970229,-11.512925464970229,-11.512925464970229,5.0,-1
5148,-16.96394,-16.825464,-13.366577,-2.0266912e-06,-14.814749,5.0,4
5149,-15.166895,-17.923462,-17.727022,-16.16251,-8.344534e-07,3.0,5
5150,-17.390366,-18.546154,-18.71247,-17.594492,-1.1922384e-07,5.0,5
5151,-11.512925464970229,-11.512925464970229,-11.512925464970229,-11.512925464970229,-11.512925464970229,4.0,-1
5152,-19.23308,-11.512925464970229,-11.512925464970229,-1.1922384e-07,-17.8396,5.0,4
5153,-16.98148,-18.6641,-17.482983,-8.344534e-07,-16.011192,3.0,4
5154,-17.140667,-2.3844768e-07,-17.429592,-11.512925464970229,-11.512925464970229,3.0,2
5155,-11.512925464970229,-11.512925464970229,-11.512925464970229,-11.512925464970229,-11.512925464970229,5.0,-1
5156,-19.315298,-11.512925464970229,-11.512925464970229,-14.321528,-1.3112239e-06,5.0,5
5157,-0.00041641353,-11.512925464970229,-11.512925464970229,-11.512925464970229,-11.512925464970229,4.0,1
5158,-11.512925464970229,-6.3203244,-0.0018027738,-16.468107,-17.233027,4.0,3
5159,-11.512925464970229,-11.512925464970229,-11.512925464970229,-11.512925464970229,-11.512925464970229,4.0,-1
5160,-11.512925464970229,-11.512925464970229,-11.512925464970229,-7.8377485,-0.00039746336,5.0,5
5161,-17.322153,-0.33413777,-1.2588013,-15.285109,-15.823851,2.0,2
5162,-11.512925464970229,-11.512925464970229,-11.512925464970229,-0.0010142517,-6.8965526,5.0,4
5163,-17.809065,-18.077929,-18.350222,-17.932655,-4.7689537e-07,4.0,5
5164,-11.512925464970229,-11.512925464970229,-11.512925464970229,-15.505009,-7.152119e-07,5.0,5
5165,-11.512925464970229,-3.5819035,-0.028221097,-16.61029,-17.787403,1.0,3
5166,-11.512925464970229,-11.512925464970229,-16.23455,-4.7689537e-07,-17.48163,3.0,4
5167,-11.512925464970229,-11.512925464970229,-11.512925464970229,-11.512925464970229,-11.512925464970229,4.0,-1
5168,-19.734976,-11.512925464970229,-11.512925464970229,-16.367323,-4.7689537e-07,5.0,5
5169,-11.512925464970229,-11.512925464970229,-15.521147,-5.9602587e-07,-17.438585,4.0,4
5170,-11.512925464970229,-11.512925464970229,-17.313215,-7.152119e-07,-16.439903,4.0,4
5171,-16.945827,-17.769636,-18.923532,-17.941092,-3.5760596e-07,5.0,5
5172,-20.309698,-11.512925464970229,-11.512925464970229,-16.08856,-4.7689537e-07,5.0,5
5173,-11.512925464970229,-11.512925464970229,-12.116544,-6.079254e-06,-16.801231,1.0,4
5174,-11.512925464970229,-11.512925464970229,-11.512925464970229,-0.29300156,-1.3703998,4.0,4
5175,-11.512925464970229,-11.512925464970229,-11.512925464970229,-12.702285,-4.4107555e-06,3.0,5
5176,-11.512925464970229,-11.512925464970229,-11.512925464970229,-0.23349726,-1.5689961,5.0,4
5177,-13.342847,-4.4700115e-05,-13.831437,-11.512925464970229,-11.512925464970229,4.0,2
5178,-0.015124319,-11.512925464970229,-11.512925464970229,-11.512925464970229,-11.512925464970229,3.0,1
5179,-11.512925464970229,-11.512925464970229,-11.512925464970229,-11.512925464970229,-11.512925464970229,4.0,-1
5180,-19.654297,-11.512925464970229,-11.512925464970229,-15.701582,-7.152119e-07,5.0,5
5181,-11.512925464970229,-11.512925464970229,-14.253519,-1.1920517e-06,-16.956488,5.0,4
5182,-16.884031,-0.0004485965,-7.7124753,-18.145618,-15.499553,4.0,2
5183,-19.384235,-11.512925464970229,-11.512925464970229,-15.68735,-4.7689537e-07,4.0,5
5184,-17.564419,-19.604149,-19.984324,-18.847374,-1.1922384e-07,5.0,5
5185,-18.666069,-11.512925464970229,-11.512925464970229,-3.5760596e-07,-17.180515,1.0,4
5186,-11.512925464970229,-11.512925464970229,-18.677355,-0.00013230796,-8.933818,4.0,4
5187,-19.007387,-11.512925464970229,-11.512925464970229,-14.427894,-1.1920517e-06,3.0,5
5188,-19.980244,-11.512925464970229,-11.512925464970229,-17.030893,-2.3844768e-07,5.0,5
5189,-11.512925464970229,-11.512925464970229,-14.069853,-1.5496514e-06,-19.303885,4.0,4
5190,-11.512925464970229,-11.512925464970229,-16.763435,-3.5760596e-07,-18.305216,3.0,4
5191,-11.512925464970229,-11.512925464970229,-11.512925464970229,-17.279736,-2.3844768e-07,4.0,5
5192,-15.626128,-17.182396,-16.412136,-15.446243,-1.4304238e-06,4.0,5
5193,-11.512925464970229,-11.512925464970229,-11.512925464970229,-0.00021620492,-8.445085,4.0,4
5194,-15.601906,-5.9602587e-07,-16.244534,-19.127258,-19.179268,4.0,2
5195,-4.7689537e-07,-11.512925464970229,-11.512925464970229,-11.512925464970229,-11.512925464970229,5.0,1
5196,-19.623945,-11.512925464970229,-11.512925464970229,-15.244834,-7.152119e-07,5.0,5
5197,-11.512925464970229,-11.512925464970229,-19.033201,-4.529893e-06,-12.468483,3.0,4
5198,-11.512925464970229,-11.512925464970229,-11.512925464970229,-0.0068744225,-4.983731,4.0,4
5199,-3.5760596e-07,-11.512925464970229,-11.512925464970229,-11.512925464970229,-11.512925464970229,4.0,1
5200,-11.512925464970229,-11.512925464970229,-11.512925464970229,-11.512925464970229,-11.512925464970229,5.0,-1
5201,-11.512925464970229,-8.00818,-0.00033478343,-14.971158,-11.512925464970229,4.0,3
5202,-11.512925464970229,-11.512925464970229,-18.214554,-7.152119e-07,-15.750504,3.0,4
5203,-11.512925464970229,-11.512925464970229,-11.512925464970229,-13.156245,-2.6224477e-06,4.0,5
5204,-19.116585,-11.512925464970229,-11.512925464970229,-16.866993,-1.1922384e-07,5.0,5
5205,-11.512925464970229,-14.585772,-1.6689067e-06,-14.985803,-11.512925464970229,4.0,3
5206,-14.858374,-15.925348,-15.161548,-14.0683365,-4.053381e-06,4.0,5
5207,-11.512925464970229,-11.512925464970229,-15.550044,-7.152119e-07,-19.25555,4.0,4
5208,-11.512925464970229,-11.512925464970229,-17.06882,-1.0729074e-06,-14.502352,5.0,4
5209,-11.512925464970229,-11.512925464970229,-18.90161,-1.6689999e-05,-11.040961,3.0,4
5210,-1.3299332,-0.30719373,-16.960232,-11.512925464970229,-16.37136,4.0,2
5211,-19.92543,-11.512925464970229,-11.512925464970229,-16.107525,-3.5760596e-07,4.0,5
5212,-18.514177,-20.553295,-11.512925464970229,-16.426897,-3.5760596e-07,3.0,5
5213,-11.512925464970229,-11.512925464970229,-11.512925464970229,-11.512925464970229,-11.512925464970229,3.0,-1
5214,-14.602059,-15.701645,-15.783429,-14.184454,-4.649037e-06,4.0,5
5215,-11.180725,-1.4662876e-05,-15.902659,-11.512925464970229,-16.631725,4.0,2
5216,-19.576298,-11.512925464970229,-11.512925464970229,-13.833731,-1.5496514e-06,5.0,5
5217,-14.047888,-14.727279,-7.630326e-06,-13.555484,-15.911599,5.0,3
5218,-11.512925464970229,-11.512925464970229,-11.512925464970229,-12.235141,-5.8408214e-06,4.0,5
5219,-18.88752,-21.108074,-11.512925464970229,-16.90979,-1.1922384e-07,5.0,5
5220,-21.097048,-15.434175,-3.5760596e-07,-17.576567,-20.542118,3.0,3
5221,-11.512925464970229,-11.512925464970229,-18.233242,-4.7689537e-07,-16.23293,2.0,4
5222,-11.512925464970229,-20.439306,-14.487691,-7.152119e-07,-17.85717,5.0,4
5223,-18.534191,-11.512925464970229,-11.512925464970229,-15.673891,-3.5760596e-07,4.0,5
5224,-11.512925464970229,-11.512925464970229,-11.512925464970229,-11.512925464970229,-11.512925464970229,5.0,-1
5225,-11.512925464970229,-11.512925464970229,-11.512925464970229,-11.512925464970229,-11.512925464970229,4.0,-1
5226,-11.512925464970229,-11.512925464970229,-11.512925464970229,-11.512925464970229,-11.512925464970229,5.0,-1
5227,-17.658697,-18.706142,-18.367466,-17.534458,-3.5760596e-07,4.0,5
5228,-11.512925464970229,-11.512925464970229,-10.527173,-2.7775131e-05,-19.025873,4.0,4
5229,-15.621342,-17.753788,-16.475042,-15.599521,-1.9075815e-06,4.0,5
5230,-15.79129,-17.310259,-16.261362,-15.402305,-9.537907e-07,5.0,5
5231,-16.228092,-18.831583,-18.380966,-17.499268,-5.9602587e-07,5.0,5
5232,-16.228092,-18.831583,-18.380966,-17.499268,-5.9602587e-07,5.0,5
5233,-11.512925464970229,-16.615713,-0.09028865,-2.4496408,-11.512925464970229,3.0,3
5234,-11.512925464970229,-14.5471945,-8.344534e-07,-17.139816,-11.512925464970229,1.0,3
5235,-17.0307,-18.164974,-17.830658,-17.363953,-1.1922384e-07,4.0,5
5236,-18.784145,-11.512925464970229,-19.05358,-18.47593,-1.1922384e-07,4.0,5
5237,-11.512925464970229,-14.451309,-5.48322e-06,-12.442092,-11.512925464970229,2.0,3
5238,-11.512925464970229,-11.512925464970229,-17.26794,-3.3378135e-06,-12.7941475,4.0,4
5239,-7.152119e-07,-11.512925464970229,-11.512925464970229,-11.512925464970229,-11.512925464970229,5.0,1
5240,-11.512925464970229,-11.512925464970229,-18.22431,-3.5760596e-07,-15.748478,5.0,4
5241,-11.512925464970229,-11.512925464970229,-15.650219,-4.7689537e-07,-19.894335,4.0,4
5242,-19.371122,-11.512925464970229,-11.512925464970229,-15.744411,-4.7689537e-07,4.0,5
5243,-16.494799,-18.684177,-18.268871,-16.765532,-7.152119e-07,4.0,5
5244,-11.512925464970229,-11.512925464970229,-11.512925464970229,-15.002237,-9.537907e-07,4.0,5
5245,-14.438567,-16.752558,-16.54149,-16.378544,-3.815163e-06,3.0,5
5246,-16.604176,-18.00887,-17.239632,-16.585815,-8.344534e-07,4.0,5
5247,-19.60229,-11.512925464970229,-11.512925464970229,-16.620682,-2.3844768e-07,5.0,5
5248,0.0,-18.14495,-20.81733,-20.762812,-19.930626,1.0,1
5249,-11.446048,-1.1562433e-05,-15.477276,-11.512925464970229,-17.09681,2.0,2
5250,-15.856253,-17.081606,-16.398191,-15.9002075,-1.0729074e-06,5.0,5
5251,-18.591099,-11.512925464970229,-19.630827,-1.1922384e-07,-17.815544,4.0,4
5252,-15.556596,-16.64005,-16.11032,-14.9353895,-2.0266912e-06,5.0,5
5253,-18.054932,-18.221148,0.0,-17.893064,-20.252361,3.0,3
5254,-11.512925464970229,-11.512925464970229,-11.512925464970229,-11.512925464970229,-11.512925464970229,4.0,-1
5255,-1.1922384e-07,-16.685131,-19.591312,-19.621098,-19.32939,1.0,1
5256,-16.337423,-18.596481,-17.378323,-17.0587,-8.344534e-07,3.0,5
5257,-11.512925464970229,-11.512925464970229,-11.512925464970229,-5.832228,-0.0029414375,3.0,5
5258,-11.512925464970229,-11.512925464970229,-11.512925464970229,-11.512925464970229,-0.010983342,4.0,5
5259,-17.055218,-18.393913,-18.925968,-17.662262,-1.1922384e-07,5.0,5
5260,-11.512925464970229,-11.512925464970229,-11.512925464970229,-11.512925464970229,-11.512925464970229,3.0,-1
5261,-16.430344,-16.800507,-18.006231,-18.15402,-4.7689537e-07,4.0,5
5262,-18.65843,-19.23783,-1.1922384e-07,-17.522446,-11.512925464970229,5.0,3
5263,0.0,-17.591791,-19.932232,-19.515896,-19.109098,1.0,1
5264,-11.512925464970229,-11.512925464970229,-11.512925464970229,-5.1513605,-0.005812753,3.0,5
5265,-11.512925464970229,-11.512925464970229,-18.910328,-1.0489701e-05,-11.496759,4.0,4
5266,-11.512925464970229,-11.512925464970229,-11.512925464970229,-11.512925464970229,-11.512925464970229,4.0,-1
5267,-16.70885,-18.015184,-17.372995,-2.3841035e-06,-14.861938,5.0,4
5268,-11.512925464970229,-9.341195,-8.892236e-05,-15.442124,-18.845226,3.0,3
5269,-11.512925464970229,-11.512925464970229,-11.512925464970229,-11.512925464970229,-11.512925464970229,2.0,-1
5270,-15.864516,-1.8834444e-05,-15.836746,-19.331608,-18.561403,4.0,2
5271,-19.54482,-11.512925464970229,-11.512925464970229,-17.965765,-1.1922384e-07,4.0,5
5272,-11.512925464970229,-9.865527,-5.28073e-05,-17.440979,-18.52509,4.0,3
5273,-11.512925464970229,-11.512925464970229,-11.512925464970229,-11.512925464970229,-11.512925464970229,5.0,-1
5274,-18.900837,-19.247665,-2.3844768e-07,-16.601013,-18.88507,5.0,3
5275,-11.512925464970229,-11.512925464970229,-11.512925464970229,-0.018652014,-3.9916344,3.0,4
5276,-15.336884,-17.152847,-15.874119,-14.049138,-2.7416409e-06,4.0,5
5277,-11.512925464970229,-0.8133801,-0.58586967,-15.144645,-14.258891,4.0,3
5278,-1.1920517e-06,-11.512925464970229,-11.512925464970229,-11.512925464970229,-11.512925464970229,5.0,1
5279,-17.55651,-19.438835,-18.275589,-2.3844768e-07,-16.982775,5.0,4
5280,-11.512925464970229,-11.512925464970229,-11.512925464970229,-11.512925464970229,-11.512925464970229,4.0,-1
5281,-11.512925464970229,-9.8648,-5.2926553e-05,-17.158422,-11.512925464970229,3.0,3
5282,-0.0003633806,-13.947888,-13.111248,-11.512925464970229,-11.512925464970229,4.0,1
5283,-17.890844,-19.046734,-19.535496,-18.204021,0.0,5.0,5
5284,-11.512925464970229,-11.512925464970229,-11.512925464970229,-11.512925464970229,-0.0006037099,5.0,5
5285,-11.512925464970229,-11.512925464970229,-11.512925464970229,-11.512925464970229,-11.512925464970229,4.0,-1
5286,-17.487019,-19.754343,-18.984734,-17.671104,-1.1922384e-07,5.0,5
5287,-19.545774,-11.512925464970229,-11.512925464970229,-16.501698,-3.5760596e-07,4.0,5
5288,-16.793146,-19.031353,-11.512925464970229,-4.7689537e-07,-17.783524,4.0,4
5289,-18.055162,-0.0015595364,-6.4655395,-17.012058,-15.821962,4.0,2
5290,-18.214973,-19.587448,-19.649677,-18.139069,0.0,5.0,5
5291,-16.916468,-11.512925464970229,-17.994078,-17.37762,-1.4304238e-06,4.0,5
5292,-11.512925464970229,-11.512925464970229,-11.512925464970229,-0.00020547512,-8.495685,4.0,4
5293,-11.512925464970229,-11.512925464970229,-11.512925464970229,-11.512925464970229,-11.512925464970229,3.0,-1
5294,-1.6928245e-05,-11.010334,-19.716341,-19.771273,-19.59218,4.0,1
5295,-16.21378,-17.76163,-18.43264,-17.736427,-4.7689537e-07,5.0,5
5296,-11.512925464970229,-17.080154,-7.3910837e-06,-11.9526825,-11.512925464970229,3.0,3
5297,-16.7558,-17.863579,-17.671028,-16.088428,-8.344534e-07,4.0,5
5298,-18.468256,-11.512925464970229,-11.512925464970229,-14.836919,-9.537907e-07,5.0,5
5299,-16.945292,-17.831205,-17.59522,-2.3841035e-06,-16.233263,5.0,4
5300,-11.512925464970229,-19.033594,0.0,-17.95151,-20.313927,5.0,3
5301,-11.512925464970229,-10.365278,-3.218882e-05,-16.626194,-11.512925464970229,4.0,3
5302,-11.512925464970229,-11.512925464970229,-11.512925464970229,-11.512925464970229,-11.512925464970229,4.0,-1
5303,-19.584326,-11.512925464970229,-11.512925464970229,-16.343754,-3.5760596e-07,5.0,5
5304,-11.512925464970229,-11.512925464970229,-18.600529,-7.152119e-07,-15.281613,3.0,4
5305,-11.512925464970229,-11.512925464970229,-19.444698,-0.0036474005,-5.6158834,3.0,4
5306,-17.160152,-18.663818,-18.929184,-17.862347,-3.5760596e-07,5.0,5
5307,-11.512925464970229,-11.512925464970229,-11.512925464970229,-16.108122,-4.7689537e-07,4.0,5
5308,-9.171747,-0.00010453874,-16.537321,-11.512925464970229,-18.058912,3.0,2
5309,-11.512925464970229,-11.512925464970229,-11.512925464970229,-11.512925464970229,-11.512925464970229,5.0,-1
5310,-11.512925464970229,-11.512925464970229,-11.512925464970229,-16.515831,-5.9602587e-07,4.0,5
5311,-11.512925464970229,-7.5414767,-0.0005335544,-14.234648,-18.670204,4.0,3
5312,-11.512925464970229,-11.512925464970229,-7.3557453,-0.00064087345,-18.46586,3.0,4
5313,-18.531105,-18.511389,-2.3844768e-07,-16.064577,-19.12268,5.0,3
5314,-19.55881,-21.571,-21.66794,-16.96949,0.0,5.0,5
5315,-11.512925464970229,-11.512925464970229,-14.116037,-1.0729074e-06,-18.97486,3.0,4
5316,-11.512925464970229,-11.512925464970229,-16.094036,-4.7689537e-07,-17.729485,3.0,4
5317,-17.139885,-11.512925464970229,-19.125525,-18.097141,-3.5760596e-07,4.0,5
5318,-17.121605,-19.41655,-11.512925464970229,-17.277199,-1.1922384e-07,5.0,5
5319,-12.565521,-12.245914,-0.00010156115,-13.95644,-11.512925464970229,4.0,3
5320,-19.527569,-11.512925464970229,-11.512925464970229,-14.47226,-8.344534e-07,4.0,5
5321,-11.512925464970229,-11.512925464970229,-11.512925464970229,-11.512925464970229,-11.512925464970229,5.0,-1
5322,-11.512925464970229,-11.512925464970229,-11.512925464970229,-6.7627244,-0.0011640625,5.0,5
5323,-11.512925464970229,-11.512925464970229,-11.512925464970229,-0.0014007506,-6.572551,5.0,4
5324,-11.512925464970229,-11.512925464970229,-11.512925464970229,-11.512925464970229,-11.512925464970229,4.0,-1
5325,-15.585883,-17.29876,-17.96765,-16.853167,-8.344534e-07,5.0,5
5326,-11.512925464970229,-11.512925464970229,-11.512925464970229,-0.0074650496,-4.9017615,5.0,4
5327,-11.512925464970229,-11.512925464970229,-11.512925464970229,-11.512925464970229,-11.512925464970229,3.0,-1
5328,-11.512925464970229,-12.415225,-4.649037e-06,-16.522491,-11.512925464970229,3.0,3
5329,-16.060371,-11.512925464970229,-17.300377,-18.110744,-7.152119e-07,5.0,5
5330,-1.1922384e-07,-16.43687,-19.536764,-19.075052,-19.035223,1.0,1
5331,-17.485147,-0.0004294054,-7.7606683,-17.182606,-14.864567,4.0,2
5332,-11.512925464970229,-11.512925464970229,-11.512925464970229,-11.512925464970229,-11.512925464970229,4.0,-1
5333,-15.173316,-16.66197,-15.967168,-14.805448,-3.5762723e-06,5.0,5
5334,-18.899963,-11.512925464970229,-11.512925464970229,-14.850465,-7.152119e-07,4.0,5
5335,-9.537907e-07,-14.13926,-19.238895,-18.597183,-18.709822,5.0,1
5336,-16.540565,-18.903173,-19.381094,-16.371567,-3.5760596e-07,4.0,5
5337,-11.512925464970229,-11.512925464970229,-19.265451,-7.152119e-07,-15.500611,5.0,4
5338,-11.512925464970229,-11.512925464970229,-9.157465,-0.00010692346,-19.025312,3.0,4
5339,-20.049738,-11.512925464970229,-11.512925464970229,-14.23911,-1.0729074e-06,4.0,5
5340,-17.651907,-11.512925464970229,-19.217152,-19.296936,-1.1922384e-07,4.0,5
5341,-18.635742,-11.512925464970229,-11.512925464970229,-15.926276,-4.7689537e-07,5.0,5
5342,-13.862628,-3.0993028e-06,-13.628587,-18.01847,-15.483496,4.0,2
5343,-11.512925464970229,-11.512925464970229,-11.512925464970229,-6.6787777,-0.0012606271,4.0,5
5344,-11.512925464970229,-11.512925464970229,-11.512925464970229,-11.512925464970229,-11.512925464970229,5.0,-1
5345,-0.12979318,-11.512925464970229,-11.512925464970229,-11.512925464970229,-11.512925464970229,3.0,1
5346,-11.512925464970229,-11.512925464970229,-11.512925464970229,-11.512925464970229,-11.512925464970229,5.0,-1
5347,-11.512925464970229,-11.512925464970229,-11.512925464970229,-11.512925464970229,-11.512925464970229,4.0,-1
5348,-19.761322,-11.512925464970229,-11.512925464970229,-16.57462,-4.7689537e-07,4.0,5
5349,-11.512925464970229,-11.512925464970229,-18.36886,-1.7881898e-06,-13.443711,4.0,4
5350,-17.093115,-18.038912,-18.198082,-18.391903,-4.7689537e-07,4.0,5
5351,-18.795227,-11.512925464970229,-11.512925464970229,-16.562132,-5.9602587e-07,4.0,5
5352,-11.512925464970229,-11.512925464970229,-11.512925464970229,-11.512925464970229,-11.512925464970229,4.0,-1
5353,-15.420489,-15.351883,-14.973356,-13.43105,-7.271795e-06,4.0,5
5354,-19.756754,-11.512925464970229,-11.512925464970229,-15.991644,-3.5760596e-07,5.0,5
5355,-18.37284,-11.512925464970229,-11.512925464970229,-15.369682,-8.344534e-07,4.0,5
5356,-16.392584,-0.0005478473,-7.5136323,-17.837406,-17.156694,3.0,2
5357,-15.915661,-17.106895,-17.20909,-16.642845,-9.537907e-07,4.0,5
5358,-11.512925464970229,-13.849397,-0.0052253986,-11.512925464970229,-11.512925464970229,4.0,3
5359,-20.304207,-11.512925464970229,-18.954433,-0.000112408845,-9.0990925,2.0,4
5360,-17.314934,-19.66375,-18.049225,-17.495085,-1.1922384e-07,4.0,5
5361,-9.537907e-07,-11.512925464970229,-11.512925464970229,-11.512925464970229,-11.512925464970229,5.0,1
5362,-19.24151,-11.512925464970229,-11.512925464970229,-14.0514145,-1.1920517e-06,4.0,5
5363,-16.662899,-0.00027843314,-8.196629,-18.266453,-16.295185,4.0,2
5364,-11.512925464970229,-11.512925464970229,-11.512925464970229,-11.512925464970229,-11.512925464970229,3.0,-1
5365,-3.5762778e-07,-11.512925464970229,-11.512925464970229,-11.512925464970229,-11.512925464970229,5.0,1
5366,-11.512925464970229,-11.512925464970229,-11.512925464970229,-11.512925464970229,-11.512925464970229,2.0,-1
5367,-0.00019846378,-11.512925464970229,-11.512925464970229,-11.512925464970229,-11.512925464970229,3.0,1
5368,-16.245243,-0.0010618892,-6.8501964,-18.054148,-16.626642,4.0,2
5369,-11.512925464970229,-11.512925464970229,-11.512925464970229,-11.512925464970229,-11.512925464970229,5.0,-1
5370,-11.512925464970229,-11.512925464970229,-11.512925464970229,-11.512925464970229,-11.512925464970229,4.0,-1
5371,-0.024236597,-3.7321758,-17.37939,-17.606379,-17.080044,4.0,1
5372,-11.512925464970229,-11.512925464970229,-11.512925464970229,-11.512925464970229,-11.512925464970229,4.0,-1
5373,-8.3446463e-07,-11.512925464970229,-11.512925464970229,-11.512925464970229,-11.512925464970229,5.0,1
5374,-11.512925464970229,-11.512925464970229,-11.512925464970229,-15.565895,-4.7689537e-07,4.0,5
5375,-11.512925464970229,-11.512925464970229,-13.703635,-1.6689067e-06,-18.309618,4.0,4
5376,-0.0004923323,-15.012895,-11.512925464970229,-11.512925464970229,-11.512925464970229,5.0,1
5377,-18.83867,-11.512925464970229,-11.512925464970229,-16.802906,-2.3844768e-07,4.0,5
5378,-11.512925464970229,-9.579296,-6.997631e-05,-17.011423,-11.512925464970229,3.0,3
5379,-16.72836,-18.858646,-17.659706,-16.66817,-4.7689537e-07,1.0,5
5380,-11.512925464970229,-11.512925464970229,-11.512925464970229,-11.512925464970229,-11.512925464970229,5.0,-1
5381,-19.045425,-11.512925464970229,-11.512925464970229,-15.814343,-4.7689537e-07,4.0,5
5382,-11.512925464970229,-11.512925464970229,-11.512925464970229,-0.00028617607,-8.164925,3.0,4
5383,-11.512925464970229,-11.512925464970229,-18.657192,-4.7689537e-07,-16.18478,4.0,4
5384,-11.512925464970229,-11.512925464970229,-11.512925464970229,-2.2190654,-0.11514361,5.0,5
5385,-16.836287,-17.891333,-17.142282,-16.793276,-1.5496514e-06,5.0,5
5386,-0.17152056,-1.8477138,-17.07867,-11.512925464970229,-16.200052,5.0,1
5387,-11.512925464970229,-11.512925464970229,-18.67189,-5.9602587e-07,-15.393781,4.0,4
5388,-11.512925464970229,-11.512925464970229,-11.512925464970229,-4.411476,-0.01222226,5.0,5
5389,-19.069187,-11.512925464970229,-11.512925464970229,-16.151733,-4.7689537e-07,5.0,5
5390,-11.512925464970229,-11.512925464970229,-16.584396,-4.7689537e-07,-16.152493,3.0,4
5391,-11.512925464970229,-11.512925464970229,-11.512925464970229,-0.18348597,-1.786149,3.0,4
5392,-17.300888,-16.897356,-7.152119e-07,-14.941832,-17.241253,5.0,3
5393,-11.512925464970229,-11.512925464970229,-11.512925464970229,-5.594075,-0.0037318938,4.0,5
5394,-15.508428,-5.9600343e-06,-12.188956,-19.046549,-16.42652,4.0,2
5395,-16.253632,-13.433441,-0.004642281,-15.536301,-11.512925464970229,5.0,3
5396,-11.512925464970229,-11.512925464970229,-11.512925464970229,-11.512925464970229,-11.512925464970229,5.0,-1
5397,-20.029156,-11.512925464970229,-11.512925464970229,-15.4033,-5.9602587e-07,4.0,5
5398,-11.512925464970229,-16.462336,-0.0035850897,-5.6343775,-11.512925464970229,3.0,3
5399,-11.512925464970229,-11.512925464970229,-16.60194,-9.5367386e-07,-15.296491,4.0,4
5400,-19.071909,-11.512925464970229,-11.512925464970229,-14.211212,-1.072883e-06,4.0,5
5401,-11.512925464970229,-11.512925464970229,-11.512925464970229,-13.882951,-1.6689067e-06,5.0,5
5402,-11.512925464970229,-17.22567,-0.035471097,-3.3569376,-11.512925464970229,3.0,3
5403,-11.512925464970229,-11.512925464970229,-11.512925464970229,-0.0020316755,-6.200888,3.0,4
5404,-13.310915,-14.965123,-14.350351,-12.874505,-1.680912e-05,4.0,5
5405,-19.856998,-11.512925464970229,-11.512925464970229,-16.686703,0.0,5.0,5
5406,-17.115414,-2.2291886e-05,-16.03899,-11.512925464970229,-11.512925464970229,4.0,2
5407,-11.512925464970229,-11.512925464970229,-1.2026263,-0.35737717,-11.512925464970229,4.0,4
5408,-16.17017,-18.372099,-17.74144,-18.108923,-4.7689537e-07,5.0,5
5409,-17.999989,-11.512925464970229,-11.512925464970229,-16.478167,-3.5760596e-07,2.0,5
5410,-11.512925464970229,-11.512925464970229,-11.512925464970229,-11.512925464970229,-11.512925464970229,4.0,-1
5411,-11.512925464970229,-11.512925464970229,-11.512925464970229,-11.512925464970229,-11.512925464970229,3.0,-1
5412,-5.364403e-06,-11.512925464970229,-11.512925464970229,-11.512925464970229,-11.512925464970229,5.0,1
5413,-11.512925464970229,-11.512925464970229,-11.512925464970229,-10.420569,-3.159326e-05,5.0,5
5414,-17.299963,-0.0013949176,-6.577193,-17.23117,-15.46423,3.0,2
5415,-11.512925464970229,-11.512925464970229,-11.512925464970229,-0.013855196,-4.286272,3.0,4
5416,-16.60825,-11.512925464970229,-17.583754,-16.686903,-1.1920517e-06,5.0,5
5417,-19.471088,-11.512925464970229,-11.512925464970229,-17.173435,-3.5760596e-07,4.0,5
5418,-17.240536,-0.0015104994,-6.497719,-17.53976,-15.51184,3.0,2
5419,-14.817243,-16.05831,-16.599464,-14.94262,-3.9342685e-06,4.0,5
5420,-11.512925464970229,-11.512925464970229,-11.512925464970229,-13.84569,-2.0266912e-06,5.0,5
5421,-19.418575,-11.512925464970229,-11.512925464970229,-15.693748,-7.152119e-07,4.0,5
5422,-11.512925464970229,-15.320621,-4.7689537e-07,-17.451649,-20.724257,4.0,3
5423,-15.997467,-18.251083,-17.452768,-16.803734,-7.1525545e-07,4.0,5
5424,-11.512925464970229,-11.512925464970229,-11.512925464970229,-11.512925464970229,-11.512925464970229,4.0,-1
5425,-19.806902,-11.512925464970229,-11.512925464970229,-15.346313,-5.9602587e-07,5.0,5
5426,-11.512925464970229,-11.512925464970229,-11.512925464970229,-7.92481,-0.0003656447,3.0,5
5427,-11.512925464970229,-11.512925464970229,-17.243423,-1.1920517e-06,-14.069676,3.0,4
5428,-11.512925464970229,-11.512925464970229,-11.512925464970229,-11.512925464970229,-11.512925464970229,5.0,-1
5429,-19.646362,-11.512925464970229,-11.512925464970229,-16.109669,-3.5760596e-07,5.0,5
5430,-13.262789,-2.8610186e-06,-14.768649,-19.17597,-16.364798,3.0,2
5431,-11.512925464970229,-11.512925464970229,-11.512925464970229,-0.17450204,-1.832009,5.0,4
5432,-11.512925464970229,-11.512925464970229,-11.512925464970229,-11.512925464970229,-11.512925464970229,5.0,-1
5433,-16.759808,-18.20236,-18.35455,-17.820173,-7.152119e-07,4.0,5
5434,-14.542073,-2.7418098e-06,-15.412942,-11.512925464970229,-11.512925464970229,5.0,2
5435,-11.512925464970229,-11.512925464970229,-16.560003,-9.537907e-07,-16.040058,4.0,4
5436,-11.512925464970229,-11.512925464970229,-11.512925464970229,-11.512925464970229,-11.512925464970229,5.0,-1
5437,-11.512925464970229,-11.512925464970229,-11.512925464970229,-5.211736,-0.0054734778,5.0,5
5438,-11.512925464970229,-11.512925464970229,-11.512925464970229,-11.512925464970229,-11.512925464970229,3.0,-1
5439,-19.457764,-13.427853,-6.1988635e-06,-12.482813,-19.429298,3.0,3
5440,-0.01867508,-14.92501,-11.512925464970229,-11.512925464970229,-11.512925464970229,5.0,1
5441,-11.512925464970229,-11.512925464970229,-11.512925464970229,-12.772715,-3.5763796e-06,4.0,5
5442,-1.7285198e-05,-10.987993,-18.787922,-18.388132,-18.965998,4.0,1
5443,-20.27774,-12.567699,-3.6956835e-06,-18.214542,-19.883675,4.0,3
5444,-17.508177,-11.512925464970229,-11.512925464970229,-5.9602587e-07,-17.25341,5.0,4
5445,-18.789852,-11.512925464970229,-11.512925464970229,-17.422981,-1.1922384e-07,4.0,5
5446,-11.512925464970229,-11.512925464970229,-11.512925464970229,-0.012242407,-4.409396,4.0,4
5447,-11.512925464970229,-11.512925464970229,-15.587267,-4.7689537e-07,-18.803833,4.0,4
5448,-11.512925464970229,-11.512925464970229,-11.512925464970229,-1.0132179e-05,-11.569546,5.0,4
5449,-11.512925464970229,-11.512925464970229,-11.512925464970229,-0.0825742,-2.5351193,5.0,4
5450,-16.471968,-11.512925464970229,-17.019114,-15.870119,-1.1920517e-06,3.0,5
5451,-15.835704,-0.00043214686,-7.7509394,-18.150217,-16.870321,4.0,2
5452,-19.074581,-11.512925464970229,-11.512925464970229,-16.83492,-2.3844768e-07,5.0,5
5453,-19.242159,-11.512925464970229,-11.512925464970229,-15.960748,-5.9602587e-07,5.0,5
5454,-15.579004,-4.2916245e-06,-15.577584,-11.512925464970229,-11.512925464970229,4.0,2
5455,-11.512925464970229,-11.512925464970229,-11.512925464970229,-11.512925464970229,-11.512925464970229,4.0,-1
5456,-19.378992,-11.512925464970229,-11.512925464970229,-15.2294,-7.152119e-07,5.0,5
5457,-17.473557,-19.607378,-19.362837,-18.010715,-1.1922384e-07,5.0,5
5458,-14.202899,-0.0002038271,-11.512925464970229,-11.512925464970229,-11.512925464970229,3.0,2
5459,-17.27556,-5.7216143e-06,-12.292023,-18.292082,-15.152608,4.0,2
5460,-11.512925464970229,-11.512925464970229,-11.512925464970229,-11.512925464970229,-11.512925464970229,5.0,-1
5461,-19.583889,-11.512925464970229,-11.512925464970229,-15.755053,-4.7689537e-07,5.0,5
5462,-19.798136,-11.512925464970229,-11.512925464970229,-14.873948,-5.9602587e-07,4.0,5
5463,-19.950256,-11.512925464970229,-11.512925464970229,-15.451181,-4.7689537e-07,4.0,5
5464,-19.626225,-11.512925464970229,-11.512925464970229,-14.331208,-9.5367386e-07,5.0,5
5465,-19.843672,-11.512925464970229,-11.512925464970229,-17.38079,-2.3844768e-07,4.0,5
5466,-19.808842,-11.512925464970229,-11.512925464970229,-14.879466,-8.344534e-07,5.0,5
5467,-19.038937,-20.93888,-20.998539,-16.033928,-1.19209275e-07,5.0,5
5468,-11.512925464970229,-14.445087,-1.0729074e-06,-16.482822,-20.380201,5.0,3
5469,-11.512925464970229,-11.512925464970229,-11.512925464970229,-9.609576,-6.7951165e-05,5.0,5
5470,-19.908497,-11.512925464970229,-11.512925464970229,-16.92955,-1.1922384e-07,4.0,5
5471,-4.1723165e-06,-12.44813,-19.395561,-19.033077,-19.07124,5.0,1
5472,-11.512925464970229,-11.512925464970229,-11.512925464970229,-11.512925464970229,-11.512925464970229,5.0,-1
5473,-11.512925464970229,-11.512925464970229,-17.979712,-9.537907e-07,-14.401727,1.0,4
5474,-0.05385171,-2.948421,-16.485788,-17.145664,-16.51138,4.0,1
5475,-2.980292e-05,-10.429223,-19.52401,-19.249275,-19.430588,1.0,1
5476,-0.116867825,-2.2046077,-17.146172,-17.098698,-16.12355,2.0,1
5477,-19.243393,-11.512925464970229,-11.512925464970229,-13.220448,-2.2649522e-06,4.0,5
5478,-19.956535,-11.512925464970229,-11.512925464970229,-14.915564,-8.344534e-07,5.0,5
5479,-19.921669,-11.512925464970229,-11.512925464970229,-15.197046,-5.9602587e-07,5.0,5
5480,-19.277332,-11.512925464970229,-11.512925464970229,-13.529456,-1.6689067e-06,5.0,5
5481,-11.512925464970229,-11.512925464970229,-11.512925464970229,-10.380988,-3.1712367e-05,5.0,5
5482,-19.299156,-11.512925464970229,-11.512925464970229,-15.771976,-4.7689537e-07,3.0,5
5483,-1.1920517e-06,-13.872098,-19.654188,-19.169243,-18.7348,3.0,1
5484,-1.1922384e-07,-15.719421,-18.916416,-18.89513,-17.596947,5.0,1
5485,-11.512925464970229,-11.512925464970229,-11.512925464970229,-11.512925464970229,-8.225878e-06,2.0,5
5486,-19.409706,-11.512925464970229,-11.512925464970229,-12.827894,-3.2185512e-06,4.0,5
5487,-19.587376,-11.512925464970229,-11.512925464970229,-16.326502,-3.5760596e-07,1.0,5
5488,-0.015486943,-4.1756716,-16.763508,-11.512925464970229,-18.683886,3.0,1
5489,-17.79019,-20.246103,-11.512925464970229,-16.554682,-3.5760596e-07,4.0,5
5490,-2.07422e-05,-10.796225,-18.703348,-18.816833,-19.616463,4.0,1
5491,-0.21300964,-1.6510684,-17.07846,-11.512925464970229,-16.349865,2.0,1
5492,-16.697428,-2.8608476e-06,-13.131632,-18.860842,-15.551669,4.0,2
5493,-13.67151,-14.57638,-18.605494,-19.454248,-7.271795e-06,1.0,5
5494,-0.0010934476,-16.065203,-11.512925464970229,-11.512925464970229,-11.512925464970229,4.0,1
5495,-2.3844768e-07,-15.474089,-18.853472,-18.431274,-17.877121,4.0,1
5496,-4.7689537e-07,-15.174446,-19.828587,-19.481907,-19.27077,4.0,1
5497,-0.63369185,-0.7563763,-15.517922,-16.676624,-15.808444,3.0,1
5498,-18.56468,-20.353233,-20.931126,-16.636215,-1.1922384e-07,5.0,5
5499,-18.7745,-20.398916,-20.125427,-14.906282,-5.9602587e-07,5.0,5
5500,-19.52305,-11.512925464970229,-11.512925464970229,-14.4813175,-8.344534e-07,2.0,5
5501,-19.09073,-11.512925464970229,-20.015686,-13.207672,-2.1458147e-06,5.0,5
5502,-19.60227,-11.512925464970229,-11.512925464970229,-13.767604,-1.4304238e-06,3.0,5
5503,-11.512925464970229,-11.512925464970229,-11.512925464970229,-11.512925464970229,-11.512925464970229,1.0,-1
5504,-16.382444,-18.569792,-17.19705,-9.537907e-07,-18.140017,4.0,4
5505,-0.012915867,-4.35589,-11.512925464970229,-18.360603,-17.074074,1.0,1
5506,-11.512925464970229,-11.512925464970229,-11.512925464970229,-11.512925464970229,-11.512925464970229,2.0,-1
5507,-11.512925464970229,-11.512925464970229,-11.512925464970229,-13.870094,-2.0266912e-06,5.0,5
5508,-18.8359,-20.116287,-20.234596,-15.647354,-3.5760596e-07,4.0,5
5509,-18.688702,-19.615889,-19.72513,-13.707709,-1.5496514e-06,5.0,5
5510,-11.512925464970229,-11.512925464970229,-12.935541,-2.9800683e-06,-17.80876,5.0,4
5511,-11.512925464970229,-6.1514716,-0.0021626488,-10.727751,-11.512925464970229,5.0,3
5512,-11.512925464970229,-16.34152,-8.344534e-07,-16.417934,-17.761223,5.0,3
5513,-11.512925464970229,-11.512925464970229,-11.512925464970229,-0.006680732,-5.01251,5.0,4
5514,-11.512925464970229,-10.9222975,-0.00019272021,-8.670538,-11.512925464970229,5.0,3
5515,-11.512925464970229,-11.512925464970229,-11.512925464970229,-14.098789,-1.0729074e-06,5.0,5
5516,-19.699749,-11.512925464970229,-11.512925464970229,-15.111775,-3.5762778e-07,5.0,5
5517,-19.350386,-11.512925464970229,-19.943644,-12.221315,-5.2448504e-06,5.0,5
5518,-11.512925464970229,-11.512925464970229,-11.512925464970229,-12.392858,-5.006506e-06,4.0,5
5519,-17.994457,-5.3017173,-0.0050060777,-11.856883,-18.283401,5.0,3
5520,-17.081682,-0.22012478,-1.6215415,-14.7580805,-15.268274,5.0,2
5521,-8.9987135,-0.00012456575,-16.49727,-11.512925464970229,-17.039768,4.0,2
5522,-9.569298,-7.104849e-05,-15.893208,-18.285809,-15.276818,5.0,2
5523,-11.512925464970229,-11.512925464970229,-16.357271,-1.1920517e-06,-14.643239,5.0,4
5524,-19.245943,-11.512925464970229,-11.512925464970229,-13.384015,-1.9075815e-06,4.0,5
5525,-11.512925464970229,-17.916601,-3.8524365,-0.021463836,-11.512925464970229,5.0,4
5526,-16.306429,-0.017996501,-4.0267434,-16.45984,-16.197847,5.0,2
5527,-18.934338,-11.512925464970229,-11.512925464970229,-16.403833,-3.5760596e-07,5.0,5
5528,-18.559021,-20.6116,-11.512925464970229,-16.422405,-3.5760596e-07,5.0,5
5529,-11.512925464970229,-11.512925464970229,-11.512925464970229,-0.11978651,-2.1813824,5.0,4
5530,-11.512925464970229,-11.512925464970229,-11.512925464970229,-12.529299,-4.4107555e-06,4.0,5
5531,-18.47453,-19.626663,-19.472355,-14.0227375,-1.0729074e-06,5.0,5
5532,-19.635584,-20.691843,-20.313227,-15.384705,-3.5760596e-07,5.0,5
5533,-11.512925464970229,-11.512925464970229,-11.512925464970229,-9.138737,-0.0001084736,5.0,5
5534,-11.512925464970229,-11.512925464970229,-11.512925464970229,-11.512925464970229,-11.512925464970229,1.0,-1
5535,-11.512925464970229,-11.512925464970229,-11.512925464970229,-11.512925464970229,-11.512925464970229,1.0,-1
5536,-11.512925464970229,-11.512925464970229,-11.512925464970229,-0.65570617,-0.73206496,4.0,4
5537,-19.172163,-11.512925464970229,-11.512925464970229,-13.667603,-1.5496514e-06,5.0,5
5538,-19.77556,-11.512925464970229,-11.512925464970229,-15.809141,-2.3844768e-07,5.0,5
5539,-11.512925464970229,-8.551335,-0.6853077,-0.7015011,-11.512925464970229,5.0,3
5540,-11.512925464970229,-7.0877557,-0.000885319,-9.979431,-18.278492,5.0,3
5541,-7.152119e-07,-14.688481,-19.094467,-18.85491,-18.755156,5.0,1
5542,-1.6689999e-05,-11.021418,-19.604263,-19.176004,-19.4325,3.0,1
5543,-16.543219,-1.5496514e-06,-14.110173,-19.62037,-16.277353,5.0,2
5544,0.0,-17.381817,-19.689323,-19.59305,-19.458466,1.0,1
5545,-19.097689,-11.512925464970229,-11.512925464970229,-15.698919,-3.5762778e-07,5.0,5
5546,-19.587465,-11.512925464970229,-20.001818,-11.986299,-6.5561944e-06,5.0,5
5547,-11.512925464970229,-11.512925464970229,-11.512925464970229,-10.919934,-1.8596147e-05,5.0,5
5548,-11.512925464970229,-11.512925464970229,-11.512925464970229,-11.057179,-1.6213524e-05,4.0,5
5549,-19.78901,-11.512925464970229,-11.512925464970229,-16.851704,-2.3844768e-07,5.0,5
5550,-19.048365,-11.512925464970229,-11.512925464970229,-16.653467,-1.1922384e-07,3.0,5
5551,-19.596006,-11.512925464970229,-11.512925464970229,-17.166893,-1.1922384e-07,5.0,5
5552,-19.550047,-11.512925464970229,-11.512925464970229,-16.464815,-2.3844768e-07,5.0,5
5553,-11.512925464970229,-11.512925464970229,-11.512925464970229,-11.646438,-9.536374e-06,5.0,5
5554,-0.6931794,-11.512925464970229,-11.512925464970229,-11.512925464970229,-11.512925464970229,4.0,1
5555,-11.512925464970229,-11.512925464970229,-11.512925464970229,-11.512925464970229,-11.512925464970229,4.0,-1
5556,-22.47187,-21.844128,-22.80534,0.0,-11.512925464970229,4.0,4
5557,-1.6760958,-0.20717034,-16.112902,-16.992231,-14.196475,2.0,2
5558,-0.70502025,-0.68143016,-15.370408,-16.561636,-15.43899,5.0,2
5559,-16.102016,-3.2185512e-06,-16.339268,-18.974567,-11.512925464970229,5.0,2
5560,-11.512925464970229,-11.512925464970229,-11.512925464970229,-11.512925464970229,-11.512925464970229,3.0,-1
5561,-11.512925464970229,-11.512925464970229,-11.512925464970229,-5.1656327,-0.005728361,4.0,5
5562,-11.512925464970229,-11.512925464970229,-11.512925464970229,-11.512925464970229,-11.512925464970229,5.0,-1
5563,-3.5760596e-07,-14.914921,-20.37801,-20.557665,-20.326706,2.0,1
5564,-16.509592,-2.9800683e-06,-12.904504,-18.507862,-16.537262,5.0,2
5565,-11.512925464970229,-11.512925464970229,-11.512925464970229,-5.6272388,-0.0036079965,4.0,5
5566,-19.617874,-2.3844768e-07,-15.52199,-19.790527,-11.512925464970229,4.0,2
5567,-11.512925464970229,-11.512925464970229,-11.512925464970229,-6.190864,-0.0020520382,4.0,5
5568,-19.607834,-11.512925464970229,-11.512925464970229,-14.73275,-8.344534e-07,5.0,5
5569,-11.512925464970229,-18.328176,-12.102975,-5.9600343e-06,-18.858335,2.0,4
5570,-19.125175,-11.512925464970229,-11.512925464970229,-15.401224,-5.9602587e-07,5.0,5
5571,-8.225407e-06,-11.76376,-19.063828,-19.2003,-19.722422,3.0,1
5572,-11.512925464970229,-7.9854054,-0.00034193238,-17.06357,-18.708239,3.0,3
5573,-1.1922384e-07,-16.122854,-20.203676,-20.002888,-19.366812,1.0,1
5574,-11.512925464970229,-11.512925464970229,-11.512925464970229,-0.009696556,-4.641046,5.0,4
5575,-11.512925464970229,-11.512925464970229,-11.512925464970229,-2.9130015,-0.055848606,4.0,5
5576,-0.38141745,-1.1486199,-17.34625,-11.512925464970229,-16.950537,5.0,1
5577,-20.126188,-11.512925464970229,-11.512925464970229,-16.170233,-2.3844768e-07,5.0,5
5578,-11.512925464970229,-11.512925464970229,-11.512925464970229,-8.641474,-0.00017770272,3.0,5
5579,-11.512925464970229,-11.512925464970229,-11.512925464970229,-9.219623,-0.00010036583,1.0,5
5580,-19.659826,-11.512925464970229,-11.512925464970229,-16.340002,-2.3844768e-07,5.0,5
5581,-11.512925464970229,-11.512925464970229,-18.456432,-1.02513495e-05,-11.519516,1.0,4
5582,-16.419899,-1.1920517e-06,-15.828923,-19.029747,-19.155867,5.0,2
5583,-19.764297,-11.512925464970229,-11.512925464970229,-15.226113,-5.9602587e-07,5.0,5
5584,-19.376518,-11.512925464970229,-11.512925464970229,-13.47283,-1.6689067e-06,4.0,5
5585,-18.24782,-19.05529,-18.87079,-12.334979,-4.649037e-06,5.0,5
5586,-11.512925464970229,-11.512925464970229,-11.512925464970229,-13.913756,-1.6689067e-06,5.0,5
5587,-11.512925464970229,-11.512925464970229,-11.512925464970229,-8.656504,-0.00017593743,1.0,5
5588,-11.512925464970229,-11.512925464970229,-11.512925464970229,-0.0013340848,-6.6211214,2.0,4
5589,-20.295137,-11.512925464970229,-11.512925464970229,-16.382942,-3.5760596e-07,5.0,5
5590,-20.028702,-11.512925464970229,-11.512925464970229,-15.9704,-2.3844768e-07,4.0,5
5591,-11.512925464970229,-11.512925464970229,-11.512925464970229,-14.118136,-1.0729074e-06,5.0,5
5592,-19.630836,-11.512925464970229,-11.512925464970229,-14.994104,-5.960463e-07,5.0,5
5593,-18.622162,-12.973232,-2.9802277e-06,-14.997739,-20.227142,4.0,3
5594,-11.512925464970229,-11.512925464970229,-11.512925464970229,-4.404666,-0.012299641,5.0,5
5595,-19.011656,-11.512925464970229,-11.512925464970229,-15.89179,-3.5760596e-07,5.0,5
5596,-11.512925464970229,-11.512925464970229,-11.512925464970229,-10.660566,-2.4556812e-05,4.0,5
5597,-11.512925464970229,-11.512925464970229,-11.512925464970229,-7.5204797,-0.00054415496,5.0,5
5598,-11.512925464970229,-11.512925464970229,-11.512925464970229,-5.9725135e-05,-9.742801,5.0,4
5599,-11.512925464970229,-8.488852,-0.00029403836,-9.388723,-11.512925464970229,3.0,3
5600,-11.512925464970229,-15.857183,-4.6728946e-05,-9.98725,-11.512925464970229,5.0,3
5601,-18.746084,-8.446756,-0.00021574555,-16.026493,-18.829012,5.0,3
5602,-19.26074,-11.512925464970229,-11.512925464970229,-14.050029,-1.1920517e-06,4.0,5
5603,-11.512925464970229,-11.512925464970229,-17.37443,-0.04456186,-3.1331468,5.0,4
5604,-19.124767,-11.512925464970229,-11.512925464970229,-12.435277,-4.529893e-06,5.0,5
5605,-4.7689537e-07,-15.477629,-20.024673,-19.455172,-19.667606,1.0,1
5606,-20.083744,-11.512925464970229,-11.512925464970229,-14.854136,-7.152119e-07,5.0,5
5607,-19.593489,-11.512925464970229,-11.512925464970229,-14.265384,-1.1920517e-06,5.0,5
5608,-11.512925464970229,-11.512925464970229,-11.512925464970229,-0.9559986,-0.48521727,4.0,5
5609,-1.060888e-05,-11.480201,-20.00167,-20.198507,-19.814701,5.0,1
5610,-11.512925464970229,-11.512925464970229,-11.512925464970229,-0.58343375,-0.8164278,5.0,4
5611,-0.0001095468,-9.122712,-19.243834,-19.393587,-19.416906,4.0,1
5612,-18.485683,-20.934238,-21.156406,-17.830334,0.0,5.0,5
5613,-19.776209,-11.512925464970229,-11.512925464970229,-13.480564,-1.7881898e-06,5.0,5
5614,-19.608315,-11.512925464970229,-11.512925464970229,-16.997242,-1.19209275e-07,3.0,5
5615,-19.759266,-11.512925464970229,-11.512925464970229,-17.196003,-1.1922384e-07,5.0,5
5616,-19.359398,-11.512925464970229,-11.512925464970229,-14.205458,-9.537907e-07,5.0,5
5617,-19.916565,-11.512925464970229,-11.512925464970229,-16.149357,-3.5762778e-07,5.0,5
5618,-13.895661,-2.9800683e-06,-13.4769535,-19.907343,-16.238762,4.0,2
5619,-0.0005055647,-7.591215,-18.748386,-18.467691,-18.737886,4.0,1
5620,-11.512925464970229,-11.512925464970229,-11.512925464970229,-11.512925464970229,-11.512925464970229,4.0,-1
5621,-19.779247,-11.512925464970229,-11.512925464970229,-16.416882,-3.5760596e-07,4.0,5
5622,-11.512925464970229,-11.512925464970229,-11.512925464970229,-6.9345074,-0.00097649696,5.0,5
5623,-11.512925464970229,-11.512925464970229,-11.512925464970229,-0.15766454,-1.9251378,5.0,4
5624,-19.526577,-11.512925464970229,-11.512925464970229,-13.996893,-1.1920517e-06,5.0,5
5625,-7.471952,-0.0005696442,-16.015043,-19.1253,-17.39625,1.0,2
5626,-19.051702,-11.512925464970229,-11.512925464970229,-13.55207,-1.6689067e-06,3.0,5
5627,-11.512925464970229,-11.512925464970229,-11.512925464970229,-11.9716625,-7.1525124e-06,5.0,5
5628,-11.512925464970229,-11.512925464970229,-11.512925464970229,-13.4179,-2.2649522e-06,5.0,5
5629,-18.928947,-20.797718,-20.633839,-15.730335,-1.19209275e-07,5.0,5
5630,-19.27319,-20.452065,-20.01518,-13.739094,-1.1920517e-06,4.0,5
5631,-19.685785,-11.512925464970229,-11.512925464970229,-13.317584,-2.0265556e-06,5.0,5
5632,-19.127438,-20.359596,-20.122456,-14.745831,-3.5760596e-07,4.0,5
5633,-11.512925464970229,-11.512925464970229,-17.303993,-0.95302355,-0.48707542,4.0,5
5634,-19.851835,-11.512925464970229,-11.512925464970229,-16.69337,0.0,5.0,5
5635,-11.512925464970229,-11.512925464970229,-11.512925464970229,-11.512925464970229,-11.512925464970229,5.0,-1
5636,-11.512925464970229,-11.512925464970229,-11.512925464970229,-13.134873,-2.5032687e-06,4.0,5
5637,-11.512925464970229,-11.512925464970229,-16.309713,-3.218882e-05,-10.372734,5.0,4
5638,-19.659845,-11.512925464970229,-11.512925464970229,-13.235952,-2.1458147e-06,4.0,5
5639,-11.512925464970229,-11.512925464970229,-11.512925464970229,-10.575487,-2.6702524e-05,5.0,5
5640,-11.512925464970229,-11.512925464970229,-11.512925464970229,-0.20382863,-1.6906946,5.0,4
5641,-11.512925464970229,-11.512925464970229,-19.290808,-0.00023385229,-8.365708,5.0,4
5642,-11.512925464970229,-11.512925464970229,-15.7976675,-2.5032687e-06,-13.122484,5.0,4
5643,-13.361038,-5.328431e-05,-9.877098,-18.332466,-17.56707,5.0,2
5644,-11.512925464970229,-11.512925464970229,-15.1954,-2.0265556e-06,-13.61193,4.0,4
5645,-11.512925464970229,-11.512925464970229,-11.512925464970229,-13.5901,-1.9073467e-06,5.0,5
5646,-17.9937,-0.002905661,-5.8435583,-16.31561,-14.821892,5.0,2
5647,-10.900562,-1.9311057e-05,-16.108227,-11.512925464970229,-17.510834,4.0,2
5648,-1.19209275e-07,-15.846114,-19.377096,-19.162169,-18.842388,1.0,1
5649,-11.512925464970229,-11.512925464970229,-11.512925464970229,-2.0661738,-0.13544288,5.0,5
5650,-11.512925464970229,-11.512925464970229,-11.512925464970229,-8.499943,-0.00020454222,4.0,5
5651,-7.7035565,-0.00045241104,-14.841841,-18.23184,-16.396296,5.0,2
5652,-19.597668,-11.512925464970229,-11.512925464970229,-11.774194,-8.3449995e-06,5.0,5
5653,-3.0874726e-05,-10.394968,-19.055527,-18.47591,-20.07196,1.0,1
5654,-0.10105286,-2.342235,-16.20718,-16.827295,-15.420575,5.0,1
5655,-11.512925464970229,-11.512925464970229,-11.512925464970229,-12.467137,-4.529893e-06,5.0,5
5656,-19.105017,-11.512925464970229,-11.512925464970229,-14.595716,-7.152119e-07,4.0,5
5657,-19.35769,-11.512925464970229,-11.512925464970229,-14.290962,-9.537907e-07,5.0,5
5658,-10.819582,-12.924582,-2.3007127e-05,-17.335524,-19.459915,3.0,3
5659,-2.2291886e-05,-10.729823,-18.524094,-18.351456,-19.080135,5.0,1
5660,-11.512925464970229,-11.512925464970229,-11.512925464970229,-8.35855,-0.00023564107,5.0,5
5661,-0.010752507,-4.538207,-11.512925464970229,-17.83005,-17.691412,5.0,1
5662,-11.512925464970229,-11.512925464970229,-11.512925464970229,-11.471996,-1.1563233e-05,4.0,5
5663,-19.643356,-11.512925464970229,-11.512925464970229,-13.909141,-1.3112239e-06,5.0,5
5664,-11.512925464970229,-11.512925464970229,-11.512925464970229,-15.41879,-5.9602587e-07,5.0,5
5665,-19.393257,-11.512925464970229,-11.512925464970229,-14.841317,-7.1525545e-07,5.0,5
5666,-11.512925464970229,-19.685768,-13.251038,-2.0265556e-06,-18.757328,5.0,4
5667,-11.512925464970229,-11.512925464970229,-11.512925464970229,-9.425779,-8.177186e-05,4.0,5
5668,-11.512925464970229,-11.512925464970229,-11.512925464970229,-13.939063,-1.4304238e-06,4.0,5
5669,-11.512925464970229,-11.512925464970229,-19.040272,-0.000930353,-6.9814334,5.0,4
5670,-19.79514,-11.512925464970229,-11.512925464970229,-15.662416,-3.5760596e-07,5.0,5
5671,-20.435326,-11.512925464970229,-11.512925464970229,-16.13555,-3.5760596e-07,5.0,5
5672,-18.835884,-20.201729,-11.512925464970229,-15.932286,-2.3844768e-07,5.0,5
5673,-19.152328,-11.512925464970229,-11.512925464970229,-14.486567,-7.1525545e-07,4.0,5
5674,-11.512925464970229,-11.512925464970229,-11.512925464970229,-11.05366,-1.6570877e-05,3.0,5
5675,-11.512925464970229,-11.512925464970229,-16.332806,-0.00048364513,-7.637603,3.0,4
5676,-19.403315,-11.512925464970229,-19.933712,-11.711233,-8.583249e-06,5.0,5
5677,-19.977228,-11.512925464970229,-11.512925464970229,-16.184013,-3.5760596e-07,1.0,5
5678,-19.604519,-11.512925464970229,-11.512925464970229,-16.666636,-2.3844768e-07,5.0,5
5679,-18.805996,-11.512925464970229,-11.512925464970229,-14.741541,-5.9602587e-07,5.0,5
5680,-19.429792,-11.512925464970229,-11.512925464970229,-15.150541,-7.152119e-07,4.0,5
5681,-19.266495,-11.512925464970229,-11.512925464970229,-12.094669,-6.3180723e-06,3.0,5
5682,-11.512925464970229,-11.512925464970229,-11.512925464970229,-0.020073833,-3.9185781,5.0,4
5683,-11.512925464970229,-11.512925464970229,-11.512925464970229,-8.0031395,-0.0003359749,4.0,5
5684,-11.512925464970229,-11.512925464970229,-11.512925464970229,-7.5682654,-0.0005181877,5.0,5
5685,-19.760176,-11.512925464970229,-11.512925464970229,-16.627354,-1.1922384e-07,3.0,5
5686,-19.157871,-11.512925464970229,-11.512925464970229,-10.35471,-3.2546162e-05,4.0,5
5687,-19.749615,-11.512925464970229,-11.512925464970229,-13.79475,-1.4304238e-06,4.0,5
5688,-11.512925464970229,-11.512925464970229,-11.512925464970229,-14.435325,-9.5367386e-07,5.0,5
5689,-11.512925464970229,-11.512925464970229,-11.512925464970229,-4.053162,-0.01752539,4.0,5
5690,-11.512925464970229,-11.512925464970229,-11.512925464970229,-3.3408105,-0.036052424,5.0,5
5691,-14.415925,-6.7947026e-06,-12.096074,-11.512925464970229,-16.26326,5.0,2
5692,-11.512925464970229,-11.512925464970229,-11.512925464970229,-10.650536,-2.467602e-05,3.0,5
5693,-19.241182,-11.512925464970229,-11.512925464970229,-13.274393,-2.2649738e-06,4.0,5
5694,-13.967745,-3.5763796e-06,-13.087273,-19.75053,-17.270885,3.0,2
5695,-15.4988985,-1.1920921e-06,-16.268654,-19.739777,-11.512925464970229,4.0,2
5696,-11.512925464970229,-11.512925464970229,-11.512925464970229,-6.0704465,-0.00231608,5.0,5
5697,-19.364248,-11.512925464970229,-11.512925464970229,-15.393342,-4.7683704e-07,1.0,5
5698,-20.705093,-15.004467,-8.344534e-07,-15.220332,-20.470295,4.0,3
5699,-11.512925464970229,-11.512925464970229,-10.797297,-2.109982e-05,-18.306707,4.0,4
5700,-11.512925464970229,-11.512925464970229,-11.512925464970229,-12.368529,-4.8875686e-06,4.0,5
5701,-19.268108,-11.512925464970229,-11.512925464970229,-11.453397,-1.1324027e-05,2.0,5
5702,-19.608437,-11.512925464970229,-11.512925464970229,-13.579735,-1.6689067e-06,5.0,5
5703,-1.7975905,-0.1812003,-16.478928,-11.512925464970229,-15.262424,1.0,2
5704,-11.512925464970229,-11.512925464970229,-11.512925464970229,-13.371192,-2.3841035e-06,2.0,5
5705,-11.512925464970229,-11.512925464970229,-11.512925464970229,-9.487118,-7.664811e-05,5.0,5
5706,-0.00044371773,-7.721727,-19.137337,-19.328012,-19.039999,5.0,1
5707,-11.512925464970229,-11.512925464970229,-14.4089365,-9.537907e-07,-17.36843,5.0,4
5708,-11.512925464970229,-11.512925464970229,-11.512925464970229,-7.8777742,-0.00038030217,5.0,5
5709,-11.512925464970229,-11.512925464970229,-11.512925464970229,-0.37841523,-1.1551315,2.0,4
5710,-11.512925464970229,-11.512925464970229,-11.512925464970229,-0.69919044,-0.6871627,3.0,5
5711,-11.512925464970229,-11.512925464970229,-11.512925464970229,-11.512925464970229,-11.512925464970229,3.0,-1
5712,-11.512925464970229,-11.512925464970229,-11.512925464970229,-12.051751,-6.43695e-06,3.0,5
5713,-0.25954378,-1.475818,-16.912975,-17.565683,-16.36942,3.0,1
5714,-18.322954,-11.512925464970229,-11.512925464970229,-8.738864,-0.00016139634,4.0,5
5715,-11.512925464970229,-11.512925464970229,-11.512925464970229,-8.415506,-0.00022300115,1.0,5
5716,-11.512925464970229,-11.512925464970229,-11.512925464970229,-12.168275,-5.722029e-06,4.0,5
5717,-11.512925464970229,-11.512925464970229,-13.889984,-1.1920517e-06,-17.479399,3.0,4
5718,-11.512925464970229,-11.512925464970229,-11.512925464970229,-14.09044,-1.0729074e-06,5.0,5
