sample_id,gt_score,parsed_score,error,abs_error,orig_dataset
0,3.0,3,0.0,0.0,coco
1,2.0,1,-1.0,1.0,coco
2,4.0,5,1.0,1.0,coco
3,2.0,3,1.0,1.0,coco
4,3.0,3,0.0,0.0,coco
5,4.0,3,-1.0,1.0,coco
6,5.0,4,-1.0,1.0,coco
7,3.0,3,0.0,0.0,coco
8,2.0,2,0.0,0.0,coco
9,1.0,1,0.0,0.0,coco
10,5.0,3,-2.0,2.0,coco
11,1.0,2,1.0,1.0,coco
12,4.0,3,-1.0,1.0,coco
13,4.0,3,-1.0,1.0,coco
14,4.0,4,0.0,0.0,coco
15,5.0,3,-2.0,2.0,coco
16,3.0,4,1.0,1.0,coco
17,4.0,4,0.0,0.0,coco
18,3.0,4,1.0,1.0,coco
19,3.0,4,1.0,1.0,coco
20,4.0,4,0.0,0.0,coco
21,4.0,4,0.0,0.0,coco
22,5.0,5,0.0,0.0,coco
23,3.0,3,0.0,0.0,coco
24,3.0,5,2.0,2.0,coco
25,4.0,5,1.0,1.0,coco
26,5.0,5,0.0,0.0,coco
27,4.0,4,0.0,0.0,coco
28,3.0,5,2.0,2.0,coco
29,5.0,4,-1.0,1.0,coco
30,4.0,4,0.0,0.0,coco
31,4.0,3,-1.0,1.0,coco
32,4.0,5,1.0,1.0,coco
33,5.0,4,-1.0,1.0,coco
34,4.0,3,-1.0,1.0,coco
35,4.0,1,-3.0,3.0,coco
36,4.0,4,0.0,0.0,coco
37,5.0,5,0.0,0.0,coco
38,3.0,4,1.0,1.0,coco
39,4.0,4,0.0,0.0,coco
40,3.0,3,0.0,0.0,coco
41,4.0,5,1.0,1.0,coco
42,4.0,3,-1.0,1.0,coco
43,3.0,3,0.0,0.0,coco
44,3.0,3,0.0,0.0,coco
45,4.0,5,1.0,1.0,coco
46,3.0,3,0.0,0.0,coco
47,2.0,3,1.0,1.0,coco
48,2.0,3,1.0,1.0,coco
49,3.0,5,2.0,2.0,coco
50,3.0,4,1.0,1.0,coco
51,2.0,3,1.0,1.0,coco
52,3.0,2,-1.0,1.0,coco
53,3.0,4,1.0,1.0,coco
54,3.0,3,0.0,0.0,coco
55,3.0,4,1.0,1.0,coco
56,4.0,4,0.0,0.0,coco
57,4.0,4,0.0,0.0,coco
58,5.0,3,-2.0,2.0,coco
59,4.0,4,0.0,0.0,coco
60,3.0,4,1.0,1.0,coco
61,4.0,5,1.0,1.0,coco
62,4.0,5,1.0,1.0,coco
63,4.0,4,0.0,0.0,coco
64,4.0,4,0.0,0.0,coco
65,5.0,5,0.0,0.0,coco
66,2.0,3,1.0,1.0,coco
67,4.0,4,0.0,0.0,coco
68,3.0,4,1.0,1.0,coco
69,4.0,5,1.0,1.0,coco
70,4.0,4,0.0,0.0,coco
71,5.0,4,-1.0,1.0,coco
72,4.0,4,0.0,0.0,coco
73,4.0,5,1.0,1.0,coco
74,3.0,4,1.0,1.0,coco
75,4.0,4,0.0,0.0,coco
76,4.0,4,0.0,0.0,coco
77,5.0,5,0.0,0.0,coco
78,4.0,4,0.0,0.0,coco
79,4.0,4,0.0,0.0,coco
80,3.0,4,1.0,1.0,coco
81,5.0,5,0.0,0.0,coco
82,3.0,3,0.0,0.0,coco
83,4.0,5,1.0,1.0,coco
84,4.0,4,0.0,0.0,coco
85,5.0,4,-1.0,1.0,coco
86,4.0,3,-1.0,1.0,coco
87,3.0,3,0.0,0.0,coco
88,3.0,4,1.0,1.0,coco
89,4.0,5,1.0,1.0,coco
90,3.0,3,0.0,0.0,coco
91,1.0,4,3.0,3.0,coco
92,1.0,2,1.0,1.0,coco
93,4.0,3,-1.0,1.0,coco
94,4.0,3,-1.0,1.0,coco
95,4.0,4,0.0,0.0,coco
96,4.0,4,0.0,0.0,coco
97,5.0,5,0.0,0.0,coco
98,4.0,4,0.0,0.0,coco
99,4.0,5,1.0,1.0,coco
100,4.0,4,0.0,0.0,coco
101,5.0,5,0.0,0.0,coco
102,4.0,5,1.0,1.0,coco
103,3.0,3,0.0,0.0,coco
104,3.0,3,0.0,0.0,coco
105,5.0,5,0.0,0.0,coco
106,4.0,4,0.0,0.0,coco
107,3.0,4,1.0,1.0,coco
108,4.0,4,0.0,0.0,coco
109,5.0,5,0.0,0.0,coco
110,4.0,5,1.0,1.0,coco
111,2.0,2,0.0,0.0,coco
112,4.0,3,-1.0,1.0,coco
113,4.0,4,0.0,0.0,coco
114,3.0,3,0.0,0.0,coco
115,4.0,1,-3.0,3.0,coco
116,3.0,4,1.0,1.0,coco
117,5.0,5,0.0,0.0,coco
118,4.0,1,-3.0,3.0,coco
119,3.0,2,-1.0,1.0,coco
120,2.0,1,-1.0,1.0,coco
121,2.0,4,2.0,2.0,coco
122,3.0,4,1.0,1.0,coco
123,2.0,1,-1.0,1.0,coco
124,4.0,3,-1.0,1.0,coco
125,4.0,5,1.0,1.0,coco
126,5.0,3,-2.0,2.0,coco
127,3.0,5,2.0,2.0,coco
128,5.0,5,0.0,0.0,coco
129,5.0,5,0.0,0.0,coco
130,5.0,5,0.0,0.0,coco
131,4.0,5,1.0,1.0,coco
132,4.0,5,1.0,1.0,coco
133,4.0,5,1.0,1.0,coco
134,4.0,5,1.0,1.0,coco
135,3.0,2,-1.0,1.0,coco
136,4.0,3,-1.0,1.0,coco
137,5.0,3,-2.0,2.0,coco
138,3.0,3,0.0,0.0,coco
139,5.0,4,-1.0,1.0,coco
140,4.0,5,1.0,1.0,coco
141,4.0,4,0.0,0.0,coco
142,4.0,2,-2.0,2.0,coco
143,5.0,3,-2.0,2.0,coco
144,3.0,4,1.0,1.0,coco
145,4.0,3,-1.0,1.0,coco
146,4.0,4,0.0,0.0,coco
147,3.0,2,-1.0,1.0,coco
148,3.0,4,1.0,1.0,coco
149,4.0,5,1.0,1.0,coco
150,3.0,4,1.0,1.0,coco
151,4.0,2,-2.0,2.0,coco
152,3.0,1,-2.0,2.0,coco
153,4.0,4,0.0,0.0,coco
154,2.0,4,2.0,2.0,coco
155,3.0,3,0.0,0.0,coco
156,1.0,5,4.0,4.0,coco
157,5.0,4,-1.0,1.0,coco
158,4.0,2,-2.0,2.0,coco
159,4.0,5,1.0,1.0,coco
160,4.0,4,0.0,0.0,coco
161,5.0,4,-1.0,1.0,coco
162,3.0,5,2.0,2.0,coco
163,3.0,2,-1.0,1.0,coco
164,5.0,2,-3.0,3.0,coco
165,5.0,4,-1.0,1.0,coco
166,5.0,3,-2.0,2.0,coco
167,4.0,4,0.0,0.0,coco
168,3.0,4,1.0,1.0,coco
169,4.0,5,1.0,1.0,coco
170,4.0,3,-1.0,1.0,coco
171,3.0,1,-2.0,2.0,coco
172,3.0,5,2.0,2.0,coco
173,5.0,3,-2.0,2.0,coco
174,3.0,2,-1.0,1.0,coco
175,3.0,3,0.0,0.0,coco
176,4.0,3,-1.0,1.0,coco
177,4.0,4,0.0,0.0,coco
178,5.0,4,-1.0,1.0,coco
179,3.0,4,1.0,1.0,coco
180,3.0,4,1.0,1.0,coco
181,3.0,4,1.0,1.0,coco
182,5.0,3,-2.0,2.0,coco
183,3.0,2,-1.0,1.0,coco
184,2.0,2,0.0,0.0,coco
185,4.0,3,-1.0,1.0,coco
186,2.0,3,1.0,1.0,coco
187,5.0,3,-2.0,2.0,coco
188,5.0,4,-1.0,1.0,coco
189,4.0,5,1.0,1.0,coco
190,5.0,4,-1.0,1.0,coco
191,4.0,4,0.0,0.0,coco
192,4.0,4,0.0,0.0,coco
193,4.0,5,1.0,1.0,coco
194,3.0,4,1.0,1.0,coco
195,3.0,3,0.0,0.0,coco
196,4.0,3,-1.0,1.0,coco
197,5.0,4,-1.0,1.0,coco
198,5.0,3,-2.0,2.0,coco
199,4.0,4,0.0,0.0,coco
200,5.0,5,0.0,0.0,coco
201,4.0,5,1.0,1.0,coco
202,2.0,5,3.0,3.0,coco
203,3.0,3,0.0,0.0,coco
204,5.0,4,-1.0,1.0,coco
205,5.0,4,-1.0,1.0,coco
206,4.0,3,-1.0,1.0,coco
207,2.0,3,1.0,1.0,coco
208,4.0,3,-1.0,1.0,coco
209,5.0,5,0.0,0.0,coco
210,1.0,3,2.0,2.0,coco
211,4.0,4,0.0,0.0,coco
212,4.0,4,0.0,0.0,coco
213,5.0,5,0.0,0.0,coco
214,4.0,5,1.0,1.0,coco
215,3.0,2,-1.0,1.0,coco
216,3.0,4,1.0,1.0,coco
217,3.0,1,-2.0,2.0,coco
218,1.0,1,0.0,0.0,coco
219,4.0,4,0.0,0.0,coco
220,4.0,5,1.0,1.0,coco
221,4.0,5,1.0,1.0,coco
222,4.0,5,1.0,1.0,coco
223,3.0,3,0.0,0.0,coco
224,4.0,4,0.0,0.0,coco
225,3.0,4,1.0,1.0,coco
226,4.0,3,-1.0,1.0,coco
227,4.0,3,-1.0,1.0,coco
228,3.0,4,1.0,1.0,coco
229,4.0,5,1.0,1.0,coco
230,4.0,5,1.0,1.0,coco
231,1.0,4,3.0,3.0,coco
232,3.0,4,1.0,1.0,coco
233,4.0,5,1.0,1.0,coco
234,4.0,5,1.0,1.0,coco
235,2.0,1,-1.0,1.0,coco
236,4.0,3,-1.0,1.0,coco
237,5.0,3,-2.0,2.0,coco
238,3.0,4,1.0,1.0,coco
239,4.0,3,-1.0,1.0,coco
240,4.0,5,1.0,1.0,coco
241,4.0,4,0.0,0.0,coco
242,4.0,5,1.0,1.0,coco
243,4.0,4,0.0,0.0,coco
244,5.0,5,0.0,0.0,coco
245,5.0,4,-1.0,1.0,coco
246,5.0,3,-2.0,2.0,coco
247,5.0,4,-1.0,1.0,coco
248,4.0,5,1.0,1.0,coco
249,5.0,4,-1.0,1.0,coco
250,5.0,5,0.0,0.0,coco
251,5.0,3,-2.0,2.0,coco
252,4.0,5,1.0,1.0,coco
253,3.0,3,0.0,0.0,coco
254,4.0,5,1.0,1.0,coco
255,4.0,4,0.0,0.0,coco
256,5.0,5,0.0,0.0,coco
257,4.0,5,1.0,1.0,coco
258,4.0,4,0.0,0.0,coco
259,4.0,5,1.0,1.0,coco
260,4.0,4,0.0,0.0,coco
261,4.0,5,1.0,1.0,coco
262,3.0,4,1.0,1.0,coco
263,4.0,4,0.0,0.0,coco
264,5.0,5,0.0,0.0,coco
265,4.0,5,1.0,1.0,coco
266,5.0,4,-1.0,1.0,coco
267,1.0,4,3.0,3.0,coco
268,5.0,5,0.0,0.0,coco
269,4.0,5,1.0,1.0,coco
270,4.0,4,0.0,0.0,coco
271,4.0,5,1.0,1.0,coco
272,4.0,5,1.0,1.0,coco
273,3.0,3,0.0,0.0,coco
274,5.0,4,-1.0,1.0,coco
275,5.0,5,0.0,0.0,coco
276,5.0,5,0.0,0.0,coco
277,5.0,4,-1.0,1.0,coco
278,5.0,3,-2.0,2.0,coco
279,5.0,1,-4.0,4.0,coco
280,1.0,1,0.0,0.0,coco
281,4.0,3,-1.0,1.0,coco
282,3.0,4,1.0,1.0,coco
283,4.0,5,1.0,1.0,coco
284,4.0,2,-2.0,2.0,coco
285,4.0,5,1.0,1.0,coco
286,5.0,5,0.0,0.0,coco
287,1.0,1,0.0,0.0,coco
288,5.0,4,-1.0,1.0,coco
289,4.0,4,0.0,0.0,coco
290,4.0,2,-2.0,2.0,coco
291,5.0,4,-1.0,1.0,coco
292,2.0,1,-1.0,1.0,coco
293,3.0,4,1.0,1.0,coco
294,4.0,5,1.0,1.0,coco
295,5.0,5,0.0,0.0,coco
296,3.0,4,1.0,1.0,coco
297,3.0,4,1.0,1.0,coco
298,3.0,4,1.0,1.0,coco
299,1.0,2,1.0,1.0,coco
300,5.0,3,-2.0,2.0,coco
301,4.0,3,-1.0,1.0,coco
302,4.0,5,1.0,1.0,coco
303,5.0,4,-1.0,1.0,coco
304,4.0,4,0.0,0.0,coco
305,5.0,3,-2.0,2.0,coco
306,5.0,3,-2.0,2.0,coco
307,5.0,3,-2.0,2.0,coco
308,5.0,1,-4.0,4.0,coco
309,2.0,4,2.0,2.0,coco
310,4.0,4,0.0,0.0,coco
311,4.0,5,1.0,1.0,coco
312,3.0,4,1.0,1.0,coco
313,4.0,4,0.0,0.0,coco
314,4.0,4,0.0,0.0,coco
315,5.0,5,0.0,0.0,coco
316,4.0,4,0.0,0.0,coco
317,5.0,5,0.0,0.0,coco
318,2.0,4,2.0,2.0,coco
319,5.0,5,0.0,0.0,coco
320,2.0,4,2.0,2.0,coco
321,4.0,5,1.0,1.0,coco
322,3.0,4,1.0,1.0,coco
323,5.0,5,0.0,0.0,coco
324,2.0,3,1.0,1.0,coco
325,4.0,5,1.0,1.0,coco
326,3.0,4,1.0,1.0,coco
327,5.0,5,0.0,0.0,coco
328,4.0,3,-1.0,1.0,coco
329,5.0,4,-1.0,1.0,coco
330,4.0,3,-1.0,1.0,coco
331,4.0,5,1.0,1.0,coco
332,4.0,5,1.0,1.0,coco
333,2.0,5,3.0,3.0,coco
334,2.0,3,1.0,1.0,coco
335,4.0,5,1.0,1.0,coco
336,4.0,4,0.0,0.0,coco
337,3.0,2,-1.0,1.0,coco
338,4.0,3,-1.0,1.0,coco
339,4.0,5,1.0,1.0,coco
340,3.0,4,1.0,1.0,coco
341,4.0,2,-2.0,2.0,coco
342,4.0,4,0.0,0.0,coco
343,3.0,5,2.0,2.0,coco
344,3.0,3,0.0,0.0,coco
345,2.0,4,2.0,2.0,coco
346,2.0,2,0.0,0.0,coco
347,4.0,4,0.0,0.0,coco
348,3.0,1,-2.0,2.0,coco
349,5.0,4,-1.0,1.0,coco
350,4.0,3,-1.0,1.0,coco
351,5.0,5,0.0,0.0,coco
352,2.0,3,1.0,1.0,coco
353,4.0,5,1.0,1.0,coco
354,4.0,5,1.0,1.0,coco
355,4.0,5,1.0,1.0,coco
356,4.0,1,-3.0,3.0,coco
357,2.0,3,1.0,1.0,coco
358,5.0,5,0.0,0.0,coco
359,5.0,5,0.0,0.0,coco
360,3.0,4,1.0,1.0,coco
361,4.0,4,0.0,0.0,coco
362,4.0,5,1.0,1.0,coco
363,5.0,5,0.0,0.0,coco
364,4.0,3,-1.0,1.0,coco
365,3.0,3,0.0,0.0,coco
366,5.0,4,-1.0,1.0,coco
367,4.0,4,0.0,0.0,coco
368,3.0,3,0.0,0.0,coco
369,3.0,4,1.0,1.0,coco
370,1.0,4,3.0,3.0,coco
371,5.0,5,0.0,0.0,coco
372,3.0,4,1.0,1.0,coco
373,4.0,5,1.0,1.0,coco
374,3.0,4,1.0,1.0,coco
375,5.0,4,-1.0,1.0,coco
376,4.0,2,-2.0,2.0,coco
377,4.0,4,0.0,0.0,coco
378,4.0,4,0.0,0.0,coco
379,3.0,5,2.0,2.0,coco
380,4.0,3,-1.0,1.0,coco
381,5.0,4,-1.0,1.0,coco
382,5.0,4,-1.0,1.0,coco
383,4.0,4,0.0,0.0,coco
384,4.0,4,0.0,0.0,coco
385,3.0,4,1.0,1.0,coco
386,4.0,5,1.0,1.0,coco
387,4.0,5,1.0,1.0,coco
388,4.0,3,-1.0,1.0,coco
389,4.0,4,0.0,0.0,coco
390,4.0,4,0.0,0.0,coco
391,5.0,5,0.0,0.0,coco
392,5.0,4,-1.0,1.0,coco
393,4.0,4,0.0,0.0,coco
394,3.0,4,1.0,1.0,coco
395,1.0,5,4.0,4.0,coco
396,5.0,4,-1.0,1.0,coco
397,3.0,5,2.0,2.0,Concept Caption
398,4.0,5,1.0,1.0,Concept Caption
399,5.0,5,0.0,0.0,Concept Caption
400,4.0,4,0.0,0.0,Concept Caption
401,3.0,5,2.0,2.0,Concept Caption
402,4.0,5,1.0,1.0,Concept Caption
403,4.0,5,1.0,1.0,Concept Caption
404,4.0,5,1.0,1.0,Concept Caption
405,3.0,4,1.0,1.0,Concept Caption
406,4.0,4,0.0,0.0,Concept Caption
407,4.0,5,1.0,1.0,Concept Caption
408,5.0,4,-1.0,1.0,Concept Caption
409,4.0,4,0.0,0.0,Concept Caption
410,4.0,5,1.0,1.0,Concept Caption
411,4.0,5,1.0,1.0,Concept Caption
412,4.0,4,0.0,0.0,Concept Caption
413,3.0,3,0.0,0.0,Concept Caption
414,3.0,5,2.0,2.0,Concept Caption
415,5.0,5,0.0,0.0,Concept Caption
416,2.0,2,0.0,0.0,Concept Caption
417,4.0,3,-1.0,1.0,Concept Caption
418,4.0,4,0.0,0.0,Concept Caption
419,4.0,5,1.0,1.0,Concept Caption
420,5.0,3,-2.0,2.0,Concept Caption
421,2.0,1,-1.0,1.0,Concept Caption
422,3.0,5,2.0,2.0,Concept Caption
423,4.0,5,1.0,1.0,Concept Caption
424,4.0,4,0.0,0.0,Concept Caption
425,2.0,2,0.0,0.0,Concept Caption
426,2.0,3,1.0,1.0,Concept Caption
427,3.0,5,2.0,2.0,Concept Caption
428,4.0,2,-2.0,2.0,Concept Caption
429,3.0,4,1.0,1.0,Concept Caption
430,3.0,4,1.0,1.0,Concept Caption
431,5.0,5,0.0,0.0,Concept Caption
432,3.0,4,1.0,1.0,Concept Caption
433,4.0,4,0.0,0.0,Concept Caption
434,4.0,3,-1.0,1.0,Concept Caption
435,5.0,5,0.0,0.0,Concept Caption
436,4.0,5,1.0,1.0,Concept Caption
437,3.0,4,1.0,1.0,Concept Caption
438,4.0,5,1.0,1.0,Concept Caption
439,4.0,5,1.0,1.0,Concept Caption
440,4.0,4,0.0,0.0,Concept Caption
441,2.0,4,2.0,2.0,Concept Caption
442,3.0,4,1.0,1.0,Concept Caption
443,3.0,5,2.0,2.0,Concept Caption
444,2.0,3,1.0,1.0,Concept Caption
445,2.0,4,2.0,2.0,Concept Caption
446,3.0,3,0.0,0.0,Concept Caption
447,5.0,4,-1.0,1.0,Concept Caption
448,5.0,4,-1.0,1.0,Concept Caption
449,3.0,4,1.0,1.0,Concept Caption
450,3.0,4,1.0,1.0,Concept Caption
451,5.0,5,0.0,0.0,Concept Caption
452,4.0,2,-2.0,2.0,Concept Caption
453,3.0,3,0.0,0.0,Concept Caption
454,5.0,5,0.0,0.0,Concept Caption
455,5.0,5,0.0,0.0,Concept Caption
456,4.0,4,0.0,0.0,Concept Caption
457,4.0,5,1.0,1.0,Concept Caption
458,4.0,4,0.0,0.0,Concept Caption
459,4.0,5,1.0,1.0,Concept Caption
460,2.0,3,1.0,1.0,Concept Caption
461,4.0,5,1.0,1.0,Concept Caption
462,4.0,5,1.0,1.0,Concept Caption
463,4.0,5,1.0,1.0,Concept Caption
464,4.0,5,1.0,1.0,Concept Caption
465,2.0,3,1.0,1.0,Concept Caption
466,3.0,5,2.0,2.0,Concept Caption
467,4.0,4,0.0,0.0,Concept Caption
468,3.0,4,1.0,1.0,Concept Caption
469,4.0,4,0.0,0.0,Concept Caption
470,4.0,5,1.0,1.0,Concept Caption
471,5.0,5,0.0,0.0,Concept Caption
472,4.0,3,-1.0,1.0,Concept Caption
473,3.0,5,2.0,2.0,Concept Caption
474,3.0,4,1.0,1.0,Concept Caption
475,5.0,5,0.0,0.0,Concept Caption
476,4.0,4,0.0,0.0,Concept Caption
477,3.0,2,-1.0,1.0,Concept Caption
478,3.0,3,0.0,0.0,Concept Caption
479,5.0,3,-2.0,2.0,Concept Caption
480,4.0,5,1.0,1.0,Concept Caption
481,4.0,5,1.0,1.0,Concept Caption
482,3.0,5,2.0,2.0,Concept Caption
483,5.0,5,0.0,0.0,Concept Caption
484,3.0,4,1.0,1.0,Concept Caption
485,3.0,4,1.0,1.0,Concept Caption
486,3.0,5,2.0,2.0,Concept Caption
487,5.0,5,0.0,0.0,Concept Caption
488,3.0,4,1.0,1.0,Concept Caption
489,3.0,3,0.0,0.0,Concept Caption
490,3.0,5,2.0,2.0,Concept Caption
491,4.0,5,1.0,1.0,Concept Caption
492,4.0,4,0.0,0.0,Concept Caption
493,4.0,4,0.0,0.0,Concept Caption
494,5.0,5,0.0,0.0,Concept Caption
495,5.0,4,-1.0,1.0,Concept Caption
496,5.0,5,0.0,0.0,Concept Caption
497,3.0,2,-1.0,1.0,Concept Caption
498,2.0,3,1.0,1.0,Concept Caption
499,5.0,5,0.0,0.0,Concept Caption
500,2.0,3,1.0,1.0,Concept Caption
501,3.0,4,1.0,1.0,Concept Caption
502,5.0,5,0.0,0.0,Concept Caption
503,5.0,5,0.0,0.0,Concept Caption
504,5.0,4,-1.0,1.0,Concept Caption
505,3.0,3,0.0,0.0,Concept Caption
506,4.0,5,1.0,1.0,Concept Caption
507,4.0,4,0.0,0.0,Concept Caption
508,3.0,4,1.0,1.0,Concept Caption
509,3.0,4,1.0,1.0,Concept Caption
510,3.0,3,0.0,0.0,Concept Caption
511,4.0,5,1.0,1.0,Concept Caption
512,4.0,5,1.0,1.0,Concept Caption
513,3.0,4,1.0,1.0,Concept Caption
514,4.0,5,1.0,1.0,Concept Caption
515,5.0,5,0.0,0.0,Concept Caption
516,4.0,4,0.0,0.0,Concept Caption
517,3.0,4,1.0,1.0,Concept Caption
518,4.0,4,0.0,0.0,Concept Caption
519,4.0,5,1.0,1.0,Concept Caption
520,5.0,5,0.0,0.0,Concept Caption
521,1.0,5,4.0,4.0,Concept Caption
522,4.0,5,1.0,1.0,Concept Caption
523,4.0,5,1.0,1.0,Concept Caption
524,3.0,4,1.0,1.0,Concept Caption
525,3.0,4,1.0,1.0,Concept Caption
526,3.0,5,2.0,2.0,Concept Caption
527,4.0,5,1.0,1.0,Concept Caption
528,4.0,4,0.0,0.0,Concept Caption
529,3.0,5,2.0,2.0,Concept Caption
530,3.0,5,2.0,2.0,Concept Caption
531,4.0,5,1.0,1.0,Concept Caption
532,3.0,5,2.0,2.0,Concept Caption
533,2.0,5,3.0,3.0,Concept Caption
534,2.0,4,2.0,2.0,Concept Caption
535,4.0,3,-1.0,1.0,Concept Caption
536,3.0,2,-1.0,1.0,Concept Caption
537,3.0,4,1.0,1.0,Concept Caption
538,3.0,4,1.0,1.0,Concept Caption
539,5.0,5,0.0,0.0,Concept Caption
540,3.0,4,1.0,1.0,Concept Caption
541,1.0,5,4.0,4.0,Concept Caption
542,4.0,4,0.0,0.0,Concept Caption
543,3.0,5,2.0,2.0,Concept Caption
544,3.0,4,1.0,1.0,Concept Caption
545,4.0,4,0.0,0.0,Concept Caption
546,5.0,4,-1.0,1.0,Concept Caption
547,4.0,4,0.0,0.0,Concept Caption
548,4.0,4,0.0,0.0,Concept Caption
549,3.0,4,1.0,1.0,Concept Caption
550,5.0,5,0.0,0.0,Concept Caption
551,4.0,4,0.0,0.0,Concept Caption
552,4.0,4,0.0,0.0,Concept Caption
553,4.0,4,0.0,0.0,Concept Caption
554,5.0,4,-1.0,1.0,Concept Caption
555,3.0,4,1.0,1.0,Concept Caption
556,4.0,4,0.0,0.0,Concept Caption
557,4.0,5,1.0,1.0,Concept Caption
558,4.0,5,1.0,1.0,Concept Caption
559,4.0,4,0.0,0.0,Concept Caption
560,2.0,4,2.0,2.0,Concept Caption
561,4.0,4,0.0,0.0,Concept Caption
562,4.0,5,1.0,1.0,Concept Caption
563,2.0,3,1.0,1.0,Concept Caption
564,2.0,3,1.0,1.0,Concept Caption
565,3.0,4,1.0,1.0,Concept Caption
566,4.0,5,1.0,1.0,Concept Caption
567,4.0,4,0.0,0.0,Concept Caption
568,3.0,3,0.0,0.0,Concept Caption
569,1.0,1,0.0,0.0,Concept Caption
570,5.0,4,-1.0,1.0,Concept Caption
571,1.0,1,0.0,0.0,Concept Caption
572,3.0,4,1.0,1.0,Concept Caption
573,3.0,4,1.0,1.0,Concept Caption
574,4.0,5,1.0,1.0,Concept Caption
575,4.0,4,0.0,0.0,Concept Caption
576,5.0,4,-1.0,1.0,Concept Caption
577,4.0,4,0.0,0.0,Concept Caption
578,4.0,5,1.0,1.0,Concept Caption
579,5.0,4,-1.0,1.0,Concept Caption
580,4.0,5,1.0,1.0,Concept Caption
581,3.0,4,1.0,1.0,Concept Caption
582,5.0,4,-1.0,1.0,Concept Caption
583,5.0,2,-3.0,3.0,Concept Caption
584,3.0,4,1.0,1.0,Concept Caption
585,3.0,3,0.0,0.0,Concept Caption
586,5.0,5,0.0,0.0,Concept Caption
587,3.0,4,1.0,1.0,Concept Caption
588,3.0,3,0.0,0.0,Concept Caption
589,3.0,5,2.0,2.0,Concept Caption
590,3.0,5,2.0,2.0,Concept Caption
591,3.0,4,1.0,1.0,Concept Caption
592,3.0,5,2.0,2.0,Concept Caption
593,3.0,3,0.0,0.0,Concept Caption
594,4.0,4,0.0,0.0,Concept Caption
595,2.0,3,1.0,1.0,Concept Caption
596,2.0,3,1.0,1.0,Concept Caption
597,2.0,3,1.0,1.0,Concept Caption
598,4.0,5,1.0,1.0,Concept Caption
599,4.0,4,0.0,0.0,Concept Caption
600,4.0,5,1.0,1.0,Concept Caption
601,3.0,5,2.0,2.0,Concept Caption
602,4.0,4,0.0,0.0,Concept Caption
603,4.0,3,-1.0,1.0,Concept Caption
604,3.0,4,1.0,1.0,Concept Caption
605,3.0,4,1.0,1.0,Concept Caption
606,3.0,5,2.0,2.0,Concept Caption
607,3.0,3,0.0,0.0,Concept Caption
608,3.0,4,1.0,1.0,Concept Caption
609,4.0,4,0.0,0.0,Concept Caption
610,5.0,5,0.0,0.0,Concept Caption
611,3.0,4,1.0,1.0,Concept Caption
612,3.0,2,-1.0,1.0,Concept Caption
613,4.0,5,1.0,1.0,Concept Caption
614,4.0,5,1.0,1.0,Concept Caption
615,4.0,4,0.0,0.0,Concept Caption
616,3.0,5,2.0,2.0,Concept Caption
617,3.0,4,1.0,1.0,Concept Caption
618,4.0,4,0.0,0.0,Concept Caption
619,4.0,4,0.0,0.0,Concept Caption
620,4.0,4,0.0,0.0,Concept Caption
621,2.0,4,2.0,2.0,Concept Caption
622,2.0,5,3.0,3.0,Concept Caption
623,3.0,2,-1.0,1.0,Concept Caption
624,3.0,3,0.0,0.0,Concept Caption
625,3.0,4,1.0,1.0,Concept Caption
626,5.0,5,0.0,0.0,Concept Caption
627,3.0,3,0.0,0.0,Concept Caption
628,4.0,4,0.0,0.0,Concept Caption
629,3.0,4,1.0,1.0,Concept Caption
630,3.0,4,1.0,1.0,Concept Caption
631,4.0,4,0.0,0.0,Concept Caption
632,3.0,4,1.0,1.0,Concept Caption
633,4.0,4,0.0,0.0,Concept Caption
634,5.0,5,0.0,0.0,Concept Caption
635,3.0,4,1.0,1.0,Concept Caption
636,3.0,3,0.0,0.0,Concept Caption
637,3.0,4,1.0,1.0,Concept Caption
638,4.0,5,1.0,1.0,Concept Caption
639,4.0,4,0.0,0.0,Concept Caption
640,3.0,5,2.0,2.0,Concept Caption
641,4.0,5,1.0,1.0,Concept Caption
642,5.0,5,0.0,0.0,Concept Caption
643,4.0,5,1.0,1.0,Concept Caption
644,4.0,4,0.0,0.0,Concept Caption
645,3.0,4,1.0,1.0,Concept Caption
646,5.0,5,0.0,0.0,Concept Caption
647,2.0,4,2.0,2.0,Concept Caption
648,4.0,4,0.0,0.0,Concept Caption
649,3.0,4,1.0,1.0,Concept Caption
650,4.0,5,1.0,1.0,Concept Caption
651,4.0,5,1.0,1.0,Concept Caption
652,3.0,3,0.0,0.0,Concept Caption
653,3.0,4,1.0,1.0,Concept Caption
654,4.0,5,1.0,1.0,Concept Caption
655,4.0,3,-1.0,1.0,Concept Caption
656,4.0,4,0.0,0.0,Concept Caption
657,2.0,5,3.0,3.0,Concept Caption
658,4.0,5,1.0,1.0,Concept Caption
659,3.0,5,2.0,2.0,Concept Caption
660,3.0,2,-1.0,1.0,Concept Caption
661,4.0,5,1.0,1.0,Concept Caption
662,5.0,5,0.0,0.0,Concept Caption
663,2.0,4,2.0,2.0,Concept Caption
664,5.0,4,-1.0,1.0,Concept Caption
665,3.0,4,1.0,1.0,Concept Caption
666,5.0,5,0.0,0.0,Concept Caption
667,2.0,2,0.0,0.0,Concept Caption
668,2.0,4,2.0,2.0,Concept Caption
669,3.0,4,1.0,1.0,Concept Caption
670,2.0,5,3.0,3.0,Concept Caption
671,3.0,4,1.0,1.0,Concept Caption
672,4.0,4,0.0,0.0,Concept Caption
673,3.0,3,0.0,0.0,Concept Caption
674,5.0,5,0.0,0.0,Concept Caption
675,1.0,3,2.0,2.0,Concept Caption
676,2.0,4,2.0,2.0,Concept Caption
677,3.0,5,2.0,2.0,Concept Caption
678,5.0,5,0.0,0.0,Concept Caption
679,4.0,5,1.0,1.0,Concept Caption
680,5.0,4,-1.0,1.0,Concept Caption
681,5.0,3,-2.0,2.0,Concept Caption
682,4.0,5,1.0,1.0,Concept Caption
683,3.0,5,2.0,2.0,Concept Caption
684,4.0,4,0.0,0.0,Concept Caption
685,2.0,5,3.0,3.0,Concept Caption
686,3.0,5,2.0,2.0,Concept Caption
687,3.0,2,-1.0,1.0,Concept Caption
688,3.0,3,0.0,0.0,Concept Caption
689,3.0,5,2.0,2.0,Concept Caption
690,5.0,5,0.0,0.0,Concept Caption
691,2.0,3,1.0,1.0,Concept Caption
692,3.0,4,1.0,1.0,Concept Caption
693,3.0,5,2.0,2.0,Concept Caption
694,5.0,5,0.0,0.0,Concept Caption
695,4.0,4,0.0,0.0,Concept Caption
696,4.0,3,-1.0,1.0,Concept Caption
697,3.0,4,1.0,1.0,Concept Caption
698,5.0,5,0.0,0.0,Concept Caption
699,3.0,4,1.0,1.0,Concept Caption
700,3.0,5,2.0,2.0,Concept Caption
701,3.0,4,1.0,1.0,Concept Caption
702,4.0,5,1.0,1.0,Concept Caption
703,3.0,4,1.0,1.0,Concept Caption
704,4.0,3,-1.0,1.0,Concept Caption
705,3.0,3,0.0,0.0,Concept Caption
706,5.0,5,0.0,0.0,Concept Caption
707,3.0,3,0.0,0.0,Concept Caption
708,3.0,4,1.0,1.0,Concept Caption
709,3.0,4,1.0,1.0,Concept Caption
710,4.0,5,1.0,1.0,Concept Caption
711,4.0,5,1.0,1.0,Concept Caption
712,1.0,3,2.0,2.0,Concept Caption
713,2.0,4,2.0,2.0,Concept Caption
714,3.0,5,2.0,2.0,Concept Caption
715,3.0,4,1.0,1.0,Concept Caption
716,1.0,4,3.0,3.0,Concept Caption
717,3.0,4,1.0,1.0,Concept Caption
718,4.0,5,1.0,1.0,Concept Caption
719,1.0,4,3.0,3.0,Concept Caption
720,4.0,4,0.0,0.0,Concept Caption
721,3.0,5,2.0,2.0,Concept Caption
722,3.0,5,2.0,2.0,Concept Caption
723,4.0,3,-1.0,1.0,Concept Caption
724,2.0,2,0.0,0.0,Concept Caption
725,5.0,1,-4.0,4.0,Concept Caption
726,4.0,5,1.0,1.0,Concept Caption
727,3.0,4,1.0,1.0,Concept Caption
728,3.0,3,0.0,0.0,Concept Caption
729,4.0,4,0.0,0.0,Concept Caption
730,3.0,4,1.0,1.0,Concept Caption
731,3.0,3,0.0,0.0,Concept Caption
732,3.0,4,1.0,1.0,Concept Caption
733,4.0,5,1.0,1.0,Concept Caption
734,3.0,4,1.0,1.0,Concept Caption
735,3.0,4,1.0,1.0,Concept Caption
736,3.0,4,1.0,1.0,Concept Caption
737,4.0,5,1.0,1.0,Concept Caption
738,4.0,4,0.0,0.0,Concept Caption
739,2.0,1,-1.0,1.0,Concept Caption
740,4.0,4,0.0,0.0,Concept Caption
741,5.0,5,0.0,0.0,Concept Caption
742,5.0,5,0.0,0.0,Concept Caption
743,4.0,4,0.0,0.0,Concept Caption
744,3.0,5,2.0,2.0,Concept Caption
745,5.0,5,0.0,0.0,Concept Caption
746,3.0,4,1.0,1.0,Concept Caption
747,2.0,5,3.0,3.0,Concept Caption
748,3.0,5,2.0,2.0,Concept Caption
749,4.0,4,0.0,0.0,Concept Caption
750,3.0,5,2.0,2.0,Concept Caption
751,3.0,3,0.0,0.0,Concept Caption
752,5.0,4,-1.0,1.0,Concept Caption
753,4.0,4,0.0,0.0,Concept Caption
754,4.0,2,-2.0,2.0,Concept Caption
755,3.0,4,1.0,1.0,Concept Caption
756,3.0,5,2.0,2.0,Concept Caption
757,5.0,5,0.0,0.0,Concept Caption
758,4.0,4,0.0,0.0,Concept Caption
759,2.0,2,0.0,0.0,Concept Caption
760,3.0,4,1.0,1.0,Concept Caption
761,4.0,5,1.0,1.0,Concept Caption
762,3.0,4,1.0,1.0,Concept Caption
763,4.0,3,-1.0,1.0,Concept Caption
764,4.0,4,0.0,0.0,Concept Caption
765,4.0,3,-1.0,1.0,Concept Caption
766,4.0,4,0.0,0.0,Concept Caption
767,2.0,4,2.0,2.0,Concept Caption
768,4.0,4,0.0,0.0,Concept Caption
769,5.0,5,0.0,0.0,Concept Caption
770,4.0,4,0.0,0.0,Concept Caption
771,2.0,2,0.0,0.0,Concept Caption
772,1.0,4,3.0,3.0,Concept Caption
773,3.0,5,2.0,2.0,Concept Caption
774,2.0,4,2.0,2.0,Concept Caption
775,3.0,4,1.0,1.0,Concept Caption
776,3.0,4,1.0,1.0,Concept Caption
777,5.0,5,0.0,0.0,Concept Caption
778,5.0,5,0.0,0.0,Concept Caption
779,3.0,4,1.0,1.0,Concept Caption
780,4.0,4,0.0,0.0,Concept Caption
781,4.0,5,1.0,1.0,Concept Caption
782,2.0,5,3.0,3.0,Concept Caption
783,3.0,3,0.0,0.0,Concept Caption
784,4.0,4,0.0,0.0,Concept Caption
785,4.0,5,1.0,1.0,Concept Caption
786,3.0,4,1.0,1.0,Concept Caption
787,4.0,3,-1.0,1.0,Concept Caption
788,4.0,4,0.0,0.0,Concept Caption
789,4.0,4,0.0,0.0,Concept Caption
790,3.0,5,2.0,2.0,Concept Caption
791,3.0,4,1.0,1.0,Concept Caption
792,4.0,4,0.0,0.0,Concept Caption
793,5.0,5,0.0,0.0,Concept Caption
794,5.0,4,-1.0,1.0,Concept Caption
795,3.0,3,0.0,0.0,diffusiondb
796,3.0,3,0.0,0.0,diffusiondb
797,2.0,4,2.0,2.0,diffusiondb
798,2.0,4,2.0,2.0,diffusiondb
799,3.0,5,2.0,2.0,diffusiondb
800,4.0,4,0.0,0.0,diffusiondb
801,3.0,4,1.0,1.0,diffusiondb
802,2.0,5,3.0,3.0,diffusiondb
803,3.0,4,1.0,1.0,diffusiondb
804,4.0,4,0.0,0.0,diffusiondb
805,3.0,5,2.0,2.0,diffusiondb
806,4.0,4,0.0,0.0,diffusiondb
807,1.0,4,3.0,3.0,diffusiondb
808,2.0,4,2.0,2.0,diffusiondb
809,4.0,4,0.0,0.0,diffusiondb
810,2.0,3,1.0,1.0,diffusiondb
811,4.0,4,0.0,0.0,diffusiondb
812,4.0,4,0.0,0.0,diffusiondb
813,4.0,4,0.0,0.0,diffusiondb
814,2.0,5,3.0,3.0,diffusiondb
815,2.0,4,2.0,2.0,diffusiondb
816,3.0,4,1.0,1.0,diffusiondb
817,2.0,5,3.0,3.0,diffusiondb
818,4.0,5,1.0,1.0,diffusiondb
819,1.0,5,4.0,4.0,diffusiondb
820,1.0,5,4.0,4.0,diffusiondb
821,1.0,4,3.0,3.0,diffusiondb
822,2.0,4,2.0,2.0,diffusiondb
823,3.0,3,0.0,0.0,diffusiondb
824,4.0,4,0.0,0.0,diffusiondb
825,1.0,5,4.0,4.0,diffusiondb
826,2.0,5,3.0,3.0,diffusiondb
827,4.0,4,0.0,0.0,diffusiondb
828,2.0,4,2.0,2.0,diffusiondb
829,3.0,3,0.0,0.0,diffusiondb
830,4.0,4,0.0,0.0,diffusiondb
831,2.0,5,3.0,3.0,diffusiondb
832,3.0,5,2.0,2.0,diffusiondb
833,4.0,5,1.0,1.0,diffusiondb
834,2.0,4,2.0,2.0,diffusiondb
835,2.0,4,2.0,2.0,diffusiondb
836,4.0,3,-1.0,1.0,diffusiondb
837,3.0,4,1.0,1.0,diffusiondb
838,4.0,3,-1.0,1.0,diffusiondb
839,3.0,4,1.0,1.0,diffusiondb
840,3.0,4,1.0,1.0,diffusiondb
841,1.0,4,3.0,3.0,diffusiondb
842,4.0,4,0.0,0.0,diffusiondb
843,4.0,3,-1.0,1.0,diffusiondb
844,4.0,4,0.0,0.0,diffusiondb
845,5.0,4,-1.0,1.0,diffusiondb
846,2.0,5,3.0,3.0,diffusiondb
847,2.0,5,3.0,3.0,diffusiondb
848,4.0,4,0.0,0.0,diffusiondb
849,3.0,3,0.0,0.0,diffusiondb
850,2.0,3,1.0,1.0,diffusiondb
851,2.0,4,2.0,2.0,diffusiondb
852,3.0,4,1.0,1.0,diffusiondb
853,3.0,3,0.0,0.0,diffusiondb
854,3.0,4,1.0,1.0,diffusiondb
855,4.0,4,0.0,0.0,diffusiondb
856,5.0,4,-1.0,1.0,diffusiondb
857,2.0,4,2.0,2.0,diffusiondb
858,2.0,4,2.0,2.0,diffusiondb
859,4.0,5,1.0,1.0,diffusiondb
860,4.0,4,0.0,0.0,diffusiondb
861,4.0,5,1.0,1.0,diffusiondb
862,5.0,4,-1.0,1.0,diffusiondb
863,4.0,5,1.0,1.0,diffusiondb
864,3.0,4,1.0,1.0,diffusiondb
865,4.0,5,1.0,1.0,diffusiondb
866,2.0,4,2.0,2.0,diffusiondb
867,1.0,3,2.0,2.0,diffusiondb
868,5.0,4,-1.0,1.0,diffusiondb
869,3.0,3,0.0,0.0,diffusiondb
870,1.0,2,1.0,1.0,diffusiondb
871,4.0,4,0.0,0.0,diffusiondb
872,4.0,4,0.0,0.0,diffusiondb
873,3.0,4,1.0,1.0,diffusiondb
874,4.0,5,1.0,1.0,diffusiondb
875,2.0,4,2.0,2.0,diffusiondb
876,3.0,4,1.0,1.0,diffusiondb
877,4.0,5,1.0,1.0,diffusiondb
878,1.0,5,4.0,4.0,diffusiondb
879,1.0,5,4.0,4.0,diffusiondb
880,4.0,5,1.0,1.0,diffusiondb
881,4.0,5,1.0,1.0,diffusiondb
882,3.0,5,2.0,2.0,diffusiondb
883,4.0,5,1.0,1.0,diffusiondb
884,1.0,3,2.0,2.0,diffusiondb
885,1.0,5,4.0,4.0,diffusiondb
886,3.0,5,2.0,2.0,diffusiondb
887,2.0,4,2.0,2.0,diffusiondb
888,2.0,4,2.0,2.0,diffusiondb
889,4.0,4,0.0,0.0,diffusiondb
890,1.0,5,4.0,4.0,diffusiondb
891,1.0,4,3.0,3.0,diffusiondb
892,4.0,4,0.0,0.0,diffusiondb
893,3.0,5,2.0,2.0,diffusiondb
894,2.0,5,3.0,3.0,diffusiondb
895,4.0,4,0.0,0.0,diffusiondb
896,1.0,3,2.0,2.0,diffusiondb
897,1.0,4,3.0,3.0,diffusiondb
898,3.0,5,2.0,2.0,diffusiondb
899,3.0,4,1.0,1.0,diffusiondb
900,2.0,4,2.0,2.0,diffusiondb
901,1.0,2,1.0,1.0,diffusiondb
902,4.0,4,0.0,0.0,diffusiondb
903,3.0,5,2.0,2.0,diffusiondb
904,4.0,4,0.0,0.0,diffusiondb
905,4.0,4,0.0,0.0,diffusiondb
906,2.0,5,3.0,3.0,diffusiondb
907,4.0,4,0.0,0.0,diffusiondb
908,4.0,5,1.0,1.0,diffusiondb
909,2.0,5,3.0,3.0,diffusiondb
910,4.0,5,1.0,1.0,diffusiondb
911,3.0,4,1.0,1.0,diffusiondb
912,2.0,4,2.0,2.0,diffusiondb
913,2.0,4,2.0,2.0,diffusiondb
914,4.0,3,-1.0,1.0,diffusiondb
915,3.0,3,0.0,0.0,diffusiondb
916,2.0,4,2.0,2.0,diffusiondb
917,4.0,5,1.0,1.0,diffusiondb
918,4.0,5,1.0,1.0,diffusiondb
919,4.0,4,0.0,0.0,diffusiondb
920,4.0,5,1.0,1.0,diffusiondb
921,3.0,5,2.0,2.0,diffusiondb
922,5.0,4,-1.0,1.0,diffusiondb
923,1.0,3,2.0,2.0,diffusiondb
924,2.0,3,1.0,1.0,diffusiondb
925,3.0,4,1.0,1.0,diffusiondb
926,3.0,5,2.0,2.0,diffusiondb
927,2.0,5,3.0,3.0,diffusiondb
928,5.0,4,-1.0,1.0,diffusiondb
929,1.0,4,3.0,3.0,diffusiondb
930,2.0,3,1.0,1.0,diffusiondb
931,3.0,4,1.0,1.0,diffusiondb
932,4.0,5,1.0,1.0,diffusiondb
933,2.0,4,2.0,2.0,diffusiondb
934,5.0,4,-1.0,1.0,diffusiondb
935,3.0,5,2.0,2.0,diffusiondb
936,2.0,4,2.0,2.0,diffusiondb
937,3.0,5,2.0,2.0,diffusiondb
938,3.0,4,1.0,1.0,diffusiondb
939,1.0,3,2.0,2.0,diffusiondb
940,4.0,4,0.0,0.0,diffusiondb
941,2.0,4,2.0,2.0,diffusiondb
942,2.0,5,3.0,3.0,diffusiondb
943,4.0,4,0.0,0.0,diffusiondb
944,2.0,5,3.0,3.0,diffusiondb
945,1.0,4,3.0,3.0,diffusiondb
946,3.0,5,2.0,2.0,diffusiondb
947,3.0,4,1.0,1.0,diffusiondb
948,3.0,5,2.0,2.0,diffusiondb
949,3.0,5,2.0,2.0,diffusiondb
950,3.0,4,1.0,1.0,diffusiondb
951,1.0,3,2.0,2.0,diffusiondb
952,3.0,4,1.0,1.0,diffusiondb
953,4.0,4,0.0,0.0,diffusiondb
954,4.0,4,0.0,0.0,diffusiondb
955,3.0,5,2.0,2.0,diffusiondb
956,2.0,5,3.0,3.0,diffusiondb
957,3.0,5,2.0,2.0,diffusiondb
958,2.0,4,2.0,2.0,diffusiondb
959,4.0,4,0.0,0.0,diffusiondb
960,4.0,3,-1.0,1.0,diffusiondb
961,3.0,4,1.0,1.0,diffusiondb
962,1.0,2,1.0,1.0,diffusiondb
963,2.0,4,2.0,2.0,diffusiondb
964,5.0,5,0.0,0.0,diffusiondb
965,4.0,4,0.0,0.0,diffusiondb
966,4.0,5,1.0,1.0,diffusiondb
967,3.0,5,2.0,2.0,diffusiondb
968,5.0,5,0.0,0.0,diffusiondb
969,4.0,4,0.0,0.0,diffusiondb
970,5.0,5,0.0,0.0,diffusiondb
971,4.0,5,1.0,1.0,diffusiondb
972,4.0,4,0.0,0.0,diffusiondb
973,4.0,5,1.0,1.0,diffusiondb
974,3.0,5,2.0,2.0,diffusiondb
975,2.0,4,2.0,2.0,diffusiondb
976,4.0,5,1.0,1.0,diffusiondb
977,4.0,3,-1.0,1.0,diffusiondb
978,4.0,3,-1.0,1.0,diffusiondb
979,4.0,4,0.0,0.0,diffusiondb
980,3.0,5,2.0,2.0,diffusiondb
981,2.0,2,0.0,0.0,diffusiondb
982,4.0,4,0.0,0.0,diffusiondb
983,3.0,4,1.0,1.0,diffusiondb
984,4.0,3,-1.0,1.0,diffusiondb
985,3.0,5,2.0,2.0,diffusiondb
986,3.0,5,2.0,2.0,diffusiondb
987,2.0,4,2.0,2.0,diffusiondb
988,3.0,3,0.0,0.0,diffusiondb
989,3.0,5,2.0,2.0,diffusiondb
990,3.0,3,0.0,0.0,diffusiondb
991,3.0,5,2.0,2.0,diffusiondb
992,2.0,2,0.0,0.0,diffusiondb
993,1.0,4,3.0,3.0,diffusiondb
994,2.0,4,2.0,2.0,diffusiondb
995,4.0,3,-1.0,1.0,diffusiondb
996,4.0,3,-1.0,1.0,diffusiondb
997,2.0,4,2.0,2.0,diffusiondb
998,1.0,4,3.0,3.0,diffusiondb
999,1.0,4,3.0,3.0,diffusiondb
1000,3.0,4,1.0,1.0,diffusiondb
1001,4.0,4,0.0,0.0,diffusiondb
1002,4.0,4,0.0,0.0,diffusiondb
1003,4.0,5,1.0,1.0,diffusiondb
1004,1.0,5,4.0,4.0,diffusiondb
1005,1.0,4,3.0,3.0,diffusiondb
1006,4.0,4,0.0,0.0,diffusiondb
1007,3.0,4,1.0,1.0,diffusiondb
1008,3.0,3,0.0,0.0,diffusiondb
1009,3.0,3,0.0,0.0,diffusiondb
1010,2.0,4,2.0,2.0,diffusiondb
1011,1.0,5,4.0,4.0,diffusiondb
1012,2.0,4,2.0,2.0,diffusiondb
1013,4.0,5,1.0,1.0,diffusiondb
1014,3.0,5,2.0,2.0,diffusiondb
1015,3.0,5,2.0,2.0,diffusiondb
1016,2.0,4,2.0,2.0,diffusiondb
1017,2.0,5,3.0,3.0,diffusiondb
1018,3.0,5,2.0,2.0,diffusiondb
1019,4.0,4,0.0,0.0,diffusiondb
1020,3.0,5,2.0,2.0,diffusiondb
1021,3.0,5,2.0,2.0,diffusiondb
1022,1.0,3,2.0,2.0,diffusiondb
1023,4.0,4,0.0,0.0,diffusiondb
1024,4.0,4,0.0,0.0,diffusiondb
1025,1.0,4,3.0,3.0,diffusiondb
1026,2.0,4,2.0,2.0,diffusiondb
1027,1.0,5,4.0,4.0,diffusiondb
1028,2.0,4,2.0,2.0,diffusiondb
1029,1.0,3,2.0,2.0,diffusiondb
1030,5.0,4,-1.0,1.0,diffusiondb
1031,4.0,4,0.0,0.0,diffusiondb
1032,4.0,4,0.0,0.0,diffusiondb
1033,3.0,4,1.0,1.0,diffusiondb
1034,3.0,4,1.0,1.0,diffusiondb
1035,2.0,4,2.0,2.0,diffusiondb
1036,5.0,4,-1.0,1.0,diffusiondb
1037,2.0,5,3.0,3.0,diffusiondb
1038,3.0,5,2.0,2.0,diffusiondb
1039,3.0,4,1.0,1.0,diffusiondb
1040,3.0,3,0.0,0.0,diffusiondb
1041,2.0,4,2.0,2.0,diffusiondb
1042,4.0,4,0.0,0.0,diffusiondb
1043,3.0,4,1.0,1.0,diffusiondb
1044,4.0,5,1.0,1.0,diffusiondb
1045,4.0,3,-1.0,1.0,diffusiondb
1046,4.0,4,0.0,0.0,diffusiondb
1047,4.0,4,0.0,0.0,diffusiondb
1048,4.0,4,0.0,0.0,diffusiondb
1049,3.0,4,1.0,1.0,diffusiondb
1050,4.0,4,0.0,0.0,diffusiondb
1051,3.0,4,1.0,1.0,diffusiondb
1052,2.0,5,3.0,3.0,diffusiondb
1053,2.0,5,3.0,3.0,diffusiondb
1054,1.0,4,3.0,3.0,diffusiondb
1055,2.0,3,1.0,1.0,diffusiondb
1056,2.0,4,2.0,2.0,diffusiondb
1057,3.0,4,1.0,1.0,diffusiondb
1058,3.0,4,1.0,1.0,diffusiondb
1059,3.0,5,2.0,2.0,diffusiondb
1060,4.0,5,1.0,1.0,diffusiondb
1061,2.0,3,1.0,1.0,diffusiondb
1062,2.0,3,1.0,1.0,diffusiondb
1063,3.0,4,1.0,1.0,diffusiondb
1064,2.0,5,3.0,3.0,diffusiondb
1065,1.0,5,4.0,4.0,diffusiondb
1066,5.0,4,-1.0,1.0,diffusiondb
1067,4.0,4,0.0,0.0,diffusiondb
1068,4.0,5,1.0,1.0,diffusiondb
1069,3.0,3,0.0,0.0,diffusiondb
1070,3.0,5,2.0,2.0,diffusiondb
1071,2.0,5,3.0,3.0,diffusiondb
1072,3.0,5,2.0,2.0,diffusiondb
1073,4.0,5,1.0,1.0,diffusiondb
1074,4.0,3,-1.0,1.0,diffusiondb
1075,3.0,4,1.0,1.0,diffusiondb
1076,3.0,5,2.0,2.0,diffusiondb
1077,3.0,5,2.0,2.0,diffusiondb
1078,3.0,5,2.0,2.0,diffusiondb
1079,4.0,4,0.0,0.0,diffusiondb
1080,4.0,5,1.0,1.0,diffusiondb
1081,3.0,4,1.0,1.0,diffusiondb
1082,2.0,5,3.0,3.0,diffusiondb
1083,2.0,5,3.0,3.0,diffusiondb
1084,4.0,4,0.0,0.0,diffusiondb
1085,4.0,5,1.0,1.0,diffusiondb
1086,4.0,5,1.0,1.0,diffusiondb
1087,3.0,4,1.0,1.0,diffusiondb
1088,3.0,3,0.0,0.0,diffusiondb
1089,2.0,4,2.0,2.0,diffusiondb
1090,4.0,3,-1.0,1.0,diffusiondb
1091,2.0,5,3.0,3.0,diffusiondb
1092,4.0,5,1.0,1.0,diffusiondb
1093,3.0,4,1.0,1.0,diffusiondb
1094,1.0,3,2.0,2.0,infographicsVQA
1095,4.0,5,1.0,1.0,infographicsVQA
1096,5.0,5,0.0,0.0,infographicsVQA
1097,4.0,1,-3.0,3.0,infographicsVQA
1098,1.0,1,0.0,0.0,infographicsVQA
1099,2.0,1,-1.0,1.0,infographicsVQA
1100,3.0,4,1.0,1.0,infographicsVQA
1101,4.0,3,-1.0,1.0,infographicsVQA
1102,1.0,2,1.0,1.0,infographicsVQA
1103,1.0,1,0.0,0.0,infographicsVQA
1104,5.0,5,0.0,0.0,infographicsVQA
1105,1.0,4,3.0,3.0,infographicsVQA
1106,1.0,3,2.0,2.0,infographicsVQA
1107,5.0,2,-3.0,3.0,infographicsVQA
1108,5.0,5,0.0,0.0,infographicsVQA
1109,5.0,2,-3.0,3.0,infographicsVQA
1110,4.0,5,1.0,1.0,infographicsVQA
1111,3.0,2,-1.0,1.0,infographicsVQA
1112,5.0,5,0.0,0.0,infographicsVQA
1113,3.0,2,-1.0,1.0,infographicsVQA
1114,1.0,3,2.0,2.0,infographicsVQA
1115,1.0,1,0.0,0.0,infographicsVQA
1116,2.0,3,1.0,1.0,infographicsVQA
1117,3.0,3,0.0,0.0,infographicsVQA
1118,1.0,1,0.0,0.0,infographicsVQA
1119,5.0,5,0.0,0.0,infographicsVQA
1120,5.0,5,0.0,0.0,infographicsVQA
1121,5.0,5,0.0,0.0,infographicsVQA
1122,3.0,2,-1.0,1.0,infographicsVQA
1123,3.0,2,-1.0,1.0,infographicsVQA
1124,2.0,5,3.0,3.0,infographicsVQA
1125,3.0,3,0.0,0.0,infographicsVQA
1126,1.0,4,3.0,3.0,infographicsVQA
1127,4.0,4,0.0,0.0,infographicsVQA
1128,5.0,4,-1.0,1.0,infographicsVQA
1129,4.0,3,-1.0,1.0,infographicsVQA
1130,2.0,3,1.0,1.0,infographicsVQA
1131,4.0,5,1.0,1.0,infographicsVQA
1132,5.0,5,0.0,0.0,infographicsVQA
1133,1.0,1,0.0,0.0,infographicsVQA
1134,1.0,3,2.0,2.0,infographicsVQA
1135,5.0,4,-1.0,1.0,infographicsVQA
1136,5.0,4,-1.0,1.0,infographicsVQA
1137,5.0,4,-1.0,1.0,infographicsVQA
1138,3.0,4,1.0,1.0,infographicsVQA
1139,5.0,5,0.0,0.0,infographicsVQA
1140,3.0,4,1.0,1.0,infographicsVQA
1141,3.0,5,2.0,2.0,infographicsVQA
1142,1.0,2,1.0,1.0,infographicsVQA
1143,5.0,5,0.0,0.0,infographicsVQA
1144,1.0,5,4.0,4.0,infographicsVQA
1145,5.0,4,-1.0,1.0,infographicsVQA
1146,5.0,3,-2.0,2.0,infographicsVQA
1147,3.0,1,-2.0,2.0,infographicsVQA
1148,2.0,5,3.0,3.0,infographicsVQA
1149,4.0,2,-2.0,2.0,infographicsVQA
1150,2.0,3,1.0,1.0,infographicsVQA
1151,2.0,3,1.0,1.0,infographicsVQA
1152,5.0,3,-2.0,2.0,infographicsVQA
1153,3.0,1,-2.0,2.0,infographicsVQA
1154,2.0,4,2.0,2.0,infographicsVQA
1155,5.0,1,-4.0,4.0,infographicsVQA
1156,4.0,4,0.0,0.0,infographicsVQA
1157,2.0,3,1.0,1.0,infographicsVQA
1158,1.0,2,1.0,1.0,infographicsVQA
1159,5.0,5,0.0,0.0,infographicsVQA
1160,4.0,5,1.0,1.0,infographicsVQA
1161,1.0,1,0.0,0.0,infographicsVQA
1162,4.0,4,0.0,0.0,infographicsVQA
1163,5.0,5,0.0,0.0,infographicsVQA
1164,5.0,5,0.0,0.0,infographicsVQA
1165,4.0,4,0.0,0.0,infographicsVQA
1166,2.0,4,2.0,2.0,infographicsVQA
1167,4.0,3,-1.0,1.0,infographicsVQA
1168,1.0,4,3.0,3.0,infographicsVQA
1169,4.0,2,-2.0,2.0,infographicsVQA
1170,2.0,4,2.0,2.0,infographicsVQA
1171,5.0,3,-2.0,2.0,infographicsVQA
1172,2.0,1,-1.0,1.0,infographicsVQA
1173,4.0,1,-3.0,3.0,infographicsVQA
1174,1.0,4,3.0,3.0,infographicsVQA
1175,3.0,5,2.0,2.0,infographicsVQA
1176,2.0,5,3.0,3.0,infographicsVQA
1177,3.0,3,0.0,0.0,infographicsVQA
1178,3.0,3,0.0,0.0,infographicsVQA
1179,3.0,5,2.0,2.0,infographicsVQA
1180,2.0,4,2.0,2.0,infographicsVQA
1181,4.0,2,-2.0,2.0,infographicsVQA
1182,3.0,4,1.0,1.0,infographicsVQA
1183,4.0,4,0.0,0.0,infographicsVQA
1184,3.0,4,1.0,1.0,infographicsVQA
1185,4.0,5,1.0,1.0,infographicsVQA
1186,4.0,5,1.0,1.0,infographicsVQA
1187,4.0,5,1.0,1.0,infographicsVQA
1188,3.0,5,2.0,2.0,infographicsVQA
1189,2.0,3,1.0,1.0,infographicsVQA
1190,4.0,5,1.0,1.0,infographicsVQA
1191,4.0,4,0.0,0.0,infographicsVQA
1192,3.0,2,-1.0,1.0,infographicsVQA
1193,3.0,1,-2.0,2.0,infographicsVQA
1194,4.0,3,-1.0,1.0,infographicsVQA
1195,5.0,5,0.0,0.0,infographicsVQA
1196,3.0,2,-1.0,1.0,infographicsVQA
1197,2.0,4,2.0,2.0,infographicsVQA
1198,1.0,1,0.0,0.0,infographicsVQA
1199,2.0,5,3.0,3.0,infographicsVQA
1200,5.0,4,-1.0,1.0,infographicsVQA
1201,4.0,3,-1.0,1.0,infographicsVQA
1202,3.0,1,-2.0,2.0,infographicsVQA
1203,4.0,4,0.0,0.0,infographicsVQA
1204,1.0,1,0.0,0.0,infographicsVQA
1205,1.0,3,2.0,2.0,infographicsVQA
1206,4.0,5,1.0,1.0,infographicsVQA
1207,4.0,5,1.0,1.0,infographicsVQA
1208,2.0,3,1.0,1.0,infographicsVQA
1209,1.0,1,0.0,0.0,infographicsVQA
1210,1.0,5,4.0,4.0,infographicsVQA
1211,5.0,3,-2.0,2.0,infographicsVQA
1212,3.0,5,2.0,2.0,infographicsVQA
1213,1.0,3,2.0,2.0,infographicsVQA
1214,4.0,1,-3.0,3.0,infographicsVQA
1215,4.0,4,0.0,0.0,infographicsVQA
1216,3.0,5,2.0,2.0,infographicsVQA
1217,2.0,1,-1.0,1.0,infographicsVQA
1218,2.0,3,1.0,1.0,infographicsVQA
1219,2.0,3,1.0,1.0,infographicsVQA
1220,1.0,5,4.0,4.0,infographicsVQA
1221,1.0,1,0.0,0.0,infographicsVQA
1222,5.0,5,0.0,0.0,infographicsVQA
1223,5.0,5,0.0,0.0,infographicsVQA
1224,5.0,4,-1.0,1.0,infographicsVQA
1225,3.0,4,1.0,1.0,infographicsVQA
1226,3.0,4,1.0,1.0,infographicsVQA
1227,5.0,4,-1.0,1.0,infographicsVQA
1228,2.0,3,1.0,1.0,infographicsVQA
1229,4.0,2,-2.0,2.0,infographicsVQA
1230,2.0,5,3.0,3.0,infographicsVQA
1231,5.0,4,-1.0,1.0,infographicsVQA
1232,4.0,4,0.0,0.0,infographicsVQA
1233,4.0,5,1.0,1.0,infographicsVQA
1234,4.0,4,0.0,0.0,infographicsVQA
1235,4.0,5,1.0,1.0,infographicsVQA
1236,4.0,5,1.0,1.0,infographicsVQA
1237,1.0,3,2.0,2.0,infographicsVQA
1238,5.0,4,-1.0,1.0,infographicsVQA
1239,1.0,4,3.0,3.0,infographicsVQA
1240,3.0,4,1.0,1.0,infographicsVQA
1241,4.0,1,-3.0,3.0,infographicsVQA
1242,5.0,5,0.0,0.0,infographicsVQA
1243,5.0,4,-1.0,1.0,infographicsVQA
1244,2.0,4,2.0,2.0,infographicsVQA
1245,3.0,1,-2.0,2.0,infographicsVQA
1246,1.0,4,3.0,3.0,infographicsVQA
1247,5.0,5,0.0,0.0,infographicsVQA
1248,1.0,1,0.0,0.0,infographicsVQA
1249,4.0,5,1.0,1.0,infographicsVQA
1250,4.0,3,-1.0,1.0,infographicsVQA
1251,3.0,4,1.0,1.0,infographicsVQA
1252,2.0,4,2.0,2.0,infographicsVQA
1253,3.0,1,-2.0,2.0,infographicsVQA
1254,4.0,5,1.0,1.0,infographicsVQA
1255,4.0,5,1.0,1.0,infographicsVQA
1256,5.0,4,-1.0,1.0,infographicsVQA
1257,1.0,2,1.0,1.0,infographicsVQA
1258,1.0,1,0.0,0.0,infographicsVQA
1259,5.0,5,0.0,0.0,infographicsVQA
1260,1.0,1,0.0,0.0,infographicsVQA
1261,2.0,3,1.0,1.0,infographicsVQA
1262,1.0,1,0.0,0.0,infographicsVQA
1263,4.0,3,-1.0,1.0,infographicsVQA
1264,4.0,3,-1.0,1.0,infographicsVQA
1265,4.0,5,1.0,1.0,infographicsVQA
1266,3.0,5,2.0,2.0,infographicsVQA
1267,4.0,5,1.0,1.0,infographicsVQA
1268,3.0,4,1.0,1.0,infographicsVQA
1269,3.0,3,0.0,0.0,infographicsVQA
1270,1.0,1,0.0,0.0,infographicsVQA
1271,4.0,4,0.0,0.0,infographicsVQA
1272,2.0,3,1.0,1.0,infographicsVQA
1273,2.0,3,1.0,1.0,infographicsVQA
1274,4.0,5,1.0,1.0,infographicsVQA
1275,5.0,5,0.0,0.0,infographicsVQA
1276,3.0,5,2.0,2.0,infographicsVQA
1277,3.0,2,-1.0,1.0,infographicsVQA
1278,2.0,1,-1.0,1.0,infographicsVQA
1279,4.0,2,-2.0,2.0,infographicsVQA
1280,5.0,3,-2.0,2.0,infographicsVQA
1281,1.0,2,1.0,1.0,infographicsVQA
1282,5.0,5,0.0,0.0,infographicsVQA
1283,5.0,3,-2.0,2.0,infographicsVQA
1284,5.0,4,-1.0,1.0,infographicsVQA
1285,4.0,3,-1.0,1.0,infographicsVQA
1286,4.0,1,-3.0,3.0,infographicsVQA
1287,5.0,5,0.0,0.0,infographicsVQA
1288,5.0,4,-1.0,1.0,infographicsVQA
1289,3.0,1,-2.0,2.0,infographicsVQA
1290,5.0,5,0.0,0.0,infographicsVQA
1291,4.0,1,-3.0,3.0,infographicsVQA
1292,3.0,4,1.0,1.0,infographicsVQA
1293,2.0,2,0.0,0.0,infographicsVQA
1294,2.0,5,3.0,3.0,infographicsVQA
1295,3.0,5,2.0,2.0,infographicsVQA
1296,4.0,3,-1.0,1.0,infographicsVQA
1297,5.0,4,-1.0,1.0,infographicsVQA
1298,5.0,4,-1.0,1.0,infographicsVQA
1299,4.0,5,1.0,1.0,infographicsVQA
1300,5.0,3,-2.0,2.0,infographicsVQA
1301,2.0,4,2.0,2.0,infographicsVQA
1302,3.0,5,2.0,2.0,infographicsVQA
1303,5.0,4,-1.0,1.0,infographicsVQA
1304,4.0,2,-2.0,2.0,infographicsVQA
1305,4.0,2,-2.0,2.0,infographicsVQA
1306,2.0,3,1.0,1.0,infographicsVQA
1307,5.0,4,-1.0,1.0,infographicsVQA
1308,2.0,2,0.0,0.0,infographicsVQA
1309,4.0,3,-1.0,1.0,infographicsVQA
1310,2.0,4,2.0,2.0,infographicsVQA
1311,4.0,3,-1.0,1.0,infographicsVQA
1312,3.0,3,0.0,0.0,infographicsVQA
1313,4.0,2,-2.0,2.0,infographicsVQA
1314,1.0,4,3.0,3.0,infographicsVQA
1315,5.0,5,0.0,0.0,infographicsVQA
1316,1.0,1,0.0,0.0,infographicsVQA
1317,2.0,3,1.0,1.0,infographicsVQA
1318,1.0,4,3.0,3.0,infographicsVQA
1319,5.0,5,0.0,0.0,infographicsVQA
1320,1.0,2,1.0,1.0,infographicsVQA
1321,1.0,2,1.0,1.0,infographicsVQA
1322,1.0,2,1.0,1.0,infographicsVQA
1323,5.0,4,-1.0,1.0,infographicsVQA
1324,5.0,5,0.0,0.0,infographicsVQA
1325,4.0,3,-1.0,1.0,infographicsVQA
1326,2.0,1,-1.0,1.0,infographicsVQA
1327,4.0,3,-1.0,1.0,infographicsVQA
1328,1.0,4,3.0,3.0,infographicsVQA
1329,2.0,2,0.0,0.0,infographicsVQA
1330,2.0,1,-1.0,1.0,infographicsVQA
1331,1.0,4,3.0,3.0,infographicsVQA
1332,2.0,4,2.0,2.0,infographicsVQA
1333,2.0,3,1.0,1.0,infographicsVQA
1334,1.0,1,0.0,0.0,infographicsVQA
1335,5.0,5,0.0,0.0,infographicsVQA
1336,2.0,2,0.0,0.0,infographicsVQA
1337,3.0,5,2.0,2.0,infographicsVQA
1338,3.0,5,2.0,2.0,infographicsVQA
1339,5.0,4,-1.0,1.0,infographicsVQA
1340,2.0,3,1.0,1.0,infographicsVQA
1341,3.0,1,-2.0,2.0,infographicsVQA
1342,4.0,4,0.0,0.0,infographicsVQA
1343,4.0,5,1.0,1.0,infographicsVQA
1344,1.0,5,4.0,4.0,infographicsVQA
1345,4.0,4,0.0,0.0,infographicsVQA
1346,2.0,5,3.0,3.0,infographicsVQA
1347,5.0,4,-1.0,1.0,infographicsVQA
1348,1.0,5,4.0,4.0,infographicsVQA
1349,3.0,4,1.0,1.0,infographicsVQA
1350,5.0,5,0.0,0.0,infographicsVQA
1351,5.0,5,0.0,0.0,infographicsVQA
1352,5.0,4,-1.0,1.0,infographicsVQA
1353,1.0,1,0.0,0.0,infographicsVQA
1354,1.0,4,3.0,3.0,infographicsVQA
1355,1.0,4,3.0,3.0,infographicsVQA
1356,1.0,3,2.0,2.0,infographicsVQA
1357,1.0,1,0.0,0.0,infographicsVQA
1358,3.0,4,1.0,1.0,infographicsVQA
1359,2.0,5,3.0,3.0,infographicsVQA
1360,4.0,3,-1.0,1.0,infographicsVQA
1361,1.0,1,0.0,0.0,infographicsVQA
1362,1.0,1,0.0,0.0,infographicsVQA
1363,4.0,3,-1.0,1.0,infographicsVQA
1364,1.0,1,0.0,0.0,infographicsVQA
1365,2.0,3,1.0,1.0,infographicsVQA
1366,3.0,4,1.0,1.0,infographicsVQA
1367,4.0,5,1.0,1.0,infographicsVQA
1368,2.0,3,1.0,1.0,infographicsVQA
1369,1.0,2,1.0,1.0,infographicsVQA
1370,4.0,4,0.0,0.0,infographicsVQA
1371,4.0,4,0.0,0.0,infographicsVQA
1372,4.0,3,-1.0,1.0,infographicsVQA
1373,2.0,2,0.0,0.0,infographicsVQA
1374,3.0,1,-2.0,2.0,infographicsVQA
1375,5.0,4,-1.0,1.0,infographicsVQA
1376,4.0,2,-2.0,2.0,infographicsVQA
1377,3.0,3,0.0,0.0,infographicsVQA
1378,2.0,1,-1.0,1.0,infographicsVQA
1379,5.0,4,-1.0,1.0,infographicsVQA
1380,4.0,2,-2.0,2.0,infographicsVQA
1381,5.0,3,-2.0,2.0,infographicsVQA
1382,2.0,3,1.0,1.0,infographicsVQA
1383,5.0,4,-1.0,1.0,infographicsVQA
1384,3.0,1,-2.0,2.0,infographicsVQA
1385,3.0,3,0.0,0.0,infographicsVQA
1386,1.0,4,3.0,3.0,infographicsVQA
1387,5.0,4,-1.0,1.0,infographicsVQA
1388,2.0,4,2.0,2.0,infographicsVQA
1389,4.0,1,-3.0,3.0,infographicsVQA
1390,4.0,5,1.0,1.0,infographicsVQA
1391,4.0,3,-1.0,1.0,infographicsVQA
1392,4.0,5,1.0,1.0,infographicsVQA
1393,1.0,5,4.0,4.0,infographicsVQA
1394,1.0,1,0.0,0.0,infographicsVQA
1395,5.0,5,0.0,0.0,infographicsVQA
1396,3.0,2,-1.0,1.0,infographicsVQA
1397,1.0,2,1.0,1.0,infographicsVQA
1398,1.0,1,0.0,0.0,infographicsVQA
1399,2.0,2,0.0,0.0,infographicsVQA
1400,1.0,2,1.0,1.0,infographicsVQA
1401,1.0,1,0.0,0.0,infographicsVQA
1402,3.0,4,1.0,1.0,infographicsVQA
1403,5.0,4,-1.0,1.0,infographicsVQA
1404,5.0,4,-1.0,1.0,infographicsVQA
1405,2.0,3,1.0,1.0,infographicsVQA
1406,2.0,4,2.0,2.0,infographicsVQA
1407,4.0,3,-1.0,1.0,infographicsVQA
1408,1.0,1,0.0,0.0,infographicsVQA
1409,2.0,1,-1.0,1.0,infographicsVQA
1410,4.0,4,0.0,0.0,infographicsVQA
1411,4.0,3,-1.0,1.0,infographicsVQA
1412,5.0,3,-2.0,2.0,infographicsVQA
1413,3.0,1,-2.0,2.0,infographicsVQA
1414,2.0,1,-1.0,1.0,infographicsVQA
1415,2.0,1,-1.0,1.0,infographicsVQA
1416,2.0,4,2.0,2.0,infographicsVQA
1417,1.0,2,1.0,1.0,infographicsVQA
1418,1.0,4,3.0,3.0,infographicsVQA
1419,3.0,4,1.0,1.0,infographicsVQA
1420,1.0,4,3.0,3.0,infographicsVQA
1421,2.0,1,-1.0,1.0,infographicsVQA
1422,4.0,1,-3.0,3.0,infographicsVQA
1423,2.0,3,1.0,1.0,infographicsVQA
1424,5.0,3,-2.0,2.0,infographicsVQA
1425,2.0,3,1.0,1.0,infographicsVQA
1426,3.0,1,-2.0,2.0,infographicsVQA
1427,4.0,3,-1.0,1.0,infographicsVQA
1428,4.0,5,1.0,1.0,infographicsVQA
1429,1.0,3,2.0,2.0,infographicsVQA
1430,1.0,1,0.0,0.0,infographicsVQA
1431,5.0,4,-1.0,1.0,infographicsVQA
1432,5.0,4,-1.0,1.0,infographicsVQA
1433,1.0,3,2.0,2.0,infographicsVQA
1434,2.0,3,1.0,1.0,infographicsVQA
1435,5.0,4,-1.0,1.0,infographicsVQA
1436,5.0,4,-1.0,1.0,infographicsVQA
1437,2.0,2,0.0,0.0,infographicsVQA
1438,5.0,1,-4.0,4.0,infographicsVQA
1439,5.0,5,0.0,0.0,infographicsVQA
1440,4.0,3,-1.0,1.0,infographicsVQA
1441,1.0,2,1.0,1.0,infographicsVQA
1442,2.0,2,0.0,0.0,infographicsVQA
1443,4.0,5,1.0,1.0,infographicsVQA
1444,4.0,5,1.0,1.0,infographicsVQA
1445,3.0,4,1.0,1.0,infographicsVQA
1446,2.0,4,2.0,2.0,infographicsVQA
1447,5.0,5,0.0,0.0,infographicsVQA
1448,4.0,4,0.0,0.0,infographicsVQA
1449,1.0,1,0.0,0.0,infographicsVQA
1450,5.0,4,-1.0,1.0,infographicsVQA
1451,5.0,4,-1.0,1.0,infographicsVQA
1452,5.0,4,-1.0,1.0,infographicsVQA
1453,2.0,1,-1.0,1.0,infographicsVQA
1454,3.0,1,-2.0,2.0,infographicsVQA
1455,5.0,4,-1.0,1.0,infographicsVQA
1456,2.0,1,-1.0,1.0,infographicsVQA
1457,2.0,4,2.0,2.0,infographicsVQA
1458,3.0,4,1.0,1.0,infographicsVQA
1459,3.0,1,-2.0,2.0,infographicsVQA
1460,1.0,4,3.0,3.0,infographicsVQA
1461,2.0,1,-1.0,1.0,infographicsVQA
1462,4.0,4,0.0,0.0,infographicsVQA
1463,5.0,5,0.0,0.0,infographicsVQA
1464,5.0,4,-1.0,1.0,infographicsVQA
1465,4.0,2,-2.0,2.0,infographicsVQA
1466,2.0,4,2.0,2.0,infographicsVQA
1467,5.0,4,-1.0,1.0,infographicsVQA
1468,5.0,3,-2.0,2.0,infographicsVQA
1469,3.0,2,-1.0,1.0,infographicsVQA
1470,4.0,3,-1.0,1.0,infographicsVQA
1471,4.0,4,0.0,0.0,infographicsVQA
1472,4.0,4,0.0,0.0,infographicsVQA
1473,3.0,1,-2.0,2.0,infographicsVQA
1474,5.0,4,-1.0,1.0,infographicsVQA
1475,4.0,5,1.0,1.0,infographicsVQA
1476,1.0,3,2.0,2.0,infographicsVQA
1477,2.0,1,-1.0,1.0,infographicsVQA
1478,3.0,4,1.0,1.0,infographicsVQA
1479,3.0,4,1.0,1.0,infographicsVQA
1480,4.0,1,-3.0,3.0,infographicsVQA
1481,5.0,5,0.0,0.0,infographicsVQA
1482,5.0,5,0.0,0.0,infographicsVQA
1483,2.0,1,-1.0,1.0,infographicsVQA
1484,2.0,5,3.0,3.0,infographicsVQA
1485,2.0,5,3.0,3.0,infographicsVQA
1486,2.0,3,1.0,1.0,infographicsVQA
1487,2.0,2,0.0,0.0,infographicsVQA
1488,2.0,3,1.0,1.0,infographicsVQA
1489,3.0,4,1.0,1.0,infographicsVQA
1490,1.0,4,3.0,3.0,infographicsVQA
1491,2.0,3,1.0,1.0,infographicsVQA
1492,3.0,1,-2.0,2.0,mathvista
1493,5.0,4,-1.0,1.0,mathvista
1494,2.0,2,0.0,0.0,mathvista
1495,5.0,5,0.0,0.0,mathvista
1496,1.0,5,4.0,4.0,mathvista
1497,1.0,5,4.0,4.0,mathvista
1498,3.0,5,2.0,2.0,mathvista
1499,2.0,2,0.0,0.0,mathvista
1500,5.0,3,-2.0,2.0,mathvista
1501,2.0,3,1.0,1.0,mathvista
1502,1.0,4,3.0,3.0,mathvista
1503,3.0,1,-2.0,2.0,mathvista
1504,2.0,5,3.0,3.0,mathvista
1505,2.0,4,2.0,2.0,mathvista
1506,1.0,4,3.0,3.0,mathvista
1507,1.0,1,0.0,0.0,mathvista
1508,2.0,5,3.0,3.0,mathvista
1509,1.0,2,1.0,1.0,mathvista
1510,1.0,1,0.0,0.0,mathvista
1511,5.0,1,-4.0,4.0,mathvista
1512,1.0,4,3.0,3.0,mathvista
1513,1.0,5,4.0,4.0,mathvista
1514,1.0,5,4.0,4.0,mathvista
1515,1.0,4,3.0,3.0,mathvista
1516,4.0,5,1.0,1.0,mathvista
1517,1.0,5,4.0,4.0,mathvista
1518,1.0,5,4.0,4.0,mathvista
1519,1.0,1,0.0,0.0,mathvista
1520,5.0,5,0.0,0.0,mathvista
1521,5.0,5,0.0,0.0,mathvista
1522,4.0,4,0.0,0.0,mathvista
1523,3.0,3,0.0,0.0,mathvista
1524,4.0,4,0.0,0.0,mathvista
1525,4.0,5,1.0,1.0,mathvista
1526,5.0,5,0.0,0.0,mathvista
1527,5.0,5,0.0,0.0,mathvista
1528,5.0,5,0.0,0.0,mathvista
1529,5.0,4,-1.0,1.0,mathvista
1530,2.0,2,0.0,0.0,mathvista
1531,2.0,1,-1.0,1.0,mathvista
1532,1.0,5,4.0,4.0,mathvista
1533,2.0,5,3.0,3.0,mathvista
1534,2.0,1,-1.0,1.0,mathvista
1535,4.0,1,-3.0,3.0,mathvista
1536,2.0,3,1.0,1.0,mathvista
1537,2.0,5,3.0,3.0,mathvista
1538,1.0,4,3.0,3.0,mathvista
1539,2.0,2,0.0,0.0,mathvista
1540,1.0,2,1.0,1.0,mathvista
1541,3.0,3,0.0,0.0,mathvista
1542,1.0,3,2.0,2.0,mathvista
1543,2.0,3,1.0,1.0,mathvista
1544,2.0,4,2.0,2.0,mathvista
1545,2.0,2,0.0,0.0,mathvista
1546,5.0,2,-3.0,3.0,mathvista
1547,2.0,2,0.0,0.0,mathvista
1548,3.0,3,0.0,0.0,mathvista
1549,2.0,4,2.0,2.0,mathvista
1550,2.0,1,-1.0,1.0,mathvista
1551,3.0,5,2.0,2.0,mathvista
1552,4.0,5,1.0,1.0,mathvista
1553,3.0,1,-2.0,2.0,mathvista
1554,2.0,1,-1.0,1.0,mathvista
1555,1.0,1,0.0,0.0,mathvista
1556,5.0,5,0.0,0.0,mathvista
1557,4.0,5,1.0,1.0,mathvista
1558,2.0,1,-1.0,1.0,mathvista
1559,2.0,1,-1.0,1.0,mathvista
1560,1.0,1,0.0,0.0,mathvista
1561,5.0,5,0.0,0.0,mathvista
1562,3.0,2,-1.0,1.0,mathvista
1563,2.0,1,-1.0,1.0,mathvista
1564,3.0,3,0.0,0.0,mathvista
1565,5.0,4,-1.0,1.0,mathvista
1566,1.0,3,2.0,2.0,mathvista
1567,4.0,2,-2.0,2.0,mathvista
1568,5.0,3,-2.0,2.0,mathvista
1569,2.0,2,0.0,0.0,mathvista
1570,3.0,2,-1.0,1.0,mathvista
1571,2.0,2,0.0,0.0,mathvista
1572,1.0,3,2.0,2.0,mathvista
1573,2.0,1,-1.0,1.0,mathvista
1574,3.0,2,-1.0,1.0,mathvista
1575,1.0,3,2.0,2.0,mathvista
1576,3.0,1,-2.0,2.0,mathvista
1577,2.0,3,1.0,1.0,mathvista
1578,3.0,4,1.0,1.0,mathvista
1579,5.0,5,0.0,0.0,mathvista
1580,4.0,4,0.0,0.0,mathvista
1581,4.0,5,1.0,1.0,mathvista
1582,4.0,5,1.0,1.0,mathvista
1584,4.0,5,1.0,1.0,mathvista
1585,1.0,1,0.0,0.0,mathvista
1586,1.0,4,3.0,3.0,mathvista
1587,3.0,4,1.0,1.0,mathvista
1588,3.0,2,-1.0,1.0,mathvista
1589,3.0,2,-1.0,1.0,mathvista
1590,3.0,3,0.0,0.0,mathvista
1591,5.0,4,-1.0,1.0,mathvista
1592,3.0,1,-2.0,2.0,mathvista
1593,1.0,3,2.0,2.0,mathvista
1594,2.0,1,-1.0,1.0,mathvista
1595,4.0,3,-1.0,1.0,mathvista
1596,4.0,4,0.0,0.0,mathvista
1597,4.0,3,-1.0,1.0,mathvista
1598,3.0,4,1.0,1.0,mathvista
1599,4.0,4,0.0,0.0,mathvista
1600,2.0,1,-1.0,1.0,mathvista
1601,3.0,2,-1.0,1.0,mathvista
1602,3.0,2,-1.0,1.0,mathvista
1603,4.0,5,1.0,1.0,mathvista
1604,3.0,3,0.0,0.0,mathvista
1605,4.0,4,0.0,0.0,mathvista
1606,3.0,5,2.0,2.0,mathvista
1607,4.0,5,1.0,1.0,mathvista
1608,1.0,5,4.0,4.0,mathvista
1609,2.0,1,-1.0,1.0,mathvista
1610,1.0,1,0.0,0.0,mathvista
1611,4.0,3,-1.0,1.0,mathvista
1612,1.0,1,0.0,0.0,mathvista
1613,2.0,4,2.0,2.0,mathvista
1614,3.0,3,0.0,0.0,mathvista
1615,2.0,3,1.0,1.0,mathvista
1616,3.0,1,-2.0,2.0,mathvista
1617,2.0,3,1.0,1.0,mathvista
1618,1.0,5,4.0,4.0,mathvista
1619,2.0,4,2.0,2.0,mathvista
1620,1.0,3,2.0,2.0,mathvista
1621,3.0,2,-1.0,1.0,mathvista
1622,2.0,1,-1.0,1.0,mathvista
1623,5.0,4,-1.0,1.0,mathvista
1624,3.0,1,-2.0,2.0,mathvista
1625,3.0,2,-1.0,1.0,mathvista
1626,1.0,1,0.0,0.0,mathvista
1627,4.0,5,1.0,1.0,mathvista
1628,5.0,2,-3.0,3.0,mathvista
1629,5.0,3,-2.0,2.0,mathvista
1630,3.0,2,-1.0,1.0,mathvista
1631,5.0,3,-2.0,2.0,mathvista
1632,2.0,1,-1.0,1.0,mathvista
1633,2.0,1,-1.0,1.0,mathvista
1634,3.0,2,-1.0,1.0,mathvista
1635,3.0,4,1.0,1.0,mathvista
1636,5.0,4,-1.0,1.0,mathvista
1637,1.0,1,0.0,0.0,mathvista
1638,1.0,1,0.0,0.0,mathvista
1639,3.0,5,2.0,2.0,mathvista
1640,3.0,3,0.0,0.0,mathvista
1641,1.0,1,0.0,0.0,mathvista
1642,2.0,4,2.0,2.0,mathvista
1643,4.0,5,1.0,1.0,mathvista
1644,1.0,1,0.0,0.0,mathvista
1645,4.0,5,1.0,1.0,mathvista
1646,2.0,1,-1.0,1.0,mathvista
1647,3.0,5,2.0,2.0,mathvista
1648,1.0,4,3.0,3.0,mathvista
1649,1.0,3,2.0,2.0,mathvista
1650,1.0,1,0.0,0.0,mathvista
1651,1.0,4,3.0,3.0,mathvista
1652,2.0,4,2.0,2.0,mathvista
1653,2.0,1,-1.0,1.0,mathvista
1654,1.0,2,1.0,1.0,mathvista
1655,3.0,3,0.0,0.0,mathvista
1656,2.0,5,3.0,3.0,mathvista
1657,2.0,3,1.0,1.0,mathvista
1658,1.0,1,0.0,0.0,mathvista
1659,1.0,3,2.0,2.0,mathvista
1660,5.0,4,-1.0,1.0,mathvista
1661,1.0,1,0.0,0.0,mathvista
1662,3.0,3,0.0,0.0,mathvista
1663,5.0,5,0.0,0.0,mathvista
1664,3.0,3,0.0,0.0,mathvista
1665,2.0,1,-1.0,1.0,mathvista
1666,2.0,4,2.0,2.0,mathvista
1667,5.0,5,0.0,0.0,mathvista
1668,5.0,4,-1.0,1.0,mathvista
1669,1.0,1,0.0,0.0,mathvista
1670,4.0,5,1.0,1.0,mathvista
1671,5.0,5,0.0,0.0,mathvista
1672,2.0,1,-1.0,1.0,mathvista
1673,1.0,2,1.0,1.0,mathvista
1674,4.0,2,-2.0,2.0,mathvista
1675,5.0,3,-2.0,2.0,mathvista
1676,2.0,4,2.0,2.0,mathvista
1677,1.0,5,4.0,4.0,mathvista
1678,1.0,4,3.0,3.0,mathvista
1679,5.0,4,-1.0,1.0,mathvista
1680,5.0,5,0.0,0.0,mathvista
1681,1.0,4,3.0,3.0,mathvista
1682,4.0,2,-2.0,2.0,mathvista
1683,3.0,3,0.0,0.0,mathvista
1684,2.0,2,0.0,0.0,mathvista
1685,2.0,1,-1.0,1.0,mathvista
1686,1.0,1,0.0,0.0,mathvista
1687,1.0,4,3.0,3.0,mathvista
1688,4.0,1,-3.0,3.0,mathvista
1689,1.0,3,2.0,2.0,mathvista
1690,4.0,5,1.0,1.0,mathvista
1691,4.0,5,1.0,1.0,mathvista
1692,4.0,5,1.0,1.0,mathvista
1693,4.0,4,0.0,0.0,mathvista
1694,3.0,5,2.0,2.0,mathvista
1695,4.0,5,1.0,1.0,mathvista
1696,2.0,3,1.0,1.0,mathvista
1697,3.0,3,0.0,0.0,mathvista
1698,2.0,1,-1.0,1.0,mathvista
1699,2.0,2,0.0,0.0,mathvista
1700,1.0,2,1.0,1.0,mathvista
1701,2.0,3,1.0,1.0,mathvista
1702,3.0,2,-1.0,1.0,mathvista
1703,5.0,4,-1.0,1.0,mathvista
1704,1.0,3,2.0,2.0,mathvista
1705,2.0,3,1.0,1.0,mathvista
1706,3.0,1,-2.0,2.0,mathvista
1707,3.0,4,1.0,1.0,mathvista
1708,3.0,3,0.0,0.0,mathvista
1709,3.0,2,-1.0,1.0,mathvista
1710,1.0,3,2.0,2.0,mathvista
1711,1.0,1,0.0,0.0,mathvista
1712,1.0,1,0.0,0.0,mathvista
1713,5.0,2,-3.0,3.0,mathvista
1714,3.0,1,-2.0,2.0,mathvista
1715,5.0,5,0.0,0.0,mathvista
1716,5.0,5,0.0,0.0,mathvista
1717,3.0,2,-1.0,1.0,mathvista
1718,3.0,3,0.0,0.0,mathvista
1719,5.0,5,0.0,0.0,mathvista
1720,5.0,5,0.0,0.0,mathvista
1721,1.0,4,3.0,3.0,mathvista
1722,1.0,1,0.0,0.0,mathvista
1723,5.0,5,0.0,0.0,mathvista
1724,3.0,4,1.0,1.0,mathvista
1725,1.0,2,1.0,1.0,mathvista
1726,1.0,1,0.0,0.0,mathvista
1727,5.0,5,0.0,0.0,mathvista
1728,3.0,4,1.0,1.0,mathvista
1729,2.0,5,3.0,3.0,mathvista
1730,2.0,3,1.0,1.0,mathvista
1731,1.0,4,3.0,3.0,mathvista
1732,2.0,3,1.0,1.0,mathvista
1733,3.0,3,0.0,0.0,mathvista
1734,3.0,2,-1.0,1.0,mathvista
1735,2.0,4,2.0,2.0,mathvista
1736,5.0,2,-3.0,3.0,mathvista
1737,5.0,1,-4.0,4.0,mathvista
1738,1.0,1,0.0,0.0,mathvista
1739,1.0,5,4.0,4.0,mathvista
1740,5.0,3,-2.0,2.0,mathvista
1741,1.0,1,0.0,0.0,mathvista
1742,1.0,1,0.0,0.0,mathvista
1743,4.0,5,1.0,1.0,mathvista
1744,1.0,3,2.0,2.0,mathvista
1745,1.0,1,0.0,0.0,mathvista
1746,1.0,1,0.0,0.0,mathvista
1747,5.0,5,0.0,0.0,mathvista
1748,1.0,1,0.0,0.0,mathvista
1749,1.0,1,0.0,0.0,mathvista
1750,1.0,1,0.0,0.0,mathvista
1751,5.0,1,-4.0,4.0,mathvista
1752,1.0,4,3.0,3.0,mathvista
1753,1.0,4,3.0,3.0,mathvista
1754,1.0,5,4.0,4.0,mathvista
1755,4.0,5,1.0,1.0,mathvista
1756,1.0,5,4.0,4.0,mathvista
1757,2.0,2,0.0,0.0,mathvista
1758,4.0,5,1.0,1.0,mathvista
1759,4.0,5,1.0,1.0,mathvista
1760,4.0,5,1.0,1.0,mathvista
1761,4.0,1,-3.0,3.0,mathvista
1762,3.0,4,1.0,1.0,mathvista
1763,5.0,5,0.0,0.0,mathvista
1764,3.0,1,-2.0,2.0,mathvista
1765,1.0,1,0.0,0.0,mathvista
1766,3.0,5,2.0,2.0,mathvista
1767,4.0,4,0.0,0.0,mathvista
1768,3.0,5,2.0,2.0,mathvista
1769,1.0,2,1.0,1.0,mathvista
1770,1.0,1,0.0,0.0,mathvista
1771,4.0,4,0.0,0.0,mathvista
1772,5.0,4,-1.0,1.0,mathvista
1773,1.0,1,0.0,0.0,mathvista
1774,1.0,1,0.0,0.0,mathvista
1775,5.0,5,0.0,0.0,mathvista
1776,5.0,5,0.0,0.0,mathvista
1777,3.0,2,-1.0,1.0,mathvista
1778,3.0,2,-1.0,1.0,mathvista
1779,2.0,2,0.0,0.0,mathvista
1780,5.0,4,-1.0,1.0,mathvista
1781,1.0,1,0.0,0.0,mathvista
1782,2.0,5,3.0,3.0,mathvista
1783,4.0,5,1.0,1.0,mathvista
1784,3.0,4,1.0,1.0,mathvista
1785,2.0,1,-1.0,1.0,mathvista
1786,1.0,1,0.0,0.0,mathvista
1787,4.0,2,-2.0,2.0,mathvista
1788,4.0,4,0.0,0.0,mathvista
1789,2.0,2,0.0,0.0,mathvista
1790,2.0,1,-1.0,1.0,mathvista
1791,1.0,1,0.0,0.0,mathvista
1792,2.0,5,3.0,3.0,mathvista
1793,1.0,1,0.0,0.0,mathvista
1794,1.0,1,0.0,0.0,mathvista
1795,2.0,2,0.0,0.0,mathvista
1796,1.0,1,0.0,0.0,mathvista
1797,3.0,5,2.0,2.0,mathvista
1798,1.0,1,0.0,0.0,mathvista
1799,1.0,5,4.0,4.0,mathvista
1800,4.0,4,0.0,0.0,mathvista
1801,1.0,4,3.0,3.0,mathvista
1802,5.0,3,-2.0,2.0,mathvista
1803,5.0,5,0.0,0.0,mathvista
1804,2.0,4,2.0,2.0,mathvista
1805,4.0,4,0.0,0.0,mathvista
1806,3.0,4,1.0,1.0,mathvista
1807,5.0,5,0.0,0.0,mathvista
1808,1.0,5,4.0,4.0,mathvista
1809,2.0,4,2.0,2.0,mathvista
1810,1.0,2,1.0,1.0,mathvista
1811,3.0,4,1.0,1.0,mathvista
1812,3.0,4,1.0,1.0,mathvista
1813,2.0,1,-1.0,1.0,mathvista
1814,4.0,1,-3.0,3.0,mathvista
1815,2.0,3,1.0,1.0,mathvista
1816,4.0,4,0.0,0.0,mathvista
1817,1.0,2,1.0,1.0,mathvista
1818,3.0,4,1.0,1.0,mathvista
1819,3.0,4,1.0,1.0,mathvista
1820,4.0,1,-3.0,3.0,mathvista
1821,2.0,1,-1.0,1.0,mathvista
1822,3.0,3,0.0,0.0,mathvista
1823,4.0,3,-1.0,1.0,mathvista
1824,4.0,2,-2.0,2.0,mathvista
1825,1.0,3,2.0,2.0,mathvista
1826,1.0,3,2.0,2.0,mathvista
1829,1.0,1,0.0,0.0,mathvista
1830,1.0,1,0.0,0.0,mathvista
1831,1.0,3,2.0,2.0,mathvista
1832,1.0,5,4.0,4.0,mathvista
1833,1.0,3,2.0,2.0,mathvista
1834,1.0,4,3.0,3.0,mathvista
1835,4.0,5,1.0,1.0,mathvista
1836,3.0,5,2.0,2.0,mathvista
1837,2.0,1,-1.0,1.0,mathvista
1838,1.0,1,0.0,0.0,mathvista
1839,2.0,5,3.0,3.0,mathvista
1840,4.0,4,0.0,0.0,mathvista
1841,5.0,2,-3.0,3.0,mathvista
1842,4.0,4,0.0,0.0,mathvista
1843,2.0,5,3.0,3.0,mathvista
1844,1.0,2,1.0,1.0,mathvista
1845,1.0,5,4.0,4.0,mathvista
1846,5.0,4,-1.0,1.0,mathvista
1847,5.0,5,0.0,0.0,mathvista
1848,4.0,1,-3.0,3.0,mathvista
1849,1.0,1,0.0,0.0,mathvista
1850,5.0,3,-2.0,2.0,mathvista
1851,1.0,2,1.0,1.0,mathvista
1852,1.0,2,1.0,1.0,mathvista
1853,1.0,1,0.0,0.0,mathvista
1854,3.0,2,-1.0,1.0,mathvista
1855,4.0,2,-2.0,2.0,mathvista
1856,3.0,4,1.0,1.0,mathvista
1857,2.0,1,-1.0,1.0,mathvista
1858,1.0,1,0.0,0.0,mathvista
1859,1.0,1,0.0,0.0,mathvista
1860,1.0,1,0.0,0.0,mathvista
1861,1.0,5,4.0,4.0,mathvista
1862,1.0,3,2.0,2.0,mathvista
1863,2.0,1,-1.0,1.0,mathvista
1864,1.0,2,1.0,1.0,mathvista
1865,1.0,4,3.0,3.0,mathvista
1866,1.0,1,0.0,0.0,mathvista
1867,2.0,4,2.0,2.0,mathvista
1868,2.0,5,3.0,3.0,mathvista
1869,3.0,1,-2.0,2.0,mathvista
1870,4.0,5,1.0,1.0,mathvista
1871,5.0,5,0.0,0.0,mathvista
1872,5.0,4,-1.0,1.0,mathvista
1873,1.0,2,1.0,1.0,mathvista
1874,3.0,1,-2.0,2.0,mathvista
1875,4.0,4,0.0,0.0,mathvista
1876,1.0,1,0.0,0.0,mathvista
1877,2.0,1,-1.0,1.0,mathvista
1878,1.0,3,2.0,2.0,mathvista
1879,3.0,4,1.0,1.0,mathvista
1880,1.0,1,0.0,0.0,mathvista
1881,1.0,2,1.0,1.0,mathvista
1882,2.0,2,0.0,0.0,mathvista
1883,4.0,5,1.0,1.0,mathvista
1884,3.0,5,2.0,2.0,mathvista
1885,3.0,2,-1.0,1.0,mathvista
1886,2.0,1,-1.0,1.0,mathvista
1887,1.0,5,4.0,4.0,mathvista
1888,4.0,5,1.0,1.0,mathvista
1889,1.0,5,4.0,4.0,mathvista
1890,1.0,4,3.0,3.0,mathvista
1891,3.0,4,1.0,1.0,mathvista
1892,5.0,3,-2.0,2.0,mathvista
1893,1.0,1,0.0,0.0,mathvista
1894,1.0,2,1.0,1.0,mathvista
1895,4.0,5,1.0,1.0,mathvista
1896,4.0,5,1.0,1.0,mathvista
1897,1.0,3,2.0,2.0,mathvista
1898,1.0,1,0.0,0.0,mathvista
1899,1.0,4,3.0,3.0,mathvista
1900,1.0,2,1.0,1.0,mathvista
1901,1.0,1,0.0,0.0,mathvista
1902,2.0,1,-1.0,1.0,mathvista
1903,1.0,5,4.0,4.0,mathvista
1904,1.0,4,3.0,3.0,mathvista
1905,2.0,1,-1.0,1.0,mathvista
1906,2.0,1,-1.0,1.0,mathvista
1907,5.0,5,0.0,0.0,mathvista
1908,2.0,3,1.0,1.0,mathvista
1909,2.0,1,-1.0,1.0,mathvista
1910,2.0,1,-1.0,1.0,mathvista
1911,5.0,5,0.0,0.0,mathvista
1912,5.0,5,0.0,0.0,mathvista
1913,1.0,1,0.0,0.0,mathvista
1914,1.0,1,0.0,0.0,mathvista
1915,5.0,5,0.0,0.0,mathvista
1916,5.0,5,0.0,0.0,mathvista
1917,1.0,3,2.0,2.0,mathvista
1918,1.0,1,0.0,0.0,mathvista
1919,5.0,5,0.0,0.0,mathvista
1920,5.0,4,-1.0,1.0,mathvista
1921,3.0,1,-2.0,2.0,mathvista
1922,4.0,1,-3.0,3.0,mathvista
1923,4.0,4,0.0,0.0,mathvista
1924,5.0,4,-1.0,1.0,mathvista
1925,3.0,1,-2.0,2.0,mathvista
1926,2.0,1,-1.0,1.0,mathvista
1927,5.0,4,-1.0,1.0,mathvista
1928,1.0,1,0.0,0.0,mathvista
1929,1.0,3,2.0,2.0,mathvista
1930,1.0,1,0.0,0.0,mathvista
1931,5.0,5,0.0,0.0,mathvista
1932,4.0,4,0.0,0.0,mathvista
1933,3.0,1,-2.0,2.0,mathvista
1934,5.0,1,-4.0,4.0,mathvista
1935,3.0,5,2.0,2.0,mathvista
1936,2.0,1,-1.0,1.0,mathvista
1937,2.0,3,1.0,1.0,mathvista
1938,2.0,3,1.0,1.0,mathvista
1939,3.0,3,0.0,0.0,mathvista
1940,1.0,1,0.0,0.0,mathvista
1941,1.0,2,1.0,1.0,mathvista
1942,5.0,5,0.0,0.0,mathvista
1943,1.0,5,4.0,4.0,mathvista
1944,1.0,1,0.0,0.0,mathvista
1945,3.0,1,-2.0,2.0,mathvista
1946,1.0,1,0.0,0.0,mathvista
1947,2.0,1,-1.0,1.0,mathvista
1948,1.0,1,0.0,0.0,mathvista
1949,2.0,1,-1.0,1.0,mathvista
1950,4.0,5,1.0,1.0,mathvista
1951,3.0,3,0.0,0.0,mathvista
1952,1.0,1,0.0,0.0,mathvista
1953,3.0,1,-2.0,2.0,mathvista
1954,1.0,2,1.0,1.0,mathvista
1955,1.0,3,2.0,2.0,mathvista
1956,1.0,1,0.0,0.0,mathvista
1957,2.0,4,2.0,2.0,mathvista
1958,1.0,4,3.0,3.0,mathvista
1959,1.0,1,0.0,0.0,mathvista
1960,2.0,2,0.0,0.0,mathvista
1961,5.0,2,-3.0,3.0,mathvista
1962,5.0,5,0.0,0.0,mathvista
1963,4.0,4,0.0,0.0,mathvista
1964,2.0,1,-1.0,1.0,mathvista
1965,4.0,1,-3.0,3.0,mathvista
1966,5.0,5,0.0,0.0,mathvista
1967,4.0,1,-3.0,3.0,mathvista
1968,1.0,5,4.0,4.0,mathvista
1969,5.0,3,-2.0,2.0,mathvista
1970,4.0,4,0.0,0.0,mathvista
1971,4.0,1,-3.0,3.0,mathvista
1972,1.0,1,0.0,0.0,mathvista
1973,4.0,1,-3.0,3.0,mathvista
1974,5.0,2,-3.0,3.0,mathvista
1975,3.0,5,2.0,2.0,mathvista
1976,3.0,4,1.0,1.0,mathvista
1977,2.0,2,0.0,0.0,mathvista
1978,3.0,4,1.0,1.0,mathvista
1979,2.0,4,2.0,2.0,mathvista
1980,1.0,4,3.0,3.0,mathvista
1981,1.0,1,0.0,0.0,mathvista
1982,1.0,4,3.0,3.0,mathvista
1983,4.0,4,0.0,0.0,mathvista
1984,4.0,3,-1.0,1.0,mathvista
1985,3.0,3,0.0,0.0,mathvista
1986,4.0,4,0.0,0.0,mathvista
1987,4.0,3,-1.0,1.0,mathvista
1988,1.0,5,4.0,4.0,mathvista
1989,1.0,5,4.0,4.0,mathvista
1990,1.0,5,4.0,4.0,mathvista
1991,1.0,4,3.0,3.0,mathvista
1992,3.0,2,-1.0,1.0,mathvista
1993,3.0,1,-2.0,2.0,mathvista
1994,4.0,5,1.0,1.0,mathvista
1995,3.0,3,0.0,0.0,mathvista
1996,1.0,3,2.0,2.0,mathvista
1997,2.0,1,-1.0,1.0,mathvista
1998,1.0,5,4.0,4.0,mathvista
1999,3.0,1,-2.0,2.0,mathvista
2000,1.0,1,0.0,0.0,mathvista
2001,1.0,5,4.0,4.0,mathvista
2002,1.0,3,2.0,2.0,mathvista
2003,3.0,5,2.0,2.0,mathvista
2004,2.0,2,0.0,0.0,mathvista
2005,3.0,5,2.0,2.0,mathvista
2006,2.0,4,2.0,2.0,mathvista
2007,4.0,3,-1.0,1.0,mathvista
2008,2.0,4,2.0,2.0,mathvista
2009,3.0,1,-2.0,2.0,mathvista
2010,2.0,4,2.0,2.0,mathvista
2011,4.0,1,-3.0,3.0,mathvista
2012,2.0,1,-1.0,1.0,mathvista
2013,5.0,1,-4.0,4.0,mathvista
2014,3.0,5,2.0,2.0,mathvista
2015,2.0,1,-1.0,1.0,mathvista
2016,4.0,1,-3.0,3.0,mathvista
2017,2.0,3,1.0,1.0,mathvista
2018,1.0,5,4.0,4.0,mathvista
2019,2.0,2,0.0,0.0,mathvista
2020,1.0,1,0.0,0.0,mathvista
2021,3.0,5,2.0,2.0,mathvista
2022,2.0,3,1.0,1.0,mathvista
2023,1.0,1,0.0,0.0,mathvista
2024,2.0,5,3.0,3.0,mathvista
2025,3.0,3,0.0,0.0,mathvista
2026,1.0,2,1.0,1.0,mathvista
2027,3.0,2,-1.0,1.0,mathvista
2028,3.0,4,1.0,1.0,mathvista
2029,2.0,4,2.0,2.0,mathvista
2030,1.0,3,2.0,2.0,mathvista
2031,1.0,3,2.0,2.0,mathvista
2032,5.0,5,0.0,0.0,mathvista
2033,2.0,4,2.0,2.0,mathvista
2034,1.0,3,2.0,2.0,mathvista
2035,2.0,5,3.0,3.0,mathvista
2036,2.0,4,2.0,2.0,mathvista
2037,2.0,4,2.0,2.0,mathvista
2038,1.0,1,0.0,0.0,mathvista
2039,1.0,1,0.0,0.0,mathvista
2040,4.0,3,-1.0,1.0,mathvista
2041,1.0,2,1.0,1.0,mathvista
2042,1.0,2,1.0,1.0,mathvista
2043,3.0,1,-2.0,2.0,mathvista
2044,4.0,5,1.0,1.0,mathvista
2045,3.0,4,1.0,1.0,mathvista
2046,2.0,4,2.0,2.0,mathvista
2047,3.0,3,0.0,0.0,mathvista
2048,1.0,4,3.0,3.0,mathvista
2049,1.0,3,2.0,2.0,mathvista
2050,2.0,4,2.0,2.0,mathvista
2051,4.0,2,-2.0,2.0,mathvista
2052,5.0,3,-2.0,2.0,mathvista
2053,3.0,5,2.0,2.0,mathvista
2054,2.0,4,2.0,2.0,mathvista
2055,4.0,2,-2.0,2.0,mathvista
2056,5.0,5,0.0,0.0,mathvista
2057,4.0,4,0.0,0.0,mathvista
2058,2.0,2,0.0,0.0,mathvista
2059,4.0,4,0.0,0.0,mathvista
2060,4.0,5,1.0,1.0,mathvista
2061,5.0,5,0.0,0.0,mathvista
2062,2.0,1,-1.0,1.0,mathvista
2063,2.0,1,-1.0,1.0,mathvista
2064,4.0,5,1.0,1.0,mathvista
2065,2.0,3,1.0,1.0,mathvista
2066,1.0,1,0.0,0.0,mathvista
2067,1.0,2,1.0,1.0,mathvista
2068,5.0,5,0.0,0.0,mathvista
2069,5.0,3,-2.0,2.0,mathvista
2070,1.0,1,0.0,0.0,mathvista
2071,5.0,4,-1.0,1.0,mathvista
2072,5.0,4,-1.0,1.0,mathvista
2073,4.0,4,0.0,0.0,mathvista
2074,1.0,5,4.0,4.0,mathvista
2075,5.0,5,0.0,0.0,mathvista
2076,5.0,4,-1.0,1.0,mathvista
2077,5.0,5,0.0,0.0,mathvista
2078,1.0,3,2.0,2.0,mathvista
2079,5.0,4,-1.0,1.0,mathvista
2080,5.0,5,0.0,0.0,mathvista
2081,5.0,5,0.0,0.0,mathvista
2082,1.0,1,0.0,0.0,mathvista
2083,5.0,5,0.0,0.0,mathvista
2084,5.0,5,0.0,0.0,mathvista
2085,5.0,5,0.0,0.0,mathvista
2086,4.0,2,-2.0,2.0,mathvista
2087,2.0,3,1.0,1.0,mathvista
2088,2.0,4,2.0,2.0,mathvista
2089,5.0,4,-1.0,1.0,mathvista
2090,2.0,2,0.0,0.0,mathvista
2091,2.0,3,1.0,1.0,mathvista
2092,3.0,4,1.0,1.0,mathvista
2093,5.0,5,0.0,0.0,mathvista
2094,3.0,3,0.0,0.0,mathvista
2095,3.0,2,-1.0,1.0,mathvista
2096,2.0,4,2.0,2.0,mathvista
2097,2.0,4,2.0,2.0,mathvista
2098,5.0,4,-1.0,1.0,mathvista
2099,4.0,1,-3.0,3.0,mathvista
2100,2.0,4,2.0,2.0,mathvista
2101,3.0,2,-1.0,1.0,mathvista
2102,3.0,4,1.0,1.0,mathvista
2103,4.0,4,0.0,0.0,mathvista
2104,1.0,3,2.0,2.0,mathvista
2105,4.0,1,-3.0,3.0,mathvista
2106,2.0,5,3.0,3.0,mathvista
2107,5.0,5,0.0,0.0,mathvista
2108,1.0,4,3.0,3.0,mathvista
2109,1.0,1,0.0,0.0,mathvista
2110,4.0,4,0.0,0.0,mathvista
2111,5.0,3,-2.0,2.0,mathvista
2112,2.0,4,2.0,2.0,mathvista
2113,1.0,1,0.0,0.0,mathvista
2114,1.0,4,3.0,3.0,mathvista
2115,5.0,5,0.0,0.0,mathvista
2116,4.0,5,1.0,1.0,mathvista
2117,3.0,1,-2.0,2.0,mathvista
2118,1.0,2,1.0,1.0,mathvista
2119,4.0,4,0.0,0.0,mathvista
2120,5.0,1,-4.0,4.0,mathvista
2121,3.0,1,-2.0,2.0,mathvista
2122,4.0,2,-2.0,2.0,mathvista
2123,3.0,4,1.0,1.0,mathvista
2124,5.0,3,-2.0,2.0,mathvista
2125,2.0,1,-1.0,1.0,mathvista
2126,2.0,1,-1.0,1.0,mathvista
2127,2.0,1,-1.0,1.0,mathvista
2128,5.0,5,0.0,0.0,mathvista
2129,1.0,1,0.0,0.0,mathvista
2130,1.0,1,0.0,0.0,mathvista
2131,4.0,5,1.0,1.0,mathvista
2132,1.0,5,4.0,4.0,mathvista
2133,3.0,5,2.0,2.0,mathvista
2134,1.0,1,0.0,0.0,mathvista
2135,3.0,4,1.0,1.0,mathvista
2136,2.0,4,2.0,2.0,mathvista
2137,1.0,1,0.0,0.0,mathvista
2138,1.0,1,0.0,0.0,mathvista
2139,4.0,4,0.0,0.0,mathvista
2140,1.0,1,0.0,0.0,mathvista
2141,2.0,2,0.0,0.0,mathvista
2142,3.0,1,-2.0,2.0,mathvista
2143,4.0,4,0.0,0.0,mathvista
2144,4.0,3,-1.0,1.0,mathvista
2145,1.0,1,0.0,0.0,mathvista
2146,5.0,5,0.0,0.0,mathvista
2147,1.0,3,2.0,2.0,mathvista
2148,5.0,2,-3.0,3.0,mathvista
2149,2.0,2,0.0,0.0,mathvista
2150,2.0,1,-1.0,1.0,mathvista
2151,4.0,5,1.0,1.0,mathvista
2152,2.0,3,1.0,1.0,mathvista
2153,2.0,4,2.0,2.0,mathvista
2154,1.0,4,3.0,3.0,mathvista
2155,3.0,4,1.0,1.0,mathvista
2156,5.0,2,-3.0,3.0,mathvista
2157,5.0,4,-1.0,1.0,mathvista
2158,2.0,1,-1.0,1.0,mathvista
2159,4.0,4,0.0,0.0,mathvista
2160,1.0,3,2.0,2.0,mathvista
2161,4.0,1,-3.0,3.0,mathvista
2162,1.0,4,3.0,3.0,mathvista
2163,5.0,4,-1.0,1.0,mathvista
2164,2.0,4,2.0,2.0,mathvista
2165,5.0,4,-1.0,1.0,mathvista
2166,3.0,4,1.0,1.0,mathvista
2167,3.0,5,2.0,2.0,mathvista
2168,2.0,1,-1.0,1.0,mathvista
2169,5.0,5,0.0,0.0,mathvista
2170,5.0,4,-1.0,1.0,mathvista
2171,5.0,3,-2.0,2.0,mathvista
2172,5.0,4,-1.0,1.0,mathvista
2173,5.0,3,-2.0,2.0,mathvista
2174,1.0,1,0.0,0.0,mathvista
2175,4.0,5,1.0,1.0,mathvista
2176,1.0,4,3.0,3.0,mathvista
2177,2.0,3,1.0,1.0,mathvista
2178,2.0,1,-1.0,1.0,mathvista
2179,4.0,5,1.0,1.0,mathvista
2180,1.0,2,1.0,1.0,mathvista
2181,2.0,1,-1.0,1.0,mathvista
2182,1.0,1,0.0,0.0,mathvista
2183,1.0,1,0.0,0.0,mathvista
2184,2.0,1,-1.0,1.0,mathvista
2185,1.0,1,0.0,0.0,mathvista
2186,3.0,1,-2.0,2.0,mathvista
2187,1.0,2,1.0,1.0,mathvista
2188,4.0,5,1.0,1.0,mathvista
2189,1.0,1,0.0,0.0,mathvista
2190,2.0,3,1.0,1.0,mathvista
2191,3.0,4,1.0,1.0,mathvista
2192,5.0,4,-1.0,1.0,mathvista
2193,3.0,3,0.0,0.0,mathvista
2194,4.0,1,-3.0,3.0,mathvista
2195,4.0,4,0.0,0.0,mathvista
2196,2.0,2,0.0,0.0,mathvista
2197,3.0,2,-1.0,1.0,mathvista
2198,2.0,4,2.0,2.0,mathvista
2199,5.0,5,0.0,0.0,mathvista
2200,2.0,5,3.0,3.0,mathvista
2201,2.0,4,2.0,2.0,mathvista
2202,4.0,1,-3.0,3.0,mathvista
2203,5.0,5,0.0,0.0,mathvista
2204,3.0,3,0.0,0.0,mathvista
2205,2.0,1,-1.0,1.0,mathvista
2206,3.0,4,1.0,1.0,mathvista
2207,4.0,4,0.0,0.0,mathvista
2208,3.0,3,0.0,0.0,mathvista
2209,2.0,2,0.0,0.0,mathvista
2210,1.0,5,4.0,4.0,mathvista
2211,2.0,5,3.0,3.0,mathvista
2212,2.0,4,2.0,2.0,mathvista
2213,3.0,3,0.0,0.0,mathvista
2214,4.0,5,1.0,1.0,mathvista
2215,4.0,4,0.0,0.0,mathvista
2216,4.0,2,-2.0,2.0,mathvista
2217,3.0,3,0.0,0.0,mathvista
2218,2.0,5,3.0,3.0,mathvista
2219,5.0,3,-2.0,2.0,mathvista
2220,4.0,1,-3.0,3.0,mathvista
2221,3.0,1,-2.0,2.0,mathvista
2222,1.0,1,0.0,0.0,mathvista
2223,3.0,2,-1.0,1.0,mathvista
2224,2.0,3,1.0,1.0,mathvista
2225,1.0,2,1.0,1.0,mathvista
2226,1.0,1,0.0,0.0,mathvista
2227,4.0,4,0.0,0.0,mathvista
2228,2.0,5,3.0,3.0,mathvista
2229,1.0,4,3.0,3.0,mathvista
2230,5.0,5,0.0,0.0,mathvista
2231,5.0,5,0.0,0.0,mathvista
2232,5.0,4,-1.0,1.0,mathvista
2233,3.0,4,1.0,1.0,mathvista
2234,5.0,5,0.0,0.0,mathvista
2235,4.0,5,1.0,1.0,mathvista
2236,4.0,5,1.0,1.0,mathvista
2237,1.0,1,0.0,0.0,mathvista
2238,1.0,3,2.0,2.0,mathvista
2239,4.0,4,0.0,0.0,mathvista
2240,1.0,5,4.0,4.0,mathvista
2241,2.0,1,-1.0,1.0,mathvista
2242,3.0,4,1.0,1.0,mathvista
2243,5.0,5,0.0,0.0,mathvista
2244,1.0,2,1.0,1.0,mathvista
2245,2.0,1,-1.0,1.0,mathvista
2246,1.0,1,0.0,0.0,mathvista
2247,4.0,1,-3.0,3.0,mathvista
2248,3.0,2,-1.0,1.0,mathvista
2249,2.0,1,-1.0,1.0,mathvista
2250,1.0,1,0.0,0.0,mathvista
2251,3.0,5,2.0,2.0,mathvista
2252,2.0,4,2.0,2.0,mathvista
2253,3.0,3,0.0,0.0,mathvista
2254,1.0,1,0.0,0.0,mathvista
2255,2.0,5,3.0,3.0,mathvista
2256,2.0,4,2.0,2.0,mathvista
2257,3.0,2,-1.0,1.0,mathvista
2258,2.0,5,3.0,3.0,mathvista
2259,3.0,5,2.0,2.0,mathvista
2260,1.0,3,2.0,2.0,mathvista
2261,2.0,1,-1.0,1.0,mathvista
2262,2.0,1,-1.0,1.0,mathvista
2263,2.0,2,0.0,0.0,mathvista
2264,3.0,1,-2.0,2.0,mathvista
2265,1.0,1,0.0,0.0,mathvista
2266,2.0,3,1.0,1.0,mathvista
2267,1.0,2,1.0,1.0,mathvista
2268,2.0,2,0.0,0.0,mathvista
2269,1.0,1,0.0,0.0,mathvista
2270,5.0,1,-4.0,4.0,mathvista
2271,4.0,2,-2.0,2.0,mathvista
2272,1.0,5,4.0,4.0,mathvista
2273,2.0,1,-1.0,1.0,mathvista
2274,1.0,2,1.0,1.0,mathvista
2275,1.0,1,0.0,0.0,mathvista
2276,2.0,1,-1.0,1.0,mathvista
2277,2.0,4,2.0,2.0,mathvista
2278,5.0,4,-1.0,1.0,mathvista
2279,2.0,2,0.0,0.0,mathvista
2280,1.0,4,3.0,3.0,mathvista
2281,4.0,3,-1.0,1.0,mathvista
2282,5.0,5,0.0,0.0,mathvista
2283,1.0,4,3.0,3.0,mathvista
2284,4.0,5,1.0,1.0,textVQA
2285,4.0,4,0.0,0.0,textVQA
2286,4.0,5,1.0,1.0,textVQA
2287,4.0,5,1.0,1.0,textVQA
2288,2.0,4,2.0,2.0,textVQA
2289,4.0,4,0.0,0.0,textVQA
2290,4.0,4,0.0,0.0,textVQA
2291,5.0,2,-3.0,3.0,textVQA
2292,5.0,5,0.0,0.0,textVQA
2293,5.0,5,0.0,0.0,textVQA
2294,4.0,5,1.0,1.0,textVQA
2295,4.0,3,-1.0,1.0,textVQA
2296,4.0,5,1.0,1.0,textVQA
2297,3.0,5,2.0,2.0,textVQA
2298,5.0,5,0.0,0.0,textVQA
2299,4.0,5,1.0,1.0,textVQA
2300,4.0,4,0.0,0.0,textVQA
2301,5.0,4,-1.0,1.0,textVQA
2302,5.0,5,0.0,0.0,textVQA
2303,4.0,1,-3.0,3.0,textVQA
2304,1.0,1,0.0,0.0,textVQA
2305,5.0,4,-1.0,1.0,textVQA
2306,5.0,4,-1.0,1.0,textVQA
2307,3.0,3,0.0,0.0,textVQA
2308,1.0,2,1.0,1.0,textVQA
2309,1.0,4,3.0,3.0,textVQA
2310,5.0,3,-2.0,2.0,textVQA
2311,2.0,4,2.0,2.0,textVQA
2312,2.0,1,-1.0,1.0,textVQA
2313,1.0,4,3.0,3.0,textVQA
2314,5.0,5,0.0,0.0,textVQA
2315,5.0,4,-1.0,1.0,textVQA
2316,1.0,4,3.0,3.0,textVQA
2317,4.0,5,1.0,1.0,textVQA
2318,5.0,5,0.0,0.0,textVQA
2319,4.0,5,1.0,1.0,textVQA
2320,5.0,4,-1.0,1.0,textVQA
2321,5.0,3,-2.0,2.0,textVQA
2322,5.0,4,-1.0,1.0,textVQA
2323,3.0,4,1.0,1.0,textVQA
2324,4.0,1,-3.0,3.0,textVQA
2325,3.0,4,1.0,1.0,textVQA
2326,5.0,4,-1.0,1.0,textVQA
2327,2.0,4,2.0,2.0,textVQA
2328,4.0,5,1.0,1.0,textVQA
2329,4.0,5,1.0,1.0,textVQA
2330,5.0,5,0.0,0.0,textVQA
2331,5.0,5,0.0,0.0,textVQA
2332,5.0,5,0.0,0.0,textVQA
2333,5.0,4,-1.0,1.0,textVQA
2334,5.0,5,0.0,0.0,textVQA
2335,4.0,4,0.0,0.0,textVQA
2336,5.0,4,-1.0,1.0,textVQA
2337,4.0,5,1.0,1.0,textVQA
2338,5.0,5,0.0,0.0,textVQA
2339,5.0,5,0.0,0.0,textVQA
2340,5.0,5,0.0,0.0,textVQA
2341,4.0,5,1.0,1.0,textVQA
2342,4.0,4,0.0,0.0,textVQA
2343,5.0,3,-2.0,2.0,textVQA
2344,4.0,4,0.0,0.0,textVQA
2345,4.0,5,1.0,1.0,textVQA
2346,4.0,5,1.0,1.0,textVQA
2347,4.0,5,1.0,1.0,textVQA
2348,3.0,4,1.0,1.0,textVQA
2349,4.0,2,-2.0,2.0,textVQA
2350,4.0,4,0.0,0.0,textVQA
2351,4.0,5,1.0,1.0,textVQA
2352,1.0,1,0.0,0.0,textVQA
2353,4.0,5,1.0,1.0,textVQA
2354,4.0,5,1.0,1.0,textVQA
2355,4.0,5,1.0,1.0,textVQA
2356,4.0,1,-3.0,3.0,textVQA
2357,4.0,1,-3.0,3.0,textVQA
2358,3.0,4,1.0,1.0,textVQA
2359,1.0,4,3.0,3.0,textVQA
2360,4.0,4,0.0,0.0,textVQA
2361,4.0,4,0.0,0.0,textVQA
2362,5.0,5,0.0,0.0,textVQA
2363,4.0,4,0.0,0.0,textVQA
2364,3.0,4,1.0,1.0,textVQA
2365,3.0,1,-2.0,2.0,textVQA
2366,2.0,3,1.0,1.0,textVQA
2367,4.0,4,0.0,0.0,textVQA
2368,3.0,4,1.0,1.0,textVQA
2369,4.0,4,0.0,0.0,textVQA
2370,4.0,5,1.0,1.0,textVQA
2371,4.0,5,1.0,1.0,textVQA
2372,4.0,3,-1.0,1.0,textVQA
2373,4.0,5,1.0,1.0,textVQA
2374,4.0,5,1.0,1.0,textVQA
2375,4.0,5,1.0,1.0,textVQA
2376,3.0,4,1.0,1.0,textVQA
2377,4.0,5,1.0,1.0,textVQA
2378,4.0,5,1.0,1.0,textVQA
2379,4.0,5,1.0,1.0,textVQA
2380,4.0,2,-2.0,2.0,textVQA
2381,2.0,1,-1.0,1.0,textVQA
2382,4.0,4,0.0,0.0,textVQA
2383,4.0,4,0.0,0.0,textVQA
2384,3.0,1,-2.0,2.0,textVQA
2385,2.0,4,2.0,2.0,textVQA
2386,5.0,5,0.0,0.0,textVQA
2387,4.0,4,0.0,0.0,textVQA
2388,5.0,5,0.0,0.0,textVQA
2389,4.0,4,0.0,0.0,textVQA
2390,4.0,5,1.0,1.0,textVQA
2391,5.0,3,-2.0,2.0,textVQA
2392,5.0,5,0.0,0.0,textVQA
2393,4.0,5,1.0,1.0,textVQA
2394,4.0,5,1.0,1.0,textVQA
2395,4.0,4,0.0,0.0,textVQA
2396,3.0,5,2.0,2.0,textVQA
2397,4.0,5,1.0,1.0,textVQA
2398,5.0,5,0.0,0.0,textVQA
2399,4.0,4,0.0,0.0,textVQA
2400,2.0,1,-1.0,1.0,textVQA
2401,5.0,5,0.0,0.0,textVQA
2402,5.0,4,-1.0,1.0,textVQA
2403,4.0,5,1.0,1.0,textVQA
2404,4.0,4,0.0,0.0,textVQA
2405,4.0,5,1.0,1.0,textVQA
2406,5.0,4,-1.0,1.0,textVQA
2407,4.0,4,0.0,0.0,textVQA
2408,3.0,3,0.0,0.0,textVQA
2409,3.0,3,0.0,0.0,textVQA
2410,4.0,5,1.0,1.0,textVQA
2411,4.0,3,-1.0,1.0,textVQA
2412,1.0,4,3.0,3.0,textVQA
2413,1.0,4,3.0,3.0,textVQA
2414,5.0,5,0.0,0.0,textVQA
2415,4.0,5,1.0,1.0,textVQA
2416,5.0,3,-2.0,2.0,textVQA
2417,5.0,5,0.0,0.0,textVQA
2418,5.0,5,0.0,0.0,textVQA
2419,5.0,4,-1.0,1.0,textVQA
2420,3.0,1,-2.0,2.0,textVQA
2421,4.0,5,1.0,1.0,textVQA
2422,4.0,4,0.0,0.0,textVQA
2423,1.0,4,3.0,3.0,textVQA
2424,3.0,1,-2.0,2.0,textVQA
2425,4.0,5,1.0,1.0,textVQA
2426,5.0,5,0.0,0.0,textVQA
2427,4.0,4,0.0,0.0,textVQA
2428,2.0,5,3.0,3.0,textVQA
2429,2.0,1,-1.0,1.0,textVQA
2430,2.0,4,2.0,2.0,textVQA
2431,4.0,5,1.0,1.0,textVQA
2432,4.0,4,0.0,0.0,textVQA
2433,5.0,5,0.0,0.0,textVQA
2434,5.0,2,-3.0,3.0,textVQA
2435,4.0,5,1.0,1.0,textVQA
2436,2.0,3,1.0,1.0,textVQA
2437,4.0,4,0.0,0.0,textVQA
2438,5.0,5,0.0,0.0,textVQA
2439,4.0,4,0.0,0.0,textVQA
2440,5.0,5,0.0,0.0,textVQA
2441,5.0,5,0.0,0.0,textVQA
2442,1.0,4,3.0,3.0,textVQA
2443,4.0,3,-1.0,1.0,textVQA
2444,5.0,5,0.0,0.0,textVQA
2445,5.0,4,-1.0,1.0,textVQA
2446,1.0,4,3.0,3.0,textVQA
2447,5.0,4,-1.0,1.0,textVQA
2448,4.0,4,0.0,0.0,textVQA
2449,4.0,4,0.0,0.0,textVQA
2450,3.0,5,2.0,2.0,textVQA
2451,4.0,4,0.0,0.0,textVQA
2452,3.0,2,-1.0,1.0,textVQA
2453,4.0,4,0.0,0.0,textVQA
2454,5.0,5,0.0,0.0,textVQA
2455,4.0,4,0.0,0.0,textVQA
2456,5.0,5,0.0,0.0,textVQA
2457,5.0,5,0.0,0.0,textVQA
2458,4.0,5,1.0,1.0,textVQA
2459,5.0,5,0.0,0.0,textVQA
2460,3.0,4,1.0,1.0,textVQA
2461,4.0,4,0.0,0.0,textVQA
2462,3.0,2,-1.0,1.0,textVQA
2463,5.0,4,-1.0,1.0,textVQA
2464,4.0,4,0.0,0.0,textVQA
2465,3.0,3,0.0,0.0,textVQA
2466,4.0,3,-1.0,1.0,textVQA
2467,4.0,3,-1.0,1.0,textVQA
2468,2.0,1,-1.0,1.0,textVQA
2469,4.0,5,1.0,1.0,textVQA
2470,4.0,3,-1.0,1.0,textVQA
2471,4.0,4,0.0,0.0,textVQA
2472,1.0,5,4.0,4.0,textVQA
2473,4.0,5,1.0,1.0,textVQA
2474,3.0,4,1.0,1.0,textVQA
2475,4.0,4,0.0,0.0,textVQA
2476,3.0,3,0.0,0.0,textVQA
2477,2.0,3,1.0,1.0,textVQA
2478,4.0,5,1.0,1.0,textVQA
2479,4.0,3,-1.0,1.0,textVQA
2480,1.0,4,3.0,3.0,textVQA
2481,3.0,4,1.0,1.0,textVQA
2482,3.0,4,1.0,1.0,textVQA
2483,3.0,3,0.0,0.0,textVQA
2484,1.0,2,1.0,1.0,textVQA
2485,3.0,5,2.0,2.0,textVQA
2486,5.0,4,-1.0,1.0,textVQA
2487,3.0,5,2.0,2.0,textVQA
2488,1.0,1,0.0,0.0,textVQA
2489,1.0,1,0.0,0.0,textVQA
2490,4.0,3,-1.0,1.0,textVQA
2491,1.0,4,3.0,3.0,textVQA
2492,3.0,5,2.0,2.0,textVQA
2493,3.0,5,2.0,2.0,textVQA
2494,5.0,5,0.0,0.0,textVQA
2495,4.0,4,0.0,0.0,textVQA
2496,3.0,4,1.0,1.0,textVQA
2497,4.0,5,1.0,1.0,textVQA
2498,4.0,4,0.0,0.0,textVQA
2499,4.0,3,-1.0,1.0,textVQA
2500,1.0,1,0.0,0.0,textVQA
2501,5.0,5,0.0,0.0,textVQA
2502,5.0,5,0.0,0.0,textVQA
2503,5.0,4,-1.0,1.0,textVQA
2504,4.0,4,0.0,0.0,textVQA
2505,4.0,5,1.0,1.0,textVQA
2506,4.0,5,1.0,1.0,textVQA
2507,4.0,5,1.0,1.0,textVQA
2508,1.0,3,2.0,2.0,textVQA
2509,5.0,5,0.0,0.0,textVQA
2510,4.0,5,1.0,1.0,textVQA
2511,2.0,3,1.0,1.0,textVQA
2512,4.0,3,-1.0,1.0,textVQA
2513,4.0,4,0.0,0.0,textVQA
2514,5.0,5,0.0,0.0,textVQA
2515,1.0,2,1.0,1.0,textVQA
2516,1.0,4,3.0,3.0,textVQA
2517,2.0,5,3.0,3.0,textVQA
2518,5.0,5,0.0,0.0,textVQA
2519,1.0,4,3.0,3.0,textVQA
2520,5.0,2,-3.0,3.0,textVQA
2521,1.0,5,4.0,4.0,textVQA
2522,4.0,5,1.0,1.0,textVQA
2523,4.0,4,0.0,0.0,textVQA
2524,2.0,5,3.0,3.0,textVQA
2525,5.0,4,-1.0,1.0,textVQA
2526,5.0,5,0.0,0.0,textVQA
2527,3.0,5,2.0,2.0,textVQA
2528,4.0,3,-1.0,1.0,textVQA
2529,3.0,5,2.0,2.0,textVQA
2530,1.0,5,4.0,4.0,textVQA
2531,5.0,5,0.0,0.0,textVQA
2532,2.0,1,-1.0,1.0,textVQA
2533,4.0,4,0.0,0.0,textVQA
2534,5.0,4,-1.0,1.0,textVQA
2535,5.0,3,-2.0,2.0,textVQA
2536,3.0,2,-1.0,1.0,textVQA
2537,3.0,3,0.0,0.0,textVQA
2538,4.0,4,0.0,0.0,textVQA
2539,4.0,4,0.0,0.0,textVQA
2540,4.0,5,1.0,1.0,textVQA
2541,5.0,5,0.0,0.0,textVQA
2542,5.0,5,0.0,0.0,textVQA
2543,3.0,2,-1.0,1.0,textVQA
2544,3.0,5,2.0,2.0,textVQA
2545,3.0,5,2.0,2.0,textVQA
2546,4.0,5,1.0,1.0,textVQA
2547,4.0,5,1.0,1.0,textVQA
2548,4.0,4,0.0,0.0,textVQA
2549,4.0,4,0.0,0.0,textVQA
2550,4.0,4,0.0,0.0,textVQA
2551,2.0,1,-1.0,1.0,textVQA
2552,4.0,4,0.0,0.0,textVQA
2553,3.0,1,-2.0,2.0,textVQA
2554,2.0,4,2.0,2.0,textVQA
2555,4.0,5,1.0,1.0,textVQA
2556,2.0,4,2.0,2.0,textVQA
2557,5.0,5,0.0,0.0,textVQA
2558,5.0,4,-1.0,1.0,textVQA
2559,5.0,4,-1.0,1.0,textVQA
2560,5.0,5,0.0,0.0,textVQA
2561,5.0,5,0.0,0.0,textVQA
2562,3.0,4,1.0,1.0,textVQA
2563,4.0,1,-3.0,3.0,textVQA
2564,2.0,2,0.0,0.0,textVQA
2565,5.0,4,-1.0,1.0,textVQA
2566,4.0,4,0.0,0.0,textVQA
2567,2.0,2,0.0,0.0,textVQA
2568,1.0,4,3.0,3.0,textVQA
2569,1.0,5,4.0,4.0,textVQA
2570,1.0,1,0.0,0.0,textVQA
2571,5.0,5,0.0,0.0,textVQA
2572,4.0,4,0.0,0.0,textVQA
2573,5.0,5,0.0,0.0,textVQA
2574,5.0,5,0.0,0.0,textVQA
2575,5.0,4,-1.0,1.0,textVQA
2576,4.0,5,1.0,1.0,textVQA
2577,5.0,5,0.0,0.0,textVQA
2578,5.0,4,-1.0,1.0,textVQA
2579,1.0,5,4.0,4.0,textVQA
2580,1.0,2,1.0,1.0,textVQA
2581,2.0,4,2.0,2.0,textVQA
2582,5.0,3,-2.0,2.0,textVQA
2583,3.0,3,0.0,0.0,textVQA
2584,3.0,4,1.0,1.0,textVQA
2585,4.0,4,0.0,0.0,textVQA
2586,3.0,4,1.0,1.0,textVQA
2587,3.0,4,1.0,1.0,textVQA
2588,4.0,2,-2.0,2.0,textVQA
2589,3.0,4,1.0,1.0,textVQA
2590,3.0,4,1.0,1.0,textVQA
2591,4.0,4,0.0,0.0,textVQA
2592,5.0,5,0.0,0.0,textVQA
2593,5.0,4,-1.0,1.0,textVQA
2594,5.0,4,-1.0,1.0,textVQA
2595,2.0,3,1.0,1.0,textVQA
2596,4.0,4,0.0,0.0,textVQA
2597,5.0,4,-1.0,1.0,textVQA
2598,4.0,3,-1.0,1.0,textVQA
2599,5.0,4,-1.0,1.0,textVQA
2600,4.0,5,1.0,1.0,textVQA
2601,5.0,5,0.0,0.0,textVQA
2602,5.0,4,-1.0,1.0,textVQA
2603,5.0,4,-1.0,1.0,textVQA
2604,4.0,4,0.0,0.0,textVQA
2605,5.0,5,0.0,0.0,textVQA
2606,5.0,4,-1.0,1.0,textVQA
2607,2.0,4,2.0,2.0,textVQA
2608,3.0,4,1.0,1.0,textVQA
2609,4.0,5,1.0,1.0,textVQA
2610,4.0,4,0.0,0.0,textVQA
2611,3.0,4,1.0,1.0,textVQA
2612,4.0,5,1.0,1.0,textVQA
2613,4.0,5,1.0,1.0,textVQA
2614,3.0,5,2.0,2.0,textVQA
2615,3.0,3,0.0,0.0,textVQA
2616,5.0,4,-1.0,1.0,textVQA
2617,5.0,4,-1.0,1.0,textVQA
2618,5.0,3,-2.0,2.0,textVQA
2619,1.0,4,3.0,3.0,textVQA
2620,3.0,5,2.0,2.0,textVQA
2621,3.0,4,1.0,1.0,textVQA
2622,1.0,4,3.0,3.0,textVQA
2623,2.0,4,2.0,2.0,textVQA
2624,5.0,4,-1.0,1.0,textVQA
2625,5.0,4,-1.0,1.0,textVQA
2626,2.0,1,-1.0,1.0,textVQA
2627,4.0,4,0.0,0.0,textVQA
2628,4.0,4,0.0,0.0,textVQA
2629,4.0,5,1.0,1.0,textVQA
2630,4.0,5,1.0,1.0,textVQA
2631,1.0,1,0.0,0.0,textVQA
2632,4.0,5,1.0,1.0,textVQA
2633,5.0,5,0.0,0.0,textVQA
2634,5.0,4,-1.0,1.0,textVQA
2635,1.0,2,1.0,1.0,textVQA
2636,2.0,5,3.0,3.0,textVQA
2637,4.0,5,1.0,1.0,textVQA
2638,3.0,3,0.0,0.0,textVQA
2639,3.0,5,2.0,2.0,textVQA
2640,3.0,5,2.0,2.0,textVQA
2641,1.0,4,3.0,3.0,textVQA
2642,5.0,3,-2.0,2.0,textVQA
2643,1.0,2,1.0,1.0,textVQA
2644,3.0,4,1.0,1.0,textVQA
2645,5.0,3,-2.0,2.0,textVQA
2646,4.0,3,-1.0,1.0,textVQA
2647,4.0,4,0.0,0.0,textVQA
2648,4.0,4,0.0,0.0,textVQA
2649,3.0,5,2.0,2.0,textVQA
2650,2.0,4,2.0,2.0,textVQA
2651,3.0,4,1.0,1.0,textVQA
2652,4.0,4,0.0,0.0,textVQA
2653,1.0,2,1.0,1.0,textVQA
2654,4.0,4,0.0,0.0,textVQA
2655,3.0,3,0.0,0.0,textVQA
2656,3.0,4,1.0,1.0,textVQA
2657,4.0,3,-1.0,1.0,textVQA
2658,3.0,2,-1.0,1.0,textVQA
2659,3.0,5,2.0,2.0,textVQA
2660,4.0,4,0.0,0.0,textVQA
2661,4.0,4,0.0,0.0,textVQA
2662,4.0,3,-1.0,1.0,textVQA
2663,3.0,5,2.0,2.0,textVQA
2664,5.0,4,-1.0,1.0,textVQA
2665,5.0,5,0.0,0.0,textVQA
2666,5.0,5,0.0,0.0,textVQA
2667,3.0,4,1.0,1.0,textVQA
2668,4.0,4,0.0,0.0,textVQA
2669,5.0,5,0.0,0.0,textVQA
2670,3.0,4,1.0,1.0,textVQA
2671,2.0,1,-1.0,1.0,textVQA
2672,3.0,5,2.0,2.0,textVQA
2673,5.0,5,0.0,0.0,textVQA
2674,4.0,5,1.0,1.0,textVQA
2675,4.0,4,0.0,0.0,textVQA
2676,5.0,4,-1.0,1.0,textVQA
2677,3.0,4,1.0,1.0,textVQA
2678,5.0,5,0.0,0.0,textVQA
2679,4.0,4,0.0,0.0,textVQA
2680,5.0,4,-1.0,1.0,textVQA
2681,5.0,5,0.0,0.0,textVQA
2682,4.0,4,0.0,0.0,textVQA
2683,4.0,4,0.0,0.0,WIT
2684,1.0,1,0.0,0.0,WIT
2685,4.0,4,0.0,0.0,WIT
2686,5.0,3,-2.0,2.0,WIT
2687,1.0,4,3.0,3.0,WIT
2688,3.0,3,0.0,0.0,WIT
2689,4.0,3,-1.0,1.0,WIT
2690,3.0,3,0.0,0.0,WIT
2691,5.0,4,-1.0,1.0,WIT
2692,3.0,4,1.0,1.0,WIT
2693,5.0,5,0.0,0.0,WIT
2694,4.0,5,1.0,1.0,WIT
2695,3.0,5,2.0,2.0,WIT
2696,3.0,4,1.0,1.0,WIT
2697,5.0,4,-1.0,1.0,WIT
2698,4.0,2,-2.0,2.0,WIT
2699,4.0,3,-1.0,1.0,WIT
2700,4.0,5,1.0,1.0,WIT
2701,5.0,5,0.0,0.0,WIT
2702,5.0,4,-1.0,1.0,WIT
2703,3.0,5,2.0,2.0,WIT
2704,2.0,5,3.0,3.0,WIT
2705,4.0,5,1.0,1.0,WIT
2706,4.0,4,0.0,0.0,WIT
2707,3.0,5,2.0,2.0,WIT
2708,4.0,3,-1.0,1.0,WIT
2709,4.0,4,0.0,0.0,WIT
2710,4.0,1,-3.0,3.0,WIT
2711,3.0,5,2.0,2.0,WIT
2712,3.0,5,2.0,2.0,WIT
2713,5.0,5,0.0,0.0,WIT
2714,4.0,4,0.0,0.0,WIT
2715,4.0,5,1.0,1.0,WIT
2716,3.0,5,2.0,2.0,WIT
2717,5.0,4,-1.0,1.0,WIT
2718,4.0,5,1.0,1.0,WIT
2719,3.0,4,1.0,1.0,WIT
2720,3.0,5,2.0,2.0,WIT
2721,4.0,4,0.0,0.0,WIT
2722,3.0,4,1.0,1.0,WIT
2723,3.0,5,2.0,2.0,WIT
2724,2.0,4,2.0,2.0,WIT
2725,4.0,5,1.0,1.0,WIT
2726,3.0,4,1.0,1.0,WIT
2727,3.0,5,2.0,2.0,WIT
2728,3.0,5,2.0,2.0,WIT
2729,5.0,4,-1.0,1.0,WIT
2730,3.0,5,2.0,2.0,WIT
2731,4.0,4,0.0,0.0,WIT
2732,4.0,2,-2.0,2.0,WIT
2733,5.0,4,-1.0,1.0,WIT
2734,4.0,3,-1.0,1.0,WIT
2735,4.0,5,1.0,1.0,WIT
2736,4.0,5,1.0,1.0,WIT
2737,5.0,5,0.0,0.0,WIT
2738,4.0,5,1.0,1.0,WIT
2739,2.0,3,1.0,1.0,WIT
2740,3.0,5,2.0,2.0,WIT
2741,5.0,4,-1.0,1.0,WIT
2742,3.0,5,2.0,2.0,WIT
2743,2.0,4,2.0,2.0,WIT
2744,3.0,4,1.0,1.0,WIT
2745,4.0,4,0.0,0.0,WIT
2746,3.0,4,1.0,1.0,WIT
2747,4.0,4,0.0,0.0,WIT
2748,4.0,4,0.0,0.0,WIT
2749,5.0,4,-1.0,1.0,WIT
2750,3.0,4,1.0,1.0,WIT
2751,3.0,4,1.0,1.0,WIT
2752,4.0,5,1.0,1.0,WIT
2753,4.0,5,1.0,1.0,WIT
2754,4.0,4,0.0,0.0,WIT
2755,4.0,4,0.0,0.0,WIT
2756,3.0,4,1.0,1.0,WIT
2757,4.0,4,0.0,0.0,WIT
2758,3.0,3,0.0,0.0,WIT
2759,2.0,2,0.0,0.0,WIT
2760,3.0,2,-1.0,1.0,WIT
2761,4.0,4,0.0,0.0,WIT
2762,3.0,5,2.0,2.0,WIT
2763,4.0,5,1.0,1.0,WIT
2764,4.0,4,0.0,0.0,WIT
2765,4.0,3,-1.0,1.0,WIT
2766,4.0,4,0.0,0.0,WIT
2767,4.0,5,1.0,1.0,WIT
2768,3.0,4,1.0,1.0,WIT
2769,5.0,5,0.0,0.0,WIT
2770,3.0,4,1.0,1.0,WIT
2771,4.0,5,1.0,1.0,WIT
2772,3.0,4,1.0,1.0,WIT
2773,4.0,5,1.0,1.0,WIT
2774,3.0,5,2.0,2.0,WIT
2775,3.0,3,0.0,0.0,WIT
2776,3.0,3,0.0,0.0,WIT
2777,4.0,4,0.0,0.0,WIT
2778,3.0,4,1.0,1.0,WIT
2779,3.0,5,2.0,2.0,WIT
2780,3.0,4,1.0,1.0,WIT
2781,4.0,4,0.0,0.0,WIT
2782,4.0,5,1.0,1.0,WIT
2783,3.0,4,1.0,1.0,WIT
2784,3.0,3,0.0,0.0,WIT
2785,4.0,4,0.0,0.0,WIT
2786,3.0,3,0.0,0.0,WIT
2787,3.0,3,0.0,0.0,WIT
2788,4.0,5,1.0,1.0,WIT
2789,5.0,5,0.0,0.0,WIT
2790,3.0,5,2.0,2.0,WIT
2791,3.0,4,1.0,1.0,WIT
2792,3.0,5,2.0,2.0,WIT
2793,4.0,4,0.0,0.0,WIT
2794,3.0,4,1.0,1.0,WIT
2795,3.0,5,2.0,2.0,WIT
2796,3.0,5,2.0,2.0,WIT
2797,4.0,3,-1.0,1.0,WIT
2798,3.0,4,1.0,1.0,WIT
2799,4.0,3,-1.0,1.0,WIT
2800,4.0,3,-1.0,1.0,WIT
2801,4.0,5,1.0,1.0,WIT
2802,4.0,3,-1.0,1.0,WIT
2803,4.0,5,1.0,1.0,WIT
2804,4.0,4,0.0,0.0,WIT
2805,5.0,4,-1.0,1.0,WIT
2806,2.0,4,2.0,2.0,WIT
2807,4.0,1,-3.0,3.0,WIT
2808,4.0,3,-1.0,1.0,WIT
2809,5.0,4,-1.0,1.0,WIT
2810,3.0,5,2.0,2.0,WIT
2811,4.0,5,1.0,1.0,WIT
2812,2.0,4,2.0,2.0,WIT
2813,4.0,4,0.0,0.0,WIT
2814,3.0,4,1.0,1.0,WIT
2815,3.0,5,2.0,2.0,WIT
2816,2.0,5,3.0,3.0,WIT
2817,4.0,4,0.0,0.0,WIT
2818,2.0,4,2.0,2.0,WIT
2819,4.0,4,0.0,0.0,WIT
2820,3.0,4,1.0,1.0,WIT
2821,5.0,4,-1.0,1.0,WIT
2822,3.0,4,1.0,1.0,WIT
2823,4.0,5,1.0,1.0,WIT
2824,3.0,5,2.0,2.0,WIT
2825,5.0,4,-1.0,1.0,WIT
2826,5.0,4,-1.0,1.0,WIT
2827,4.0,4,0.0,0.0,WIT
2828,4.0,5,1.0,1.0,WIT
2829,4.0,5,1.0,1.0,WIT
2830,5.0,4,-1.0,1.0,WIT
2831,4.0,5,1.0,1.0,WIT
2832,3.0,4,1.0,1.0,WIT
2833,4.0,5,1.0,1.0,WIT
2834,4.0,4,0.0,0.0,WIT
2835,5.0,5,0.0,0.0,WIT
2836,3.0,5,2.0,2.0,WIT
2837,4.0,4,0.0,0.0,WIT
2838,4.0,5,1.0,1.0,WIT
2839,3.0,3,0.0,0.0,WIT
2840,2.0,3,1.0,1.0,WIT
2841,4.0,4,0.0,0.0,WIT
2842,3.0,3,0.0,0.0,WIT
2843,4.0,4,0.0,0.0,WIT
2844,4.0,4,0.0,0.0,WIT
2845,4.0,4,0.0,0.0,WIT
2846,4.0,4,0.0,0.0,WIT
2847,5.0,5,0.0,0.0,WIT
2848,4.0,5,1.0,1.0,WIT
2849,4.0,4,0.0,0.0,WIT
2850,5.0,5,0.0,0.0,WIT
2851,4.0,4,0.0,0.0,WIT
2852,4.0,5,1.0,1.0,WIT
2853,5.0,5,0.0,0.0,WIT
2854,4.0,4,0.0,0.0,WIT
2855,3.0,4,1.0,1.0,WIT
2856,4.0,5,1.0,1.0,WIT
2857,3.0,5,2.0,2.0,WIT
2858,2.0,3,1.0,1.0,WIT
2859,4.0,4,0.0,0.0,WIT
2860,2.0,4,2.0,2.0,WIT
2861,4.0,3,-1.0,1.0,WIT
2862,4.0,4,0.0,0.0,WIT
2863,4.0,4,0.0,0.0,WIT
2864,3.0,3,0.0,0.0,WIT
2865,4.0,3,-1.0,1.0,WIT
2866,3.0,2,-1.0,1.0,WIT
2867,4.0,5,1.0,1.0,WIT
2868,3.0,3,0.0,0.0,WIT
2869,4.0,4,0.0,0.0,WIT
2870,3.0,5,2.0,2.0,WIT
2871,4.0,5,1.0,1.0,WIT
2872,4.0,4,0.0,0.0,WIT
2873,5.0,4,-1.0,1.0,WIT
2874,3.0,4,1.0,1.0,WIT
2875,5.0,5,0.0,0.0,WIT
2876,4.0,4,0.0,0.0,WIT
2877,4.0,4,0.0,0.0,WIT
2878,3.0,3,0.0,0.0,WIT
2879,3.0,5,2.0,2.0,WIT
2880,3.0,5,2.0,2.0,WIT
2881,5.0,5,0.0,0.0,WIT
2882,4.0,5,1.0,1.0,WIT
2883,1.0,4,3.0,3.0,WIT
2884,3.0,5,2.0,2.0,WIT
2885,4.0,4,0.0,0.0,WIT
2886,1.0,4,3.0,3.0,WIT
2887,3.0,5,2.0,2.0,WIT
2888,4.0,4,0.0,0.0,WIT
2889,5.0,5,0.0,0.0,WIT
2890,4.0,5,1.0,1.0,WIT
2891,4.0,5,1.0,1.0,WIT
2892,4.0,5,1.0,1.0,WIT
2893,5.0,5,0.0,0.0,WIT
2894,3.0,5,2.0,2.0,WIT
2895,4.0,5,1.0,1.0,WIT
2896,2.0,5,3.0,3.0,WIT
2897,4.0,4,0.0,0.0,WIT
2898,3.0,3,0.0,0.0,WIT
2899,3.0,3,0.0,0.0,WIT
2900,4.0,3,-1.0,1.0,WIT
2901,5.0,4,-1.0,1.0,WIT
2902,3.0,3,0.0,0.0,WIT
2903,4.0,3,-1.0,1.0,WIT
2904,3.0,3,0.0,0.0,WIT
2905,5.0,4,-1.0,1.0,WIT
2906,3.0,3,0.0,0.0,WIT
2907,5.0,5,0.0,0.0,WIT
2908,4.0,4,0.0,0.0,WIT
2909,4.0,4,0.0,0.0,WIT
2910,4.0,3,-1.0,1.0,WIT
2911,4.0,3,-1.0,1.0,WIT
2912,3.0,3,0.0,0.0,WIT
2913,4.0,4,0.0,0.0,WIT
2914,4.0,3,-1.0,1.0,WIT
2915,4.0,4,0.0,0.0,WIT
2916,3.0,4,1.0,1.0,WIT
2917,4.0,4,0.0,0.0,WIT
2918,2.0,3,1.0,1.0,WIT
2919,2.0,4,2.0,2.0,WIT
2920,2.0,4,2.0,2.0,WIT
2921,4.0,4,0.0,0.0,WIT
2922,4.0,2,-2.0,2.0,WIT
2923,4.0,5,1.0,1.0,WIT
2924,3.0,4,1.0,1.0,WIT
2925,5.0,5,0.0,0.0,WIT
2926,3.0,3,0.0,0.0,WIT
2927,4.0,5,1.0,1.0,WIT
2928,2.0,4,2.0,2.0,WIT
2929,4.0,4,0.0,0.0,WIT
2930,3.0,3,0.0,0.0,WIT
2931,4.0,2,-2.0,2.0,WIT
2932,4.0,4,0.0,0.0,WIT
2933,4.0,4,0.0,0.0,WIT
2934,4.0,4,0.0,0.0,WIT
2935,3.0,3,0.0,0.0,WIT
2936,3.0,4,1.0,1.0,WIT
2937,4.0,4,0.0,0.0,WIT
2938,4.0,4,0.0,0.0,WIT
2939,3.0,5,2.0,2.0,WIT
2940,4.0,5,1.0,1.0,WIT
2941,4.0,5,1.0,1.0,WIT
2942,5.0,4,-1.0,1.0,WIT
2943,4.0,5,1.0,1.0,WIT
2944,3.0,4,1.0,1.0,WIT
2945,4.0,5,1.0,1.0,WIT
2946,4.0,4,0.0,0.0,WIT
2947,4.0,5,1.0,1.0,WIT
2948,3.0,5,2.0,2.0,WIT
2949,4.0,4,0.0,0.0,WIT
2950,3.0,3,0.0,0.0,WIT
2951,3.0,3,0.0,0.0,WIT
2952,3.0,3,0.0,0.0,WIT
2953,4.0,4,0.0,0.0,WIT
2954,4.0,5,1.0,1.0,WIT
2955,3.0,4,1.0,1.0,WIT
2956,4.0,4,0.0,0.0,WIT
2957,4.0,5,1.0,1.0,WIT
2958,2.0,3,1.0,1.0,WIT
2959,5.0,5,0.0,0.0,WIT
2960,5.0,4,-1.0,1.0,WIT
2961,4.0,5,1.0,1.0,WIT
2962,4.0,5,1.0,1.0,WIT
2963,2.0,5,3.0,3.0,WIT
2964,4.0,4,0.0,0.0,WIT
2965,4.0,4,0.0,0.0,WIT
2966,4.0,3,-1.0,1.0,WIT
2967,4.0,4,0.0,0.0,WIT
2968,3.0,4,1.0,1.0,WIT
2969,4.0,5,1.0,1.0,WIT
2970,3.0,4,1.0,1.0,WIT
2971,1.0,4,3.0,3.0,WIT
2972,4.0,4,0.0,0.0,WIT
2973,4.0,4,0.0,0.0,WIT
2974,5.0,5,0.0,0.0,WIT
2975,4.0,1,-3.0,3.0,WIT
2976,4.0,5,1.0,1.0,WIT
2977,2.0,4,2.0,2.0,WIT
2978,3.0,4,1.0,1.0,WIT
2979,2.0,3,1.0,1.0,WIT
2980,4.0,4,0.0,0.0,WIT
2981,2.0,5,3.0,3.0,WIT
2982,3.0,5,2.0,2.0,WIT
2983,3.0,3,0.0,0.0,WIT
2984,4.0,3,-1.0,1.0,WIT
2985,3.0,5,2.0,2.0,WIT
2986,3.0,3,0.0,0.0,WIT
2987,3.0,2,-1.0,1.0,WIT
2988,4.0,3,-1.0,1.0,WIT
2989,5.0,3,-2.0,2.0,WIT
2990,3.0,5,2.0,2.0,WIT
2991,3.0,5,2.0,2.0,WIT
2992,4.0,5,1.0,1.0,WIT
2993,3.0,5,2.0,2.0,WIT
2994,3.0,4,1.0,1.0,WIT
2995,3.0,4,1.0,1.0,WIT
2996,5.0,4,-1.0,1.0,WIT
2997,4.0,4,0.0,0.0,WIT
2998,4.0,5,1.0,1.0,WIT
2999,2.0,4,2.0,2.0,WIT
3000,4.0,5,1.0,1.0,WIT
3001,2.0,3,1.0,1.0,WIT
3002,4.0,4,0.0,0.0,WIT
3003,3.0,5,2.0,2.0,WIT
3004,4.0,4,0.0,0.0,WIT
3005,3.0,4,1.0,1.0,WIT
3006,4.0,5,1.0,1.0,WIT
3007,3.0,4,1.0,1.0,WIT
3008,5.0,4,-1.0,1.0,WIT
3009,3.0,3,0.0,0.0,WIT
3010,4.0,5,1.0,1.0,WIT
3011,4.0,4,0.0,0.0,WIT
3012,4.0,4,0.0,0.0,WIT
3013,4.0,5,1.0,1.0,WIT
3014,5.0,4,-1.0,1.0,WIT
3015,4.0,4,0.0,0.0,WIT
3016,5.0,4,-1.0,1.0,WIT
3017,4.0,3,-1.0,1.0,WIT
3018,3.0,4,1.0,1.0,WIT
3019,3.0,4,1.0,1.0,WIT
3020,4.0,4,0.0,0.0,WIT
3021,3.0,2,-1.0,1.0,WIT
3022,2.0,5,3.0,3.0,WIT
3023,1.0,3,2.0,2.0,WIT
3024,5.0,3,-2.0,2.0,WIT
3025,3.0,3,0.0,0.0,WIT
3026,3.0,5,2.0,2.0,WIT
3027,2.0,4,2.0,2.0,WIT
3028,4.0,4,0.0,0.0,WIT
3029,4.0,4,0.0,0.0,WIT
3030,3.0,4,1.0,1.0,WIT
3031,3.0,4,1.0,1.0,WIT
3032,4.0,5,1.0,1.0,WIT
3033,4.0,4,0.0,0.0,WIT
3034,4.0,5,1.0,1.0,WIT
3035,4.0,5,1.0,1.0,WIT
3036,5.0,4,-1.0,1.0,WIT
3037,3.0,3,0.0,0.0,WIT
3038,3.0,4,1.0,1.0,WIT
3039,4.0,5,1.0,1.0,WIT
3040,4.0,4,0.0,0.0,WIT
3041,4.0,3,-1.0,1.0,WIT
3042,4.0,5,1.0,1.0,WIT
3043,4.0,5,1.0,1.0,WIT
3044,4.0,5,1.0,1.0,WIT
3045,4.0,5,1.0,1.0,WIT
3046,3.0,5,2.0,2.0,WIT
3047,3.0,5,2.0,2.0,WIT
3048,4.0,5,1.0,1.0,WIT
3049,4.0,5,1.0,1.0,WIT
3050,3.0,5,2.0,2.0,WIT
3051,2.0,4,2.0,2.0,WIT
3052,4.0,4,0.0,0.0,WIT
3053,3.0,5,2.0,2.0,WIT
3054,3.0,4,1.0,1.0,WIT
3055,3.0,4,1.0,1.0,WIT
3056,4.0,5,1.0,1.0,WIT
3057,2.0,3,1.0,1.0,WIT
3058,4.0,3,-1.0,1.0,WIT
3059,3.0,5,2.0,2.0,WIT
3060,5.0,4,-1.0,1.0,WIT
3061,3.0,4,1.0,1.0,WIT
3062,3.0,4,1.0,1.0,WIT
3063,4.0,3,-1.0,1.0,WIT
3064,4.0,4,0.0,0.0,WIT
3065,4.0,4,0.0,0.0,WIT
3066,4.0,5,1.0,1.0,WIT
3067,2.0,4,2.0,2.0,WIT
3068,4.0,5,1.0,1.0,WIT
3069,4.0,5,1.0,1.0,WIT
3070,4.0,4,0.0,0.0,WIT
3071,2.0,2,0.0,0.0,WIT
3072,5.0,4,-1.0,1.0,WIT
3073,5.0,4,-1.0,1.0,WIT
3074,1.0,5,4.0,4.0,WIT
3075,2.0,4,2.0,2.0,WIT
3076,5.0,4,-1.0,1.0,WIT
3077,1.0,3,2.0,2.0,WIT
3078,3.0,5,2.0,2.0,WIT
3079,4.0,2,-2.0,2.0,WIT
3080,5.0,5,0.0,0.0,WIT
3081,4.0,4,0.0,0.0,WIT
3082,3.0,1,-2.0,2.0,ChartQA
3083,2.0,1,-1.0,1.0,ChartQA
3084,3.0,3,0.0,0.0,ChartQA
3085,3.0,4,1.0,1.0,ChartQA
3086,2.0,1,-1.0,1.0,ChartQA
3087,4.0,4,0.0,0.0,ChartQA
3088,5.0,5,0.0,0.0,ChartQA
3089,4.0,4,0.0,0.0,ChartQA
3090,2.0,1,-1.0,1.0,ChartQA
3091,5.0,4,-1.0,1.0,ChartQA
3092,4.0,5,1.0,1.0,ChartQA
3093,2.0,5,3.0,3.0,ChartQA
3094,1.0,3,2.0,2.0,ChartQA
3095,5.0,4,-1.0,1.0,ChartQA
3096,2.0,4,2.0,2.0,ChartQA
3097,5.0,4,-1.0,1.0,ChartQA
3098,2.0,3,1.0,1.0,ChartQA
3099,1.0,3,2.0,2.0,ChartQA
3100,1.0,5,4.0,4.0,ChartQA
3101,3.0,4,1.0,1.0,ChartQA
3102,2.0,1,-1.0,1.0,ChartQA
3103,5.0,5,0.0,0.0,ChartQA
3104,3.0,4,1.0,1.0,ChartQA
3105,5.0,4,-1.0,1.0,ChartQA
3106,3.0,3,0.0,0.0,ChartQA
3107,2.0,4,2.0,2.0,ChartQA
3108,5.0,4,-1.0,1.0,ChartQA
3109,5.0,4,-1.0,1.0,ChartQA
3110,2.0,2,0.0,0.0,ChartQA
3111,2.0,5,3.0,3.0,ChartQA
3112,5.0,4,-1.0,1.0,ChartQA
3113,5.0,5,0.0,0.0,ChartQA
3114,1.0,4,3.0,3.0,ChartQA
3115,4.0,4,0.0,0.0,ChartQA
3116,5.0,4,-1.0,1.0,ChartQA
3117,5.0,5,0.0,0.0,ChartQA
3118,1.0,1,0.0,0.0,ChartQA
3119,4.0,4,0.0,0.0,ChartQA
3120,5.0,5,0.0,0.0,ChartQA
3121,5.0,4,-1.0,1.0,ChartQA
3122,4.0,1,-3.0,3.0,ChartQA
3123,5.0,5,0.0,0.0,ChartQA
3124,5.0,5,0.0,0.0,ChartQA
3125,4.0,4,0.0,0.0,ChartQA
3126,1.0,2,1.0,1.0,ChartQA
3127,4.0,5,1.0,1.0,ChartQA
3128,4.0,4,0.0,0.0,ChartQA
3129,3.0,4,1.0,1.0,ChartQA
3130,1.0,1,0.0,0.0,ChartQA
3131,5.0,5,0.0,0.0,ChartQA
3132,4.0,5,1.0,1.0,ChartQA
3133,3.0,5,2.0,2.0,ChartQA
3134,2.0,2,0.0,0.0,ChartQA
3135,4.0,3,-1.0,1.0,ChartQA
3136,5.0,5,0.0,0.0,ChartQA
3137,5.0,3,-2.0,2.0,ChartQA
3138,1.0,2,1.0,1.0,ChartQA
3139,5.0,5,0.0,0.0,ChartQA
3140,2.0,5,3.0,3.0,ChartQA
3141,5.0,4,-1.0,1.0,ChartQA
3142,3.0,1,-2.0,2.0,ChartQA
3143,3.0,5,2.0,2.0,ChartQA
3144,5.0,4,-1.0,1.0,ChartQA
3145,5.0,4,-1.0,1.0,ChartQA
3146,1.0,3,2.0,2.0,ChartQA
3147,5.0,4,-1.0,1.0,ChartQA
3148,5.0,5,0.0,0.0,ChartQA
3149,1.0,1,0.0,0.0,ChartQA
3150,1.0,1,0.0,0.0,ChartQA
3151,1.0,2,1.0,1.0,ChartQA
3152,5.0,5,0.0,0.0,ChartQA
3153,1.0,1,0.0,0.0,ChartQA
3154,1.0,4,3.0,3.0,ChartQA
3155,5.0,4,-1.0,1.0,ChartQA
3156,5.0,5,0.0,0.0,ChartQA
3157,3.0,4,1.0,1.0,ChartQA
3158,2.0,1,-1.0,1.0,ChartQA
3159,4.0,5,1.0,1.0,ChartQA
3160,3.0,4,1.0,1.0,ChartQA
3161,3.0,5,2.0,2.0,ChartQA
3162,2.0,1,-1.0,1.0,ChartQA
3163,3.0,1,-2.0,2.0,ChartQA
3164,5.0,1,-4.0,4.0,ChartQA
3165,5.0,4,-1.0,1.0,ChartQA
3166,1.0,3,2.0,2.0,ChartQA
3167,1.0,3,2.0,2.0,ChartQA
3168,1.0,2,1.0,1.0,ChartQA
3169,1.0,4,3.0,3.0,ChartQA
3170,3.0,2,-1.0,1.0,ChartQA
3171,3.0,5,2.0,2.0,ChartQA
3172,4.0,5,1.0,1.0,ChartQA
3173,3.0,4,1.0,1.0,ChartQA
3174,1.0,1,0.0,0.0,ChartQA
3175,5.0,5,0.0,0.0,ChartQA
3176,5.0,4,-1.0,1.0,ChartQA
3177,5.0,4,-1.0,1.0,ChartQA
3178,2.0,3,1.0,1.0,ChartQA
3179,1.0,3,2.0,2.0,ChartQA
3180,2.0,3,1.0,1.0,ChartQA
3181,5.0,4,-1.0,1.0,ChartQA
3182,2.0,1,-1.0,1.0,ChartQA
3183,3.0,2,-1.0,1.0,ChartQA
3184,3.0,4,1.0,1.0,ChartQA
3185,3.0,3,0.0,0.0,ChartQA
3186,1.0,1,0.0,0.0,ChartQA
3187,4.0,5,1.0,1.0,ChartQA
3188,5.0,4,-1.0,1.0,ChartQA
3189,5.0,4,-1.0,1.0,ChartQA
3190,1.0,4,3.0,3.0,ChartQA
3191,4.0,4,0.0,0.0,ChartQA
3192,2.0,4,2.0,2.0,ChartQA
3193,1.0,3,2.0,2.0,ChartQA
3194,2.0,2,0.0,0.0,ChartQA
3195,4.0,4,0.0,0.0,ChartQA
3196,3.0,5,2.0,2.0,ChartQA
3197,4.0,3,-1.0,1.0,ChartQA
3198,2.0,2,0.0,0.0,ChartQA
3199,1.0,3,2.0,2.0,ChartQA
3200,1.0,4,3.0,3.0,ChartQA
3201,2.0,3,1.0,1.0,ChartQA
3202,4.0,2,-2.0,2.0,ChartQA
3203,3.0,4,1.0,1.0,ChartQA
3204,1.0,1,0.0,0.0,ChartQA
3205,5.0,4,-1.0,1.0,ChartQA
3206,1.0,2,1.0,1.0,ChartQA
3207,4.0,4,0.0,0.0,ChartQA
3208,4.0,3,-1.0,1.0,ChartQA
3209,3.0,4,1.0,1.0,ChartQA
3210,2.0,3,1.0,1.0,ChartQA
3211,2.0,4,2.0,2.0,ChartQA
3212,1.0,4,3.0,3.0,ChartQA
3213,5.0,4,-1.0,1.0,ChartQA
3214,3.0,3,0.0,0.0,ChartQA
3215,2.0,5,3.0,3.0,ChartQA
3216,5.0,5,0.0,0.0,ChartQA
3217,5.0,3,-2.0,2.0,ChartQA
3218,1.0,3,2.0,2.0,ChartQA
3219,5.0,5,0.0,0.0,ChartQA
3220,5.0,5,0.0,0.0,ChartQA
3221,2.0,4,2.0,2.0,ChartQA
3222,1.0,5,4.0,4.0,ChartQA
3223,5.0,5,0.0,0.0,ChartQA
3224,5.0,5,0.0,0.0,ChartQA
3225,5.0,4,-1.0,1.0,ChartQA
3226,1.0,1,0.0,0.0,ChartQA
3227,4.0,5,1.0,1.0,ChartQA
3228,5.0,5,0.0,0.0,ChartQA
3229,4.0,5,1.0,1.0,ChartQA
3230,1.0,1,0.0,0.0,ChartQA
3231,1.0,1,0.0,0.0,ChartQA
3232,5.0,5,0.0,0.0,ChartQA
3233,1.0,1,0.0,0.0,ChartQA
3234,1.0,1,0.0,0.0,ChartQA
3235,3.0,1,-2.0,2.0,ChartQA
3236,4.0,4,0.0,0.0,ChartQA
3237,4.0,1,-3.0,3.0,ChartQA
3238,1.0,1,0.0,0.0,ChartQA
3239,5.0,4,-1.0,1.0,ChartQA
3240,1.0,2,1.0,1.0,ChartQA
3241,1.0,3,2.0,2.0,ChartQA
3242,1.0,3,2.0,2.0,ChartQA
3243,5.0,4,-1.0,1.0,ChartQA
3244,5.0,5,0.0,0.0,ChartQA
3245,5.0,4,-1.0,1.0,ChartQA
3246,1.0,3,2.0,2.0,ChartQA
3247,4.0,1,-3.0,3.0,ChartQA
3248,4.0,5,1.0,1.0,ChartQA
3249,2.0,3,1.0,1.0,ChartQA
3250,2.0,1,-1.0,1.0,ChartQA
3251,4.0,5,1.0,1.0,ChartQA
3252,5.0,5,0.0,0.0,ChartQA
3253,4.0,5,1.0,1.0,ChartQA
3254,1.0,2,1.0,1.0,ChartQA
3255,3.0,5,2.0,2.0,ChartQA
3256,4.0,4,0.0,0.0,ChartQA
3257,4.0,5,1.0,1.0,ChartQA
3258,1.0,1,0.0,0.0,ChartQA
3259,1.0,4,3.0,3.0,ChartQA
3260,2.0,4,2.0,2.0,ChartQA
3261,1.0,4,3.0,3.0,ChartQA
3262,2.0,2,0.0,0.0,ChartQA
3263,4.0,1,-3.0,3.0,ChartQA
3264,5.0,5,0.0,0.0,ChartQA
3265,4.0,1,-3.0,3.0,ChartQA
3266,3.0,4,1.0,1.0,ChartQA
3267,2.0,4,2.0,2.0,ChartQA
3268,5.0,5,0.0,0.0,ChartQA
3269,3.0,4,1.0,1.0,ChartQA
3270,1.0,1,0.0,0.0,ChartQA
3271,4.0,5,1.0,1.0,ChartQA
3272,4.0,5,1.0,1.0,ChartQA
3273,4.0,4,0.0,0.0,ChartQA
3274,3.0,4,1.0,1.0,ChartQA
3275,5.0,5,0.0,0.0,ChartQA
3276,4.0,5,1.0,1.0,ChartQA
3277,4.0,4,0.0,0.0,ChartQA
3278,1.0,4,3.0,3.0,ChartQA
3279,4.0,4,0.0,0.0,ChartQA
3280,4.0,5,1.0,1.0,ChartQA
3281,3.0,4,1.0,1.0,ChartQA
3282,2.0,2,0.0,0.0,ChartQA
3283,5.0,4,-1.0,1.0,ChartQA
3284,4.0,5,1.0,1.0,ChartQA
3285,4.0,4,0.0,0.0,ChartQA
3286,2.0,1,-1.0,1.0,ChartQA
3287,3.0,2,-1.0,1.0,ChartQA
3288,5.0,4,-1.0,1.0,ChartQA
3289,5.0,4,-1.0,1.0,ChartQA
3290,1.0,1,0.0,0.0,ChartQA
3291,5.0,4,-1.0,1.0,ChartQA
3292,4.0,5,1.0,1.0,ChartQA
3293,5.0,4,-1.0,1.0,ChartQA
3294,2.0,1,-1.0,1.0,ChartQA
3295,5.0,5,0.0,0.0,ChartQA
3296,5.0,5,0.0,0.0,ChartQA
3297,2.0,4,2.0,2.0,ChartQA
3298,2.0,2,0.0,0.0,ChartQA
3299,5.0,4,-1.0,1.0,ChartQA
3300,3.0,5,2.0,2.0,ChartQA
3301,5.0,3,-2.0,2.0,ChartQA
3302,2.0,1,-1.0,1.0,ChartQA
3303,1.0,5,4.0,4.0,ChartQA
3304,3.0,5,2.0,2.0,ChartQA
3305,2.0,5,3.0,3.0,ChartQA
3306,3.0,4,1.0,1.0,ChartQA
3307,2.0,1,-1.0,1.0,ChartQA
3308,3.0,4,1.0,1.0,ChartQA
3309,5.0,4,-1.0,1.0,ChartQA
3310,1.0,3,2.0,2.0,ChartQA
3311,1.0,4,3.0,3.0,ChartQA
3312,1.0,4,3.0,3.0,ChartQA
3313,1.0,3,2.0,2.0,ChartQA
3314,1.0,3,2.0,2.0,ChartQA
3315,1.0,1,0.0,0.0,ChartQA
3316,4.0,5,1.0,1.0,ChartQA
3317,4.0,1,-3.0,3.0,ChartQA
3318,2.0,5,3.0,3.0,ChartQA
3319,2.0,3,1.0,1.0,ChartQA
3320,2.0,4,2.0,2.0,ChartQA
3321,2.0,4,2.0,2.0,ChartQA
3322,2.0,1,-1.0,1.0,ChartQA
3323,4.0,4,0.0,0.0,ChartQA
3324,5.0,4,-1.0,1.0,ChartQA
3325,4.0,4,0.0,0.0,ChartQA
3326,2.0,2,0.0,0.0,ChartQA
3327,2.0,2,0.0,0.0,ChartQA
3328,2.0,3,1.0,1.0,ChartQA
3329,2.0,3,1.0,1.0,ChartQA
3330,2.0,3,1.0,1.0,ChartQA
3331,4.0,2,-2.0,2.0,ChartQA
3332,5.0,2,-3.0,3.0,ChartQA
3333,2.0,4,2.0,2.0,ChartQA
3334,2.0,1,-1.0,1.0,ChartQA
3335,4.0,5,1.0,1.0,ChartQA
3336,4.0,5,1.0,1.0,ChartQA
3337,4.0,5,1.0,1.0,ChartQA
3338,2.0,1,-1.0,1.0,ChartQA
3339,1.0,4,3.0,3.0,ChartQA
3340,2.0,2,0.0,0.0,ChartQA
3341,5.0,5,0.0,0.0,ChartQA
3342,3.0,3,0.0,0.0,ChartQA
3343,3.0,5,2.0,2.0,ChartQA
3344,5.0,5,0.0,0.0,ChartQA
3345,5.0,5,0.0,0.0,ChartQA
3346,3.0,2,-1.0,1.0,ChartQA
3347,1.0,4,3.0,3.0,ChartQA
3348,4.0,5,1.0,1.0,ChartQA
3349,3.0,4,1.0,1.0,ChartQA
3350,2.0,1,-1.0,1.0,ChartQA
3351,4.0,4,0.0,0.0,ChartQA
3352,5.0,5,0.0,0.0,ChartQA
3353,5.0,5,0.0,0.0,ChartQA
3354,2.0,1,-1.0,1.0,ChartQA
3355,2.0,4,2.0,2.0,ChartQA
3356,3.0,4,1.0,1.0,ChartQA
3357,5.0,4,-1.0,1.0,ChartQA
3358,1.0,3,2.0,2.0,ChartQA
3359,2.0,2,0.0,0.0,ChartQA
3360,1.0,4,3.0,3.0,ChartQA
3361,5.0,4,-1.0,1.0,ChartQA
3362,3.0,5,2.0,2.0,ChartQA
3363,3.0,4,1.0,1.0,ChartQA
3364,5.0,5,0.0,0.0,ChartQA
3365,5.0,5,0.0,0.0,ChartQA
3366,1.0,1,0.0,0.0,ChartQA
3367,1.0,2,1.0,1.0,ChartQA
3368,5.0,4,-1.0,1.0,ChartQA
3369,3.0,1,-2.0,2.0,ChartQA
3370,2.0,3,1.0,1.0,ChartQA
3371,4.0,5,1.0,1.0,ChartQA
3372,5.0,4,-1.0,1.0,ChartQA
3373,3.0,4,1.0,1.0,ChartQA
3374,1.0,3,2.0,2.0,ChartQA
3375,4.0,5,1.0,1.0,ChartQA
3376,2.0,5,3.0,3.0,ChartQA
3377,2.0,2,0.0,0.0,ChartQA
3378,2.0,1,-1.0,1.0,ChartQA
3379,1.0,3,2.0,2.0,ChartQA
3380,2.0,3,1.0,1.0,ChartQA
3381,3.0,4,1.0,1.0,ChartQA
3382,2.0,5,3.0,3.0,ChartQA
3383,4.0,4,0.0,0.0,ChartQA
3384,4.0,3,-1.0,1.0,ChartQA
3385,4.0,4,0.0,0.0,ChartQA
3386,3.0,1,-2.0,2.0,ChartQA
3387,2.0,4,2.0,2.0,ChartQA
3388,5.0,4,-1.0,1.0,ChartQA
3389,5.0,4,-1.0,1.0,ChartQA
3390,1.0,1,0.0,0.0,ChartQA
3391,5.0,5,0.0,0.0,ChartQA
3392,5.0,5,0.0,0.0,ChartQA
3393,3.0,5,2.0,2.0,ChartQA
3394,2.0,4,2.0,2.0,ChartQA
3395,4.0,1,-3.0,3.0,ChartQA
3396,4.0,5,1.0,1.0,ChartQA
3397,4.0,4,0.0,0.0,ChartQA
3398,4.0,3,-1.0,1.0,ChartQA
3399,4.0,1,-3.0,3.0,ChartQA
3400,4.0,4,0.0,0.0,ChartQA
3401,4.0,4,0.0,0.0,ChartQA
3402,1.0,1,0.0,0.0,ChartQA
3403,1.0,4,3.0,3.0,ChartQA
3404,4.0,5,1.0,1.0,ChartQA
3405,4.0,4,0.0,0.0,ChartQA
3406,2.0,2,0.0,0.0,ChartQA
3407,2.0,4,2.0,2.0,ChartQA
3408,2.0,4,2.0,2.0,ChartQA
3409,3.0,4,1.0,1.0,ChartQA
3410,3.0,3,0.0,0.0,ChartQA
3411,4.0,5,1.0,1.0,ChartQA
3412,5.0,4,-1.0,1.0,ChartQA
3413,5.0,4,-1.0,1.0,ChartQA
3414,1.0,1,0.0,0.0,ChartQA
3415,4.0,5,1.0,1.0,ChartQA
3416,4.0,5,1.0,1.0,ChartQA
3417,4.0,3,-1.0,1.0,ChartQA
3418,1.0,1,0.0,0.0,ChartQA
3419,2.0,3,1.0,1.0,ChartQA
3420,1.0,5,4.0,4.0,ChartQA
3421,4.0,3,-1.0,1.0,ChartQA
3422,4.0,3,-1.0,1.0,ChartQA
3423,3.0,4,1.0,1.0,ChartQA
3424,4.0,4,0.0,0.0,ChartQA
3425,4.0,4,0.0,0.0,ChartQA
3426,1.0,2,1.0,1.0,ChartQA
3427,3.0,4,1.0,1.0,ChartQA
3428,5.0,1,-4.0,4.0,ChartQA
3429,1.0,3,2.0,2.0,ChartQA
3430,1.0,2,1.0,1.0,ChartQA
3431,2.0,2,0.0,0.0,ChartQA
3432,5.0,4,-1.0,1.0,ChartQA
3433,4.0,5,1.0,1.0,ChartQA
3434,2.0,4,2.0,2.0,ChartQA
3435,5.0,4,-1.0,1.0,ChartQA
3436,5.0,4,-1.0,1.0,ChartQA
3437,2.0,1,-1.0,1.0,ChartQA
3438,1.0,4,3.0,3.0,ChartQA
3439,5.0,5,0.0,0.0,ChartQA
3440,5.0,5,0.0,0.0,ChartQA
3441,5.0,4,-1.0,1.0,ChartQA
3442,3.0,2,-1.0,1.0,ChartQA
3443,1.0,4,3.0,3.0,ChartQA
3444,4.0,4,0.0,0.0,ChartQA
3445,4.0,5,1.0,1.0,ChartQA
3446,1.0,1,0.0,0.0,ChartQA
3447,4.0,2,-2.0,2.0,ChartQA
3448,2.0,2,0.0,0.0,ChartQA
3449,2.0,4,2.0,2.0,ChartQA
3450,1.0,1,0.0,0.0,ChartQA
3451,1.0,2,1.0,1.0,ChartQA
3452,5.0,5,0.0,0.0,ChartQA
3453,5.0,3,-2.0,2.0,ChartQA
3454,2.0,2,0.0,0.0,ChartQA
3455,4.0,1,-3.0,3.0,ChartQA
3456,4.0,3,-1.0,1.0,ChartQA
3457,2.0,3,1.0,1.0,ChartQA
3458,2.0,2,0.0,0.0,ChartQA
3459,5.0,4,-1.0,1.0,ChartQA
3460,3.0,5,2.0,2.0,ChartQA
3461,5.0,4,-1.0,1.0,ChartQA
3462,3.0,1,-2.0,2.0,ChartQA
3463,4.0,4,0.0,0.0,ChartQA
3464,5.0,4,-1.0,1.0,ChartQA
3465,5.0,4,-1.0,1.0,ChartQA
3466,1.0,2,1.0,1.0,ChartQA
3467,5.0,5,0.0,0.0,ChartQA
3468,5.0,3,-2.0,2.0,ChartQA
3469,4.0,3,-1.0,1.0,ChartQA
3470,1.0,2,1.0,1.0,ChartQA
3471,2.0,5,3.0,3.0,ChartQA
3472,5.0,5,0.0,0.0,ChartQA
3473,4.0,4,0.0,0.0,ChartQA
3474,2.0,1,-1.0,1.0,ChartQA
3475,2.0,1,-1.0,1.0,ChartQA
3476,4.0,3,-1.0,1.0,ChartQA
3477,3.0,4,1.0,1.0,ChartQA
3478,2.0,1,-1.0,1.0,ChartQA
3479,5.0,5,0.0,0.0,ChartQA
3480,3.0,5,2.0,2.0,ChartQA
3481,5.0,5,0.0,0.0,ChartQA
3482,4.0,4,0.0,0.0,VisitBench
3483,3.0,4,1.0,1.0,VisitBench
3484,4.0,5,1.0,1.0,VisitBench
3485,4.0,3,-1.0,1.0,VisitBench
3486,3.0,3,0.0,0.0,VisitBench
3487,2.0,2,0.0,0.0,VisitBench
3488,5.0,5,0.0,0.0,VisitBench
3489,4.0,5,1.0,1.0,VisitBench
3490,3.0,4,1.0,1.0,VisitBench
3491,3.0,4,1.0,1.0,VisitBench
3492,5.0,5,0.0,0.0,VisitBench
3493,2.0,5,3.0,3.0,VisitBench
3494,5.0,3,-2.0,2.0,VisitBench
3495,4.0,4,0.0,0.0,VisitBench
3496,5.0,5,0.0,0.0,VisitBench
3497,3.0,3,0.0,0.0,VisitBench
3498,4.0,4,0.0,0.0,VisitBench
3499,2.0,5,3.0,3.0,VisitBench
3500,5.0,4,-1.0,1.0,VisitBench
3501,5.0,4,-1.0,1.0,VisitBench
3502,4.0,4,0.0,0.0,VisitBench
3503,3.0,3,0.0,0.0,VisitBench
3504,5.0,4,-1.0,1.0,VisitBench
3505,2.0,3,1.0,1.0,VisitBench
3506,2.0,3,1.0,1.0,VisitBench
3507,3.0,2,-1.0,1.0,VisitBench
3508,4.0,5,1.0,1.0,VisitBench
3509,3.0,1,-2.0,2.0,VisitBench
3510,2.0,1,-1.0,1.0,VisitBench
3511,2.0,4,2.0,2.0,VisitBench
3512,4.0,5,1.0,1.0,VisitBench
3513,4.0,5,1.0,1.0,VisitBench
3514,2.0,2,0.0,0.0,VisitBench
3515,3.0,5,2.0,2.0,VisitBench
3516,4.0,5,1.0,1.0,VisitBench
3517,2.0,4,2.0,2.0,VisitBench
3518,4.0,5,1.0,1.0,VisitBench
3519,3.0,3,0.0,0.0,VisitBench
3520,4.0,5,1.0,1.0,VisitBench
3521,4.0,4,0.0,0.0,VisitBench
3522,2.0,4,2.0,2.0,VisitBench
3523,3.0,5,2.0,2.0,VisitBench
3524,4.0,5,1.0,1.0,VisitBench
3525,2.0,4,2.0,2.0,VisitBench
3526,3.0,4,1.0,1.0,VisitBench
3527,3.0,2,-1.0,1.0,VisitBench
3528,4.0,4,0.0,0.0,VisitBench
3529,3.0,2,-1.0,1.0,VisitBench
3530,2.0,1,-1.0,1.0,VisitBench
3531,3.0,1,-2.0,2.0,VisitBench
3532,5.0,5,0.0,0.0,VisitBench
3533,3.0,4,1.0,1.0,VisitBench
3534,2.0,5,3.0,3.0,VisitBench
3535,1.0,5,4.0,4.0,VisitBench
3536,4.0,4,0.0,0.0,VisitBench
3537,5.0,4,-1.0,1.0,VisitBench
3538,5.0,5,0.0,0.0,VisitBench
3539,3.0,2,-1.0,1.0,VisitBench
3540,4.0,4,0.0,0.0,VisitBench
3541,2.0,2,0.0,0.0,VisitBench
3542,4.0,4,0.0,0.0,VisitBench
3543,4.0,1,-3.0,3.0,VisitBench
3544,4.0,5,1.0,1.0,VisitBench
3545,4.0,3,-1.0,1.0,VisitBench
3546,3.0,3,0.0,0.0,VisitBench
3547,3.0,4,1.0,1.0,VisitBench
3548,5.0,4,-1.0,1.0,VisitBench
3549,3.0,3,0.0,0.0,VisitBench
3550,5.0,4,-1.0,1.0,VisitBench
3551,2.0,4,2.0,2.0,VisitBench
3552,5.0,5,0.0,0.0,VisitBench
3553,3.0,4,1.0,1.0,VisitBench
3554,1.0,3,2.0,2.0,VisitBench
3555,1.0,2,1.0,1.0,VisitBench
3556,5.0,5,0.0,0.0,VisitBench
3557,1.0,3,2.0,2.0,VisitBench
3558,3.0,5,2.0,2.0,VisitBench
3559,4.0,5,1.0,1.0,VisitBench
3560,3.0,5,2.0,2.0,VisitBench
3561,2.0,5,3.0,3.0,VisitBench
3562,1.0,5,4.0,4.0,VisitBench
3563,5.0,5,0.0,0.0,VisitBench
3564,5.0,5,0.0,0.0,VisitBench
3565,1.0,2,1.0,1.0,VisitBench
3566,4.0,4,0.0,0.0,VisitBench
3567,4.0,4,0.0,0.0,VisitBench
3568,5.0,4,-1.0,1.0,VisitBench
3569,5.0,4,-1.0,1.0,VisitBench
3570,5.0,5,0.0,0.0,VisitBench
3571,5.0,4,-1.0,1.0,VisitBench
3572,5.0,5,0.0,0.0,VisitBench
3573,1.0,2,1.0,1.0,VisitBench
3574,4.0,5,1.0,1.0,VisitBench
3575,3.0,4,1.0,1.0,VisitBench
3576,5.0,5,0.0,0.0,VisitBench
3577,5.0,3,-2.0,2.0,VisitBench
3578,4.0,4,0.0,0.0,VisitBench
3579,5.0,4,-1.0,1.0,VisitBench
3580,4.0,5,1.0,1.0,VisitBench
3581,3.0,5,2.0,2.0,VisitBench
3582,2.0,3,1.0,1.0,VisitBench
3583,1.0,2,1.0,1.0,VisitBench
3584,2.0,4,2.0,2.0,VisitBench
3585,1.0,1,0.0,0.0,VisitBench
3586,4.0,5,1.0,1.0,VisitBench
3587,3.0,4,1.0,1.0,VisitBench
3588,4.0,5,1.0,1.0,VisitBench
3589,4.0,4,0.0,0.0,VisitBench
3590,3.0,2,-1.0,1.0,VisitBench
3591,2.0,5,3.0,3.0,VisitBench
3592,5.0,5,0.0,0.0,VisitBench
3593,3.0,4,1.0,1.0,VisitBench
3594,4.0,5,1.0,1.0,VisitBench
3595,4.0,5,1.0,1.0,VisitBench
3596,5.0,5,0.0,0.0,VisitBench
3597,4.0,5,1.0,1.0,VisitBench
3598,4.0,5,1.0,1.0,VisitBench
3599,3.0,5,2.0,2.0,VisitBench
3600,5.0,5,0.0,0.0,VisitBench
3601,4.0,5,1.0,1.0,VisitBench
3602,1.0,1,0.0,0.0,VisitBench
3603,2.0,5,3.0,3.0,VisitBench
3604,3.0,5,2.0,2.0,VisitBench
3605,2.0,4,2.0,2.0,VisitBench
3606,3.0,2,-1.0,1.0,VisitBench
3607,4.0,5,1.0,1.0,VisitBench
3608,4.0,5,1.0,1.0,VisitBench
3609,4.0,4,0.0,0.0,VisitBench
3610,4.0,4,0.0,0.0,VisitBench
3611,3.0,4,1.0,1.0,VisitBench
3612,5.0,5,0.0,0.0,VisitBench
3613,3.0,4,1.0,1.0,VisitBench
3614,5.0,5,0.0,0.0,VisitBench
3615,3.0,4,1.0,1.0,VisitBench
3616,5.0,5,0.0,0.0,VisitBench
3617,5.0,5,0.0,0.0,VisitBench
3618,2.0,4,2.0,2.0,VisitBench
3619,3.0,4,1.0,1.0,VisitBench
3620,4.0,4,0.0,0.0,VisitBench
3621,3.0,4,1.0,1.0,VisitBench
3622,4.0,5,1.0,1.0,VisitBench
3623,4.0,5,1.0,1.0,VisitBench
3624,5.0,5,0.0,0.0,VisitBench
3625,4.0,5,1.0,1.0,VisitBench
3626,3.0,4,1.0,1.0,VisitBench
3627,3.0,3,0.0,0.0,VisitBench
3628,4.0,3,-1.0,1.0,VisitBench
3629,2.0,3,1.0,1.0,VisitBench
3630,4.0,3,-1.0,1.0,VisitBench
3631,4.0,5,1.0,1.0,VisitBench
3632,5.0,5,0.0,0.0,VisitBench
3633,3.0,3,0.0,0.0,VisitBench
3634,3.0,4,1.0,1.0,VisitBench
3635,3.0,5,2.0,2.0,VisitBench
3636,3.0,3,0.0,0.0,VisitBench
3637,4.0,4,0.0,0.0,VisitBench
3638,2.0,3,1.0,1.0,VisitBench
3639,4.0,4,0.0,0.0,VisitBench
3640,4.0,5,1.0,1.0,VisitBench
3641,3.0,4,1.0,1.0,VisitBench
3642,4.0,4,0.0,0.0,VisitBench
3643,5.0,4,-1.0,1.0,VisitBench
3644,4.0,4,0.0,0.0,VisitBench
3645,1.0,3,2.0,2.0,VisitBench
3646,1.0,4,3.0,3.0,VisitBench
3647,4.0,5,1.0,1.0,VisitBench
3648,2.0,3,1.0,1.0,VisitBench
3649,3.0,5,2.0,2.0,VisitBench
3650,4.0,4,0.0,0.0,VisitBench
3651,5.0,4,-1.0,1.0,VisitBench
3652,5.0,3,-2.0,2.0,VisitBench
3653,4.0,3,-1.0,1.0,VisitBench
3654,2.0,4,2.0,2.0,VisitBench
3655,5.0,5,0.0,0.0,VisitBench
3656,4.0,3,-1.0,1.0,VisitBench
3657,4.0,5,1.0,1.0,VisitBench
3658,5.0,2,-3.0,3.0,VisitBench
3659,1.0,4,3.0,3.0,VisitBench
3660,2.0,2,0.0,0.0,VisitBench
3661,2.0,5,3.0,3.0,VisitBench
3662,3.0,5,2.0,2.0,VisitBench
3663,4.0,5,1.0,1.0,VisitBench
3664,4.0,4,0.0,0.0,VisitBench
3665,3.0,4,1.0,1.0,VisitBench
3666,1.0,3,2.0,2.0,VisitBench
3667,4.0,5,1.0,1.0,VisitBench
3668,3.0,3,0.0,0.0,VisitBench
3669,4.0,5,1.0,1.0,VisitBench
3670,4.0,4,0.0,0.0,VisitBench
3671,3.0,5,2.0,2.0,VisitBench
3672,4.0,3,-1.0,1.0,VisitBench
3673,1.0,3,2.0,2.0,VisitBench
3674,1.0,2,1.0,1.0,VisitBench
3675,1.0,5,4.0,4.0,VisitBench
3676,5.0,3,-2.0,2.0,VisitBench
3677,3.0,3,0.0,0.0,VisitBench
3678,2.0,4,2.0,2.0,VisitBench
3679,2.0,4,2.0,2.0,VisitBench
3680,3.0,4,1.0,1.0,VisitBench
3681,1.0,1,0.0,0.0,VisitBench
3682,2.0,4,2.0,2.0,VisitBench
3683,4.0,5,1.0,1.0,VisitBench
3684,4.0,4,0.0,0.0,VisitBench
3685,3.0,3,0.0,0.0,VisitBench
3686,3.0,4,1.0,1.0,VisitBench
3687,4.0,5,1.0,1.0,VisitBench
3688,2.0,4,2.0,2.0,VisitBench
3689,3.0,4,1.0,1.0,VisitBench
3690,4.0,2,-2.0,2.0,VisitBench
3691,4.0,1,-3.0,3.0,VisitBench
3692,4.0,3,-1.0,1.0,VisitBench
3693,2.0,2,0.0,0.0,VisitBench
3694,2.0,4,2.0,2.0,VisitBench
3695,4.0,4,0.0,0.0,VisitBench
3696,1.0,2,1.0,1.0,VisitBench
3697,3.0,3,0.0,0.0,VisitBench
3698,1.0,4,3.0,3.0,VisitBench
3699,4.0,4,0.0,0.0,VisitBench
3700,4.0,5,1.0,1.0,VisitBench
3701,3.0,4,1.0,1.0,VisitBench
3702,4.0,5,1.0,1.0,VisitBench
3703,4.0,5,1.0,1.0,VisitBench
3704,4.0,5,1.0,1.0,VisitBench
3705,3.0,5,2.0,2.0,VisitBench
3706,3.0,4,1.0,1.0,VisitBench
3707,5.0,5,0.0,0.0,VisitBench
3708,4.0,4,0.0,0.0,VisitBench
3709,2.0,4,2.0,2.0,VisitBench
3710,3.0,4,1.0,1.0,VisitBench
3711,3.0,4,1.0,1.0,VisitBench
3712,2.0,3,1.0,1.0,VisitBench
3713,2.0,4,2.0,2.0,VisitBench
3714,2.0,4,2.0,2.0,VisitBench
3715,1.0,1,0.0,0.0,VisitBench
3716,4.0,4,0.0,0.0,VisitBench
3717,3.0,4,1.0,1.0,VisitBench
3718,5.0,4,-1.0,1.0,VisitBench
3719,4.0,4,0.0,0.0,VisitBench
3720,4.0,4,0.0,0.0,VisitBench
3721,4.0,5,1.0,1.0,VisitBench
3722,5.0,5,0.0,0.0,VisitBench
3723,5.0,2,-3.0,3.0,VisitBench
3724,3.0,1,-2.0,2.0,VisitBench
3725,3.0,2,-1.0,1.0,VisitBench
3726,1.0,1,0.0,0.0,VisitBench
3727,2.0,3,1.0,1.0,VisitBench
3728,3.0,5,2.0,2.0,VisitBench
3729,3.0,1,-2.0,2.0,VisitBench
3730,5.0,5,0.0,0.0,VisitBench
3731,2.0,5,3.0,3.0,VisitBench
3732,4.0,5,1.0,1.0,VisitBench
3733,5.0,2,-3.0,3.0,VisitBench
3734,5.0,2,-3.0,3.0,VisitBench
3735,5.0,2,-3.0,3.0,VisitBench
3736,4.0,5,1.0,1.0,VisitBench
3737,4.0,4,0.0,0.0,VisitBench
3738,5.0,5,0.0,0.0,VisitBench
3739,4.0,4,0.0,0.0,VisitBench
3740,4.0,5,1.0,1.0,VisitBench
3741,3.0,2,-1.0,1.0,VisitBench
3742,5.0,4,-1.0,1.0,VisitBench
3743,2.0,3,1.0,1.0,VisitBench
3744,3.0,4,1.0,1.0,VisitBench
3745,2.0,4,2.0,2.0,VisitBench
3746,4.0,5,1.0,1.0,VisitBench
3747,3.0,4,1.0,1.0,VisitBench
3748,1.0,4,3.0,3.0,VisitBench
3749,4.0,2,-2.0,2.0,VisitBench
3750,5.0,3,-2.0,2.0,VisitBench
3751,4.0,2,-2.0,2.0,VisitBench
3752,4.0,4,0.0,0.0,VisitBench
3753,3.0,3,0.0,0.0,VisitBench
3754,5.0,4,-1.0,1.0,VisitBench
3755,4.0,5,1.0,1.0,VisitBench
3756,3.0,5,2.0,2.0,VisitBench
3757,4.0,4,0.0,0.0,VisitBench
3758,5.0,5,0.0,0.0,VisitBench
3759,4.0,4,0.0,0.0,VisitBench
3760,2.0,4,2.0,2.0,VisitBench
3761,1.0,4,3.0,3.0,VisitBench
3762,4.0,5,1.0,1.0,VisitBench
3763,2.0,3,1.0,1.0,VisitBench
3764,3.0,5,2.0,2.0,VisitBench
3765,2.0,5,3.0,3.0,VisitBench
3766,4.0,5,1.0,1.0,VisitBench
3767,4.0,4,0.0,0.0,VisitBench
3768,3.0,4,1.0,1.0,VisitBench
3769,4.0,4,0.0,0.0,VisitBench
3770,4.0,5,1.0,1.0,VisitBench
3771,3.0,4,1.0,1.0,VisitBench
3772,5.0,4,-1.0,1.0,VisitBench
3773,4.0,4,0.0,0.0,VisitBench
3774,4.0,5,1.0,1.0,VisitBench
3775,3.0,4,1.0,1.0,VisitBench
3776,5.0,4,-1.0,1.0,VisitBench
3777,4.0,3,-1.0,1.0,VisitBench
3778,5.0,4,-1.0,1.0,VisitBench
3779,3.0,4,1.0,1.0,VisitBench
3780,5.0,5,0.0,0.0,VisitBench
3781,1.0,5,4.0,4.0,VisitBench
3782,4.0,5,1.0,1.0,VisitBench
3783,4.0,4,0.0,0.0,VisitBench
3784,4.0,4,0.0,0.0,VisitBench
3785,2.0,4,2.0,2.0,VisitBench
3786,3.0,4,1.0,1.0,VisitBench
3787,4.0,1,-3.0,3.0,VisitBench
3788,3.0,3,0.0,0.0,VisitBench
3789,4.0,5,1.0,1.0,VisitBench
3790,5.0,4,-1.0,1.0,VisitBench
3791,5.0,3,-2.0,2.0,VisitBench
3792,4.0,4,0.0,0.0,VisitBench
3793,4.0,4,0.0,0.0,VisitBench
3794,4.0,4,0.0,0.0,VisitBench
3795,3.0,5,2.0,2.0,VisitBench
3796,5.0,5,0.0,0.0,VisitBench
3797,4.0,5,1.0,1.0,VisitBench
3798,4.0,5,1.0,1.0,VisitBench
3799,5.0,5,0.0,0.0,VisitBench
3800,5.0,5,0.0,0.0,VisitBench
3801,3.0,4,1.0,1.0,VisitBench
3802,5.0,5,0.0,0.0,VisitBench
3803,3.0,5,2.0,2.0,VisitBench
3804,4.0,4,0.0,0.0,VisitBench
3805,4.0,4,0.0,0.0,VisitBench
3806,5.0,5,0.0,0.0,VisitBench
3807,2.0,2,0.0,0.0,VisitBench
3808,4.0,4,0.0,0.0,VisitBench
3809,4.0,5,1.0,1.0,VisitBench
3810,4.0,5,1.0,1.0,VisitBench
3811,4.0,3,-1.0,1.0,VisitBench
3812,1.0,3,2.0,2.0,VisitBench
3813,4.0,3,-1.0,1.0,VisitBench
3814,5.0,4,-1.0,1.0,VisitBench
3815,4.0,3,-1.0,1.0,VisitBench
3816,2.0,2,0.0,0.0,VisitBench
3817,2.0,3,1.0,1.0,VisitBench
3818,2.0,3,1.0,1.0,VisitBench
3819,2.0,5,3.0,3.0,VisitBench
3820,4.0,5,1.0,1.0,VisitBench
3821,4.0,4,0.0,0.0,VisitBench
3822,4.0,5,1.0,1.0,VisitBench
3823,4.0,3,-1.0,1.0,VisitBench
3824,2.0,5,3.0,3.0,VisitBench
3825,4.0,3,-1.0,1.0,VisitBench
3826,4.0,5,1.0,1.0,VisitBench
3827,4.0,3,-1.0,1.0,VisitBench
3828,4.0,4,0.0,0.0,VisitBench
3829,4.0,5,1.0,1.0,VisitBench
3830,5.0,5,0.0,0.0,VisitBench
3831,5.0,5,0.0,0.0,VisitBench
3832,3.0,5,2.0,2.0,VisitBench
3833,4.0,4,0.0,0.0,VisitBench
3834,5.0,5,0.0,0.0,VisitBench
3835,5.0,3,-2.0,2.0,VisitBench
3836,3.0,5,2.0,2.0,VisitBench
3837,4.0,4,0.0,0.0,VisitBench
3838,3.0,5,2.0,2.0,VisitBench
3839,2.0,4,2.0,2.0,VisitBench
3840,5.0,4,-1.0,1.0,VisitBench
3841,4.0,4,0.0,0.0,VisitBench
3842,5.0,5,0.0,0.0,VisitBench
3843,4.0,4,0.0,0.0,VisitBench
3844,3.0,5,2.0,2.0,VisitBench
3845,4.0,3,-1.0,1.0,VisitBench
3846,5.0,5,0.0,0.0,VisitBench
3847,3.0,4,1.0,1.0,VisitBench
3848,4.0,4,0.0,0.0,VisitBench
3849,4.0,5,1.0,1.0,VisitBench
3850,4.0,4,0.0,0.0,VisitBench
3851,5.0,4,-1.0,1.0,VisitBench
3852,2.0,1,-1.0,1.0,VisitBench
3853,5.0,5,0.0,0.0,VisitBench
3854,5.0,3,-2.0,2.0,VisitBench
3855,3.0,3,0.0,0.0,VisitBench
3856,3.0,4,1.0,1.0,VisitBench
3857,4.0,5,1.0,1.0,VisitBench
3858,4.0,4,0.0,0.0,VisitBench
3859,1.0,4,3.0,3.0,VisitBench
3860,1.0,1,0.0,0.0,VisitBench
3861,5.0,2,-3.0,3.0,VisitBench
3862,1.0,3,2.0,2.0,VisitBench
3863,3.0,5,2.0,2.0,VisitBench
3864,5.0,5,0.0,0.0,VisitBench
3865,1.0,3,2.0,2.0,VisitBench
3866,3.0,5,2.0,2.0,VisitBench
3867,5.0,3,-2.0,2.0,VisitBench
3868,4.0,5,1.0,1.0,VisitBench
3869,4.0,5,1.0,1.0,VisitBench
3870,5.0,4,-1.0,1.0,VisitBench
3871,3.0,3,0.0,0.0,VisitBench
3872,4.0,3,-1.0,1.0,VisitBench
3873,1.0,1,0.0,0.0,VisitBench
3874,4.0,3,-1.0,1.0,VisitBench
3875,4.0,5,1.0,1.0,VisitBench
3876,4.0,3,-1.0,1.0,VisitBench
3877,4.0,5,1.0,1.0,VisitBench
3878,5.0,3,-2.0,2.0,VisitBench
3879,3.0,4,1.0,1.0,llava_bench
3880,3.0,4,1.0,1.0,llava_bench
3881,5.0,5,0.0,0.0,llava_bench
3882,3.0,4,1.0,1.0,llava_bench
3883,1.0,3,2.0,2.0,llava_bench
3884,1.0,3,2.0,2.0,llava_bench
3885,5.0,5,0.0,0.0,llava_bench
3886,2.0,3,1.0,1.0,llava_bench
3887,4.0,4,0.0,0.0,llava_bench
3888,5.0,4,-1.0,1.0,llava_bench
3889,4.0,4,0.0,0.0,llava_bench
3890,3.0,4,1.0,1.0,llava_bench
3891,5.0,4,-1.0,1.0,llava_bench
3892,5.0,4,-1.0,1.0,llava_bench
3893,4.0,5,1.0,1.0,llava_bench
3894,5.0,4,-1.0,1.0,llava_bench
3895,3.0,4,1.0,1.0,llava_bench
3896,2.0,4,2.0,2.0,llava_bench
3897,4.0,5,1.0,1.0,llava_bench
3898,2.0,3,1.0,1.0,llava_bench
3899,4.0,4,0.0,0.0,llava_bench
3900,3.0,5,2.0,2.0,llava_bench
3901,5.0,5,0.0,0.0,llava_bench
3902,1.0,4,3.0,3.0,llava_bench
3903,2.0,3,1.0,1.0,llava_bench
3904,4.0,4,0.0,0.0,llava_bench
3905,5.0,5,0.0,0.0,llava_bench
3906,4.0,3,-1.0,1.0,llava_bench
3907,3.0,4,1.0,1.0,llava_bench
3908,4.0,4,0.0,0.0,llava_bench
3909,4.0,4,0.0,0.0,llava_bench
3910,3.0,3,0.0,0.0,llava_bench
3911,3.0,3,0.0,0.0,llava_bench
3912,4.0,5,1.0,1.0,llava_bench
3913,4.0,4,0.0,0.0,llava_bench
3914,3.0,4,1.0,1.0,llava_bench
3915,3.0,4,1.0,1.0,llava_bench
3916,4.0,5,1.0,1.0,llava_bench
3917,3.0,3,0.0,0.0,llava_bench
3918,4.0,3,-1.0,1.0,llava_bench
3919,3.0,4,1.0,1.0,llava_bench
3920,4.0,5,1.0,1.0,llava_bench
3921,3.0,4,1.0,1.0,llava_bench
3922,4.0,4,0.0,0.0,llava_bench
3923,3.0,5,2.0,2.0,llava_bench
3924,3.0,5,2.0,2.0,llava_bench
3925,3.0,4,1.0,1.0,llava_bench
3926,4.0,3,-1.0,1.0,llava_bench
3927,4.0,4,0.0,0.0,llava_bench
3928,5.0,5,0.0,0.0,llava_bench
3929,2.0,4,2.0,2.0,llava_bench
3930,3.0,5,2.0,2.0,llava_bench
3931,4.0,4,0.0,0.0,llava_bench
3932,1.0,4,3.0,3.0,llava_bench
3933,3.0,3,0.0,0.0,llava_bench
3934,5.0,4,-1.0,1.0,llava_bench
3935,5.0,4,-1.0,1.0,llava_bench
3936,3.0,4,1.0,1.0,llava_bench
3937,3.0,3,0.0,0.0,llava_bench
3938,4.0,5,1.0,1.0,llava_bench
3939,5.0,5,0.0,0.0,llava_bench
3940,3.0,3,0.0,0.0,llava_bench
3941,3.0,5,2.0,2.0,llava_bench
3942,3.0,4,1.0,1.0,llava_bench
3943,4.0,5,1.0,1.0,llava_bench
3944,4.0,4,0.0,0.0,llava_bench
3945,3.0,4,1.0,1.0,llava_bench
3946,3.0,4,1.0,1.0,llava_bench
3947,4.0,4,0.0,0.0,llava_bench
3948,1.0,3,2.0,2.0,llava_bench
3949,3.0,2,-1.0,1.0,llava_bench
3950,3.0,4,1.0,1.0,llava_bench
3951,4.0,4,0.0,0.0,llava_bench
3952,3.0,4,1.0,1.0,llava_bench
3953,3.0,3,0.0,0.0,llava_bench
3954,4.0,4,0.0,0.0,llava_bench
3955,4.0,4,0.0,0.0,llava_bench
3956,3.0,4,1.0,1.0,llava_bench
3957,4.0,4,0.0,0.0,llava_bench
3958,3.0,4,1.0,1.0,llava_bench
3959,5.0,5,0.0,0.0,llava_bench
3960,4.0,4,0.0,0.0,llava_bench
3961,4.0,4,0.0,0.0,llava_bench
3962,3.0,5,2.0,2.0,llava_bench
3963,3.0,5,2.0,2.0,llava_bench
3964,3.0,3,0.0,0.0,llava_bench
3965,3.0,4,1.0,1.0,llava_bench
3966,4.0,4,0.0,0.0,llava_bench
3967,4.0,5,1.0,1.0,llava_bench
3968,5.0,4,-1.0,1.0,llava_bench
3969,2.0,4,2.0,2.0,llava_bench
3970,3.0,4,1.0,1.0,llava_bench
3971,4.0,4,0.0,0.0,llava_bench
3972,3.0,4,1.0,1.0,llava_bench
3973,3.0,3,0.0,0.0,llava_bench
3974,5.0,3,-2.0,2.0,llava_bench
3975,4.0,4,0.0,0.0,llava_bench
3976,1.0,2,1.0,1.0,llava_bench
3977,2.0,1,-1.0,1.0,llava_bench
3978,3.0,4,1.0,1.0,llava_bench
3979,3.0,3,0.0,0.0,llava_bench
3980,3.0,4,1.0,1.0,llava_bench
3981,3.0,3,0.0,0.0,llava_bench
3982,3.0,3,0.0,0.0,llava_bench
3983,4.0,5,1.0,1.0,llava_bench
3984,3.0,3,0.0,0.0,llava_bench
3985,2.0,3,1.0,1.0,llava_bench
3986,3.0,4,1.0,1.0,llava_bench
3987,4.0,5,1.0,1.0,llava_bench
3988,3.0,4,1.0,1.0,llava_bench
3989,4.0,3,-1.0,1.0,llava_bench
3990,3.0,4,1.0,1.0,llava_bench
3991,5.0,5,0.0,0.0,llava_bench
3992,1.0,4,3.0,3.0,llava_bench
3993,4.0,4,0.0,0.0,llava_bench
3994,4.0,4,0.0,0.0,llava_bench
3995,5.0,5,0.0,0.0,llava_bench
3996,4.0,3,-1.0,1.0,llava_bench
3997,4.0,3,-1.0,1.0,llava_bench
3998,3.0,5,2.0,2.0,llava_bench
3999,5.0,5,0.0,0.0,llava_bench
4000,4.0,3,-1.0,1.0,llava_bench
4001,3.0,3,0.0,0.0,llava_bench
4002,3.0,4,1.0,1.0,llava_bench
4003,3.0,4,1.0,1.0,llava_bench
4004,3.0,4,1.0,1.0,llava_bench
4005,3.0,4,1.0,1.0,llava_bench
4006,3.0,4,1.0,1.0,llava_bench
4007,4.0,5,1.0,1.0,llava_bench
4008,3.0,4,1.0,1.0,llava_bench
4009,4.0,3,-1.0,1.0,llava_bench
4010,3.0,4,1.0,1.0,llava_bench
4011,5.0,5,0.0,0.0,llava_bench
4012,3.0,4,1.0,1.0,llava_bench
4013,3.0,3,0.0,0.0,llava_bench
4014,3.0,4,1.0,1.0,llava_bench
4015,3.0,5,2.0,2.0,llava_bench
4016,3.0,4,1.0,1.0,llava_bench
4017,5.0,4,-1.0,1.0,llava_bench
4018,1.0,5,4.0,4.0,llava_bench
4019,5.0,5,0.0,0.0,llava_bench
4020,5.0,4,-1.0,1.0,llava_bench
4021,3.0,4,1.0,1.0,llava_bench
4022,4.0,5,1.0,1.0,llava_bench
4023,4.0,4,0.0,0.0,llava_bench
4024,3.0,3,0.0,0.0,llava_bench
4025,4.0,2,-2.0,2.0,llava_bench
4026,4.0,5,1.0,1.0,llava_bench
4027,4.0,5,1.0,1.0,llava_bench
4028,3.0,3,0.0,0.0,llava_bench
4029,3.0,4,1.0,1.0,llava_bench
4030,3.0,4,1.0,1.0,llava_bench
4031,4.0,5,1.0,1.0,llava_bench
4032,1.0,4,3.0,3.0,llava_bench
4033,3.0,4,1.0,1.0,llava_bench
4034,2.0,5,3.0,3.0,llava_bench
4035,4.0,5,1.0,1.0,llava_bench
4036,3.0,4,1.0,1.0,llava_bench
4037,2.0,2,0.0,0.0,llava_bench
4038,3.0,4,1.0,1.0,llava_bench
4039,3.0,5,2.0,2.0,llava_bench
4040,3.0,1,-2.0,2.0,llava_bench
4041,3.0,4,1.0,1.0,llava_bench
4042,3.0,4,1.0,1.0,llava_bench
4043,5.0,5,0.0,0.0,llava_bench
4044,2.0,4,2.0,2.0,llava_bench
4045,4.0,4,0.0,0.0,llava_bench
4046,4.0,4,0.0,0.0,llava_bench
4047,4.0,5,1.0,1.0,llava_bench
4048,5.0,3,-2.0,2.0,llava_bench
4049,3.0,3,0.0,0.0,llava_bench
4050,5.0,5,0.0,0.0,llava_bench
4051,5.0,5,0.0,0.0,llava_bench
4052,4.0,4,0.0,0.0,llava_bench
4053,4.0,3,-1.0,1.0,llava_bench
4054,3.0,4,1.0,1.0,llava_bench
4055,4.0,5,1.0,1.0,llava_bench
4056,3.0,3,0.0,0.0,llava_bench
4057,4.0,4,0.0,0.0,llava_bench
4058,4.0,5,1.0,1.0,llava_bench
4059,5.0,4,-1.0,1.0,llava_bench
4060,2.0,4,2.0,2.0,llava_bench
4061,4.0,4,0.0,0.0,llava_bench
4062,2.0,5,3.0,3.0,llava_bench
4063,3.0,4,1.0,1.0,llava_bench
4064,4.0,4,0.0,0.0,llava_bench
4065,5.0,5,0.0,0.0,llava_bench
4066,3.0,5,2.0,2.0,llava_bench
4067,4.0,5,1.0,1.0,llava_bench
4068,4.0,4,0.0,0.0,llava_bench
4069,3.0,3,0.0,0.0,llava_bench
4070,5.0,4,-1.0,1.0,llava_bench
4071,3.0,3,0.0,0.0,llava_bench
4072,3.0,3,0.0,0.0,llava_bench
4073,5.0,4,-1.0,1.0,llava_bench
4074,3.0,5,2.0,2.0,llava_bench
4075,5.0,5,0.0,0.0,llava_bench
4076,3.0,4,1.0,1.0,llava_bench
4077,5.0,5,0.0,0.0,llava_bench
4078,4.0,5,1.0,1.0,llava_bench
4079,5.0,4,-1.0,1.0,llava_bench
4080,1.0,3,2.0,2.0,llava_bench
4081,2.0,3,1.0,1.0,llava_bench
4082,4.0,4,0.0,0.0,llava_bench
4083,3.0,4,1.0,1.0,llava_bench
4084,3.0,4,1.0,1.0,llava_bench
4085,3.0,4,1.0,1.0,llava_bench
4086,4.0,5,1.0,1.0,llava_bench
4087,3.0,4,1.0,1.0,llava_bench
4088,1.0,3,2.0,2.0,llava_bench
4089,5.0,4,-1.0,1.0,llava_bench
4090,5.0,5,0.0,0.0,llava_bench
4091,5.0,3,-2.0,2.0,llava_bench
4092,4.0,1,-3.0,3.0,llava_bench
4093,5.0,4,-1.0,1.0,llava_bench
4094,3.0,4,1.0,1.0,llava_bench
4095,5.0,3,-2.0,2.0,llava_bench
4096,5.0,3,-2.0,2.0,llava_bench
4097,4.0,4,0.0,0.0,llava_bench
4098,5.0,5,0.0,0.0,llava_bench
4099,5.0,4,-1.0,1.0,llava_bench
4100,4.0,3,-1.0,1.0,llava_bench
4101,3.0,5,2.0,2.0,llava_bench
4102,5.0,5,0.0,0.0,llava_bench
4103,3.0,3,0.0,0.0,llava_bench
4104,3.0,4,1.0,1.0,llava_bench
4105,3.0,4,1.0,1.0,llava_bench
4106,4.0,5,1.0,1.0,llava_bench
4107,3.0,3,0.0,0.0,llava_bench
4108,2.0,4,2.0,2.0,llava_bench
4109,4.0,4,0.0,0.0,llava_bench
4110,5.0,5,0.0,0.0,llava_bench
4111,4.0,3,-1.0,1.0,llava_bench
4112,3.0,4,1.0,1.0,llava_bench
4113,3.0,4,1.0,1.0,llava_bench
4114,5.0,4,-1.0,1.0,llava_bench
4115,4.0,2,-2.0,2.0,llava_bench
4116,2.0,3,1.0,1.0,llava_bench
4117,3.0,5,2.0,2.0,llava_bench
4118,3.0,4,1.0,1.0,llava_bench
4119,3.0,3,0.0,0.0,llava_bench
4120,2.0,3,1.0,1.0,llava_bench
4121,5.0,5,0.0,0.0,llava_bench
4122,2.0,4,2.0,2.0,llava_bench
4123,5.0,4,-1.0,1.0,llava_bench
4124,2.0,3,1.0,1.0,llava_bench
4125,2.0,3,1.0,1.0,llava_bench
4126,4.0,4,0.0,0.0,llava_bench
4127,4.0,4,0.0,0.0,llava_bench
4128,2.0,3,1.0,1.0,llava_bench
4129,2.0,4,2.0,2.0,llava_bench
4130,4.0,5,1.0,1.0,llava_bench
4131,3.0,4,1.0,1.0,llava_bench
4132,2.0,4,2.0,2.0,llava_bench
4133,4.0,4,0.0,0.0,llava_bench
4134,5.0,4,-1.0,1.0,llava_bench
4135,4.0,4,0.0,0.0,llava_bench
4136,3.0,4,1.0,1.0,llava_bench
4137,3.0,4,1.0,1.0,llava_bench
4138,3.0,4,1.0,1.0,llava_bench
4139,2.0,4,2.0,2.0,llava_bench
4140,3.0,3,0.0,0.0,llava_bench
4141,4.0,4,0.0,0.0,llava_bench
4142,3.0,4,1.0,1.0,llava_bench
4143,4.0,4,0.0,0.0,llava_bench
4144,3.0,4,1.0,1.0,llava_bench
4145,3.0,4,1.0,1.0,llava_bench
4146,4.0,1,-3.0,3.0,llava_bench
4147,4.0,4,0.0,0.0,llava_bench
4148,3.0,5,2.0,2.0,llava_bench
4149,3.0,4,1.0,1.0,llava_bench
4150,4.0,5,1.0,1.0,llava_bench
4151,4.0,4,0.0,0.0,llava_bench
4152,3.0,3,0.0,0.0,llava_bench
4153,4.0,4,0.0,0.0,llava_bench
4154,3.0,4,1.0,1.0,llava_bench
4155,1.0,4,3.0,3.0,llava_bench
4156,3.0,4,1.0,1.0,llava_bench
4157,3.0,4,1.0,1.0,llava_bench
4158,4.0,5,1.0,1.0,llava_bench
4159,3.0,3,0.0,0.0,llava_bench
4160,5.0,4,-1.0,1.0,llava_bench
4161,1.0,4,3.0,3.0,llava_bench
4162,5.0,5,0.0,0.0,llava_bench
4163,2.0,4,2.0,2.0,llava_bench
4164,3.0,4,1.0,1.0,llava_bench
4165,3.0,4,1.0,1.0,llava_bench
4166,2.0,5,3.0,3.0,llava_bench
4167,4.0,5,1.0,1.0,llava_bench
4168,4.0,3,-1.0,1.0,llava_bench
4169,4.0,5,1.0,1.0,llava_bench
4170,4.0,5,1.0,1.0,llava_bench
4171,5.0,4,-1.0,1.0,llava_bench
4172,3.0,4,1.0,1.0,llava_bench
4173,3.0,3,0.0,0.0,llava_bench
4174,4.0,4,0.0,0.0,llava_bench
4175,4.0,3,-1.0,1.0,llava_bench
4176,2.0,4,2.0,2.0,llava_bench
4177,4.0,4,0.0,0.0,llava_bench
4178,5.0,5,0.0,0.0,llava_bench
4179,5.0,3,-2.0,2.0,llava_bench
4180,5.0,4,-1.0,1.0,llava_bench
4181,4.0,5,1.0,1.0,llava_bench
4182,3.0,5,2.0,2.0,llava_bench
4183,2.0,4,2.0,2.0,llava_bench
4184,4.0,4,0.0,0.0,llava_bench
4185,3.0,4,1.0,1.0,llava_bench
4186,5.0,4,-1.0,1.0,llava_bench
4187,3.0,4,1.0,1.0,llava_bench
4188,4.0,4,0.0,0.0,llava_bench
4189,4.0,4,0.0,0.0,llava_bench
4190,2.0,5,3.0,3.0,llava_bench
4191,4.0,2,-2.0,2.0,llava_bench
4192,3.0,4,1.0,1.0,llava_bench
4193,5.0,5,0.0,0.0,llava_bench
4194,3.0,5,2.0,2.0,llava_bench
4195,4.0,4,0.0,0.0,llava_bench
4196,3.0,4,1.0,1.0,llava_bench
4197,3.0,4,1.0,1.0,llava_bench
4198,4.0,5,1.0,1.0,llava_bench
4199,3.0,4,1.0,1.0,llava_bench
4200,1.0,4,3.0,3.0,llava_bench
4201,3.0,4,1.0,1.0,llava_bench
4202,5.0,5,0.0,0.0,llava_bench
4203,5.0,4,-1.0,1.0,llava_bench
4204,3.0,4,1.0,1.0,llava_bench
4205,3.0,4,1.0,1.0,llava_bench
4206,4.0,5,1.0,1.0,llava_bench
4207,4.0,3,-1.0,1.0,llava_bench
4208,2.0,3,1.0,1.0,llava_bench
4209,4.0,4,0.0,0.0,llava_bench
4210,3.0,4,1.0,1.0,llava_bench
4211,4.0,3,-1.0,1.0,llava_bench
4212,3.0,4,1.0,1.0,llava_bench
4213,4.0,4,0.0,0.0,llava_bench
4214,5.0,5,0.0,0.0,llava_bench
4215,3.0,4,1.0,1.0,llava_bench
4216,2.0,3,1.0,1.0,llava_bench
4217,4.0,4,0.0,0.0,llava_bench
4218,5.0,4,-1.0,1.0,llava_bench
4219,4.0,3,-1.0,1.0,llava_bench
4220,2.0,4,2.0,2.0,llava_bench
4221,2.0,5,3.0,3.0,llava_bench
4222,2.0,4,2.0,2.0,llava_bench
4223,2.0,4,2.0,2.0,llava_bench
4224,3.0,4,1.0,1.0,llava_bench
4225,2.0,5,3.0,3.0,llava_bench
4226,4.0,5,1.0,1.0,llava_bench
4227,3.0,4,1.0,1.0,llava_bench
4228,3.0,2,-1.0,1.0,llava_bench
4229,4.0,4,0.0,0.0,llava_bench
4230,4.0,5,1.0,1.0,llava_bench
4231,3.0,4,1.0,1.0,llava_bench
4232,3.0,3,0.0,0.0,llava_bench
4233,4.0,4,0.0,0.0,llava_bench
4234,3.0,5,2.0,2.0,llava_bench
4235,4.0,4,0.0,0.0,llava_bench
4236,3.0,4,1.0,1.0,llava_bench
4237,3.0,5,2.0,2.0,llava_bench
4238,4.0,5,1.0,1.0,llava_bench
4239,4.0,4,0.0,0.0,llava_bench
4240,5.0,3,-2.0,2.0,llava_bench
4241,4.0,4,0.0,0.0,llava_bench
4242,4.0,5,1.0,1.0,llava_bench
4243,4.0,4,0.0,0.0,llava_bench
4244,4.0,5,1.0,1.0,llava_bench
4245,4.0,4,0.0,0.0,llava_bench
4246,4.0,5,1.0,1.0,llava_bench
4247,3.0,4,1.0,1.0,llava_bench
4248,3.0,3,0.0,0.0,llava_bench
4249,3.0,4,1.0,1.0,llava_bench
4250,4.0,5,1.0,1.0,llava_bench
4251,4.0,5,1.0,1.0,llava_bench
4252,3.0,5,2.0,2.0,llava_bench
4253,2.0,4,2.0,2.0,llava_bench
4254,4.0,4,0.0,0.0,llava_bench
4255,4.0,4,0.0,0.0,llava_bench
4256,1.0,4,3.0,3.0,llava_bench
4257,4.0,4,0.0,0.0,llava_bench
4258,5.0,4,-1.0,1.0,llava_bench
4259,4.0,4,0.0,0.0,llava_bench
4260,3.0,4,1.0,1.0,llava_bench
4261,3.0,5,2.0,2.0,llava_bench
4262,4.0,4,0.0,0.0,llava_bench
4263,3.0,4,1.0,1.0,llava_bench
4264,3.0,4,1.0,1.0,llava_bench
4265,4.0,4,0.0,0.0,llava_bench
4266,2.0,5,3.0,3.0,llava_bench
4267,3.0,4,1.0,1.0,llava_bench
4268,3.0,5,2.0,2.0,llava_bench
4269,4.0,5,1.0,1.0,llava_bench
4270,2.0,5,3.0,3.0,llava_bench
4271,5.0,4,-1.0,1.0,llava_bench
4272,4.0,4,0.0,0.0,llava_bench
4273,3.0,5,2.0,2.0,llava_bench
4274,3.0,4,1.0,1.0,llava_bench
4275,1.0,4,3.0,3.0,mind2web
4276,4.0,5,1.0,1.0,mind2web
4277,5.0,4,-1.0,1.0,mind2web
4278,3.0,5,2.0,2.0,mind2web
4279,4.0,3,-1.0,1.0,mind2web
4280,4.0,5,1.0,1.0,mind2web
4281,4.0,5,1.0,1.0,mind2web
4282,4.0,3,-1.0,1.0,mind2web
4283,4.0,5,1.0,1.0,mind2web
4284,2.0,5,3.0,3.0,mind2web
4285,5.0,3,-2.0,2.0,mind2web
4286,4.0,4,0.0,0.0,mind2web
4287,4.0,3,-1.0,1.0,mind2web
4288,2.0,4,2.0,2.0,mind2web
4289,3.0,3,0.0,0.0,mind2web
4290,4.0,5,1.0,1.0,mind2web
4291,5.0,4,-1.0,1.0,mind2web
4292,3.0,5,2.0,2.0,mind2web
4293,4.0,5,1.0,1.0,mind2web
4294,5.0,4,-1.0,1.0,mind2web
4295,5.0,3,-2.0,2.0,mind2web
4296,3.0,5,2.0,2.0,mind2web
4297,4.0,4,0.0,0.0,mind2web
4298,4.0,5,1.0,1.0,mind2web
4299,4.0,5,1.0,1.0,mind2web
4300,4.0,3,-1.0,1.0,mind2web
4301,5.0,5,0.0,0.0,mind2web
4302,1.0,3,2.0,2.0,mind2web
4303,5.0,3,-2.0,2.0,mind2web
4304,3.0,2,-1.0,1.0,mind2web
4305,4.0,4,0.0,0.0,mind2web
4306,4.0,3,-1.0,1.0,mind2web
4307,3.0,3,0.0,0.0,mind2web
4308,3.0,4,1.0,1.0,mind2web
4309,2.0,4,2.0,2.0,mind2web
4310,4.0,3,-1.0,1.0,mind2web
4311,4.0,3,-1.0,1.0,mind2web
4312,2.0,5,3.0,3.0,mind2web
4313,4.0,3,-1.0,1.0,mind2web
4314,1.0,1,0.0,0.0,mind2web
4315,5.0,3,-2.0,2.0,mind2web
4316,3.0,2,-1.0,1.0,mind2web
4317,5.0,4,-1.0,1.0,mind2web
4318,4.0,4,0.0,0.0,mind2web
4319,5.0,5,0.0,0.0,mind2web
4320,2.0,4,2.0,2.0,mind2web
4321,3.0,5,2.0,2.0,mind2web
4322,3.0,3,0.0,0.0,mind2web
4323,5.0,4,-1.0,1.0,mind2web
4324,2.0,5,3.0,3.0,mind2web
4325,5.0,3,-2.0,2.0,mind2web
4326,4.0,3,-1.0,1.0,mind2web
4327,5.0,2,-3.0,3.0,mind2web
4328,3.0,4,1.0,1.0,mind2web
4329,5.0,4,-1.0,1.0,mind2web
4330,3.0,2,-1.0,1.0,mind2web
4331,3.0,3,0.0,0.0,mind2web
4332,3.0,5,2.0,2.0,mind2web
4333,5.0,4,-1.0,1.0,mind2web
4334,3.0,3,0.0,0.0,mind2web
4335,2.0,2,0.0,0.0,mind2web
4336,4.0,2,-2.0,2.0,mind2web
4337,5.0,3,-2.0,2.0,mind2web
4338,4.0,4,0.0,0.0,mind2web
4339,5.0,3,-2.0,2.0,mind2web
4340,3.0,2,-1.0,1.0,mind2web
4341,4.0,3,-1.0,1.0,mind2web
4342,4.0,5,1.0,1.0,mind2web
4343,3.0,5,2.0,2.0,mind2web
4344,3.0,5,2.0,2.0,mind2web
4345,2.0,4,2.0,2.0,mind2web
4346,4.0,4,0.0,0.0,mind2web
4347,4.0,4,0.0,0.0,mind2web
4348,4.0,4,0.0,0.0,mind2web
4349,4.0,4,0.0,0.0,mind2web
4350,5.0,4,-1.0,1.0,mind2web
4351,4.0,4,0.0,0.0,mind2web
4352,3.0,4,1.0,1.0,mind2web
4353,4.0,3,-1.0,1.0,mind2web
4354,1.0,1,0.0,0.0,mind2web
4355,3.0,4,1.0,1.0,mind2web
4356,3.0,5,2.0,2.0,mind2web
4357,4.0,4,0.0,0.0,mind2web
4358,4.0,4,0.0,0.0,mind2web
4359,4.0,3,-1.0,1.0,mind2web
4360,4.0,2,-2.0,2.0,mind2web
4361,5.0,4,-1.0,1.0,mind2web
4362,2.0,3,1.0,1.0,mind2web
4363,5.0,1,-4.0,4.0,mind2web
4364,3.0,1,-2.0,2.0,mind2web
4365,5.0,3,-2.0,2.0,mind2web
4366,5.0,4,-1.0,1.0,mind2web
4367,5.0,4,-1.0,1.0,mind2web
4368,3.0,5,2.0,2.0,mind2web
4369,4.0,4,0.0,0.0,mind2web
4370,4.0,3,-1.0,1.0,mind2web
4371,5.0,4,-1.0,1.0,mind2web
4372,3.0,3,0.0,0.0,mind2web
4373,5.0,4,-1.0,1.0,mind2web
4374,4.0,4,0.0,0.0,mind2web
4375,5.0,5,0.0,0.0,mind2web
4376,3.0,2,-1.0,1.0,mind2web
4377,5.0,3,-2.0,2.0,mind2web
4378,4.0,5,1.0,1.0,mind2web
4379,5.0,5,0.0,0.0,mind2web
4380,2.0,5,3.0,3.0,mind2web
4381,3.0,4,1.0,1.0,mind2web
4382,4.0,5,1.0,1.0,mind2web
4383,5.0,5,0.0,0.0,mind2web
4384,4.0,4,0.0,0.0,mind2web
4385,5.0,5,0.0,0.0,mind2web
4386,4.0,4,0.0,0.0,mind2web
4387,2.0,3,1.0,1.0,mind2web
4388,4.0,4,0.0,0.0,mind2web
4389,4.0,3,-1.0,1.0,mind2web
4390,4.0,4,0.0,0.0,mind2web
4391,4.0,5,1.0,1.0,mind2web
4392,3.0,3,0.0,0.0,mind2web
4393,5.0,4,-1.0,1.0,mind2web
4394,2.0,5,3.0,3.0,mind2web
4395,5.0,5,0.0,0.0,mind2web
4396,4.0,5,1.0,1.0,mind2web
4397,5.0,4,-1.0,1.0,mind2web
4398,4.0,4,0.0,0.0,mind2web
4399,1.0,1,0.0,0.0,mind2web
4400,4.0,5,1.0,1.0,mind2web
4401,4.0,5,1.0,1.0,mind2web
4402,5.0,5,0.0,0.0,mind2web
4403,4.0,4,0.0,0.0,mind2web
4404,3.0,5,2.0,2.0,mind2web
4405,5.0,5,0.0,0.0,mind2web
4406,4.0,5,1.0,1.0,mind2web
4407,5.0,5,0.0,0.0,mind2web
4408,2.0,3,1.0,1.0,mind2web
4409,5.0,4,-1.0,1.0,mind2web
4410,4.0,5,1.0,1.0,mind2web
4411,5.0,3,-2.0,2.0,mind2web
4412,4.0,5,1.0,1.0,mind2web
4413,5.0,4,-1.0,1.0,mind2web
4414,4.0,3,-1.0,1.0,mind2web
4415,5.0,5,0.0,0.0,mind2web
4416,3.0,4,1.0,1.0,mind2web
4417,4.0,5,1.0,1.0,mind2web
4418,4.0,3,-1.0,1.0,mind2web
4419,4.0,1,-3.0,3.0,mind2web
4420,1.0,3,2.0,2.0,mind2web
4421,5.0,4,-1.0,1.0,mind2web
4422,1.0,1,0.0,0.0,mind2web
4423,5.0,3,-2.0,2.0,mind2web
4424,2.0,4,2.0,2.0,mind2web
4425,4.0,5,1.0,1.0,mind2web
4426,4.0,5,1.0,1.0,mind2web
4427,4.0,3,-1.0,1.0,mind2web
4428,2.0,2,0.0,0.0,mind2web
4429,5.0,4,-1.0,1.0,mind2web
4430,4.0,3,-1.0,1.0,mind2web
4431,4.0,3,-1.0,1.0,mind2web
4432,1.0,3,2.0,2.0,mind2web
4433,4.0,4,0.0,0.0,mind2web
4434,1.0,1,0.0,0.0,mind2web
4435,4.0,5,1.0,1.0,mind2web
4436,3.0,5,2.0,2.0,mind2web
4437,4.0,4,0.0,0.0,mind2web
4438,1.0,1,0.0,0.0,mind2web
4439,4.0,5,1.0,1.0,mind2web
4440,2.0,3,1.0,1.0,mind2web
4441,4.0,4,0.0,0.0,mind2web
4442,1.0,1,0.0,0.0,mind2web
4443,4.0,5,1.0,1.0,mind2web
4444,3.0,5,2.0,2.0,mind2web
4445,5.0,5,0.0,0.0,mind2web
4446,2.0,4,2.0,2.0,mind2web
4447,5.0,4,-1.0,1.0,mind2web
4448,4.0,5,1.0,1.0,mind2web
4449,4.0,4,0.0,0.0,mind2web
4450,1.0,1,0.0,0.0,mind2web
4451,4.0,2,-2.0,2.0,mind2web
4452,3.0,2,-1.0,1.0,mind2web
4453,4.0,3,-1.0,1.0,mind2web
4454,4.0,5,1.0,1.0,mind2web
4455,4.0,3,-1.0,1.0,mind2web
4456,2.0,5,3.0,3.0,mind2web
4457,5.0,4,-1.0,1.0,mind2web
4458,4.0,5,1.0,1.0,mind2web
4459,5.0,4,-1.0,1.0,mind2web
4460,4.0,4,0.0,0.0,mind2web
4461,4.0,3,-1.0,1.0,mind2web
4462,4.0,5,1.0,1.0,mind2web
4463,3.0,4,1.0,1.0,mind2web
4464,3.0,5,2.0,2.0,mind2web
4465,4.0,5,1.0,1.0,mind2web
4466,4.0,4,0.0,0.0,mind2web
4467,4.0,5,1.0,1.0,mind2web
4468,2.0,4,2.0,2.0,mind2web
4469,5.0,4,-1.0,1.0,mind2web
4470,5.0,5,0.0,0.0,mind2web
4471,5.0,5,0.0,0.0,mind2web
4472,3.0,5,2.0,2.0,mind2web
4473,4.0,4,0.0,0.0,mind2web
4474,4.0,1,-3.0,3.0,mind2web
4475,5.0,5,0.0,0.0,mind2web
4476,4.0,4,0.0,0.0,mind2web
4477,2.0,4,2.0,2.0,mind2web
4478,4.0,4,0.0,0.0,mind2web
4479,4.0,5,1.0,1.0,mind2web
4480,2.0,4,2.0,2.0,mind2web
4481,4.0,3,-1.0,1.0,mind2web
4482,4.0,4,0.0,0.0,mind2web
4483,4.0,4,0.0,0.0,mind2web
4484,3.0,4,1.0,1.0,mind2web
4485,3.0,4,1.0,1.0,mind2web
4486,4.0,4,0.0,0.0,mind2web
4487,2.0,4,2.0,2.0,mind2web
4488,4.0,4,0.0,0.0,mind2web
4489,5.0,3,-2.0,2.0,mind2web
4490,5.0,5,0.0,0.0,mind2web
4491,4.0,5,1.0,1.0,mind2web
4492,2.0,4,2.0,2.0,mind2web
4493,5.0,4,-1.0,1.0,mind2web
4494,2.0,4,2.0,2.0,mind2web
4495,5.0,3,-2.0,2.0,mind2web
4496,3.0,4,1.0,1.0,mind2web
4497,5.0,5,0.0,0.0,mind2web
4498,3.0,4,1.0,1.0,mind2web
4499,4.0,2,-2.0,2.0,mind2web
4500,3.0,5,2.0,2.0,mind2web
4501,5.0,5,0.0,0.0,mind2web
4502,4.0,4,0.0,0.0,mind2web
4503,4.0,3,-1.0,1.0,mind2web
4504,3.0,5,2.0,2.0,mind2web
4505,5.0,4,-1.0,1.0,mind2web
4506,4.0,4,0.0,0.0,mind2web
4507,5.0,5,0.0,0.0,mind2web
4508,3.0,5,2.0,2.0,mind2web
4509,4.0,5,1.0,1.0,mind2web
4510,3.0,3,0.0,0.0,mind2web
4511,5.0,4,-1.0,1.0,mind2web
4512,3.0,3,0.0,0.0,mind2web
4513,5.0,5,0.0,0.0,mind2web
4514,4.0,2,-2.0,2.0,mind2web
4515,4.0,5,1.0,1.0,mind2web
4516,4.0,5,1.0,1.0,mind2web
4517,5.0,3,-2.0,2.0,mind2web
4518,4.0,4,0.0,0.0,mind2web
4519,5.0,5,0.0,0.0,mind2web
4520,3.0,5,2.0,2.0,mind2web
4521,3.0,5,2.0,2.0,mind2web
4522,2.0,3,1.0,1.0,mind2web
4523,2.0,3,1.0,1.0,mind2web
4524,3.0,4,1.0,1.0,mind2web
4525,4.0,5,1.0,1.0,mind2web
4526,4.0,5,1.0,1.0,mind2web
4527,5.0,2,-3.0,3.0,mind2web
4528,3.0,4,1.0,1.0,mind2web
4529,3.0,2,-1.0,1.0,mind2web
4530,2.0,4,2.0,2.0,mind2web
4531,5.0,4,-1.0,1.0,mind2web
4532,3.0,3,0.0,0.0,mind2web
4533,3.0,4,1.0,1.0,mind2web
4534,3.0,1,-2.0,2.0,mind2web
4535,4.0,4,0.0,0.0,mind2web
4536,3.0,2,-1.0,1.0,mind2web
4537,5.0,5,0.0,0.0,mind2web
4538,4.0,5,1.0,1.0,mind2web
4539,4.0,4,0.0,0.0,mind2web
4540,2.0,4,2.0,2.0,mind2web
4541,5.0,4,-1.0,1.0,mind2web
4542,1.0,4,3.0,3.0,mind2web
4543,5.0,5,0.0,0.0,mind2web
4544,3.0,4,1.0,1.0,mind2web
4545,4.0,3,-1.0,1.0,mind2web
4546,4.0,5,1.0,1.0,mind2web
4547,4.0,4,0.0,0.0,mind2web
4548,5.0,4,-1.0,1.0,mind2web
4549,4.0,5,1.0,1.0,mind2web
4550,4.0,5,1.0,1.0,mind2web
4551,3.0,4,1.0,1.0,mind2web
4552,5.0,5,0.0,0.0,mind2web
4553,2.0,3,1.0,1.0,mind2web
4554,5.0,4,-1.0,1.0,mind2web
4555,3.0,4,1.0,1.0,mind2web
4556,4.0,4,0.0,0.0,mind2web
4557,1.0,4,3.0,3.0,mind2web
4558,3.0,5,2.0,2.0,mind2web
4559,4.0,3,-1.0,1.0,mind2web
4560,5.0,4,-1.0,1.0,mind2web
4561,4.0,5,1.0,1.0,mind2web
4562,4.0,4,0.0,0.0,mind2web
4563,4.0,5,1.0,1.0,mind2web
4564,5.0,3,-2.0,2.0,mind2web
4565,3.0,5,2.0,2.0,mind2web
4566,5.0,5,0.0,0.0,mind2web
4567,3.0,5,2.0,2.0,mind2web
4568,4.0,5,1.0,1.0,mind2web
4569,2.0,4,2.0,2.0,mind2web
4570,3.0,5,2.0,2.0,mind2web
4571,3.0,5,2.0,2.0,mind2web
4572,5.0,4,-1.0,1.0,mind2web
4573,4.0,3,-1.0,1.0,mind2web
4574,4.0,5,1.0,1.0,mind2web
4575,2.0,5,3.0,3.0,mind2web
4576,5.0,4,-1.0,1.0,mind2web
4577,2.0,4,2.0,2.0,mind2web
4578,3.0,5,2.0,2.0,mind2web
4579,4.0,5,1.0,1.0,mind2web
4580,3.0,3,0.0,0.0,mind2web
4581,2.0,4,2.0,2.0,mind2web
4582,3.0,3,0.0,0.0,mind2web
4583,3.0,4,1.0,1.0,mind2web
4584,4.0,5,1.0,1.0,mind2web
4585,4.0,5,1.0,1.0,mind2web
4586,3.0,3,0.0,0.0,mind2web
4587,3.0,5,2.0,2.0,mind2web
4588,5.0,5,0.0,0.0,mind2web
4589,3.0,5,2.0,2.0,mind2web
4590,5.0,5,0.0,0.0,mind2web
4591,3.0,5,2.0,2.0,mind2web
4592,4.0,3,-1.0,1.0,mind2web
4593,1.0,1,0.0,0.0,mind2web
4594,5.0,5,0.0,0.0,mind2web
4595,2.0,5,3.0,3.0,mind2web
4596,5.0,4,-1.0,1.0,mind2web
4597,4.0,3,-1.0,1.0,mind2web
4598,4.0,4,0.0,0.0,mind2web
4599,2.0,4,2.0,2.0,mind2web
4600,4.0,3,-1.0,1.0,mind2web
4601,4.0,3,-1.0,1.0,mind2web
4602,5.0,2,-3.0,3.0,mind2web
4603,3.0,4,1.0,1.0,mind2web
4604,4.0,5,1.0,1.0,mind2web
4605,2.0,4,2.0,2.0,mind2web
4606,5.0,5,0.0,0.0,mind2web
4607,4.0,4,0.0,0.0,mind2web
4608,5.0,4,-1.0,1.0,mind2web
4609,4.0,3,-1.0,1.0,mind2web
4610,4.0,2,-2.0,2.0,mind2web
4611,2.0,4,2.0,2.0,mind2web
4612,5.0,3,-2.0,2.0,mind2web
4613,4.0,4,0.0,0.0,mind2web
4614,5.0,4,-1.0,1.0,mind2web
4615,3.0,5,2.0,2.0,mind2web
4616,4.0,5,1.0,1.0,mind2web
4617,2.0,5,3.0,3.0,mind2web
4618,5.0,5,0.0,0.0,mind2web
4619,4.0,4,0.0,0.0,mind2web
4620,5.0,5,0.0,0.0,mind2web
4621,4.0,4,0.0,0.0,mind2web
4622,4.0,2,-2.0,2.0,mind2web
4623,3.0,5,2.0,2.0,mind2web
4624,5.0,4,-1.0,1.0,mind2web
4625,5.0,5,0.0,0.0,mind2web
4626,4.0,3,-1.0,1.0,mind2web
4627,3.0,5,2.0,2.0,mind2web
4628,3.0,3,0.0,0.0,mind2web
4629,4.0,5,1.0,1.0,mind2web
4630,4.0,4,0.0,0.0,mind2web
4631,3.0,4,1.0,1.0,mind2web
4632,4.0,5,1.0,1.0,mind2web
4633,4.0,5,1.0,1.0,mind2web
4634,4.0,3,-1.0,1.0,mind2web
4635,3.0,4,1.0,1.0,mind2web
4636,5.0,4,-1.0,1.0,mind2web
4637,1.0,1,0.0,0.0,mind2web
4638,5.0,4,-1.0,1.0,mind2web
4639,3.0,5,2.0,2.0,mind2web
4640,4.0,3,-1.0,1.0,mind2web
4641,4.0,5,1.0,1.0,mind2web
4642,4.0,5,1.0,1.0,mind2web
4643,3.0,4,1.0,1.0,mind2web
4644,4.0,4,0.0,0.0,mind2web
4645,4.0,5,1.0,1.0,mind2web
4646,4.0,5,1.0,1.0,mind2web
4647,3.0,4,1.0,1.0,mind2web
4648,3.0,3,0.0,0.0,mind2web
4649,4.0,5,1.0,1.0,mind2web
4650,5.0,3,-2.0,2.0,mind2web
4651,4.0,5,1.0,1.0,mind2web
4652,4.0,4,0.0,0.0,mind2web
4653,1.0,1,0.0,0.0,mind2web
4654,4.0,4,0.0,0.0,mind2web
4655,4.0,2,-2.0,2.0,mind2web
4656,5.0,4,-1.0,1.0,mind2web
4657,4.0,5,1.0,1.0,mind2web
4658,4.0,4,0.0,0.0,mind2web
4659,3.0,4,1.0,1.0,mind2web
4660,5.0,5,0.0,0.0,mind2web
4661,4.0,4,0.0,0.0,mind2web
4662,5.0,3,-2.0,2.0,mind2web
4663,5.0,4,-1.0,1.0,mind2web
4664,5.0,5,0.0,0.0,mind2web
4665,1.0,1,0.0,0.0,mind2web
4666,4.0,4,0.0,0.0,mind2web
4667,4.0,4,0.0,0.0,mind2web
4668,5.0,4,-1.0,1.0,mind2web
4669,4.0,4,0.0,0.0,mind2web
4670,4.0,5,1.0,1.0,mind2web
4671,4.0,5,1.0,1.0,mind2web
4672,5.0,3,-2.0,2.0,mind2web
4673,5.0,4,-1.0,1.0,ScienceQA
4674,1.0,4,3.0,3.0,ScienceQA
4675,3.0,2,-1.0,1.0,ScienceQA
4676,1.0,3,2.0,2.0,ScienceQA
4677,1.0,5,4.0,4.0,ScienceQA
4678,3.0,4,1.0,1.0,ScienceQA
4679,4.0,4,0.0,0.0,ScienceQA
4680,2.0,5,3.0,3.0,ScienceQA
4681,5.0,4,-1.0,1.0,ScienceQA
4682,1.0,4,3.0,3.0,ScienceQA
4683,5.0,4,-1.0,1.0,ScienceQA
4684,3.0,4,1.0,1.0,ScienceQA
4685,5.0,5,0.0,0.0,ScienceQA
4686,4.0,4,0.0,0.0,ScienceQA
4687,5.0,5,0.0,0.0,ScienceQA
4688,1.0,4,3.0,3.0,ScienceQA
4689,5.0,4,-1.0,1.0,ScienceQA
4690,5.0,4,-1.0,1.0,ScienceQA
4691,5.0,5,0.0,0.0,ScienceQA
4692,5.0,5,0.0,0.0,ScienceQA
4693,5.0,5,0.0,0.0,ScienceQA
4694,4.0,4,0.0,0.0,ScienceQA
4695,2.0,4,2.0,2.0,ScienceQA
4696,5.0,4,-1.0,1.0,ScienceQA
4697,4.0,5,1.0,1.0,ScienceQA
4698,4.0,5,1.0,1.0,ScienceQA
4699,5.0,5,0.0,0.0,ScienceQA
4700,4.0,3,-1.0,1.0,ScienceQA
4701,5.0,4,-1.0,1.0,ScienceQA
4702,2.0,2,0.0,0.0,ScienceQA
4703,5.0,4,-1.0,1.0,ScienceQA
4704,5.0,5,0.0,0.0,ScienceQA
4705,5.0,5,0.0,0.0,ScienceQA
4706,4.0,5,1.0,1.0,ScienceQA
4707,4.0,5,1.0,1.0,ScienceQA
4708,5.0,5,0.0,0.0,ScienceQA
4709,5.0,2,-3.0,3.0,ScienceQA
4710,5.0,4,-1.0,1.0,ScienceQA
4711,5.0,5,0.0,0.0,ScienceQA
4712,1.0,2,1.0,1.0,ScienceQA
4713,5.0,4,-1.0,1.0,ScienceQA
4714,3.0,4,1.0,1.0,ScienceQA
4715,4.0,4,0.0,0.0,ScienceQA
4716,2.0,4,2.0,2.0,ScienceQA
4717,5.0,4,-1.0,1.0,ScienceQA
4718,4.0,4,0.0,0.0,ScienceQA
4719,5.0,3,-2.0,2.0,ScienceQA
4720,4.0,5,1.0,1.0,ScienceQA
4721,5.0,5,0.0,0.0,ScienceQA
4722,4.0,3,-1.0,1.0,ScienceQA
4723,3.0,3,0.0,0.0,ScienceQA
4724,3.0,5,2.0,2.0,ScienceQA
4725,5.0,4,-1.0,1.0,ScienceQA
4726,4.0,5,1.0,1.0,ScienceQA
4727,3.0,3,0.0,0.0,ScienceQA
4728,4.0,5,1.0,1.0,ScienceQA
4729,4.0,5,1.0,1.0,ScienceQA
4730,2.0,2,0.0,0.0,ScienceQA
4731,1.0,3,2.0,2.0,ScienceQA
4732,3.0,5,2.0,2.0,ScienceQA
4733,5.0,4,-1.0,1.0,ScienceQA
4734,4.0,4,0.0,0.0,ScienceQA
4735,5.0,1,-4.0,4.0,ScienceQA
4736,4.0,1,-3.0,3.0,ScienceQA
4737,1.0,3,2.0,2.0,ScienceQA
4738,1.0,3,2.0,2.0,ScienceQA
4739,5.0,3,-2.0,2.0,ScienceQA
4740,1.0,4,3.0,3.0,ScienceQA
4741,5.0,4,-1.0,1.0,ScienceQA
4742,4.0,3,-1.0,1.0,ScienceQA
4743,5.0,4,-1.0,1.0,ScienceQA
4744,5.0,4,-1.0,1.0,ScienceQA
4745,3.0,3,0.0,0.0,ScienceQA
4746,1.0,3,2.0,2.0,ScienceQA
4747,3.0,5,2.0,2.0,ScienceQA
4748,1.0,4,3.0,3.0,ScienceQA
4749,1.0,5,4.0,4.0,ScienceQA
4750,5.0,5,0.0,0.0,ScienceQA
4751,2.0,5,3.0,3.0,ScienceQA
4752,1.0,5,4.0,4.0,ScienceQA
4753,5.0,5,0.0,0.0,ScienceQA
4754,3.0,3,0.0,0.0,ScienceQA
4755,1.0,4,3.0,3.0,ScienceQA
4756,4.0,5,1.0,1.0,ScienceQA
4757,5.0,5,0.0,0.0,ScienceQA
4758,4.0,4,0.0,0.0,ScienceQA
4759,5.0,5,0.0,0.0,ScienceQA
4760,4.0,5,1.0,1.0,ScienceQA
4761,4.0,5,1.0,1.0,ScienceQA
4762,5.0,3,-2.0,2.0,ScienceQA
4763,5.0,4,-1.0,1.0,ScienceQA
4764,5.0,4,-1.0,1.0,ScienceQA
4765,5.0,4,-1.0,1.0,ScienceQA
4766,4.0,5,1.0,1.0,ScienceQA
4767,5.0,4,-1.0,1.0,ScienceQA
4768,5.0,4,-1.0,1.0,ScienceQA
4769,5.0,4,-1.0,1.0,ScienceQA
4770,5.0,4,-1.0,1.0,ScienceQA
4771,4.0,4,0.0,0.0,ScienceQA
4772,4.0,4,0.0,0.0,ScienceQA
4773,5.0,4,-1.0,1.0,ScienceQA
4774,5.0,4,-1.0,1.0,ScienceQA
4775,5.0,5,0.0,0.0,ScienceQA
4776,1.0,4,3.0,3.0,ScienceQA
4777,5.0,5,0.0,0.0,ScienceQA
4778,1.0,1,0.0,0.0,ScienceQA
4779,1.0,4,3.0,3.0,ScienceQA
4780,1.0,1,0.0,0.0,ScienceQA
4781,5.0,4,-1.0,1.0,ScienceQA
4782,5.0,4,-1.0,1.0,ScienceQA
4783,5.0,4,-1.0,1.0,ScienceQA
4784,4.0,4,0.0,0.0,ScienceQA
4785,2.0,2,0.0,0.0,ScienceQA
4786,3.0,1,-2.0,2.0,ScienceQA
4787,4.0,2,-2.0,2.0,ScienceQA
4788,2.0,3,1.0,1.0,ScienceQA
4789,5.0,4,-1.0,1.0,ScienceQA
4790,4.0,3,-1.0,1.0,ScienceQA
4791,5.0,3,-2.0,2.0,ScienceQA
4792,5.0,3,-2.0,2.0,ScienceQA
4793,5.0,5,0.0,0.0,ScienceQA
4794,5.0,5,0.0,0.0,ScienceQA
4795,5.0,5,0.0,0.0,ScienceQA
4796,4.0,5,1.0,1.0,ScienceQA
4797,1.0,4,3.0,3.0,ScienceQA
4798,1.0,1,0.0,0.0,ScienceQA
4799,3.0,4,1.0,1.0,ScienceQA
4800,1.0,2,1.0,1.0,ScienceQA
4801,5.0,4,-1.0,1.0,ScienceQA
4802,4.0,4,0.0,0.0,ScienceQA
4803,5.0,4,-1.0,1.0,ScienceQA
4804,5.0,4,-1.0,1.0,ScienceQA
4805,5.0,5,0.0,0.0,ScienceQA
4806,1.0,5,4.0,4.0,ScienceQA
4807,3.0,3,0.0,0.0,ScienceQA
4808,4.0,5,1.0,1.0,ScienceQA
4809,5.0,3,-2.0,2.0,ScienceQA
4810,5.0,4,-1.0,1.0,ScienceQA
4811,5.0,4,-1.0,1.0,ScienceQA
4812,5.0,5,0.0,0.0,ScienceQA
4813,5.0,5,0.0,0.0,ScienceQA
4814,4.0,2,-2.0,2.0,ScienceQA
4815,3.0,5,2.0,2.0,ScienceQA
4816,3.0,5,2.0,2.0,ScienceQA
4817,5.0,5,0.0,0.0,ScienceQA
4818,5.0,4,-1.0,1.0,ScienceQA
4819,4.0,5,1.0,1.0,ScienceQA
4820,3.0,5,2.0,2.0,ScienceQA
4821,5.0,4,-1.0,1.0,ScienceQA
4822,1.0,5,4.0,4.0,ScienceQA
4823,3.0,5,2.0,2.0,ScienceQA
4824,1.0,5,4.0,4.0,ScienceQA
4825,5.0,5,0.0,0.0,ScienceQA
4826,4.0,4,0.0,0.0,ScienceQA
4827,3.0,5,2.0,2.0,ScienceQA
4828,3.0,4,1.0,1.0,ScienceQA
4829,1.0,1,0.0,0.0,ScienceQA
4830,4.0,4,0.0,0.0,ScienceQA
4831,4.0,5,1.0,1.0,ScienceQA
4832,4.0,4,0.0,0.0,ScienceQA
4833,5.0,5,0.0,0.0,ScienceQA
4834,3.0,5,2.0,2.0,ScienceQA
4835,4.0,4,0.0,0.0,ScienceQA
4836,2.0,5,3.0,3.0,ScienceQA
4837,5.0,3,-2.0,2.0,ScienceQA
4838,4.0,5,1.0,1.0,ScienceQA
4839,5.0,5,0.0,0.0,ScienceQA
4840,5.0,5,0.0,0.0,ScienceQA
4841,5.0,4,-1.0,1.0,ScienceQA
4842,5.0,4,-1.0,1.0,ScienceQA
4843,4.0,5,1.0,1.0,ScienceQA
4844,1.0,2,1.0,1.0,ScienceQA
4845,5.0,5,0.0,0.0,ScienceQA
4846,3.0,4,1.0,1.0,ScienceQA
4847,3.0,4,1.0,1.0,ScienceQA
4848,2.0,5,3.0,3.0,ScienceQA
4849,5.0,5,0.0,0.0,ScienceQA
4850,4.0,3,-1.0,1.0,ScienceQA
4851,5.0,5,0.0,0.0,ScienceQA
4852,4.0,5,1.0,1.0,ScienceQA
4853,5.0,4,-1.0,1.0,ScienceQA
4854,5.0,4,-1.0,1.0,ScienceQA
4855,5.0,4,-1.0,1.0,ScienceQA
4856,4.0,4,0.0,0.0,ScienceQA
4857,5.0,4,-1.0,1.0,ScienceQA
4858,1.0,3,2.0,2.0,ScienceQA
4859,2.0,3,1.0,1.0,ScienceQA
4860,2.0,4,2.0,2.0,ScienceQA
4861,5.0,5,0.0,0.0,ScienceQA
4862,2.0,5,3.0,3.0,ScienceQA
4863,3.0,5,2.0,2.0,ScienceQA
4864,1.0,2,1.0,1.0,ScienceQA
4865,5.0,4,-1.0,1.0,ScienceQA
4866,5.0,4,-1.0,1.0,ScienceQA
4867,4.0,4,0.0,0.0,ScienceQA
4868,3.0,4,1.0,1.0,ScienceQA
4869,5.0,4,-1.0,1.0,ScienceQA
4870,5.0,3,-2.0,2.0,ScienceQA
4871,5.0,3,-2.0,2.0,ScienceQA
4872,5.0,4,-1.0,1.0,ScienceQA
4873,5.0,5,0.0,0.0,ScienceQA
4874,4.0,5,1.0,1.0,ScienceQA
4875,5.0,5,0.0,0.0,ScienceQA
4876,1.0,5,4.0,4.0,ScienceQA
4877,4.0,5,1.0,1.0,ScienceQA
4878,4.0,2,-2.0,2.0,ScienceQA
4879,5.0,4,-1.0,1.0,ScienceQA
4880,3.0,5,2.0,2.0,ScienceQA
4881,1.0,2,1.0,1.0,ScienceQA
4882,5.0,1,-4.0,4.0,ScienceQA
4883,2.0,3,1.0,1.0,ScienceQA
4884,2.0,3,1.0,1.0,ScienceQA
4885,4.0,5,1.0,1.0,ScienceQA
4886,3.0,5,2.0,2.0,ScienceQA
4887,4.0,5,1.0,1.0,ScienceQA
4888,3.0,5,2.0,2.0,ScienceQA
4889,5.0,5,0.0,0.0,ScienceQA
4890,5.0,4,-1.0,1.0,ScienceQA
4891,5.0,5,0.0,0.0,ScienceQA
4892,4.0,5,1.0,1.0,ScienceQA
4893,5.0,4,-1.0,1.0,ScienceQA
4894,5.0,4,-1.0,1.0,ScienceQA
4895,2.0,5,3.0,3.0,ScienceQA
4896,5.0,4,-1.0,1.0,ScienceQA
4897,5.0,4,-1.0,1.0,ScienceQA
4898,1.0,1,0.0,0.0,ScienceQA
4899,3.0,5,2.0,2.0,ScienceQA
4900,3.0,5,2.0,2.0,ScienceQA
4901,3.0,5,2.0,2.0,ScienceQA
4902,1.0,1,0.0,0.0,ScienceQA
4903,5.0,5,0.0,0.0,ScienceQA
4904,3.0,5,2.0,2.0,ScienceQA
4905,5.0,4,-1.0,1.0,ScienceQA
4906,5.0,4,-1.0,1.0,ScienceQA
4907,5.0,4,-1.0,1.0,ScienceQA
4908,5.0,5,0.0,0.0,ScienceQA
4909,5.0,4,-1.0,1.0,ScienceQA
4910,4.0,4,0.0,0.0,ScienceQA
4911,5.0,4,-1.0,1.0,ScienceQA
4912,5.0,4,-1.0,1.0,ScienceQA
4913,5.0,5,0.0,0.0,ScienceQA
4914,5.0,1,-4.0,4.0,ScienceQA
4915,5.0,5,0.0,0.0,ScienceQA
4916,3.0,5,2.0,2.0,ScienceQA
4917,1.0,3,2.0,2.0,ScienceQA
4918,1.0,4,3.0,3.0,ScienceQA
4919,3.0,3,0.0,0.0,ScienceQA
4920,5.0,4,-1.0,1.0,ScienceQA
4921,5.0,4,-1.0,1.0,ScienceQA
4922,4.0,4,0.0,0.0,ScienceQA
4923,1.0,4,3.0,3.0,ScienceQA
4924,3.0,5,2.0,2.0,ScienceQA
4925,3.0,5,2.0,2.0,ScienceQA
4926,1.0,4,3.0,3.0,ScienceQA
4927,3.0,2,-1.0,1.0,ScienceQA
4928,2.0,3,1.0,1.0,ScienceQA
4929,5.0,4,-1.0,1.0,ScienceQA
4930,1.0,1,0.0,0.0,ScienceQA
4931,3.0,4,1.0,1.0,ScienceQA
4932,1.0,3,2.0,2.0,ScienceQA
4933,5.0,4,-1.0,1.0,ScienceQA
4934,4.0,4,0.0,0.0,ScienceQA
4935,4.0,5,1.0,1.0,ScienceQA
4936,4.0,5,1.0,1.0,ScienceQA
4937,5.0,4,-1.0,1.0,ScienceQA
4938,5.0,3,-2.0,2.0,ScienceQA
4939,4.0,5,1.0,1.0,ScienceQA
4940,4.0,5,1.0,1.0,ScienceQA
4941,1.0,4,3.0,3.0,ScienceQA
4942,5.0,4,-1.0,1.0,ScienceQA
4943,5.0,4,-1.0,1.0,ScienceQA
4944,5.0,4,-1.0,1.0,ScienceQA
4945,3.0,4,1.0,1.0,ScienceQA
4946,1.0,4,3.0,3.0,ScienceQA
4947,5.0,5,0.0,0.0,ScienceQA
4948,1.0,3,2.0,2.0,ScienceQA
4949,5.0,5,0.0,0.0,ScienceQA
4950,1.0,3,2.0,2.0,ScienceQA
4951,3.0,5,2.0,2.0,ScienceQA
4952,1.0,5,4.0,4.0,ScienceQA
4953,5.0,4,-1.0,1.0,ScienceQA
4954,5.0,4,-1.0,1.0,ScienceQA
4955,5.0,5,0.0,0.0,ScienceQA
4956,5.0,4,-1.0,1.0,ScienceQA
4957,4.0,4,0.0,0.0,ScienceQA
4958,2.0,3,1.0,1.0,ScienceQA
4959,3.0,5,2.0,2.0,ScienceQA
4960,5.0,5,0.0,0.0,ScienceQA
4961,5.0,5,0.0,0.0,ScienceQA
4962,5.0,5,0.0,0.0,ScienceQA
4963,5.0,5,0.0,0.0,ScienceQA
4964,4.0,4,0.0,0.0,ScienceQA
4965,3.0,5,2.0,2.0,ScienceQA
4966,3.0,5,2.0,2.0,ScienceQA
4967,3.0,4,1.0,1.0,ScienceQA
4968,2.0,4,2.0,2.0,ScienceQA
4969,5.0,2,-3.0,3.0,ScienceQA
4970,1.0,1,0.0,0.0,ScienceQA
4971,4.0,2,-2.0,2.0,ScienceQA
4972,5.0,1,-4.0,4.0,ScienceQA
4973,5.0,4,-1.0,1.0,ScienceQA
4974,5.0,3,-2.0,2.0,ScienceQA
4975,4.0,3,-1.0,1.0,ScienceQA
4976,3.0,5,2.0,2.0,ScienceQA
4977,2.0,1,-1.0,1.0,ScienceQA
4978,3.0,5,2.0,2.0,ScienceQA
4979,5.0,5,0.0,0.0,ScienceQA
4980,5.0,4,-1.0,1.0,ScienceQA
4981,5.0,5,0.0,0.0,ScienceQA
4982,3.0,4,1.0,1.0,ScienceQA
4983,3.0,4,1.0,1.0,ScienceQA
4984,3.0,3,0.0,0.0,ScienceQA
4985,4.0,5,1.0,1.0,ScienceQA
4986,3.0,5,2.0,2.0,ScienceQA
4987,5.0,4,-1.0,1.0,ScienceQA
4988,4.0,4,0.0,0.0,ScienceQA
4989,5.0,4,-1.0,1.0,ScienceQA
4990,5.0,3,-2.0,2.0,ScienceQA
4991,5.0,4,-1.0,1.0,ScienceQA
4992,5.0,3,-2.0,2.0,ScienceQA
4993,4.0,5,1.0,1.0,ScienceQA
4994,4.0,5,1.0,1.0,ScienceQA
4995,5.0,4,-1.0,1.0,ScienceQA
4996,5.0,4,-1.0,1.0,ScienceQA
4997,5.0,4,-1.0,1.0,ScienceQA
4998,5.0,4,-1.0,1.0,ScienceQA
4999,5.0,4,-1.0,1.0,ScienceQA
5000,4.0,4,0.0,0.0,ScienceQA
5001,1.0,5,4.0,4.0,ScienceQA
5002,3.0,5,2.0,2.0,ScienceQA
5003,2.0,5,3.0,3.0,ScienceQA
5004,5.0,3,-2.0,2.0,ScienceQA
5005,3.0,5,2.0,2.0,ScienceQA
5006,1.0,4,3.0,3.0,ScienceQA
5007,5.0,3,-2.0,2.0,ScienceQA
5008,1.0,4,3.0,3.0,ScienceQA
5009,5.0,4,-1.0,1.0,ScienceQA
5010,1.0,1,0.0,0.0,ScienceQA
5011,5.0,5,0.0,0.0,ScienceQA
5012,4.0,4,0.0,0.0,ScienceQA
5013,3.0,4,1.0,1.0,ScienceQA
5014,3.0,4,1.0,1.0,ScienceQA
5015,5.0,3,-2.0,2.0,ScienceQA
5016,5.0,4,-1.0,1.0,ScienceQA
5017,5.0,4,-1.0,1.0,ScienceQA
5018,4.0,4,0.0,0.0,ScienceQA
5019,3.0,5,2.0,2.0,ScienceQA
5020,5.0,5,0.0,0.0,ScienceQA
5021,5.0,4,-1.0,1.0,ScienceQA
5022,4.0,5,1.0,1.0,ScienceQA
5023,5.0,4,-1.0,1.0,ScienceQA
5024,1.0,5,4.0,4.0,ScienceQA
5025,1.0,5,4.0,4.0,ScienceQA
5026,3.0,4,1.0,1.0,ScienceQA
5027,3.0,5,2.0,2.0,ScienceQA
5028,3.0,4,1.0,1.0,ScienceQA
5029,3.0,5,2.0,2.0,ScienceQA
5030,3.0,5,2.0,2.0,ScienceQA
5031,4.0,4,0.0,0.0,ScienceQA
5032,1.0,1,0.0,0.0,ScienceQA
5033,5.0,1,-4.0,4.0,ScienceQA
5034,1.0,4,3.0,3.0,ScienceQA
5035,4.0,3,-1.0,1.0,ScienceQA
5036,1.0,1,0.0,0.0,ScienceQA
5037,2.0,4,2.0,2.0,ScienceQA
5038,3.0,4,1.0,1.0,ScienceQA
5039,4.0,5,1.0,1.0,ScienceQA
5040,1.0,1,0.0,0.0,ScienceQA
5041,3.0,2,-1.0,1.0,ScienceQA
5042,4.0,5,1.0,1.0,ScienceQA
5043,3.0,4,1.0,1.0,ScienceQA
5044,3.0,5,2.0,2.0,ScienceQA
5045,4.0,5,1.0,1.0,ScienceQA
5046,4.0,5,1.0,1.0,ScienceQA
5047,4.0,5,1.0,1.0,ScienceQA
5048,4.0,5,1.0,1.0,ScienceQA
5049,4.0,5,1.0,1.0,ScienceQA
5050,5.0,5,0.0,0.0,ScienceQA
5051,4.0,3,-1.0,1.0,ScienceQA
5052,3.0,4,1.0,1.0,ScienceQA
5053,4.0,4,0.0,0.0,ScienceQA
5054,1.0,4,3.0,3.0,ScienceQA
5055,5.0,1,-4.0,4.0,ScienceQA
5056,3.0,3,0.0,0.0,ScienceQA
5057,1.0,3,2.0,2.0,ScienceQA
5058,4.0,5,1.0,1.0,ScienceQA
5059,4.0,3,-1.0,1.0,ScienceQA
5060,3.0,5,2.0,2.0,ScienceQA
5061,3.0,5,2.0,2.0,ScienceQA
5062,4.0,5,1.0,1.0,ScienceQA
5063,5.0,1,-4.0,4.0,ScienceQA
5064,5.0,3,-2.0,2.0,ScienceQA
5065,2.0,3,1.0,1.0,ScienceQA
5066,5.0,4,-1.0,1.0,ScienceQA
5067,1.0,1,0.0,0.0,ScienceQA
5068,1.0,1,0.0,0.0,ScienceQA
5069,4.0,5,1.0,1.0,AesBench
5070,3.0,4,1.0,1.0,AesBench
5071,4.0,4,0.0,0.0,AesBench
5072,4.0,5,1.0,1.0,AesBench
5073,5.0,4,-1.0,1.0,AesBench
5074,4.0,5,1.0,1.0,AesBench
5075,5.0,4,-1.0,1.0,AesBench
5076,3.0,5,2.0,2.0,AesBench
5077,4.0,5,1.0,1.0,AesBench
5078,3.0,2,-1.0,1.0,AesBench
5079,3.0,4,1.0,1.0,AesBench
5080,3.0,5,2.0,2.0,AesBench
5081,5.0,5,0.0,0.0,AesBench
5082,4.0,5,1.0,1.0,AesBench
5083,3.0,5,2.0,2.0,AesBench
5084,4.0,5,1.0,1.0,AesBench
5085,5.0,5,0.0,0.0,AesBench
5086,4.0,4,0.0,0.0,AesBench
5087,4.0,4,0.0,0.0,AesBench
5088,5.0,5,0.0,0.0,AesBench
5089,5.0,4,-1.0,1.0,AesBench
5090,3.0,3,0.0,0.0,AesBench
5091,4.0,4,0.0,0.0,AesBench
5092,3.0,5,2.0,2.0,AesBench
5093,5.0,5,0.0,0.0,AesBench
5094,5.0,4,-1.0,1.0,AesBench
5095,4.0,5,1.0,1.0,AesBench
5096,4.0,5,1.0,1.0,AesBench
5097,5.0,5,0.0,0.0,AesBench
5098,4.0,3,-1.0,1.0,AesBench
5099,4.0,4,0.0,0.0,AesBench
5100,5.0,5,0.0,0.0,AesBench
5101,4.0,5,1.0,1.0,AesBench
5102,2.0,4,2.0,2.0,AesBench
5103,3.0,3,0.0,0.0,AesBench
5104,3.0,5,2.0,2.0,AesBench
5105,4.0,5,1.0,1.0,AesBench
5106,3.0,3,0.0,0.0,AesBench
5107,4.0,5,1.0,1.0,AesBench
5108,4.0,4,0.0,0.0,AesBench
5109,4.0,5,1.0,1.0,AesBench
5110,5.0,2,-3.0,3.0,AesBench
5111,4.0,4,0.0,0.0,AesBench
5112,4.0,5,1.0,1.0,AesBench
5113,5.0,5,0.0,0.0,AesBench
5114,2.0,4,2.0,2.0,AesBench
5115,4.0,5,1.0,1.0,AesBench
5116,3.0,5,2.0,2.0,AesBench
5117,5.0,5,0.0,0.0,AesBench
5118,3.0,4,1.0,1.0,AesBench
5119,5.0,5,0.0,0.0,AesBench
5120,5.0,5,0.0,0.0,AesBench
5121,4.0,5,1.0,1.0,AesBench
5122,5.0,5,0.0,0.0,AesBench
5123,5.0,5,0.0,0.0,AesBench
5124,5.0,5,0.0,0.0,AesBench
5125,2.0,3,1.0,1.0,AesBench
5126,5.0,4,-1.0,1.0,AesBench
5127,4.0,5,1.0,1.0,AesBench
5128,5.0,4,-1.0,1.0,AesBench
5129,4.0,3,-1.0,1.0,AesBench
5130,4.0,4,0.0,0.0,AesBench
5131,3.0,5,2.0,2.0,AesBench
5132,5.0,5,0.0,0.0,AesBench
5133,4.0,5,1.0,1.0,AesBench
5134,5.0,5,0.0,0.0,AesBench
5135,5.0,5,0.0,0.0,AesBench
5136,5.0,5,0.0,0.0,AesBench
5137,3.0,5,2.0,2.0,AesBench
5138,4.0,5,1.0,1.0,AesBench
5139,4.0,5,1.0,1.0,AesBench
5140,4.0,5,1.0,1.0,AesBench
5141,5.0,3,-2.0,2.0,AesBench
5142,4.0,4,0.0,0.0,AesBench
5143,3.0,5,2.0,2.0,AesBench
5144,5.0,5,0.0,0.0,AesBench
5145,3.0,4,1.0,1.0,AesBench
5146,4.0,5,1.0,1.0,AesBench
5147,5.0,5,0.0,0.0,AesBench
5148,5.0,5,0.0,0.0,AesBench
5149,3.0,5,2.0,2.0,AesBench
5150,5.0,5,0.0,0.0,AesBench
5151,4.0,5,1.0,1.0,AesBench
5152,5.0,5,0.0,0.0,AesBench
5153,3.0,4,1.0,1.0,AesBench
5154,3.0,5,2.0,2.0,AesBench
5155,5.0,4,-1.0,1.0,AesBench
5156,5.0,5,0.0,0.0,AesBench
5157,4.0,5,1.0,1.0,AesBench
5158,4.0,5,1.0,1.0,AesBench
5159,4.0,5,1.0,1.0,AesBench
5160,5.0,5,0.0,0.0,AesBench
5161,2.0,5,3.0,3.0,AesBench
5162,5.0,5,0.0,0.0,AesBench
5163,4.0,5,1.0,1.0,AesBench
5164,5.0,5,0.0,0.0,AesBench
5165,1.0,3,2.0,2.0,AesBench
5166,3.0,4,1.0,1.0,AesBench
5167,4.0,5,1.0,1.0,AesBench
5168,5.0,5,0.0,0.0,AesBench
5169,4.0,5,1.0,1.0,AesBench
5170,4.0,4,0.0,0.0,AesBench
5171,5.0,5,0.0,0.0,AesBench
5172,5.0,5,0.0,0.0,AesBench
5173,1.0,4,3.0,3.0,AesBench
5174,4.0,4,0.0,0.0,AesBench
5175,3.0,4,1.0,1.0,AesBench
5176,5.0,5,0.0,0.0,AesBench
5177,4.0,5,1.0,1.0,AesBench
5178,3.0,4,1.0,1.0,AesBench
5179,4.0,5,1.0,1.0,AesBench
5180,5.0,5,0.0,0.0,AesBench
5181,5.0,5,0.0,0.0,AesBench
5182,4.0,5,1.0,1.0,AesBench
5183,4.0,5,1.0,1.0,AesBench
5184,5.0,4,-1.0,1.0,AesBench
5185,1.0,4,3.0,3.0,AesBench
5186,4.0,2,-2.0,2.0,AesBench
5187,3.0,4,1.0,1.0,AesBench
5188,5.0,4,-1.0,1.0,AesBench
5189,4.0,5,1.0,1.0,AesBench
5190,3.0,5,2.0,2.0,AesBench
5191,4.0,5,1.0,1.0,AesBench
5192,4.0,5,1.0,1.0,AesBench
5193,4.0,5,1.0,1.0,AesBench
5194,4.0,5,1.0,1.0,AesBench
5195,5.0,4,-1.0,1.0,AesBench
5196,5.0,5,0.0,0.0,AesBench
5197,3.0,4,1.0,1.0,AesBench
5198,4.0,5,1.0,1.0,AesBench
5199,4.0,5,1.0,1.0,AesBench
5200,5.0,4,-1.0,1.0,AesBench
5201,4.0,4,0.0,0.0,AesBench
5202,3.0,5,2.0,2.0,AesBench
5203,4.0,5,1.0,1.0,AesBench
5204,5.0,5,0.0,0.0,AesBench
5205,4.0,5,1.0,1.0,AesBench
5206,4.0,5,1.0,1.0,AesBench
5207,4.0,5,1.0,1.0,AesBench
5208,5.0,5,0.0,0.0,AesBench
5209,3.0,4,1.0,1.0,AesBench
5210,4.0,3,-1.0,1.0,AesBench
5211,4.0,4,0.0,0.0,AesBench
5212,3.0,3,0.0,0.0,AesBench
5213,3.0,3,0.0,0.0,AesBench
5214,4.0,4,0.0,0.0,AesBench
5215,4.0,3,-1.0,1.0,AesBench
5216,5.0,5,0.0,0.0,AesBench
5217,5.0,5,0.0,0.0,AesBench
5218,4.0,5,1.0,1.0,AesBench
5219,5.0,5,0.0,0.0,AesBench
5220,3.0,4,1.0,1.0,AesBench
5221,2.0,5,3.0,3.0,AesBench
5222,5.0,5,0.0,0.0,AesBench
5223,4.0,5,1.0,1.0,AesBench
5224,5.0,3,-2.0,2.0,AesBench
5225,4.0,4,0.0,0.0,AesBench
5226,5.0,5,0.0,0.0,AesBench
5227,4.0,5,1.0,1.0,AesBench
5228,4.0,2,-2.0,2.0,AesBench
5229,4.0,5,1.0,1.0,AesBench
5230,5.0,4,-1.0,1.0,AesBench
5231,5.0,5,0.0,0.0,AesBench
5232,5.0,5,0.0,0.0,AesBench
5233,3.0,5,2.0,2.0,AesBench
5234,1.0,5,4.0,4.0,AesBench
5235,4.0,5,1.0,1.0,AesBench
5236,4.0,5,1.0,1.0,AesBench
5237,2.0,3,1.0,1.0,AesBench
5238,4.0,4,0.0,0.0,AesBench
5239,5.0,5,0.0,0.0,AesBench
5240,5.0,5,0.0,0.0,AesBench
5241,4.0,4,0.0,0.0,AesBench
5242,4.0,5,1.0,1.0,AesBench
5243,4.0,5,1.0,1.0,AesBench
5244,4.0,5,1.0,1.0,AesBench
5245,3.0,4,1.0,1.0,AesBench
5246,4.0,5,1.0,1.0,AesBench
5247,5.0,5,0.0,0.0,AesBench
5248,1.0,1,0.0,0.0,AesBench
5249,2.0,4,2.0,2.0,AesBench
5250,5.0,5,0.0,0.0,AesBench
5251,4.0,5,1.0,1.0,AesBench
5252,5.0,4,-1.0,1.0,AesBench
5253,3.0,5,2.0,2.0,AesBench
5254,4.0,5,1.0,1.0,AesBench
5255,1.0,1,0.0,0.0,AesBench
5256,3.0,4,1.0,1.0,AesBench
5257,3.0,5,2.0,2.0,AesBench
5258,4.0,4,0.0,0.0,AesBench
5259,5.0,5,0.0,0.0,AesBench
5260,3.0,4,1.0,1.0,AesBench
5261,4.0,4,0.0,0.0,AesBench
5262,5.0,5,0.0,0.0,AesBench
5263,1.0,1,0.0,0.0,AesBench
5264,3.0,4,1.0,1.0,AesBench
5265,4.0,5,1.0,1.0,AesBench
5266,4.0,5,1.0,1.0,AesBench
5267,5.0,4,-1.0,1.0,AesBench
5268,3.0,3,0.0,0.0,AesBench
5269,2.0,5,3.0,3.0,AesBench
5270,4.0,5,1.0,1.0,AesBench
5271,4.0,4,0.0,0.0,AesBench
5272,4.0,5,1.0,1.0,AesBench
5273,5.0,5,0.0,0.0,AesBench
5274,5.0,5,0.0,0.0,AesBench
5275,3.0,5,2.0,2.0,AesBench
5276,4.0,4,0.0,0.0,AesBench
5277,4.0,5,1.0,1.0,AesBench
5278,5.0,5,0.0,0.0,AesBench
5279,5.0,4,-1.0,1.0,AesBench
5280,4.0,4,0.0,0.0,AesBench
5281,3.0,5,2.0,2.0,AesBench
5282,4.0,4,0.0,0.0,AesBench
5283,5.0,5,0.0,0.0,AesBench
5284,5.0,4,-1.0,1.0,AesBench
5285,4.0,5,1.0,1.0,AesBench
5286,5.0,5,0.0,0.0,AesBench
5287,4.0,5,1.0,1.0,AesBench
5288,4.0,4,0.0,0.0,AesBench
5289,4.0,5,1.0,1.0,AesBench
5290,5.0,5,0.0,0.0,AesBench
5291,4.0,5,1.0,1.0,AesBench
5292,4.0,3,-1.0,1.0,AesBench
5293,3.0,5,2.0,2.0,AesBench
5294,4.0,5,1.0,1.0,AesBench
5295,5.0,5,0.0,0.0,AesBench
5296,3.0,5,2.0,2.0,AesBench
5297,4.0,5,1.0,1.0,AesBench
5298,5.0,5,0.0,0.0,AesBench
5299,5.0,5,0.0,0.0,AesBench
5300,5.0,4,-1.0,1.0,AesBench
5301,4.0,4,0.0,0.0,AesBench
5302,4.0,5,1.0,1.0,AesBench
5303,5.0,5,0.0,0.0,AesBench
5304,3.0,4,1.0,1.0,AesBench
5305,3.0,4,1.0,1.0,AesBench
5306,5.0,5,0.0,0.0,AesBench
5307,4.0,5,1.0,1.0,AesBench
5308,3.0,3,0.0,0.0,AesBench
5309,5.0,5,0.0,0.0,AesBench
5310,4.0,5,1.0,1.0,AesBench
5311,4.0,4,0.0,0.0,AesBench
5312,3.0,5,2.0,2.0,AesBench
5313,5.0,5,0.0,0.0,AesBench
5314,5.0,5,0.0,0.0,AesBench
5315,3.0,4,1.0,1.0,AesBench
5316,3.0,4,1.0,1.0,AesBench
5317,4.0,5,1.0,1.0,AesBench
5318,5.0,4,-1.0,1.0,AesBench
5319,4.0,4,0.0,0.0,AesBench
5320,4.0,4,0.0,0.0,AesBench
5321,5.0,5,0.0,0.0,AesBench
5322,5.0,5,0.0,0.0,AesBench
5323,5.0,5,0.0,0.0,AesBench
5324,4.0,5,1.0,1.0,AesBench
5325,5.0,5,0.0,0.0,AesBench
5326,5.0,4,-1.0,1.0,AesBench
5327,3.0,4,1.0,1.0,AesBench
5328,3.0,4,1.0,1.0,AesBench
5329,5.0,5,0.0,0.0,AesBench
5330,1.0,1,0.0,0.0,AesBench
5331,4.0,4,0.0,0.0,AesBench
5332,4.0,4,0.0,0.0,AesBench
5333,5.0,5,0.0,0.0,AesBench
5334,4.0,5,1.0,1.0,AesBench
5335,5.0,4,-1.0,1.0,AesBench
5336,4.0,5,1.0,1.0,AesBench
5337,5.0,5,0.0,0.0,AesBench
5338,3.0,4,1.0,1.0,AesBench
5339,4.0,5,1.0,1.0,AesBench
5340,4.0,5,1.0,1.0,AesBench
5341,5.0,4,-1.0,1.0,AesBench
5342,4.0,3,-1.0,1.0,AesBench
5343,4.0,3,-1.0,1.0,AesBench
5344,5.0,4,-1.0,1.0,AesBench
5345,3.0,4,1.0,1.0,AesBench
5346,5.0,4,-1.0,1.0,AesBench
5347,4.0,5,1.0,1.0,AesBench
5348,4.0,5,1.0,1.0,AesBench
5349,4.0,4,0.0,0.0,AesBench
5350,4.0,5,1.0,1.0,AesBench
5351,4.0,5,1.0,1.0,AesBench
5352,4.0,4,0.0,0.0,AesBench
5353,4.0,4,0.0,0.0,AesBench
5354,5.0,5,0.0,0.0,AesBench
5355,4.0,4,0.0,0.0,AesBench
5356,3.0,4,1.0,1.0,AesBench
5357,4.0,5,1.0,1.0,AesBench
5358,4.0,5,1.0,1.0,AesBench
5359,2.0,4,2.0,2.0,AesBench
5360,4.0,5,1.0,1.0,AesBench
5361,5.0,5,0.0,0.0,AesBench
5362,4.0,5,1.0,1.0,AesBench
5363,4.0,4,0.0,0.0,AesBench
5364,3.0,4,1.0,1.0,AesBench
5365,5.0,5,0.0,0.0,AesBench
5366,2.0,4,2.0,2.0,AesBench
5367,3.0,3,0.0,0.0,AesBench
5368,4.0,3,-1.0,1.0,AesBench
5369,5.0,5,0.0,0.0,AesBench
5370,4.0,5,1.0,1.0,AesBench
5371,4.0,4,0.0,0.0,AesBench
5372,4.0,5,1.0,1.0,AesBench
5373,5.0,5,0.0,0.0,AesBench
5374,4.0,5,1.0,1.0,AesBench
5375,4.0,5,1.0,1.0,AesBench
5376,5.0,5,0.0,0.0,AesBench
5377,4.0,5,1.0,1.0,AesBench
5378,3.0,5,2.0,2.0,AesBench
5379,1.0,5,4.0,4.0,AesBench
5380,5.0,5,0.0,0.0,AesBench
5381,4.0,5,1.0,1.0,AesBench
5382,3.0,5,2.0,2.0,AesBench
5383,4.0,5,1.0,1.0,AesBench
5384,5.0,5,0.0,0.0,AesBench
5385,5.0,4,-1.0,1.0,AesBench
5386,5.0,4,-1.0,1.0,AesBench
5387,4.0,5,1.0,1.0,AesBench
5388,5.0,5,0.0,0.0,AesBench
5389,5.0,5,0.0,0.0,AesBench
5390,3.0,5,2.0,2.0,AesBench
5391,3.0,4,1.0,1.0,AesBench
5392,5.0,5,0.0,0.0,AesBench
5393,4.0,5,1.0,1.0,AesBench
5394,4.0,4,0.0,0.0,AesBench
5395,5.0,5,0.0,0.0,AesBench
5396,5.0,5,0.0,0.0,AesBench
5397,4.0,4,0.0,0.0,AesBench
5398,3.0,3,0.0,0.0,AesBench
5399,4.0,4,0.0,0.0,AesBench
5400,4.0,4,0.0,0.0,AesBench
5401,5.0,5,0.0,0.0,AesBench
5402,3.0,4,1.0,1.0,AesBench
5403,3.0,4,1.0,1.0,AesBench
5404,4.0,5,1.0,1.0,AesBench
5405,5.0,5,0.0,0.0,AesBench
5406,4.0,5,1.0,1.0,AesBench
5407,4.0,5,1.0,1.0,AesBench
5408,5.0,5,0.0,0.0,AesBench
5409,2.0,5,3.0,3.0,AesBench
5410,4.0,4,0.0,0.0,AesBench
5411,3.0,4,1.0,1.0,AesBench
5412,5.0,5,0.0,0.0,AesBench
5413,5.0,4,-1.0,1.0,AesBench
5414,3.0,4,1.0,1.0,AesBench
5415,3.0,5,2.0,2.0,AesBench
5416,5.0,5,0.0,0.0,AesBench
5417,4.0,5,1.0,1.0,AesBench
5418,3.0,4,1.0,1.0,AesBench
5419,4.0,5,1.0,1.0,AesBench
5420,5.0,5,0.0,0.0,AesBench
5421,4.0,5,1.0,1.0,AesBench
5422,4.0,4,0.0,0.0,AesBench
5423,4.0,5,1.0,1.0,AesBench
5424,4.0,5,1.0,1.0,AesBench
5425,5.0,5,0.0,0.0,AesBench
5426,3.0,4,1.0,1.0,AesBench
5427,3.0,5,2.0,2.0,AesBench
5428,5.0,5,0.0,0.0,AesBench
5429,5.0,5,0.0,0.0,AesBench
5430,3.0,4,1.0,1.0,AesBench
5431,5.0,5,0.0,0.0,AesBench
5432,5.0,5,0.0,0.0,AesBench
5433,4.0,5,1.0,1.0,AesBench
5434,5.0,5,0.0,0.0,AesBench
5435,4.0,5,1.0,1.0,AesBench
5436,5.0,5,0.0,0.0,AesBench
5437,5.0,5,0.0,0.0,AesBench
5438,3.0,5,2.0,2.0,AesBench
5439,3.0,4,1.0,1.0,AesBench
5440,5.0,4,-1.0,1.0,AesBench
5441,4.0,5,1.0,1.0,AesBench
5442,4.0,3,-1.0,1.0,AesBench
5443,4.0,5,1.0,1.0,AesBench
5444,5.0,5,0.0,0.0,AesBench
5445,4.0,5,1.0,1.0,AesBench
5446,4.0,5,1.0,1.0,AesBench
5447,4.0,5,1.0,1.0,AesBench
5448,5.0,5,0.0,0.0,AesBench
5449,5.0,5,0.0,0.0,AesBench
5450,3.0,3,0.0,0.0,AesBench
5451,4.0,5,1.0,1.0,AesBench
5452,5.0,5,0.0,0.0,AesBench
5453,5.0,5,0.0,0.0,AesBench
5454,4.0,4,0.0,0.0,AesBench
5455,4.0,4,0.0,0.0,AesBench
5456,5.0,5,0.0,0.0,AesBench
5457,5.0,5,0.0,0.0,AesBench
5458,3.0,4,1.0,1.0,AesBench
5459,4.0,5,1.0,1.0,AesBench
5460,5.0,5,0.0,0.0,AesBench
5461,5.0,5,0.0,0.0,mm-vet
5462,4.0,5,1.0,1.0,mm-vet
5463,4.0,4,0.0,0.0,mm-vet
5464,5.0,5,0.0,0.0,mm-vet
5465,4.0,5,1.0,1.0,mm-vet
5466,5.0,4,-1.0,1.0,mm-vet
5467,5.0,5,0.0,0.0,mm-vet
5468,5.0,5,0.0,0.0,mm-vet
5469,5.0,5,0.0,0.0,mm-vet
5470,4.0,3,-1.0,1.0,mm-vet
5471,5.0,4,-1.0,1.0,mm-vet
5472,5.0,4,-1.0,1.0,mm-vet
5473,1.0,3,2.0,2.0,mm-vet
5474,4.0,4,0.0,0.0,mm-vet
5475,1.0,5,4.0,4.0,mm-vet
5476,2.0,4,2.0,2.0,mm-vet
5477,4.0,5,1.0,1.0,mm-vet
5478,5.0,4,-1.0,1.0,mm-vet
5479,5.0,5,0.0,0.0,mm-vet
5480,5.0,5,0.0,0.0,mm-vet
5481,5.0,5,0.0,0.0,mm-vet
5482,3.0,5,2.0,2.0,mm-vet
5483,3.0,3,0.0,0.0,mm-vet
5484,5.0,5,0.0,0.0,mm-vet
5485,2.0,3,1.0,1.0,mm-vet
5486,4.0,4,0.0,0.0,mm-vet
5487,1.0,5,4.0,4.0,mm-vet
5488,3.0,4,1.0,1.0,mm-vet
5489,4.0,5,1.0,1.0,mm-vet
5490,4.0,4,0.0,0.0,mm-vet
5491,2.0,3,1.0,1.0,mm-vet
5492,4.0,4,0.0,0.0,mm-vet
5493,1.0,4,3.0,3.0,mm-vet
5494,4.0,4,0.0,0.0,mm-vet
5495,4.0,5,1.0,1.0,mm-vet
5496,4.0,4,0.0,0.0,mm-vet
5497,3.0,5,2.0,2.0,mm-vet
5498,5.0,3,-2.0,2.0,mm-vet
5499,5.0,5,0.0,0.0,mm-vet
5500,2.0,4,2.0,2.0,mm-vet
5501,5.0,1,-4.0,4.0,mm-vet
5502,3.0,5,2.0,2.0,mm-vet
5503,1.0,2,1.0,1.0,mm-vet
5504,4.0,5,1.0,1.0,mm-vet
5505,1.0,3,2.0,2.0,mm-vet
5506,2.0,3,1.0,1.0,mm-vet
5507,5.0,4,-1.0,1.0,mm-vet
5508,4.0,4,0.0,0.0,mm-vet
5509,5.0,4,-1.0,1.0,mm-vet
5510,5.0,3,-2.0,2.0,mm-vet
5511,5.0,4,-1.0,1.0,mm-vet
5512,5.0,3,-2.0,2.0,mm-vet
5513,5.0,4,-1.0,1.0,mm-vet
5514,5.0,4,-1.0,1.0,mm-vet
5515,5.0,4,-1.0,1.0,mm-vet
5516,5.0,3,-2.0,2.0,mm-vet
5517,5.0,3,-2.0,2.0,mm-vet
5518,4.0,4,0.0,0.0,mm-vet
5519,5.0,5,0.0,0.0,mm-vet
5520,5.0,5,0.0,0.0,mm-vet
5521,4.0,5,1.0,1.0,mm-vet
5522,5.0,4,-1.0,1.0,mm-vet
5523,5.0,5,0.0,0.0,mm-vet
5524,4.0,5,1.0,1.0,mm-vet
5525,5.0,5,0.0,0.0,mm-vet
5526,5.0,4,-1.0,1.0,mm-vet
5527,5.0,5,0.0,0.0,mm-vet
5528,5.0,5,0.0,0.0,mm-vet
5529,5.0,5,0.0,0.0,mm-vet
5530,4.0,4,0.0,0.0,mm-vet
5531,5.0,4,-1.0,1.0,mm-vet
5532,5.0,5,0.0,0.0,mm-vet
5533,5.0,5,0.0,0.0,mm-vet
5534,1.0,1,0.0,0.0,mm-vet
5535,1.0,4,3.0,3.0,mm-vet
5536,4.0,4,0.0,0.0,mm-vet
5537,5.0,5,0.0,0.0,mm-vet
5538,5.0,3,-2.0,2.0,mm-vet
5539,5.0,4,-1.0,1.0,mm-vet
5540,5.0,5,0.0,0.0,mm-vet
5541,5.0,5,0.0,0.0,mm-vet
5542,3.0,5,2.0,2.0,mm-vet
5543,5.0,4,-1.0,1.0,mm-vet
5544,1.0,1,0.0,0.0,mm-vet
5545,5.0,4,-1.0,1.0,mm-vet
5546,5.0,4,-1.0,1.0,mm-vet
5547,5.0,3,-2.0,2.0,mm-vet
5548,4.0,4,0.0,0.0,mm-vet
5549,5.0,5,0.0,0.0,mm-vet
5550,3.0,4,1.0,1.0,mm-vet
5551,5.0,5,0.0,0.0,mm-vet
5552,5.0,4,-1.0,1.0,mm-vet
5553,5.0,5,0.0,0.0,mm-vet
5554,4.0,3,-1.0,1.0,mm-vet
5555,4.0,5,1.0,1.0,mm-vet
5556,4.0,5,1.0,1.0,mm-vet
5557,2.0,4,2.0,2.0,mm-vet
5558,5.0,5,0.0,0.0,mm-vet
5559,5.0,4,-1.0,1.0,mm-vet
5560,3.0,4,1.0,1.0,mm-vet
5561,4.0,4,0.0,0.0,mm-vet
5562,5.0,4,-1.0,1.0,mm-vet
5563,2.0,4,2.0,2.0,mm-vet
5564,5.0,4,-1.0,1.0,mm-vet
5565,4.0,4,0.0,0.0,mm-vet
5566,4.0,5,1.0,1.0,mm-vet
5567,4.0,4,0.0,0.0,mm-vet
5568,5.0,4,-1.0,1.0,mm-vet
5569,2.0,4,2.0,2.0,mm-vet
5570,5.0,5,0.0,0.0,mm-vet
5571,3.0,3,0.0,0.0,mm-vet
5572,3.0,4,1.0,1.0,mm-vet
5573,1.0,2,1.0,1.0,mm-vet
5574,5.0,3,-2.0,2.0,mm-vet
5575,4.0,4,0.0,0.0,mm-vet
5576,5.0,4,-1.0,1.0,mm-vet
5577,5.0,5,0.0,0.0,mm-vet
5578,3.0,4,1.0,1.0,mm-vet
5579,1.0,4,3.0,3.0,mm-vet
5580,5.0,5,0.0,0.0,mm-vet
5581,1.0,5,4.0,4.0,mm-vet
5582,5.0,5,0.0,0.0,mm-vet
5583,5.0,4,-1.0,1.0,mm-vet
5584,4.0,3,-1.0,1.0,mm-vet
5585,5.0,3,-2.0,2.0,mm-vet
5586,5.0,5,0.0,0.0,mm-vet
5587,1.0,5,4.0,4.0,mm-vet
5588,2.0,5,3.0,3.0,mm-vet
5589,5.0,5,0.0,0.0,mm-vet
5590,4.0,4,0.0,0.0,mm-vet
5591,5.0,4,-1.0,1.0,mm-vet
5592,5.0,5,0.0,0.0,mm-vet
5593,4.0,4,0.0,0.0,mm-vet
5594,5.0,5,0.0,0.0,mm-vet
5595,5.0,5,0.0,0.0,mm-vet
5596,4.0,4,0.0,0.0,mm-vet
5597,5.0,4,-1.0,1.0,mm-vet
5598,5.0,5,0.0,0.0,mm-vet
5599,3.0,5,2.0,2.0,mm-vet
5600,5.0,5,0.0,0.0,mm-vet
5601,5.0,5,0.0,0.0,mm-vet
5602,4.0,4,0.0,0.0,mm-vet
5603,5.0,4,-1.0,1.0,mm-vet
5604,5.0,5,0.0,0.0,mm-vet
5605,1.0,1,0.0,0.0,mm-vet
5606,5.0,4,-1.0,1.0,mm-vet
5607,5.0,4,-1.0,1.0,mm-vet
5608,4.0,3,-1.0,1.0,mm-vet
5609,5.0,4,-1.0,1.0,mm-vet
5610,5.0,3,-2.0,2.0,mm-vet
5611,4.0,5,1.0,1.0,mm-vet
5612,5.0,5,0.0,0.0,mm-vet
5613,5.0,4,-1.0,1.0,mm-vet
5614,3.0,4,1.0,1.0,mm-vet
5615,5.0,5,0.0,0.0,mm-vet
5616,5.0,4,-1.0,1.0,mm-vet
5617,5.0,4,-1.0,1.0,mm-vet
5618,4.0,4,0.0,0.0,mm-vet
5619,4.0,3,-1.0,1.0,mm-vet
5620,4.0,1,-3.0,3.0,mm-vet
5621,4.0,5,1.0,1.0,mm-vet
5622,5.0,5,0.0,0.0,mm-vet
5623,5.0,4,-1.0,1.0,mm-vet
5624,5.0,4,-1.0,1.0,mm-vet
5625,1.0,1,0.0,0.0,mm-vet
5626,3.0,4,1.0,1.0,mm-vet
5627,5.0,3,-2.0,2.0,mm-vet
5628,5.0,4,-1.0,1.0,mm-vet
5629,5.0,5,0.0,0.0,mm-vet
5630,4.0,3,-1.0,1.0,mm-vet
5631,5.0,4,-1.0,1.0,mm-vet
5632,4.0,3,-1.0,1.0,mm-vet
5633,4.0,3,-1.0,1.0,mm-vet
5634,5.0,3,-2.0,2.0,mm-vet
5635,5.0,4,-1.0,1.0,mm-vet
5636,4.0,5,1.0,1.0,mm-vet
5637,5.0,4,-1.0,1.0,mm-vet
5638,4.0,4,0.0,0.0,mm-vet
5639,5.0,4,-1.0,1.0,mm-vet
5640,5.0,4,-1.0,1.0,mm-vet
5641,5.0,4,-1.0,1.0,mm-vet
5642,5.0,3,-2.0,2.0,mm-vet
5643,5.0,4,-1.0,1.0,mm-vet
5644,4.0,4,0.0,0.0,mm-vet
5645,5.0,4,-1.0,1.0,mm-vet
5646,5.0,5,0.0,0.0,mm-vet
5647,4.0,3,-1.0,1.0,mm-vet
5648,1.0,1,0.0,0.0,mm-vet
5649,5.0,4,-1.0,1.0,mm-vet
5650,4.0,4,0.0,0.0,mm-vet
5651,5.0,5,0.0,0.0,mm-vet
5652,5.0,5,0.0,0.0,mm-vet
5653,1.0,5,4.0,4.0,mm-vet
5654,5.0,3,-2.0,2.0,mm-vet
5655,5.0,5,0.0,0.0,mm-vet
5656,4.0,4,0.0,0.0,mm-vet
5657,5.0,5,0.0,0.0,mm-vet
5658,3.0,5,2.0,2.0,mm-vet
5659,5.0,1,-4.0,4.0,mm-vet
5660,5.0,4,-1.0,1.0,mm-vet
5661,5.0,4,-1.0,1.0,mm-vet
5662,4.0,5,1.0,1.0,mm-vet
5663,5.0,4,-1.0,1.0,mm-vet
5664,5.0,5,0.0,0.0,mm-vet
5665,5.0,4,-1.0,1.0,mm-vet
5666,5.0,3,-2.0,2.0,mm-vet
5667,4.0,4,0.0,0.0,mm-vet
5668,4.0,5,1.0,1.0,mm-vet
5669,5.0,4,-1.0,1.0,mm-vet
5670,5.0,5,0.0,0.0,mm-vet
5671,5.0,4,-1.0,1.0,mm-vet
5672,5.0,5,0.0,0.0,mm-vet
5673,4.0,4,0.0,0.0,mm-vet
5674,3.0,3,0.0,0.0,mm-vet
5675,3.0,4,1.0,1.0,mm-vet
5676,5.0,4,-1.0,1.0,mm-vet
5677,1.0,5,4.0,4.0,mm-vet
5678,5.0,5,0.0,0.0,mm-vet
5679,5.0,5,0.0,0.0,mm-vet
5680,4.0,5,1.0,1.0,mm-vet
5681,3.0,4,1.0,1.0,mm-vet
5682,5.0,4,-1.0,1.0,mm-vet
5683,4.0,5,1.0,1.0,mm-vet
5684,5.0,4,-1.0,1.0,mm-vet
5685,3.0,5,2.0,2.0,mm-vet
5686,4.0,4,0.0,0.0,mm-vet
5687,4.0,5,1.0,1.0,mm-vet
5688,5.0,5,0.0,0.0,mm-vet
5689,4.0,5,1.0,1.0,mm-vet
5690,5.0,3,-2.0,2.0,mm-vet
5691,5.0,1,-4.0,4.0,mm-vet
5692,3.0,4,1.0,1.0,mm-vet
5693,4.0,4,0.0,0.0,mm-vet
5694,3.0,4,1.0,1.0,mm-vet
5695,4.0,3,-1.0,1.0,mm-vet
5696,5.0,5,0.0,0.0,mm-vet
5697,1.0,5,4.0,4.0,mm-vet
5698,4.0,2,-2.0,2.0,mm-vet
5699,4.0,4,0.0,0.0,mm-vet
5700,4.0,4,0.0,0.0,mm-vet
5701,2.0,3,1.0,1.0,mm-vet
5702,5.0,4,-1.0,1.0,mm-vet
5703,1.0,3,2.0,2.0,mm-vet
5704,2.0,4,2.0,2.0,mm-vet
5705,5.0,3,-2.0,2.0,mm-vet
5706,5.0,4,-1.0,1.0,mm-vet
5707,5.0,3,-2.0,2.0,mm-vet
5708,5.0,4,-1.0,1.0,mm-vet
5709,2.0,3,1.0,1.0,mm-vet
5710,3.0,4,1.0,1.0,mm-vet
5711,3.0,4,1.0,1.0,mm-vet
5712,3.0,4,1.0,1.0,mm-vet
5713,3.0,3,0.0,0.0,mm-vet
5714,4.0,3,-1.0,1.0,mm-vet
5715,1.0,4,3.0,3.0,mm-vet
5716,4.0,5,1.0,1.0,mm-vet
5717,3.0,4,1.0,1.0,mm-vet
5718,5.0,5,0.0,0.0,mm-vet
