sample_id,s2_lp1,s2_lp2,s2_lp3,s2_lp4,s2_lp5,gt_score,parsed_score
0,-8.247859954833984,-1.5134848356246948,-0.29473480582237244,-3.3572347164154053,-10.825984954833984,3.0,3
1,-0.0034857960417866707,-5.675360679626465,-10.362860679626465,-13.753485679626465,-11.800360679626465,2.0,1
2,-13.693159103393555,-11.960204124450684,-7.826682090759277,-1.065317988395691,-0.423272043466568,4.0,5
3,-4.673841953277588,-0.8457169532775879,-0.6269669532775879,-3.611341953277588,-8.97071647644043,2.0,3
4,-12.11279296875,-3.6823949813842773,-0.04603281244635582,-3.923872947692871,-10.742053985595703,3.0,3
5,-14.665915489196777,-8.111227989196777,-0.6112281084060669,-0.7831031084060669,-10.704977989196777,4.0,3
6,-13.86622428894043,-13.45216178894043,-9.44434928894043,-0.3349739909172058,-1.2568490505218506,5.0,4
7,-8.796472549438477,-0.8902226686477661,-0.5308476686477661,-6.749597549438477,-12.452722549438477,3.0,3
8,-7.787873268127441,-0.6003752946853638,-0.7992373704910278,-6.665715217590332,-11.630203247070312,2.0,2
9,-0.12789829075336456,-2.1278982162475586,-6.956023216247559,-11.581023216247559,-13.151335716247559,1.0,1
10,-13.63432502746582,-5.58745002746582,-0.056200120598077774,-2.9780750274658203,-11.91557502746582,5.0,3
11,-0.7420569062232971,-0.6568308472633362,-5.28751277923584,-8.423874855041504,-11.681687355041504,1.0,2
12,-11.684443473815918,-1.9656933546066284,-0.1531933844089508,-6.231318473815918,-13.465693473815918,4.0,3
13,-13.38325309753418,-2.8285653591156006,-0.06294026225805283,-6.2660651206970215,-13.98481559753418,4.0,3
14,-16.06012535095215,-12.849187850952148,-5.22418737411499,-0.00543758412823081,-10.380437850952148,4.0,4
15,-12.195673942565918,-5.1786298751831055,-0.16442374885082245,-1.9257876873016357,-9.92294692993164,5.0,3
16,-14.592910766601562,-12.233535766601562,-5.0225982666015625,-0.006973097566515207,-8.803848266601562,3.0,4
17,-13.31612491607666,-9.76143741607666,-1.870812177658081,-0.16768719255924225,-9.13643741607666,4.0,4
18,-13.452689170837402,-10.733939170837402,-3.3042514324188232,-0.038626402616500854,-8.444876670837402,3.0,4
19,-13.075370788574219,-12.880058288574219,-10.481620788574219,-8.737658936297521e-05,-10.044120788574219,3.0,4
20,-15.300874710083008,-14.668062210083008,-11.511812210083008,-0.07431256771087646,-2.636812686920166,4.0,4
21,-14.146979331970215,-13.656922340393066,-10.141297340393066,-0.027661779895424843,-3.607207775115967,4.0,4
22,-14.712440490722656,-15.915565490722656,-13.876502990722656,-4.6811909675598145,-0.009315832518041134,5.0,5
23,-13.601139068603516,-6.292901515960693,-0.057105325162410736,-2.9264233112335205,-10.582674026489258,3.0,3
24,-13.446208000183105,-14.490242004394531,-12.87092399597168,-4.753026962280273,-0.00870918482542038,3.0,5
25,-13.620908737182617,-14.437670707702637,-12.853863716125488,-3.620908737182617,-0.02715863287448883,4.0,5
26,-13.60511302947998,-14.727272033691406,-12.930397033691406,-4.485794544219971,-0.011362721212208271,5.0,5
27,-14.083630561828613,-10.738459587097168,-2.6844825744628906,-0.07084652781486511,-9.587891578674316,4.0,4
28,-12.508237838745117,-13.469175338745117,-10.195737838745117,-2.4926130771636963,-0.08636297285556793,3.0,5
29,-12.345353126525879,-10.915665626525879,-5.306291103363037,-0.08754092454910278,-2.540665864944458,5.0,4
30,-12.1797456741333,-12.8750581741333,-8.4766206741333,-0.28912079334259033,-1.3828707933425903,4.0,4
31,-14.061576843261719,-7.3499298095703125,-0.10561158508062363,-2.3073155879974365,-10.815837860107422,4.0,3
32,-12.764432907104492,-13.403637886047363,-10.875228881835938,-1.1877295970916748,-0.3638656735420227,4.0,5
33,-13.520014762878418,-7.605952262878418,-0.8090770244598389,-0.5903270244598389,-9.809077262878418,5.0,4
34,-10.579524040222168,-2.035491466522217,-0.14628735184669495,-5.217309474945068,-11.552536010742188,4.0,3
35,-0.2630644738674164,-1.4661895036697388,-7.606814384460449,-12.82556438446045,-16.075565338134766,4.0,1
36,-14.95991325378418,-13.624686241149902,-8.908778190612793,-0.00252832961268723,-6.0820722579956055,4.0,4
37,-14.985551834106445,-15.938676834106445,-13.915239334106445,-4.094926357269287,-0.016801515594124794,5.0,5
38,-13.685503959655762,-14.013628959655762,-10.685503959655762,-0.32612910866737366,-1.2792540788650513,3.0,4
39,-17.852296829223633,-15.321046829223633,-7.297609329223633,-0.000734178873244673,-9.875734329223633,4.0,4
40,-16.38064193725586,-9.624959945678711,-0.5624597668647766,-0.8437097668647766,-11.296834945678711,3.0,3
41,-15.423053741455078,-15.846348762512207,-14.026036262512207,-5.955723762512207,-0.002598720835521817,4.0,5
42,-15.776604652404785,-8.82205867767334,-0.35330909490585327,-1.212684154510498,-9.79080867767334,4.0,3
43,-9.4273042678833,-2.9841244220733643,-0.0523044690489769,-8.140372276306152,-13.0757417678833,3.0,3
44,-16.17798614501953,-8.514632225036621,-0.04588252305984497,-3.1098034381866455,-10.483382225036621,3.0,3
45,-15.126246452331543,-16.042438507080078,-12.038177490234375,-4.97709846496582,-0.006927638314664364,4.0,5
46,-13.712461471557617,-5.290586471557617,-0.009336382150650024,-5.462461471557617,-11.993711471557617,3.0,3
47,-12.062119483947754,-3.9016077518463135,-0.052177637815475464,-3.489677667617798,-9.446352005004883,2.0,3
48,-13.904975891113281,-5.346736907958984,-0.020033054053783417,-4.196168899536133,-12.32827091217041,2.0,3
49,-12.852215766906738,-13.654772758483887,-11.254204750061035,-1.6945452690124512,-0.2030673623085022,3.0,5
50,-16.034873962402344,-13.058311462402344,-4.480186939239502,-0.011436853557825089,-10.370811462402344,3.0,4
51,-12.253868103027344,-2.715517520904541,-0.07347144186496735,-5.371765613555908,-12.246766090393066,2.0,3
52,-9.124246597290039,-0.6554962992668152,-0.7336212992668152,-7.530496120452881,-13.592996597290039,3.0,2
53,-14.108501434326172,-13.888330459594727,-10.351399421691895,-0.15253521502017975,-1.9565131664276123,3.0,4
54,-12.138230323791504,-4.614792823791504,-0.17729294300079346,-1.8804179430007935,-10.700730323791504,3.0,3
55,-15.574637413024902,-12.051910400390625,-3.8985016345977783,-0.020659612491726875,-9.026341438293457,3.0,4
56,-15.166839599609375,-12.233600616455078,-5.685305595397949,-0.0034875778947025537,-9.8046236038208,4.0,4
57,-13.219583511352539,-13.485208511352539,-9.797708511352539,-0.3133334517478943,-1.313333511352539,4.0,4
58,-11.394145965576172,-2.1824991703033447,-0.12283921986818314,-5.889885425567627,-10.275537490844727,5.0,3
59,-16.8393611907959,-13.690923690795898,-5.722173690795898,-0.0034237834624946117,-9.612798690795898,4.0,4
60,-14.856921195983887,-10.724108695983887,-1.817858338356018,-0.17723333835601807,-11.458483695983887,3.0,4
61,-16.242168426513672,-16.867168426513672,-13.210208892822266,-2.421146869659424,-0.09302180260419846,4.0,5
62,-13.046692848205566,-15.156067848205566,-12.570130348205566,-3.7732553482055664,-0.023255346342921257,4.0,5
63,-17.03404998779297,-13.823112487792969,-4.557487487792969,-0.010612716898322105,-10.198112487792969,4.0,4
64,-15.482327461242676,-11.185452461242676,-2.4354519844055176,-0.09170205891132355,-10.997952461242676,4.0,4
65,-14.042847633361816,-14.959040641784668,-13.126654624938965,-3.7871665954589844,-0.02296261675655842,5.0,5
66,-13.096421241760254,-6.283921718597412,-0.09642169624567032,-2.408921718597412,-9.330796241760254,2.0,3
67,-14.961427688598633,-14.305177688598633,-9.641115188598633,-0.016115525737404823,-4.141115665435791,4.0,4
68,-16.18682289123535,-12.870059967041016,-4.219491481781006,-0.014947437681257725,-9.645627975463867,3.0,4
69,-14.561084747314453,-15.076709747314453,-12.482959747314453,-1.1157727241516113,-0.39702269434928894,4.0,5
70,-16.087757110595703,-12.369007110595703,-4.650257587432861,-0.009632537141442299,-10.853382110595703,4.0,4
71,-14.971091270446777,-13.213278770446777,-7.064840793609619,-0.002341031562536955,-6.533590793609619,5.0,4
72,-13.280657768249512,-9.913470268249512,-3.2884700298309326,-0.0384700633585453,-8.225970268249512,4.0,4
73,-13.058841705322266,-14.519779205322266,-12.129154205322266,-5.488529205322266,-0.00415426678955555,4.0,5
74,-13.164320945739746,-10.187758445739746,-3.125258684158325,-0.047133669257164,-9.219008445739746,3.0,4
75,-15.403953552246094,-12.224266052246094,-5.224266052246094,-0.005515950731933117,-9.411766052246094,4.0,4
76,-15.465746879577637,-11.864184379577637,-2.9891843795776367,-0.05168430134654045,-10.582934379577637,4.0,4
77,-13.121402740478516,-14.172538757324219,-12.539016723632812,-4.556061267852783,-0.010607291013002396,5.0,5
78,-14.686123847961426,-9.912686347961426,-2.959561586380005,-0.053311537951231,-10.834561347961426,4.0,4
79,-16.76761817932129,-12.517618179321289,-2.564493417739868,-0.0801183357834816,-11.251993179321289,4.0,4
80,-14.91346549987793,-11.809772491455078,-3.9404542446136475,-0.020000336691737175,-10.133636474609375,3.0,4
81,-14.937889099121094,-15.562889099121094,-13.219139099121094,-2.4925765991210938,-0.08632656186819077,5.0,5
82,-14.02713680267334,-4.222448825836182,-0.01932390406727791,-5.409948825836182,-13.09744930267334,3.0,3
83,-14.644368171691895,-14.772209167480469,-12.449766159057617,-2.577608346939087,-0.07902733236551285,4.0,5
84,-12.716127395629883,-12.531468391418457,-8.135161399841309,-0.10959377139806747,-2.268685817718506,4.0,4
85,-13.562005043029785,-12.709732055664062,-9.535017013549805,-0.41569945216178894,-1.0790505409240723,5.0,4
86,-8.361401557922363,-1.2023100852966309,-0.3642421364784241,-5.435266017913818,-9.06381607055664,4.0,3
87,-13.899855613708496,-4.813917636871338,-0.017042849212884903,-4.735792636871338,-12.313918113708496,3.0,3
88,-15.62542724609375,-11.16448974609375,-2.49261474609375,-0.08636483550071716,-10.78948974609375,3.0,4
89,-13.6016845703125,-14.113048553466797,-11.84032154083252,-2.578958749771118,-0.07895871251821518,4.0,5
90,-14.54619312286377,-10.81963062286377,-2.9801878554280847e-05,-12.11650562286377,-14.38994312286377,3.0,3
91,-15.772429466247559,-11.702116966247559,-3.5146169662475586,-0.030242085456848145,-10.905241966247559,1.0,4
92,-0.9073264598846436,-0.5209624767303467,-6.036587715148926,-10.841275215148926,-13.208462715148926,1.0,2
93,-15.840813636779785,-10.911836624145508,-0.16609734296798706,-1.877746343612671,-9.603597640991211,4.0,3
94,-13.137720108032227,-4.203061580657959,-0.018401503562927246,-5.721526622772217,-12.307463645935059,4.0,3
95,-14.83224868774414,-11.66037368774414,-3.004124164581299,-0.05099906772375107,-9.84787368774414,4.0,4
96,-14.469103813171387,-11.344103813171387,-3.0784785747528076,-0.047228507697582245,-9.765978813171387,4.0,4
97,-13.017281532287598,-14.306344032287598,-12.634469032287598,-4.665719509124756,-0.009469355456531048,5.0,5
98,-13.872559547424316,-12.208497047424316,-5.520996570587158,-0.005371779669076204,-6.630371570587158,4.0,4
99,-14.380818367004395,-14.365193367004395,-10.068318367004395,-0.7089433670043945,-0.6776933670043945,4.0,5
100,-14.879638671875,-12.778076171875,-5.442138671875,-0.004638862796127796,-8.160888671875,4.0,4
101,-12.698197364807129,-13.721634864807129,-11.510697364807129,-3.651322364807129,-0.026322277262806892,5.0,5
102,-11.508670806884766,-12.586795806884766,-9.227420806884766,-2.1961705684661865,-0.11804547160863876,4.0,5
103,-12.137539863586426,-1.1844152212142944,-0.3719152510166168,-5.371915340423584,-11.926602363586426,3.0,3
104,-14.045973777770996,-6.268984794616699,-0.04739496484398842,-3.115576982498169,-11.041712760925293,3.0,3
105,-14.456137657165527,-14.870200157165527,-12.674887657165527,-2.4639503955841064,-0.08895036578178406,5.0,5
106,-15.886069297790527,-11.550131797790527,-2.5501317977905273,-0.08138179779052734,-9.800131797790527,4.0,4
107,-13.991262435913086,-12.131887435913086,-6.960011959075928,-0.00688703078776598,-5.131886959075928,3.0,4
108,-13.781403541564941,-13.140778541564941,-8.593903541564941,-0.2970287799835205,-1.3595287799835205,4.0,4
109,-14.501649856567383,-15.532899856567383,-13.736024856567383,-4.665712356567383,-0.009462270885705948,5.0,5
110,-13.964925765991211,-14.668050765991211,-11.847738265991211,-1.9102386236190796,-0.1602386236190796,4.0,5
111,-10.860136985778809,-0.68968266248703,-0.7038866877555847,-5.647068500518799,-11.18684196472168,2.0,2
112,-13.4662504196167,-5.113977909088135,-0.011704109609127045,-5.183578968048096,-11.550766944885254,4.0,3
113,-15.689961433410645,-13.495359420776367,-7.62888240814209,-0.0010422994382679462,-7.827746391296387,4.0,4
114,-11.367725372314453,-4.400396347045898,-0.025396432727575302,-4.371986389160156,-10.252668380737305,3.0,3
115,-0.14739568531513214,-1.9911457300186157,-7.631770610809326,-11.936458587646484,-14.217708587646484,4.0,1
116,-14.907753944396973,-11.923378944396973,-3.2280659675598145,-0.040566034615039825,-9.837441444396973,3.0,4
117,-13.632793426513672,-14.939611434936523,-13.412623405456543,-5.6569414138793945,-0.0035331938415765762,5.0,5
118,-0.051084816455841064,-3.0042097568511963,-8.504209518432617,-12.129209518432617,-13.566709518432617,4.0,1
119,-1.0222656726837158,-0.4597656726837158,-4.741015434265137,-9.991015434265137,-13.334765434265137,3.0,2
120,-0.09066184610128403,-2.4500367641448975,-7.903162002563477,-12.098474502563477,-13.762537002563477,2.0,1
121,-11.981768608093262,-8.885178565979004,-2.620974540710449,-0.07836058735847473,-6.484610557556152,2.0,4
122,-15.020644187927246,-11.856581687927246,-4.372206687927246,-0.0128318564966321,-10.215956687927246,3.0,4
123,-0.11834342777729034,-2.1964683532714844,-7.821468353271484,-12.235530853271484,-14.446468353271484,2.0,1
124,-13.682900428771973,-7.745400905609131,-0.5110257863998413,-0.9172757863998413,-9.932900428771973,4.0,3
125,-13.908928871154785,-14.121996879577637,-11.820859909057617,-0.9117686152458191,-0.5140425562858582,4.0,5
126,-9.506744384765625,-2.1203815937042236,-0.1459496021270752,-4.165835380554199,-9.307880401611328,5.0,3
127,-13.406547546386719,-13.929985046386719,-11.492485046386719,-1.3362350463867188,-0.30498504638671875,3.0,5
128,-11.73771858215332,-12.69084358215332,-9.38615608215332,-1.8705310821533203,-0.1674061119556427,5.0,5
129,-12.217541694641113,-13.105325698852539,-10.910723686218262,-3.5243606567382812,-0.03004267066717148,5.0,5
130,-12.689461708068848,-14.306649208068848,-12.541024208068848,-4.6347737312316895,-0.009773852303624153,5.0,5
131,-14.19890308380127,-15.49577808380127,-13.59734058380127,-4.480153560638428,-0.011403500102460384,4.0,5
132,-13.525032997131348,-14.61168098449707,-12.630146980285645,-3.759408712387085,-0.023612726479768753,4.0,5
133,-14.411972045898438,-14.583847045898438,-12.568222045898438,-2.0994718074798584,-0.1307218074798584,4.0,5
134,-13.382902145385742,-14.09312915802002,-12.090288162231445,-4.121539115905762,-0.01642492413520813,4.0,5
135,-11.374676704406738,-0.01104161236435175,-4.528085708618164,-8.88888168334961,-11.399534225463867,3.0,2
136,-12.872957229614258,-4.115144729614258,-0.0370197631418705,-3.912019729614258,-11.482332229614258,4.0,3
137,-10.508084297180176,-2.787914514541626,-0.1032564640045166,-3.3134825229644775,-9.719732284545898,5.0,3
138,-11.308642387390137,-1.5273921489715576,-0.2461422085762024,-6.839892387390137,-12.683642387390137,3.0,3
139,-12.969325065612793,-8.139779090881348,-0.767620861530304,-0.6255748867988586,-9.205121040344238,5.0,4
140,-12.097054481506348,-13.268929481506348,-11.300179481506348,-3.6361165046691895,-0.02674158662557602,4.0,5
141,-14.871566772460938,-14.566879272460938,-11.121566772460938,-0.090316541492939,-2.4496915340423584,4.0,4
142,-9.790085792541504,-0.008835743181407452,-4.743210792541504,-10.508835792541504,-14.063523292541504,4.0,2
143,-10.77815055847168,-2.6957647800445557,-0.09633271396160126,-3.7184908390045166,-10.607695579528809,5.0,3
144,-17.016258239746094,-14.805319786071777,-8.016257286071777,-0.0006325627909973264,-8.156882286071777,3.0,4
145,-14.308051109313965,-6.464301586151123,-0.011176480911672115,-4.651801586151123,-12.159613609313965,4.0,3
146,-16.024879455566406,-13.83737850189209,-6.67331600189209,-0.0014411549782380462,-8.70456600189209,4.0,4
147,-7.3129987716674805,-0.15674886107444763,-1.93799889087677,-7.7817487716674805,-12.97706127166748,3.0,2
148,-13.70722484588623,-9.10566234588623,-1.0744123458862305,-0.41816237568855286,-10.10566234588623,3.0,4
149,-12.953246116638184,-13.265746116638184,-11.092451095581055,-2.079667091369629,-0.13364513218402863,4.0,5
150,-15.731228828430176,-11.395291328430176,-3.153104305267334,-0.04372921586036682,-10.074978828430176,3.0,4
151,-5.217401027679443,-0.3111512064933777,-1.3424012660980225,-7.201776027679443,-12.233026504516602,4.0,2
152,-0.24018032848834991,-1.5526803731918335,-6.318305492401123,-10.896430015563965,-13.115180015563965,3.0,1
153,-14.194077491760254,-11.225327491760254,-3.850327491760254,-0.022202495485544205,-7.615952491760254,4.0,4
154,-14.817254066467285,-12.668816566467285,-5.801629066467285,-0.004753835499286652,-6.395379066467285,2.0,4
155,-8.172636985778809,-0.7663871049880981,-0.6257621049880981,-8.68257999420166,-13.590250968933105,3.0,3
156,-12.039502143859863,-13.117627143859863,-10.156689643859863,-3.4691896438598633,-0.03168965503573418,1.0,5
157,-13.4171724319458,-9.9015474319458,-2.15936017036438,-0.12384914606809616,-6.956234931945801,5.0,4
158,-8.85206127166748,-0.24268582463264465,-1.5750737190246582,-4.789560794830322,-10.93799877166748,4.0,2
159,-14.691489219665527,-15.957114219665527,-13.753989219665527,-3.9414894580841064,-0.01961454376578331,4.0,5
160,-15.739185333251953,-12.387622833251953,-4.387622833251953,-0.01262270100414753,-9.731372833251953,4.0,4
161,-17.086894989013672,-14.680644989013672,-7.672832489013672,-0.0009576263837516308,-7.625957489013672,5.0,4
162,-14.280854225158691,-14.968354225158691,-12.312104225158691,-2.5933542251586914,-0.07772913575172424,3.0,5
163,-11.139039993286133,-0.0026769537944346666,-5.954380989074707,-10.116312980651855,-11.820147514343262,3.0,2
164,-11.121927261352539,-0.6957910656929016,-0.6957910656929016,-5.965677261352539,-11.079313278198242,5.0,2
165,-13.45173168182373,-13.522754669189453,-10.617924690246582,-0.41906145215034485,-1.0724713802337646,5.0,4
166,-9.326215744018555,-1.6557612419128418,-0.22110317647457123,-4.937011241912842,-9.079766273498535,5.0,3
167,-14.443707466125488,-10.529644966125488,-2.1546454429626465,-0.1233954206109047,-9.764019966125488,4.0,4
168,-13.66767692565918,-12.51142692565918,-6.36298942565918,-0.03486441820859909,-3.4254894256591797,3.0,4
169,-17.246957778930664,-18.198659896850586,-15.080761909484863,-5.940136909484863,-0.0026371246203780174,4.0,5
170,-15.063822746276855,-9.289674758911133,-0.3266065716743469,-1.2783124446868896,-11.59791374206543,4.0,3
171,-0.2329808920621872,-1.5923558473587036,-5.451730728149414,-9.701730728149414,-11.154855728149414,3.0,1
172,-13.224446296691895,-15.170469284057617,-14.126435279846191,-12.030553817749023,-1.5735502529423684e-05,3.0,5
173,-10.589917182922363,-3.8946046829223633,-0.6914796233177185,-0.7383546233177185,-7.175854682922363,5.0,3
174,-1.727254033088684,-0.2741290330886841,-2.7897539138793945,-7.5710039138793945,-11.149128913879395,3.0,2
175,-12.147310256958008,-7.29574728012085,-0.6707474589347839,-0.7176224589347839,-9.701997756958008,3.0,3
176,-13.719350814819336,-7.412533760070801,-0.12560155987739563,-2.1426455974578857,-10.56594181060791,4.0,3
177,-15.157655715942383,-12.991462707519531,-6.748564720153809,-0.0014068715972825885,-8.552542686462402,4.0,4
178,-13.761363983154297,-9.095170974731445,-1.2684667110443115,-0.33096665143966675,-9.776989936828613,5.0,4
179,-15.371252059936523,-13.922388076782227,-8.091422080993652,-0.009036241099238396,-4.753354072570801,3.0,4
180,-12.685548782348633,-12.365945816040039,-9.02077579498291,-0.21395747363567352,-1.6486173868179321,3.0,4
181,-14.455142974853516,-13.33298397064209,-9.284687995910645,-0.009119878523051739,-4.7534379959106445,3.0,4
182,-13.48512077331543,-8.193927764892578,-0.4098372757434845,-1.0916552543640137,-9.443927764892578,5.0,3
183,-5.538002967834473,-0.11186698824167252,-2.285162925720215,-8.989707946777344,-12.428627967834473,3.0,2
184,-6.860170841217041,-0.28346502780914307,-1.4056249856948853,-7.541988849639893,-11.494402885437012,2.0,2
185,-11.186112403869629,-4.254293918609619,-0.22020401060581207,-1.6974760293960571,-9.254294395446777,4.0,3
186,-10.464335441589355,-2.4387669563293457,-0.10922106355428696,-4.1291069984436035,-10.407517433166504,2.0,3
187,-10.873620986938477,-3.1861209869384766,-0.1236208900809288,-2.5923709869384766,-9.811120986938477,5.0,3
188,-15.540895462036133,-12.540895462036133,-4.064332962036133,-0.0174577496945858,-9.408082962036133,5.0,4
189,-13.425114631652832,-14.557927131652832,-13.050114631652832,-5.737614154815674,-0.0032392670400440693,4.0,5
190,-13.290059089660645,-8.813496589660645,-1.563496708869934,-0.23537173867225647,-9.297871589660645,5.0,4
191,-16.387174606323242,-13.019988059997559,-3.9262375831604004,-0.019987599924206734,-10.207488059997559,4.0,4
192,-14.816304206848145,-10.167866706848145,-1.1053667068481445,-0.4022417366504669,-11.058491706848145,4.0,4
193,-15.483492851257324,-16.710054397583008,-14.397555351257324,-4.975680351257324,-0.006930124014616013,4.0,5
194,-15.742179870605469,-12.812492370605469,-4.171867370605469,-0.015617446973919868,-10.140617370605469,3.0,4
195,-9.526630401611328,-1.5294713973999023,-0.25106340646743774,-5.25106143951416,-10.968391418457031,3.0,3
196,-13.263209342956543,-7.302272319793701,-0.34914711117744446,-1.224147081375122,-11.216334342956543,4.0,3
197,-11.834315299987793,-6.232752323150635,-0.8108775019645691,-0.5921275019645691,-8.904627799987793,5.0,4
198,-12.66787338256836,-6.332646369934082,-0.040032461285591125,-3.292874336242676,-8.649407386779785,5.0,3
199,-15.828038215637207,-13.490680694580078,-3.773350477218628,-0.02335049770772457,-9.288975715637207,4.0,4
200,-13.411873817443848,-13.305339813232422,-10.911873817443848,-1.663293719291687,-0.2101687341928482,5.0,5
201,-13.040013313293457,-13.047115325927734,-10.29853630065918,-1.207627296447754,-0.35535532236099243,4.0,5
202,-13.082413673400879,-13.92048168182373,-13.849459648132324,-11.453862190246582,-2.8013790142722428e-05,2.0,5
203,-12.304348945617676,-5.365428924560547,-0.05292900279164314,-3.0642929077148438,-9.996109962463379,3.0,3
204,-12.523393630981445,-13.242143630981445,-9.593706130981445,-0.5624561309814453,-0.8437061309814453,5.0,4
205,-15.758543968200684,-13.758543968200684,-7.828856468200684,-0.0007316772826015949,-8.469481468200684,5.0,4
206,-13.498931884765625,-4.178619384765625,-0.022369207814335823,-4.991119384765625,-13.803619384765625,4.0,3
207,-12.47844409942627,-7.002592086791992,-0.6673642992973328,-0.7241842150688171,-6.917364120483398,2.0,3
208,-14.318684577941895,-7.068685054779053,-0.17806003987789154,-1.8186850547790527,-11.803059577941895,4.0,3
209,-14.984054565429688,-15.882492065429688,-13.851242065429688,-4.8981170654296875,-0.007492299657315016,5.0,5
210,-15.360483169555664,-8.079233169555664,-0.0011079132091253996,-7.141732692718506,-12.844858169555664,1.0,3
211,-11.790753364562988,-11.025128364562988,-4.9626288414001465,-0.056378837674856186,-3.0407538414001465,4.0,4
212,-13.789355278015137,-12.205549240112305,-5.202708721160889,-0.01805056817829609,-4.3930487632751465,4.0,4
213,-12.381597518920898,-12.814836502075195,-10.613131523132324,-1.110290288925171,-0.40006428956985474,5.0,5
214,-11.403728485107422,-11.575603485107422,-7.458415985107422,-0.8177908658981323,-0.5834158658981323,4.0,5
215,-8.813664436340332,-0.0011648305226117373,-6.90741491317749,-11.313664436340332,-14.368351936340332,3.0,2
216,-16.654386520385742,-13.130949020385742,-5.130949020385742,-0.005948815029114485,-11.068449020385742,3.0,4
217,-0.01388897281140089,-4.295138835906982,-8.82638931274414,-12.64670181274414,-12.24045181274414,3.0,1
218,-0.02133934386074543,-3.8650894165039062,-8.958839416503906,-12.646339416503906,-13.833839416503906,1.0,1
219,-14.959206581115723,-11.146706581115723,-3.1232690811157227,-0.04514418914914131,-9.404519081115723,4.0,4
220,-13.368402481079102,-13.157464981079102,-9.141839981079102,-1.094964861869812,-0.407464861869812,4.0,5
221,-15.067420959472656,-16.114295959472656,-13.684608459472656,-3.8955459594726562,-0.020545871928334236,4.0,5
222,-13.071528434753418,-14.23630142211914,-12.531755447387695,-5.713573455810547,-0.0033475097734481096,4.0,5
223,-9.407150268554688,-1.5520379543304443,-0.24521996080875397,-5.202606201171875,-10.543514251708984,3.0,3
224,-15.474355697631836,-11.724355697631836,-2.974355697631836,-0.052480604499578476,-10.599355697631836,4.0,4
225,-15.519619941711426,-15.082119941711426,-11.261807441711426,-0.0743071436882019,-2.6368072032928467,3.0,4
226,-13.484196662902832,-4.913883686065674,-0.054508838802576065,-3.085758924484253,-11.999821662902832,4.0,3
227,-12.64871597290039,-4.929965972900391,-0.08621611446142197,-2.5862162113189697,-10.21121597290039,4.0,3
228,-16.748519897460938,-13.247810363769531,-5.4587483406066895,-0.005623236298561096,-6.6149983406066895,3.0,4
229,-14.21859073638916,-14.65609073638916,-11.17952823638916,-2.085777759552002,-0.13265277445316315,4.0,5
230,-14.734716415405273,-15.281591415405273,-12.518807411193848,-2.550056219100952,-0.08130618929862976,4.0,5
231,-13.969144821166992,-12.243291854858398,-7.165167331695557,-0.006075604353100061,-5.275963306427002,1.0,4
232,-14.677653312683105,-14.076090812683105,-9.099528312683105,-0.037028491497039795,-3.3182785511016846,3.0,4
233,-14.646491050720215,-15.248053550720215,-13.201178550720215,-3.544928789138794,-0.029303887858986855,4.0,5
234,-14.341902732849121,-15.146590232849121,-12.771590232849121,-3.1231529712677,-0.045027956366539,4.0,5
235,-0.5028766393661499,-0.9403766393661499,-5.3622517585754395,-10.362251281738281,-13.276313781738281,2.0,1
236,-12.971602439880371,-3.127851963043213,-0.049727004021406174,-5.362226963043213,-12.455977439880371,4.0,3
237,-10.007630348205566,-2.1738243103027344,-0.14257431030273438,-3.9635963439941406,-10.107062339782715,5.0,3
238,-14.263218879699707,-10.091343879699707,-1.575718641281128,-0.23196861147880554,-9.919468879699707,3.0,4
239,-15.279934883117676,-9.779934883117676,-0.6549351215362549,-0.7330601215362549,-10.889309883117676,4.0,3
240,-13.50127124786377,-14.218600273132324,-12.805248260498047,-4.978545665740967,-0.0069535644724965096,4.0,5
241,-11.470023155212402,-11.171727180480957,-6.796727657318115,-0.17740985751152039,-1.8251359462738037,4.0,4
242,-11.481120109558105,-12.106120109558105,-11.182825088500977,-5.628848075866699,-0.0038481722585856915,4.0,5
243,-15.65787410736084,-13.01724910736084,-4.681312084197998,-0.00943688116967678,-9.08756160736084,4.0,4
244,-12.229642868041992,-12.776517868041992,-11.46969985961914,-4.303505897521973,-0.013733774423599243,5.0,5
245,-13.62292766571045,-12.522074699401855,-8.516393661499023,-0.06468988209962845,-2.7777578830718994,5.0,4
246,-13.175663948059082,-5.931345462799072,-0.046402402222156525,-3.1557774543762207,-9.890151977539062,5.0,3
247,-10.771135330200195,-10.247697830200195,-6.200822830200195,-0.341448038816452,-1.2476980686187744,5.0,4
248,-14.547791481018066,-15.305603981018066,-13.204041481018066,-3.7274789810180664,-0.024353977292776108,4.0,5
249,-15.213664054870605,-13.174601554870605,-5.9871015548706055,-0.002726648934185505,-8.518351554870605,5.0,4
250,-13.636075019836426,-13.849143028259277,-10.340620994567871,-0.7667582035064697,-0.6247122287750244,5.0,5
251,-14.45879077911377,-9.167598724365234,-0.6448705792427063,-0.7443025708198547,-10.545438766479492,5.0,3
252,-13.576568603515625,-14.315204620361328,-12.369182586669922,-2.3194668292999268,-0.10355885326862335,4.0,5
253,-14.113104820251465,-6.229581832885742,-0.022195732221007347,-3.9142417907714844,-11.840376853942871,3.0,3
254,-11.009793281555176,-12.947293281555176,-9.556668281555176,-2.900418519973755,-0.05666859447956085,4.0,5
255,-14.761494636535645,-13.159932136535645,-7.0661821365356445,-0.003682143986225128,-5.8786821365356445,4.0,4
256,-14.494588851928711,-15.518026351928711,-13.744588851928711,-3.408651113510132,-0.033651188015937805,5.0,5
257,-13.511046409606934,-14.55508041381836,-13.234057426452637,-5.996841907501221,-0.0025236920919269323,4.0,5
258,-15.360295295715332,-12.512284278869629,-4.429897308349609,-0.01228315569460392,-9.344669342041016,4.0,4
259,-14.084962844848633,-15.092775344848633,-12.616212844848633,-2.2099626064300537,-0.11621258407831192,4.0,5
260,-16.397764205932617,-12.456001281738281,-2.0042967796325684,-0.14492174983024597,-9.75429630279541,4.0,4
261,-12.861665725708008,-13.550586700439453,-11.483824729919434,-3.3730294704437256,-0.034961577504873276,4.0,5
262,-15.521345138549805,-12.208845138549805,-3.3182201385498047,-0.03697013482451439,-10.458845138549805,3.0,4
263,-15.81036376953125,-13.37286376953125,-5.193175792694092,-0.005675985477864742,-10.09942626953125,4.0,4
264,-14.3600492477417,-15.5241117477417,-13.0866117477417,-4.774112224578857,-0.008486989885568619,5.0,5
265,-12.078713417053223,-14.508400917053223,-12.688088417053223,-7.469338417053223,-0.0005882440018467605,4.0,5
266,-13.039305686950684,-13.172118186950684,-9.398680686950684,-0.2736808657646179,-1.4299309253692627,5.0,4
267,-11.985245704650879,-12.532120704650879,-7.868058204650879,-0.19618339836597443,-1.727433443069458,1.0,4
268,-13.543054580688477,-14.949304580688477,-12.543054580688477,-3.3633666038513184,-0.035241611301898956,5.0,5
269,-13.383225440979004,-14.820725440979004,-13.756805419921875,-4.805100917816162,-0.008225847966969013,4.0,5
270,-14.510720252990723,-14.311856269836426,-10.086003303527832,-0.07179948687553406,-2.671231508255005,4.0,4
271,-12.90000057220459,-13.36875057220459,-10.819034576416016,-0.8616493940353394,-0.5491493940353394,4.0,5
272,-14.218767166137695,-15.142062187194824,-13.399874687194824,-11.602999687194824,-1.811964830267243e-05,4.0,5
273,-12.70213794708252,-7.695035934448242,-0.5501501560211182,-0.8626501560211182,-8.163785934448242,3.0,3
274,-15.031336784362793,-12.359461784362793,-4.945398807525635,-0.00789888110011816,-7.242273807525635,5.0,4
275,-12.435270309448242,-13.950895309448242,-11.005582809448242,-2.974332809448242,-0.05245775729417801,5.0,5
276,-14.586880683898926,-15.680630683898926,-13.750943183898926,-4.743130683898926,-0.00875562708824873,5.0,5
277,-15.326719284057617,-15.184673309326172,-13.394901275634766,-1.5735502529423684e-05,-11.676151275634766,5.0,4
278,-12.571965217590332,-5.0364532470703125,-0.4909994602203369,-0.96401047706604,-9.752363204956055,5.0,3
279,-0.43565189838409424,-1.0450268983840942,-6.529401779174805,-11.732526779174805,-14.466901779174805,5.0,1
280,-0.007087565027177334,-5.035495758056641,-9.041178703308105,-11.832371711730957,-9.957371711730957,1.0,1
281,-15.174278259277344,-7.5883402824401855,-0.05709034949541092,-2.9008402824401855,-12.244590759277344,4.0,3
282,-13.132345199584961,-13.390157699584961,-9.733907699584961,-0.4682825803756714,-0.9839075803756714,3.0,4
283,-15.07939338684082,-16.19445037841797,-13.964336395263672,-4.788201332092285,-0.00837031751871109,4.0,5
284,-12.441019058227539,-0.0035187015309929848,-5.659768581390381,-10.659769058227539,-14.495706558227539,4.0,2
285,-12.892746925354004,-13.947434425354004,-10.220871925354004,-2.392747402191162,-0.09587238729000092,4.0,5
286,-12.09933853149414,-13.45090103149414,-9.84933853149414,-1.7399635314941406,-0.19308851659297943,5.0,5
287,-0.061106614768505096,-2.8579816818237305,-6.3892316818237305,-10.01423168182373,-8.93610668182373,1.0,1
288,-11.505975723266602,-12.388788223266602,-8.013788223266602,-0.5762883424758911,-0.8262883424758911,5.0,4
289,-16.11079978942871,-11.962362289428711,-3.712362289428711,-0.024862375110387802,-8.977987289428711,4.0,4
290,-8.275840759277344,-0.22896581888198853,-1.5883407592773438,-8.994590759277344,-14.635215759277344,4.0,2
291,-15.759117126464844,-13.376304626464844,-7.220054626464844,-0.0013044904917478561,-7.485679626464844,5.0,4
292,-0.4820525646209717,-0.9664275646209717,-6.200802803039551,-11.51330280303955,-14.73205280303955,2.0,1
293,-15.868467330932617,-12.548154830932617,-6.720029830932617,-0.001279607880860567,-9.641904830932617,3.0,4
294,-12.515730857849121,-13.164168357849121,-10.570418357849121,-1.8047932386398315,-0.17979325354099274,4.0,5
295,-14.668570518493652,-15.934195518493652,-14.270133018493652,-4.402945518493652,-0.012320718728005886,5.0,5
296,-12.39758586883545,-7.639062404632568,-0.991336464881897,-0.465768426656723,-7.717187404632568,3.0,4
297,-13.91894817352295,-12.10644817352295,-5.754886150360107,-0.020511068403720856,-4.067386150360107,3.0,4
298,-13.27949047088623,-11.28730297088623,-4.6779279708862305,-0.021677810698747635,-4.4123029708862305,3.0,4
299,-4.1985182762146,-0.26101845502853394,-1.5422685146331787,-7.1203932762146,-12.214143753051758,1.0,2
300,-9.585049629211426,-1.3037992715835571,-0.31942427158355713,-6.288174152374268,-12.249112129211426,5.0,3
301,-10.870466232299805,-4.847737789154053,-0.06648797541856766,-2.878988027572632,-8.878988265991211,4.0,3
302,-12.845869064331055,-13.588056564331055,-10.439619064331055,-2.3927440643310547,-0.0958690270781517,4.0,5
303,-15.463221549987793,-13.142909049987793,-6.346034526824951,-0.002284300047904253,-7.674159526824951,5.0,4
304,-14.838166236877441,-13.950382232666016,-8.53134822845459,-0.022826416417956352,-3.801234483718872,4.0,4
305,-13.840436935424805,-6.668562412261963,-0.10606230795383453,-2.309187412261963,-11.598249435424805,5.0,3
306,-12.292610168457031,-5.089485168457031,-0.12073516845703125,-2.2301101684570312,-10.792610168457031,5.0,3
307,-11.136493682861328,-2.3474314212799072,-0.1130564957857132,-4.488056659698486,-10.988056182861328,5.0,3
308,-0.3714428246021271,-1.2933177947998047,-3.4339427947998047,-6.480817794799805,-6.277692794799805,5.0,1
309,-14.532608985900879,-14.163290977478027,-10.590847969055176,-0.10789429396390915,-2.2811882495880127,2.0,4
310,-14.494112014770508,-13.431612014770508,-8.369112014770508,-0.08786197006702423,-2.478487014770508,4.0,4
311,-14.014039039611816,-14.599976539611816,-12.139039039611816,-3.3031013011932373,-0.03747640922665596,4.0,5
312,-12.7101411819458,-6.983578205108643,-0.7179533839225769,-0.6710783839225769,-8.9835786819458,3.0,4
313,-15.696450233459473,-13.751137733459473,-6.969887733459473,-0.0011379201896488667,-8.751137733459473,4.0,4
314,-13.715636253356934,-11.567198753356934,-4.418760776519775,-0.01251098420470953,-7.918760776519775,4.0,4
315,-14.277756690979004,-15.613694190979004,-13.504319190979004,-4.418381690979004,-0.012131713330745697,5.0,5
316,-16.087812423706055,-14.040938377380371,-6.376875400543213,-0.0018754289485514164,-8.705000877380371,4.0,4
317,-13.649089813232422,-14.693123817443848,-13.137725830078125,-5.19028377532959,-0.0056237103417515755,5.0,5
318,-14.519052505493164,-13.460813522338867,-9.199450492858887,-0.009110428392887115,-4.725018501281738,2.0,4
319,-16.667617797851562,-18.17329978942871,-17.00142478942871,-12.818184852600098,-3.2186455882765586e-06,5.0,5
320,-13.867981910705566,-12.735169410705566,-7.821106910705566,-0.08673173189163208,-2.4929816722869873,2.0,4
321,-14.777423858642578,-16.003986358642578,-14.035236358642578,-3.3633615970611572,-0.03523654863238335,4.0,5
322,-13.964516639709473,-14.206704139709473,-10.034829139709473,-0.22232887148857117,-1.6129539012908936,3.0,4
323,-15.88326644897461,-16.79945945739746,-14.746902465820312,-4.988379955291748,-0.006845119409263134,5.0,5
324,-12.718863487243652,-3.7700016498565674,-0.03420557081699371,-4.5512495040893555,-11.831079483032227,2.0,3
325,-13.228313446044922,-13.56212043762207,-11.64450740814209,-1.871780276298523,-0.16723427176475525,4.0,5
326,-18.149288177490234,-15.42272663116455,-7.125851631164551,-0.0008515069494023919,-10.25085163116455,3.0,4
327,-14.80179500579834,-15.362874984741211,-13.850090980529785,-5.3202619552612305,-0.0049200416542589664,5.0,5
328,-13.34069538116455,-2.8719449043273926,-0.059444960206747055,-6.793819904327393,-13.80944538116455,4.0,3
329,-11.773590087890625,-11.581828117370605,-8.946885108947754,-0.6656352281570435,-0.722453236579895,5.0,4
330,-13.437896728515625,-4.211333751678467,-0.02383391372859478,-4.742583751678467,-12.101959228515625,4.0,3
331,-15.499024391174316,-16.2802734375,-14.341353416442871,-4.572887897491455,-0.010387877002358437,4.0,5
332,-14.23282241821289,-14.005549430847168,-11.349299430847168,-1.6760036945343018,-0.20725373923778534,4.0,5
333,-13.234216690063477,-13.007654190063477,-8.913904190063477,-0.8982793688774109,-0.5232793688774109,2.0,5
334,-13.925835609436035,-7.847710132598877,-0.4570852220058441,-1.0039602518081665,-10.175835609436035,2.0,3
335,-13.8947114944458,-14.4728364944458,-11.0665864944458,-1.6759611368179321,-0.20721110701560974,4.0,5
336,-11.656957626342773,-11.358661651611328,-7.992184638977051,-0.49218547344207764,-0.9467295408248901,4.0,4
337,-12.678338050842285,-0.006462982390075922,-5.053338050842285,-9.928338050842285,-14.248650550842285,3.0,2
338,-13.615928649902344,-7.507974147796631,-0.24945229291915894,-1.5136563777923584,-10.419906616210938,4.0,3
339,-12.364607810974121,-13.473982810974121,-10.919295310974121,-1.2005454301834106,-0.35821637511253357,4.0,5
340,-16.616130828857422,-13.555051803588867,-6.002495288848877,-0.0024952725507318974,-11.069257736206055,3.0,4
341,-5.874691486358643,-0.4840666651725769,-0.9684416651725769,-6.702816486358643,-11.7496919631958,4.0,2
342,-15.223068237304688,-10.832443237304688,-2.0043187141418457,-0.14494360983371735,-10.238693237304688,4.0,4
343,-12.519813537597656,-12.953052520751953,-9.778336524963379,-0.7442454695701599,-0.6448134779930115,3.0,5
344,-12.601161003112793,-6.130990505218506,-0.1650806963443756,-1.8980365991592407,-9.937808990478516,3.0,3
345,-13.83995246887207,-11.922338485717773,-7.6112589836120605,-0.01182875782251358,-4.500464916229248,2.0,4
346,-10.52231216430664,-0.24106208980083466,-1.557824969291687,-5.631687164306641,-13.567767143249512,2.0,2
347,-13.05452823638916,-8.161062240600586,-1.0729939937591553,-0.4195859730243683,-9.396858215332031,4.0,4
348,-0.37664008140563965,-1.1720941066741943,-5.532890319824219,-9.85107135772705,-11.167121887207031,3.0,1
349,-15.52677059173584,-12.17520809173584,-3.1830201148986816,-0.04239519685506821,-11.02677059173584,5.0,4
350,-14.566502571105957,-8.480565071105957,-0.2930646538734436,-1.3711895942687988,-12.214940071105957,4.0,3
351,-13.802593231201172,-14.427593231201172,-11.607280731201172,-2.4354054927825928,-0.09165550768375397,5.0,5
352,-12.980400085449219,-5.501707077026367,-0.04716118797659874,-3.172161102294922,-10.487502098083496,2.0,3
353,-8.540566444396973,-8.978066444396973,-5.524941444396973,-1.3061915636062622,-0.3218165338039398,4.0,5
354,-8.540566444396973,-8.978066444396973,-5.524941444396973,-1.3061915636062622,-0.3218165338039398,4.0,5
355,-13.619584083557129,-13.83265209197998,-11.346857070922852,-0.8212894201278687,-0.5798114538192749,4.0,5
356,-0.09751811623573303,-2.3943932056427,-6.425642967224121,-10.472517967224121,-11.347517967224121,4.0,1
357,-12.56151294708252,-5.537364959716797,-0.09702512621879578,-2.4265711307525635,-9.727705955505371,2.0,3
358,-13.339946746826172,-14.113384246826172,-11.004009246826172,-3.00400972366333,-0.05088464543223381,5.0,5
359,-14.264732360839844,-15.436607360839844,-12.788169860839844,-3.803795099258423,-0.02254509925842285,5.0,5
360,-15.795347213745117,-12.412534713745117,-3.8344099521636963,-0.02190992422401905,-10.646909713745117,3.0,4
361,-15.548910140991211,-13.845785140991211,-7.486409664154053,-0.002034857403486967,-6.564534664154053,4.0,4
362,-13.770417213439941,-13.973542213439941,-10.168854713439941,-1.4657294750213623,-0.2626044452190399,4.0,5
363,-12.056283950805664,-12.944068908691406,-10.863102912902832,-4.542080402374268,-0.010830194689333439,5.0,5
364,-12.527228355407715,-4.347540855407715,-0.0662909746170044,-2.972540855407715,-10.910040855407715,4.0,3
365,-11.851737022399902,-3.321906805038452,-0.05486086383461952,-4.060543060302734,-10.821907043457031,3.0,3
366,-15.103787422180176,-14.424099922180176,-9.994412422180176,-0.2131623476743698,-1.6506623029708862,5.0,4
367,-15.829524993896484,-14.712337493896484,-10.431087493896484,-0.009212486445903778,-4.696712493896484,4.0,4
368,-9.407758712768555,-0.9858832955360413,-0.47025829553604126,-6.2358832359313965,-12.024946212768555,3.0,3
369,-17.000398635864258,-13.781647682189941,-7.984772682189941,-0.0003978414461016655,-9.812897682189941,3.0,4
370,-15.029379844665527,-14.646567344665527,-9.435629844665527,-0.029379596933722496,-3.5450046062469482,1.0,4
371,-15.046074867248535,-15.639824867248535,-13.413262367248535,-1.6632627248764038,-0.2101377248764038,5.0,5
372,-14.555744171142578,-10.321369171142578,-2.680743932723999,-0.07136901468038559,-9.493244171142578,3.0,4
373,-12.901764869689941,-13.058014869689941,-10.472077369689941,-1.7142643928527832,-0.1986394077539444,4.0,5
374,-15.643303871154785,-12.893303871154785,-4.572991847991943,-0.010491691529750824,-9.604241371154785,3.0,4
375,-14.243391990661621,-13.88827896118164,-10.599926948547363,-0.11697250604629517,-2.205040454864502,5.0,4
376,-6.201218128204346,-0.7040601372718811,-0.7182641625404358,-4.158604145050049,-9.182042121887207,4.0,2
377,-15.086788177490234,-14.007242202758789,-8.90070915222168,-0.008663567714393139,-4.781391620635986,4.0,4
378,-16.497663497924805,-13.638289451599121,-5.239851474761963,-0.005476590245962143,-8.786726951599121,4.0,4
379,-13.838212966918945,-15.173439979553223,-13.518610954284668,-5.826848983764648,-0.0029870914295315742,3.0,5
380,-14.350430488586426,-6.881680488586426,-0.08480554819107056,-2.522305488586426,-12.342617988586426,4.0,3
381,-14.284889221191406,-10.097389221191406,-2.2380144596099854,-0.11301443725824356,-9.441139221191406,5.0,4
382,-12.75697135925293,-13.03822135925293,-8.91322135925293,-0.4288460910320282,-1.0538461208343506,5.0,4
383,-15.002137184143066,-12.181824684143066,-4.681824207305908,-0.009949376806616783,-7.400574207305908,4.0,4
384,-15.324772834777832,-12.613835334777832,-4.418522357940674,-0.01227255817502737,-9.184147834777832,4.0,4
385,-15.981710433959961,-13.027165412902832,-4.767220973968506,-0.008699021302163601,-9.554153442382812,3.0,4
386,-13.522012710571289,-13.799001693725586,-11.597296714782715,-0.7592297196388245,-0.6313877701759338,4.0,5
387,-15.66687297821045,-16.713748931884766,-14.51062297821045,-4.002810955047607,-0.01843579299747944,4.0,5
388,-15.133329391479492,-8.531766891479492,-0.17239199578762054,-1.8442670106887817,-11.906766891479492,4.0,3
389,-16.500755310058594,-14.141380310058594,-7.453880786895752,-0.0007556205382570624,-8.907005310058594,4.0,4
390,-13.235873222351074,-13.548373222351074,-10.260021209716797,-0.6861584782600403,-0.700362503528595,4.0,4
391,-13.165749549865723,-14.039328575134277,-12.306374549865723,-3.222567319869995,-0.040749285370111465,5.0,5
392,-15.559870719909668,-12.61953067779541,-5.190554141998291,-0.005893946625292301,-9.125211715698242,5.0,4
393,-15.213712692260742,-10.494962692260742,-1.7918373346328735,-0.18246234953403473,-10.494962692260742,4.0,4
394,-15.383867263793945,-11.860429763793945,-3.0635552406311035,-0.047930192202329636,-10.219804763793945,3.0,4
395,-10.962552070617676,-11.142239570617676,-7.673489570617676,-1.0953644514083862,-0.40786445140838623,1.0,5
396,-13.962590217590332,-9.493840217590332,-1.290715217590332,-0.32196521759033203,-9.775090217590332,5.0,4
397,-15.113430976867676,-14.729907989501953,-12.58502197265625,-2.6276354789733887,-0.07507845014333725,3.0,5
398,-13.892019271850586,-14.782644271850586,-13.024831771850586,-3.2279562950134277,-0.040456365793943405,4.0,5
399,-15.321704864501953,-16.423267364501953,-14.821704864501953,-6.579517364501953,-0.001392229343764484,5.0,5
400,-16.462995529174805,-13.712995529174805,-6.2833075523376465,-0.0020575798116624355,-9.361433029174805,4.0,4
401,-13.224553108215332,-14.122990608215332,-11.326115608215332,-1.2792407274246216,-0.32611575722694397,3.0,5
402,-14.81291389465332,-15.89885139465332,-13.97697639465332,-4.80510139465332,-0.008226202800869942,4.0,5
403,-13.033937454223633,-14.177403450012207,-12.778255462646484,-4.795302867889404,-0.008370790630578995,4.0,5
404,-14.248987197875977,-15.366174697875977,-13.084924697875977,-3.2880496978759766,-0.03804967552423477,4.0,5
405,-14.591361045837402,-10.497611045837402,-1.9507362842559814,-0.15386132895946503,-9.372611045837402,3.0,4
406,-16.992996215820312,-15.063307762145996,-7.750807762145996,-0.0008077934035100043,-8.594557762145996,4.0,4
407,-13.78715705871582,-14.17778205871582,-11.116701126098633,-1.1877245903015137,-0.3638606071472168,4.0,5
408,-13.194818496704102,-9.366693496704102,-1.6635686159133911,-0.2104436606168747,-8.663568496704102,5.0,4
409,-14.639270782470703,-10.228760719299316,-1.3935325145721436,-0.28557854890823364,-9.731600761413574,4.0,4
410,-13.154755592346191,-14.063846588134766,-12.565267562866211,-3.8010635375976562,-0.022653603926301003,4.0,5
411,-14.415393829345703,-15.759143829345703,-14.165393829345703,-6.626331329345703,-0.0013311582151800394,4.0,5
412,-13.921868324279785,-13.34658432006836,-10.37783432006836,-0.06533520668745041,-2.7641992568969727,4.0,4
413,-11.60930061340332,-2.156175374984741,-0.1249253898859024,-6.40617561340332,-11.91398811340332,3.0,3
414,-14.747721672058105,-15.427409172058105,-12.224284172058105,-1.7399089336395264,-0.1930338740348816,3.0,5
415,-16.710145950317383,-16.504179000854492,-14.465826988220215,-5.481452941894531,-0.00417895894497633,5.0,5
416,-5.925753116607666,-0.3476279675960541,-1.2382529973983765,-6.847628116607666,-11.988252639770508,2.0,2
417,-11.897356033325195,-1.8192311525344849,-0.17860610783100128,-6.569231033325195,-12.858293533325195,4.0,3
418,-15.957856178283691,-12.591378211975098,-3.9124014377593994,-0.02035747841000557,-10.332855224609375,4.0,4
419,-15.382895469665527,-15.858747482299805,-14.253634452819824,-5.624372959136963,-0.003633802989497781,4.0,5
420,-12.567231178283691,-7.020357608795166,-0.5572895407676697,-0.8555836081504822,-6.9124016761779785,5.0,3
421,-0.19136542081832886,-1.7538654804229736,-6.924319267272949,-11.22119426727295,-12.584830284118652,2.0,1
422,-14.328131675720215,-14.515631675720215,-11.242194175720215,-1.0234440565109253,-0.4453190565109253,3.0,5
423,-15.502052307128906,-15.78614330291748,-13.612848281860352,-1.8969385623931885,-0.16256356239318848,4.0,5
424,-14.470085144042969,-14.063835144042969,-10.360710144042969,-0.39196017384529114,-1.1263351440429688,4.0,4
425,-1.3511253595352173,-0.3042503297328949,-5.694875240325928,-11.960500717163086,-16.015188217163086,2.0,2
426,-13.547882080078125,-6.402996063232422,-0.06777021288871765,-2.7524282932281494,-10.40867805480957,2.0,3
427,-13.68652057647705,-14.318622589111328,-12.415213584899902,-3.018907070159912,-0.05015702545642853,3.0,5
428,-2.6695950031280518,-0.08436892181634903,-4.459368705749512,-11.057378768920898,-13.814480781555176,4.0,2
429,-14.448285102844238,-14.405671119689941,-10.605956077575684,-0.23663756251335144,-1.557661533355713,3.0,4
430,-16.190988540649414,-13.315987586975098,-3.972238063812256,-0.01911306008696556,-10.472237586975098,3.0,4
431,-12.936335563659668,-13.383779525756836,-11.764461517333984,-4.598267078399658,-0.01019909605383873,5.0,5
432,-15.656574249267578,-12.664386749267578,-3.758136510848999,-0.023761508986353874,-9.914386749267578,3.0,4
433,-15.973592758178711,-13.465780258178711,-5.364217758178711,-0.004842695780098438,-9.192342758178711,4.0,4
434,-14.428291320800781,-8.128576278686523,-0.11721193790435791,-2.20527982711792,-10.5575532913208,4.0,3
435,-12.942787170410156,-14.100457191467285,-12.530855178833008,-6.039379596710205,-0.0024475876707583666,5.0,5
436,-13.789972305297852,-14.656449317932129,-12.653608322143555,-4.471790313720703,-0.011564245447516441,4.0,5
437,-16.352819442749023,-13.829381942749023,-6.985631465911865,-0.001256510615348816,-9.266881942749023,3.0,4
438,-13.980181694030762,-14.953192710876465,-13.284158706665039,-4.612283229827881,-0.010011340491473675,4.0,5
439,-13.175996780395508,-13.829405784606934,-12.302417755126953,-4.795314788818359,-0.008382730185985565,4.0,5
440,-14.40091323852539,-10.87747573852539,-3.0493502616882324,-0.04935035854578018,-9.34622573852539,4.0,4
441,-13.722150802612305,-13.43805980682373,-10.00055980682373,-0.0857873186469078,-2.5005593299865723,2.0,4
442,-13.357141494750977,-7.519073963165283,-1.0702099800109863,-0.42106106877326965,-9.124186515808105,3.0,4
443,-13.732877731323242,-14.336570739746094,-12.418957710266113,-3.441685914993286,-0.03259388357400894,3.0,5
444,-10.708580017089844,-3.7554562091827393,-0.10488827526569366,-2.5906822681427,-6.954318523406982,2.0,3
445,-17.67083168029785,-14.405206680297852,-5.00676965713501,-0.006769461557269096,-10.459894180297852,2.0,4
446,-14.624787330627441,-7.609162330627441,-0.09353739768266678,-2.4216623306274414,-11.327912330627441,3.0,3
447,-10.277548789978027,-8.300985336303711,-5.433797836303711,-0.4337979257106781,-1.0587979555130005,5.0,4
448,-14.925877571105957,-13.256843566894531,-7.347753524780273,-0.004003487061709166,-5.842071533203125,5.0,4
449,-16.28960609436035,-14.422418594360352,-8.047418594360352,-0.0005436849314719439,-8.656793594360352,3.0,4
450,-14.303644180297852,-14.553644180297852,-11.600519180297852,-0.6473942995071411,-0.7411442995071411,3.0,4
451,-14.537174224853516,-14.93490219116211,-12.619562149047852,-1.6380267143249512,-0.21615171432495117,5.0,5
452,-4.879212856292725,-0.09228105843067169,-2.521257162094116,-8.799667358398438,-11.968700408935547,4.0,2
453,-10.322588920593262,-1.9987255334854126,-0.1521335393190384,-5.194747447967529,-11.054122924804688,3.0,3
454,-13.977310180664062,-15.582423210144043,-14.289810180664062,-10.411968231201172,-3.8265450712060556e-05,5.0,5
455,-12.98586368560791,-13.816829681396484,-12.034159660339355,-4.07961368560791,-0.01711386628448963,5.0,5
456,-15.322501182556152,-13.252188682556152,-8.814688682556152,-0.002188669750466943,-6.205313682556152,4.0,4
457,-13.650677680969238,-14.481643676757812,-12.670564651489258,-3.856644868850708,-0.02141694165766239,4.0,5
458,-15.114923477172852,-10.526854515075684,-1.5353782176971436,-0.24276429414749146,-9.845036506652832,4.0,4
459,-13.678940773010254,-14.80109977722168,-13.217292785644531,-4.964452743530273,-0.007066613994538784,4.0,5
460,-12.258444786071777,-6.903330326080322,-0.29821842908859253,-1.3635585308074951,-7.257023334503174,2.0,3
461,-13.716888427734375,-14.753820419311523,-12.708365440368652,-3.496717929840088,-0.030808070674538612,4.0,5
462,-14.159083366394043,-15.41618537902832,-13.427549362182617,-4.485788345336914,-0.011356120929121971,4.0,5
463,-15.474413871765137,-16.7102108001709,-15.126402854919434,-5.177538871765137,-0.00566401332616806,4.0,5
464,-13.5015869140625,-14.3609619140625,-11.818347930908203,-2.2302794456481934,-0.11380349844694138,4.0,5
465,-14.35716724395752,-8.42747974395752,-0.47435474395751953,-0.9743547439575195,-10.42747974395752,2.0,3
466,-13.182998657226562,-12.761123657226562,-8.503311157226562,-1.1908107995986938,-0.36268579959869385,3.0,5
467,-15.939696311950684,-14.033446311950684,-7.814696311950684,-0.002196520334109664,-7.017821311950684,4.0,4
468,-13.675735473632812,-9.011672973632812,-1.246048092842102,-0.33979806303977966,-8.511672973632812,3.0,4
469,-15.009302139282227,-12.18970012664795,-6.550495147705078,-0.002200921531766653,-7.205324172973633,4.0,4
470,-14.173772811889648,-15.025335311889648,-12.697210311889648,-2.9003350734710693,-0.05658501014113426,4.0,5
471,-14.425895690917969,-15.488395690917969,-13.957145690917969,-5.519646167755127,-0.004020940512418747,5.0,5
472,-13.231761932373047,-6.755199432373047,-0.1614493876695633,-1.9114494323730469,-10.223949432373047,4.0,3
473,-13.598742485046387,-13.818912506103516,-10.445333480834961,-0.7294244766235352,-0.6584024429321289,3.0,5
474,-13.363370895385742,-10.141069412231445,-2.4301323890686035,-0.0963272973895073,-5.6332573890686035,3.0,4
475,-12.159120559692383,-14.694632530212402,-13.60798454284668,-11.960257530212402,-3.015949550899677e-05,5.0,5
476,-14.154813766479492,-10.079529762268066,-1.9076546430587769,-0.16333666443824768,-6.329529762268066,4.0,4
477,-1.9453849792480469,-0.6016349792480469,-1.1953849792480469,-5.070384979248047,-8.695384979248047,3.0,2
478,-9.814166069030762,-2.5719783306121826,-0.11885322630405426,-3.3376033306121826,-9.759478569030762,3.0,3
479,-13.735851287841797,-10.063976287841797,-5.745722592109814e-05,-11.813976287841797,-13.524913787841797,5.0,3
480,-13.558575630187988,-13.892382621765137,-10.973348617553711,-1.5131217241287231,-0.24891765415668488,4.0,5
481,-13.6831693649292,-14.549646377563477,-12.610726356506348,-3.441692590713501,-0.03260265290737152,4.0,5
482,-13.621017456054688,-14.430676460266113,-12.299995422363281,-2.129540205001831,-0.12670017778873444,3.0,5
483,-13.01057243347168,-13.68244743347168,-11.59650993347168,-4.55744743347168,-0.01057225838303566,5.0,5
484,-13.102272987365723,-8.102272987365723,-0.9460229873657227,-0.49289798736572266,-9.086647987365723,3.0,4
485,-13.940757751464844,-9.288768768310547,-1.035928726196289,-0.439338743686676,-8.990474700927734,3.0,4
486,-13.492012977600098,-13.967864990234375,-10.73633098602295,-0.9636051654815674,-0.4806492328643799,3.0,5
487,-13.908851623535156,-15.244789123535156,-13.713539123535156,-5.9557271003723145,-0.0026019311044365168,5.0,5
488,-16.555551528930664,-14.071176528930664,-7.422739028930664,-0.000863894063513726,-8.985239028930664,3.0,4
489,-14.14704418182373,-10.88923168182373,-2.8013790142722428e-05,-12.42829418182373,-14.24860668182373,3.0,3
490,-13.992507934570312,-14.890945434570312,-11.890945434570312,-1.8440704345703125,-0.1721954345703125,3.0,5
491,-12.680270195007324,-12.722884178161621,-10.762657165527344,-2.1547021865844727,-0.12345220893621445,4.0,5
492,-13.108774185180664,-12.929086685180664,-8.616586685180664,-0.21033702790737152,-1.6634620428085327,4.0,4
493,-13.133787155151367,-12.522992134094238,-9.241742134094238,-0.06560630351305008,-2.764470338821411,4.0,4
494,-13.388423919677734,-13.750639915466309,-11.428196907043457,-1.158310890197754,-0.3770609200000763,5.0,5
495,-13.287075996398926,-12.995882987976074,-10.218894004821777,-0.17628014087677002,-1.8240081071853638,5.0,4
496,-12.991653442382812,-14.085403442382812,-12.757278442382812,-6.478870868682861,-0.0015986294019967318,5.0,5
497,-1.7391955852508545,-0.2391955852508545,-3.3016955852508545,-8.317320823669434,-12.832945823669434,3.0,2
498,-14.625636100769043,-6.000636100769043,-0.04751114919781685,-3.125636100769043,-11.594386100769043,2.0,3
499,-15.204089164733887,-15.843293190002441,-14.003805160522461,-5.019429683685303,-0.006644891574978828,5.0,5
500,-12.983932495117188,-5.1323699951171875,-0.0698697566986084,-2.7886197566986084,-9.663619995117188,2.0,3
501,-15.394458770751953,-10.976844787597656,-1.8717303276062012,-0.16718627512454987,-10.635936737060547,3.0,4
502,-13.95471477508545,-15.076873779296875,-13.457555770874023,-5.147897243499756,-0.005853060632944107,5.0,5
503,-13.828142166137695,-15.696039199829102,-14.715926170349121,-11.946040153503418,-1.811964830267243e-05,5.0,5
504,-13.503972053527832,-10.940052032470703,-4.505392551422119,-0.01675661839544773,-5.286642551422119,5.0,4
505,-9.870656967163086,-1.745657205581665,-0.19736121594905853,-5.42463493347168,-9.410429000854492,3.0,3
506,-13.591431617736816,-13.896828651428223,-10.97069263458252,-0.9991025328636169,-0.4593285918235779,4.0,5
507,-16.126249313354492,-13.563749313354492,-6.938749313354492,-0.0012493670219555497,-8.313749313354492,4.0,4
508,-14.693699836730957,-12.143983840942383,-5.290291786193848,-0.0062000080943107605,-8.813017845153809,3.0,4
509,-12.288787841796875,-12.047310829162598,-8.7234468460083,-0.3001522123813629,-1.3512881994247437,3.0,4
510,-12.253575325012207,-6.191075801849365,-0.3942006826400757,-1.1285756826400757,-9.409825325012207,3.0,3
511,-12.546649932861328,-13.604887962341309,-12.163126945495605,-5.5438079833984375,-0.004036019556224346,4.0,5
512,-13.072989463806152,-13.74060344696045,-11.59571647644043,-2.6184451580047607,-0.07583115249872208,4.0,5
513,-14.14957332611084,-13.077130317687988,-9.447868347167969,-0.11548235267400742,-2.219175338745117,3.0,4
514,-13.998745918273926,-14.240222930908203,-11.257268905639648,-0.8453378081321716,-0.561245858669281,4.0,5
515,-13.382302284240723,-13.872359275817871,-11.805598258972168,-1.3510520458221436,-0.29991596937179565,5.0,5
516,-16.3279972076416,-13.640497207641602,-4.882684707641602,-0.007684668526053429,-9.882684707641602,4.0,4
517,-13.767884254455566,-13.888623237609863,-10.628680229187012,-0.586065948009491,-0.81333988904953,3.0,4
518,-14.397279739379883,-13.363188743591309,-9.753813743591309,-0.08193890005350113,-2.5435879230499268,4.0,4
519,-13.861867904663086,-13.511725425720215,-11.566412925720215,-1.863288402557373,-0.16868729889392853,4.0,5
520,-13.835249900817871,-13.103714942932129,-14.382124900817871,-11.814652442932129,-2.1815061700181104e-05,5.0,5
521,-14.424345970153809,-14.097641944885254,-11.31355094909668,-2.7055957317352295,-0.0692318007349968,1.0,5
522,-13.676648139953613,-13.715710639953613,-10.786023139953613,-0.8797731995582581,-0.5360231995582581,4.0,5
523,-13.18580150604248,-13.40597152709961,-11.367619514465332,-1.268187403678894,-0.33068740367889404,4.0,5
524,-13.055295944213867,-12.899045944213867,-9.646204948425293,-0.17177435755729675,-1.8479104042053223,3.0,4
525,-17.44683837890625,-15.14215087890625,-6.57965087890625,-0.0015260252403095365,-9.93902587890625,3.0,4
526,-13.97156047821045,-15.80749797821045,-13.93249797821045,-5.877810478210449,-0.0028106968384236097,3.0,5
527,-13.792200088500977,-14.612512588500977,-13.104700088500977,-5.768763065338135,-0.003138024127110839,4.0,5
528,-14.60590934753418,-11.08247184753418,-2.6371593475341797,-0.07465945929288864,-8.71528434753418,4.0,4
529,-15.313272476196289,-15.782022476196289,-13.282022476196289,-2.57889723777771,-0.07889723777770996,3.0,5
530,-15.032689094543457,-16.29050064086914,-14.024876594543457,-4.079564094543457,-0.017063943669199944,3.0,5
531,-14.931368827819824,-15.579806327819824,-13.509493827819824,-3.696993827819824,-0.025118861347436905,4.0,5
532,-14.176419258117676,-14.684231758117676,-12.379544258117676,-2.856107234954834,-0.059232186526060104,3.0,5
533,-13.203716278076172,-13.4238862991333,-10.987807273864746,-1.0446250438690186,-0.43382906913757324,2.0,5
534,-13.574416160583496,-13.871291160583496,-10.902541160583496,-0.3869159519672394,-1.136915922164917,2.0,4
535,-12.141221046447754,-4.932415008544922,-0.10286922752857208,-2.404005289077759,-9.321619033813477,4.0,3
536,-8.431676864624023,-0.33508723974227905,-1.2583832740783691,-7.891905307769775,-12.899006843566895,3.0,2
537,-15.500513076782227,-13.227785110473633,-5.77039909362793,-0.003355232300236821,-9.037445068359375,3.0,4
538,-13.19437313079834,-13.435850143432617,-9.906021118164062,-0.5736348628997803,-0.8293168544769287,3.0,4
539,-13.217611312866211,-13.913634300231934,-10.981815338134766,-2.778690814971924,-0.06420368701219559,5.0,5
540,-12.916756629943848,-13.5204496383667,-9.769028663635254,-0.3784036338329315,-1.1553926467895508,3.0,4
541,-12.249733924865723,-13.059392929077148,-10.623312950134277,-1.944337010383606,-0.1545630544424057,1.0,5
542,-16.751609802246094,-13.157859802246094,-6.456155300140381,-0.0016093410085886717,-11.407859802246094,4.0,4
543,-12.540192604064941,-12.646726608276367,-9.457806587219238,-0.7078054547309875,-0.6793974041938782,3.0,5
544,-13.957721710205078,-12.523062705993652,-6.28016471862793,-0.01596079021692276,-4.277324676513672,3.0,4
545,-15.106974601745605,-12.028849601745605,-3.8960375785827637,-0.02103753201663494,-8.849162101745605,4.0,4
546,-18.411420822143555,-16.948354721069336,-10.204034805297852,-0.0009098681039176881,-7.219659805297852,5.0,4
547,-15.165813446044922,-13.589109420776367,-8.354735374450684,-0.0024613819550722837,-6.522347450256348,4.0,4
548,-15.941340446472168,-13.285090446472168,-4.604691982269287,-0.010942099615931511,-9.479692459106445,4.0,4
549,-15.975014686584473,-12.999162673950195,-4.725014686584473,-0.009106529876589775,-9.710810661315918,3.0,4
550,-16.42277717590332,-17.033573150634766,-15.343231201171875,-7.0193681716918945,-0.0009014118695631623,5.0,5
551,-15.780144691467285,-12.122474670410156,-2.265939712524414,-0.10968970507383347,-9.765939712524414,4.0,4
552,-14.995340347290039,-14.952726364135742,-9.70982837677002,-0.5692034959793091,-0.8348284959793091,4.0,4
553,-18.050251007080078,-16.338603973388672,-7.875533103942871,-0.0005333193112164736,-8.953658103942871,4.0,4
554,-17.209552764892578,-15.561824798583984,-8.750744819641113,-0.000745137978810817,-7.5632452964782715,5.0,4
555,-16.904521942138672,-13.367589950561523,-3.1531009674072266,-0.04372602328658104,-10.387475967407227,3.0,4
556,-13.956587791442871,-13.807440757751465,-10.511985778808594,-0.22789442539215088,-1.5915323495864868,4.0,4
557,-13.613502502441406,-14.259809494018555,-11.830832481384277,-2.3066844940185547,-0.10498058050870895,4.0,5
558,-13.654247283935547,-14.068309783935547,-11.013622283935547,-1.2792474031448364,-0.3261224031448364,4.0,5
559,-14.483067512512207,-10.014317512512207,-1.514317274093628,-0.2486923336982727,-8.920567512512207,4.0,4
560,-14.99067497253418,-10.345788955688477,-0.9991990923881531,-0.459425151348114,-10.47362995147705,2.0,4
561,-15.423355102539062,-13.517105102539062,-6.8608551025390625,-0.0014803176745772362,-9.392105102539062,4.0,4
562,-14.276163101196289,-15.057413101196289,-13.565225601196289,-5.908975124359131,-0.002725341124460101,4.0,5
563,-8.821344375610352,-1.1182197332382202,-0.3994697034358978,-6.07134485244751,-12.149469375610352,2.0,3
564,-13.249300956726074,-7.475863456726074,-0.41336363554000854,-1.0852386951446533,-9.538363456726074,2.0,3
565,-14.019280433654785,-13.60024642944336,-9.061895370483398,-0.05621353164315224,-2.911327600479126,3.0,4
566,-13.329926490783691,-14.047255516052246,-12.520267486572266,-5.119699478149414,-0.006063518580049276,4.0,5
567,-14.273687362670898,-10.304937362670898,-1.804937481880188,-0.1799374520778656,-9.726812362670898,4.0,4
568,-10.154632568359375,-1.2909966707229614,-0.32508668303489685,-6.006904602050781,-11.546677589416504,3.0,3
569,-0.004685375839471817,-5.430821418762207,-9.621162414550781,-12.398150444030762,-10.38820743560791,1.0,1
570,-13.06033992767334,-13.152668952941895,-9.864316940307617,-0.6313619613647461,-0.7592039108276367,5.0,4
571,-0.01543375849723816,-4.1915717124938965,-9.362025260925293,-12.7142972946167,-13.033188819885254,1.0,1
572,-14.747492790222168,-14.591242790222168,-10.559992790222168,-0.1849924921989441,-1.7787425518035889,3.0,4
573,-13.723498344421387,-12.523214340209961,-5.882589340209961,-0.016111301258206367,-4.334293365478516,3.0,4
574,-14.820728302001953,-15.820728302001953,-13.828540802001953,-4.141040802001953,-0.016040800139307976,4.0,5
575,-16.221696853637695,-13.835333824157715,-6.413459300994873,-0.0029464424587786198,-9.112321853637695,4.0,4
576,-15.682594299316406,-10.924072265625,-2.8842999935150146,-0.05759408324956894,-11.336004257202148,5.0,4
577,-13.465866088867188,-14.410468101501465,-10.406206130981445,-0.28120580315589905,-1.4062057733535767,4.0,4
578,-15.743096351623535,-16.99309539794922,-15.508721351623535,-8.548494338989258,-0.0001984637783607468,4.0,5
579,-15.974386215209961,-11.943136215209961,-2.97438645362854,-0.05251148343086243,-10.115011215209961,5.0,4
580,-13.411062240600586,-13.524698257446289,-10.761914253234863,-1.3300960063934326,-0.3073699474334717,4.0,5
581,-13.701150894165039,-13.037088394165039,-9.365213394165039,-0.13083802163600922,-2.099587917327881,3.0,4
582,-17.132280349731445,-15.27858829498291,-7.876599311828613,-0.001599224517121911,-7.095349311828613,5.0,4
583,-3.677506685256958,-0.12636877596378326,-2.384892702102661,-6.673243999481201,-11.563868522644043,5.0,2
584,-14.70352840423584,-13.311482429504395,-7.182220935821533,-0.008925186470150948,-4.8242669105529785,3.0,4
585,-13.7188138961792,-10.0625638961792,-6.580135959666222e-05,-11.1563138961792,-13.3438138961792,3.0,3
586,-14.503005027770996,-15.348175048828125,-14.091073036193848,-5.426300048828125,-0.004424900282174349,5.0,5
587,-12.877921104431152,-8.127921104431152,-0.9560457468032837,-0.4872957468032837,-7.252920627593994,3.0,4
588,-13.541893005371094,-8.009223937988281,-0.5092242956161499,-0.9211562871932983,-7.651268482208252,3.0,3
589,-14.272281646728516,-15.147281646728516,-12.826969146728516,-3.1082189083099365,-0.04571888968348503,3.0,5
590,-14.792475700378418,-15.370600700378418,-13.542475700378418,-4.495600700378418,-0.011225873604416847,3.0,5
591,-14.828617095947266,-11.961429595947266,-4.914554595947266,-0.00830470584332943,-9.273929595947266,3.0,4
592,-12.108798027038574,-12.151411056518555,-9.573286056518555,-0.8374909162521362,-0.5676048994064331,3.0,5
593,-14.00583267211914,-7.919185638427734,-0.20611748099327087,-1.6833895444869995,-9.922025680541992,3.0,3
594,-14.732521057128906,-13.810646057128906,-9.591896057128906,-0.029396381229162216,-3.5450212955474854,4.0,4
595,-10.06554889678955,-2.948361396789551,-0.15148645639419556,-2.432736396789551,-8.57336139678955,2.0,3
596,-9.563343048095703,-0.7664676904678345,-0.6258426904678345,-7.672717571258545,-13.672718048095703,2.0,3
597,-10.496234893798828,-1.959303617477417,-0.15532563626766205,-5.865553379058838,-11.27038288116455,2.0,3
598,-14.431939125061035,-15.478814125061035,-13.439751625061035,-4.033502101898193,-0.017877046018838882,4.0,5
599,-13.957684516906738,-12.807116508483887,-9.028706550598145,-0.09404871612787247,-2.4150707721710205,4.0,4
600,-13.678192138671875,-14.715124130249023,-12.747794151306152,-3.8983631134033203,-0.020522980019450188,4.0,5
601,-14.647811889648438,-15.468124389648438,-13.022811889648438,-2.9446866512298584,-0.054061710834503174,3.0,5
602,-14.204005241394043,-13.479573249816895,-10.510823249816895,-0.41139090061187744,-1.0875269174575806,4.0,4
603,-11.688216209411621,-6.318899154663086,-0.38139933347702026,-1.162649393081665,-6.25213623046875,4.0,3
604,-16.316516876220703,-11.20714282989502,-1.5508923530578613,-0.2383923977613449,-10.83214282989502,3.0,4
605,-13.877799987792969,-13.167572021484375,-7.791152000427246,-0.06387976557016373,-2.791151762008667,3.0,4
606,-12.542695999145508,-13.593832015991211,-11.839570999145508,-4.950366497039795,-0.007184503600001335,3.0,5
607,-13.373221397399902,-5.646658420562744,-0.06853344291448593,-2.771658420562744,-9.021658897399902,3.0,3
608,-14.343469619750977,-9.961366653442383,-1.2681851387023926,-0.3306851089000702,-9.70568561553955,3.0,4
609,-13.551165580749512,-11.121478080749512,-6.343069553375244,-0.012102622538805008,-4.5902276039123535,4.0,4
610,-12.422853469848633,-13.197000503540039,-11.286489486694336,-3.331944704055786,-0.03649061545729637,5.0,5
611,-15.7799711227417,-12.66917610168457,-4.373720645904541,-0.012926592491567135,-9.600995063781738,3.0,4
612,-3.0268142223358154,-0.10067634284496307,-3.055222272872925,-9.02113151550293,-13.296699523925781,3.0,2
613,-12.843771934509277,-13.610817909240723,-11.586669921875,-2.268489122390747,-0.10939717292785645,4.0,5
614,-12.726329803466797,-13.280306816101074,-10.737693786621094,-1.1780344247817993,-0.36837446689605713,4.0,5
615,-14.264050483703613,-12.97853946685791,-9.001266479492188,-0.009790261276066303,-4.683084487915039,4.0,4
616,-13.926253318786621,-14.565458297729492,-12.299833297729492,-2.605231285095215,-0.07682133466005325,3.0,5
617,-15.119423866271973,-11.994423866271973,-3.635050058364868,-0.027095982804894447,-9.81402587890625,3.0,4
618,-12.119704246520996,-11.158766746520996,-9.846266746520996,-0.0003864018653985113,-8.135329246520996,4.0,4
619,-16.00823211669922,-12.492606163024902,-3.7582314014434814,-0.023856496438384056,-8.805106163024902,4.0,4
620,-13.3228178024292,-13.159465789794922,-9.906624794006348,-0.2617386281490326,-1.469124674797058,4.0,4
621,-16.768461227416992,-13.299711227416992,-5.877836227416992,-0.0028360167052596807,-10.565336227416992,2.0,4
622,-13.673978805541992,-14.767728805541992,-13.269149780273438,-4.696706771850586,-0.009206579998135567,2.0,5
623,-2.980931043624878,-0.06900107115507126,-4.145705223083496,-10.438318252563477,-13.316868782043457,3.0,2
624,-12.545065879821777,-3.3902363777160645,-0.037964291870594025,-5.6487603187561035,-11.706997871398926,3.0,3
625,-13.715259552001953,-14.285572052001953,-11.379322052001953,-0.5043219923973083,-0.9261969923973083,3.0,4
626,-12.726935386657715,-14.097674369812012,-12.485458374023438,-4.289435386657715,-0.01386722270399332,5.0,5
627,-11.674905776977539,-2.846780300140381,-0.06269028037786484,-5.914962291717529,-11.568371772766113,3.0,3
628,-14.17833423614502,-13.85802173614502,-9.45958423614502,-0.4127088189125061,-1.0845837593078613,4.0,4
629,-15.855788230895996,-13.44811725616455,-5.727947235107422,-0.003515019081532955,-9.179651260375977,3.0,4
630,-15.114530563354492,-13.739530563354492,-8.395780563354492,-0.005155839025974274,-5.64578104019165,3.0,4
631,-13.639012336730957,-12.090716361999512,-6.3662848472595215,-0.0026486574206501245,-7.431626796722412,4.0,4
632,-14.808152198791504,-12.187413215637207,-4.992812156677246,-0.007016187068074942,-8.998492240905762,3.0,4
633,-15.009719848632812,-11.330032348632812,-2.6659700870513916,-0.07222012430429459,-9.415969848632812,4.0,4
634,-13.240053176879883,-13.971587181091309,-12.728689193725586,-4.781246662139893,-0.008520440198481083,5.0,5
635,-13.66043758392334,-13.46157455444336,-9.661858558654785,-0.4289037585258484,-1.0539038181304932,3.0,4
636,-10.089032173156738,-1.3390319347381592,-0.30778199434280396,-5.885907173156738,-12.573407173156738,3.0,3
637,-12.774470329284668,-12.327027320861816,-7.973334312438965,-0.061402518302202225,-2.8312885761260986,3.0,4
638,-14.40617847442627,-15.13274097442627,-13.04680347442627,-4.1718034744262695,-0.015553600154817104,4.0,5
639,-13.921675682067871,-12.884743690490723,-8.779629707336426,-0.22849373519420624,-1.5921297073364258,4.0,4
640,-14.193774223327637,-14.935961723327637,-12.146899223327637,-1.9906494617462158,-0.1468995213508606,3.0,5
641,-14.571672439575195,-16.001359939575195,-13.884172439575195,-4.696671962738037,-0.009172089397907257,4.0,5
642,-13.071372985839844,-14.186429977416992,-12.915122985839844,-5.770236492156982,-0.003190667135640979,5.0,5
643,-13.523080825805664,-14.351205825805664,-11.632455825805664,-2.694955825805664,-0.06995590776205063,4.0,5
644,-12.845582008361816,-12.795866012573242,-9.14529800415039,-0.4095029830932617,-1.0913209915161133,4.0,4
645,-15.238449096679688,-10.644699096679688,-1.5509488582611084,-0.2384488433599472,-10.066574096679688,3.0,4
646,-13.43865966796875,-14.33354663848877,-12.742637634277344,-4.809399604797363,-0.008263800293207169,5.0,5
647,-15.614786148071289,-12.146036148071289,-3.88041090965271,-0.021035898476839066,-9.005411148071289,2.0,4
648,-12.672399520874023,-12.09001350402832,-8.297399520874023,-0.20080946385860443,-1.706491470336914,4.0,4
649,-13.930108070373535,-13.367608070373535,-8.281670570373535,-0.1097954586148262,-2.266045570373535,3.0,4
650,-14.211095809936523,-15.242345809936523,-13.062658309936523,-2.3360958099365234,-0.10172073543071747,4.0,5
651,-12.070080757141113,-12.730591773986816,-10.720648765563965,-2.8442282676696777,-0.06013812869787216,4.0,5
652,-12.703166961669922,-4.875041961669922,-0.04691700637340546,-3.265666961669922,-11.585979461669922,3.0,3
653,-15.391925811767578,-14.563800811767578,-9.141925811767578,-0.0013012760318815708,-6.751301288604736,3.0,4
654,-13.988722801208496,-15.644972801208496,-13.894972801208496,-5.441847801208496,-0.004347634967416525,4.0,5
655,-13.653834342956543,-7.544458866119385,-0.10695895552635193,-2.2944588661193848,-10.185084342956543,4.0,3
656,-15.874238014221191,-11.288300514221191,-1.6633007526397705,-0.2101757824420929,-10.960175514221191,4.0,4
657,-12.983177185058594,-13.494540214538574,-11.143688201904297,-0.8453932404518127,-0.5613031983375549,2.0,5
658,-13.682040214538574,-14.517977714538574,-11.580477714538574,-1.2679781913757324,-0.33047816157341003,4.0,5
659,-12.791051864624023,-13.103551864624023,-10.553834915161133,-0.7669034004211426,-0.6248593330383301,3.0,5
660,-11.49112319946289,-0.171519935131073,-1.860440969467163,-6.218394756317139,-12.140270233154297,3.0,2
661,-14.840911865234375,-15.926849365234375,-13.692474365234375,-3.575287103652954,-0.02841220423579216,4.0,5
662,-12.82471752166748,-12.973865509033203,-10.523581504821777,-1.6599444150924683,-0.2110823690891266,5.0,5
663,-14.657320022583008,-10.227632522583008,-1.883882761001587,-0.16513274610042572,-10.290132522583008,2.0,4
664,-16.912622451782227,-12.259211540222168,-3.712336778640747,-0.024836793541908264,-10.321711540222168,5.0,4
665,-15.750344276428223,-14.406594276428223,-11.250344276428223,-0.17221881449222565,-1.8440937995910645,3.0,4
666,-16.0611629486084,-15.291986465454102,-13.174798965454102,-3.3935487270355225,-0.03417377546429634,5.0,5
667,-12.793556213378906,-0.1429871767759323,-2.0179872512817383,-8.096112251281738,-12.861737251281738,2.0,2
668,-13.540665626525879,-13.043506622314453,-10.266518592834473,-0.4937911629676819,-0.9440742135047913,2.0,4
669,-16.204425811767578,-15.141925811767578,-9.423175811767578,-0.0013006808003410697,-6.813800811767578,3.0,4
670,-12.139394760131836,-13.226041793823242,-12.118087768554688,-6.493088722229004,-0.0016106502152979374,2.0,5
671,-16.035701751708984,-11.816951751708984,-2.5357019901275635,-0.0825769305229187,-10.801326751708984,3.0,4
672,-13.05893611907959,-13.200982093811035,-10.253539085388184,-0.3387671709060669,-1.2478572130203247,4.0,4
673,-11.303754806518555,-3.131880044937134,-0.06937995553016663,-3.756880044937134,-11.108442306518555,3.0,3
674,-13.601875305175781,-14.4967622756958,-12.87744426727295,-4.8234663009643555,-0.008126409724354744,5.0,5
675,-12.671707153320312,-4.820145130157471,-0.07014507055282593,-2.8201451301574707,-9.663894653320312,1.0,3
676,-12.973783493041992,-12.966680526733398,-10.452476501464844,-0.3388395607471466,-1.2479314804077148,2.0,4
677,-14.936040878295898,-15.850103378295898,-13.717290878295898,-2.8266661167144775,-0.06104112043976784,3.0,5
678,-15.312912940979004,-16.180099487304688,-14.344162940979004,-4.805100440979004,-0.008225256577134132,5.0,5
679,-13.212786674499512,-14.157388687133789,-12.92159366607666,-5.9968767166137695,-0.002560672117397189,4.0,5
680,-15.419960021972656,-14.630897521972656,-10.779335021972656,-0.02933468297123909,-3.544959783554077,5.0,4
681,-15.674942970275879,-7.315567970275879,-0.03431777283549309,-3.4093177318573,-12.299942970275879,5.0,3
682,-14.613191604614258,-15.042879104614258,-12.347566604614258,-2.113191843032837,-0.1288168728351593,4.0,5
683,-12.528032302856445,-13.153032302856445,-10.993941307067871,-1.4911013841629028,-0.25530537962913513,3.0,5
684,-15.94266414642334,-12.53641414642334,-3.333289623260498,-0.03641452267765999,-9.81766414642334,4.0,4
685,-14.265226364135742,-15.429999351501465,-13.50528335571289,-4.023749828338623,-0.018067779019474983,2.0,5
686,-14.823725700378418,-15.628413200378418,-13.753413200378418,-4.495600700378418,-0.011225519701838493,3.0,5
687,-10.897096633911133,-0.05192754790186882,-3.0206775665283203,-6.387153625488281,-9.682607650756836,3.0,2
688,-13.02439022064209,-4.53007173538208,-0.027231719344854355,-4.132345676422119,-11.255925178527832,3.0,3
689,-11.885250091552734,-11.956273078918457,-9.484682083129883,-0.805705726146698,-0.5926377177238464,3.0,5
690,-14.533199310302734,-15.626949310302734,-13.689449310302734,-4.634761810302734,-0.009761692956089973,5.0,5
691,-10.277081489562988,-4.413445472717285,-0.02708171121776104,-4.230206489562988,-11.245831489562988,2.0,3
692,-15.74561882019043,-11.89405632019043,-2.5503060817718506,-0.08155606687068939,-9.97218132019043,3.0,4
693,-14.2416410446167,-15.5385160446167,-13.6869535446167,-4.929141044616699,-0.007266165688633919,3.0,5
694,-14.354846954345703,-14.862659454345703,-13.339221954345703,-5.722034454345703,-0.0032844191882759333,5.0,5
695,-14.888964653015137,-12.403168678283691,-4.6829986572265625,-0.00970278400927782,-9.228452682495117,4.0,4
696,-13.104005813598633,-6.893068313598633,-0.39306846261024475,-1.1274434328079224,-10.049318313598633,4.0,3
697,-14.245516777038574,-9.018954277038574,-1.1908295154571533,-0.3627045452594757,-10.956454277038574,3.0,4
698,-14.048127174377441,-15.188752174377441,-14.016877174377441,-6.688751697540283,-0.0012517482973635197,5.0,5
699,-14.177191734313965,-14.247504234313965,-10.919379234313965,-0.1850045770406723,-1.7787545919418335,3.0,4
700,-13.644896507263184,-14.646317481994629,-12.544044494628906,-3.318193197250366,-0.036943137645721436,3.0,5
701,-15.54223346710205,-12.24535846710205,-3.651608467102051,-0.026608452200889587,-10.24535846710205,3.0,4
702,-14.51140308380127,-15.69890308380127,-13.76921558380127,-4.480152606964111,-0.011402674950659275,4.0,5
703,-15.332676887512207,-13.863926887512207,-6.770176410675049,-0.004551527090370655,-5.692051410675049,3.0,4
704,-13.240716934204102,-5.381341934204102,-0.05321716144680977,-3.0532171726226807,-11.998529434204102,4.0,3
705,-14.604039192199707,-6.463413715362549,-0.025913942605257034,-3.729038953781128,-12.596226692199707,3.0,3
706,-14.1411714553833,-15.2817964553833,-13.5396089553833,-4.789609432220459,-0.008359324187040329,5.0,5
707,-12.443872451782227,-4.850122928619385,-0.08449786901473999,-2.6157479286193848,-9.756372451782227,3.0,3
708,-16.188140869140625,-14.383452415466309,-8.547514915466309,-0.0006399490521289408,-7.953764915466309,3.0,4
709,-14.789125442504883,-10.046937942504883,-1.3594379425048828,-0.2969379127025604,-10.593812942504883,3.0,4
710,-14.131301879882812,-14.748489379882812,-12.146926879882812,-1.514114260673523,-0.24848929047584534,4.0,5
711,-14.571695327758789,-15.212320327758789,-12.470132827758789,-2.78263258934021,-0.06388267129659653,4.0,5
712,-13.354450225830078,-5.924763202667236,-0.11226300895214081,-2.2685129642486572,-10.206012725830078,1.0,3
713,-13.790338516235352,-13.8116455078125,-11.141190528869629,-0.4593735337257385,-0.9991455674171448,2.0,4
714,-12.908515930175781,-13.760788917541504,-12.176981925964355,-4.54203987121582,-0.010789981111884117,3.0,5
715,-12.01378059387207,-5.834803581237793,-0.8063934445381165,-0.597586452960968,-8.661507606506348,3.0,4
716,-14.309002876281738,-11.169798851013184,-3.442526340484619,-0.03343619778752327,-9.63570785522461,1.0,4
717,-13.099077224731445,-11.501066207885742,-4.952770709991455,-0.009588496759533882,-6.06072473526001,3.0,4
718,-14.447715759277344,-15.307090759277344,-13.010215759277344,-3.4086532592773438,-0.0336533784866333,4.0,5
719,-14.960555076599121,-10.632430076599121,-1.5386804342269897,-0.24180540442466736,-9.913680076599121,1.0,4
720,-17.277799606323242,-14.066861152648926,-4.418423652648926,-0.012173756957054138,-10.668423652648926,4.0,4
721,-14.968660354614258,-15.984285354614258,-13.648347854614258,-3.484285354614258,-0.031160451471805573,3.0,5
722,-14.131170272827148,-15.182307243347168,-13.506170272827148,-4.443671226501465,-0.011853143572807312,3.0,5
723,-12.631135940551758,-7.5174994468688965,-0.2731814384460449,-1.437955379486084,-7.6780104637146,4.0,3
724,-3.982696294784546,-0.04803643375635147,-3.5707643032073975,-9.451445579528809,-12.538803100585938,2.0,2
725,-0.007488631643354893,-4.922262668609619,-9.63817024230957,-12.699250221252441,-12.40805721282959,5.0,1
726,-13.034140586853027,-13.588117599487305,-11.556868553161621,-3.3182315826416016,-0.036981623619794846,4.0,5
727,-14.30164909362793,-10.70008659362793,-2.6375863552093506,-0.07508641481399536,-10.29383659362793,3.0,4
728,-13.16847038269043,-6.73878288269043,-0.36378300189971924,-1.1919080018997192,-9.94190788269043,3.0,3
729,-14.975924491882324,-13.694674491882324,-9.022799491882324,-0.007174561265856028,-4.975924491882324,4.0,4
730,-13.59094524383545,-9.21594524383545,-1.3253204822540283,-0.3096955120563507,-8.63782024383545,3.0,4
731,-14.985397338867188,-7.0557098388671875,-0.10258502513170242,-2.3369600772857666,-11.540084838867188,3.0,3
732,-15.683524131774902,-13.936365127563477,-8.197729110717773,-0.0017074067145586014,-6.649433612823486,3.0,4
733,-11.487619400024414,-12.709209442138672,-11.87114143371582,-5.812902927398682,-0.0032447329722344875,4.0,5
734,-14.696551322937012,-13.645415306091309,-8.808767318725586,-0.0019496734021231532,-6.564449787139893,3.0,4
735,-14.183939933776855,-9.894166946411133,-1.5134861469268799,-0.2492801547050476,-9.155529975891113,3.0,4
736,-17.274240493774414,-14.67267894744873,-7.3133039474487305,-0.0008037435472942889,-9.07892894744873,3.0,4
737,-12.845718383789062,-13.761911392211914,-12.234923362731934,-4.443729400634766,-0.011911219917237759,4.0,5
738,-13.86539363861084,-9.113972663879395,-0.79011070728302,-0.6054507493972778,-9.895222663879395,4.0,4
739,-0.012493678368628025,-4.401697635650635,-9.657380104064941,-12.867606163024902,-14.245447158813477,2.0,1
740,-14.361444473266602,-13.44525146484375,-7.557466983795166,-0.0006491222884505987,-10.497808456420898,4.0,4
741,-13.2976655960083,-16.1513614654541,-13.5086030960083,-7.157041072845459,-0.0007908792467787862,5.0,5
742,-12.1361722946167,-13.258331298828125,-11.219979286193848,-3.0594687461853027,-0.04810471460223198,5.0,5
743,-13.994039535522461,-13.496880531311035,-10.329266548156738,-0.030972199514508247,-3.496880292892456,4.0,4
744,-15.40495491027832,-14.376544952392578,-11.642169952392578,-0.7827953696250916,-0.6109203696250916,3.0,5
745,-14.218072891235352,-14.402731895446777,-10.201026916503906,-1.857277274131775,-0.16977722942829132,5.0,5
746,-13.57665729522705,-13.32807731628418,-9.663304328918457,-0.06103214994072914,-2.830918073654175,3.0,4
747,-13.79382610321045,-13.9287691116333,-10.796667098999023,-0.9813258647918701,-0.46996185183525085,2.0,5
748,-13.56276798248291,-14.230381965637207,-11.652256965637207,-1.9931654930114746,-0.146575465798378,3.0,5
749,-17.140159606933594,-16.79214859008789,-11.617430686950684,-0.05493105202913284,-2.929931163787842,4.0,4
750,-13.683370590209961,-14.855245590209961,-12.760075569152832,-3.67626953125,-0.025701578706502914,3.0,5
751,-12.403701782226562,-6.139496803283691,-0.10256490856409073,-2.352564811706543,-9.211939811706543,3.0,3
752,-13.450183868408203,-12.889103889465332,-8.20870590209961,-0.08370561897754669,-2.5268876552581787,5.0,4
753,-13.407251358032227,-12.77514934539795,-9.891626358032227,-0.07628599554300308,-2.6189000606536865,4.0,4
754,-5.092113018035889,-0.13898800313472748,-2.0921130180358887,-8.59211254119873,-13.67023754119873,4.0,2
755,-14.533939361572266,-14.362064361572266,-10.666751861572266,-0.18237702548503876,-1.7917519807815552,3.0,4
756,-13.571435928344727,-14.235498428344727,-11.594873428344727,-1.0948735475540161,-0.4073735773563385,3.0,5
757,-13.765888214111328,-15.125263214111328,-13.000263214111328,-3.0783886909484863,-0.047138672322034836,5.0,5
758,-15.283435821533203,-13.158435821533203,-6.361561298370361,-0.002186171943321824,-8.845935821533203,4.0,4
759,-11.732895851135254,-0.053208231925964355,-2.990708351135254,-6.475083351135254,-11.842270851135254,2.0,2
760,-15.26892375946045,-13.33142375946045,-5.815798759460449,-0.0032989149913191795,-8.19079875946045,3.0,4
761,-15.005963325500488,-15.552838325500488,-13.443463325500488,-3.1231508255004883,-0.045025791972875595,4.0,5
762,-13.944747924804688,-13.43338394165039,-10.10952091217041,-0.10952101647853851,-2.268612861633301,3.0,4
763,-14.200468063354492,-4.700468063354492,-0.012968013994395733,-5.575468063354492,-13.223905563354492,4.0,3
764,-13.773975372314453,-13.397555351257324,-8.312328338623047,-0.03107805922627449,-3.496986150741577,4.0,4
765,-12.936198234558105,-8.00011920928955,-0.5995515584945679,-0.7984155416488647,-9.193300247192383,4.0,3
766,-13.288434028625488,-13.866559028625488,-10.889996528625488,-0.6399962306022644,-0.7493712306022644,4.0,4
767,-15.544825553894043,-14.3836030960083,-11.2039155960083,-0.31329014897346497,-1.3132901191711426,2.0,4
768,-16.69664192199707,-14.478602409362793,-8.752039909362793,-0.0020394970197230577,-6.345789432525635,4.0,4
769,-15.501898765563965,-15.96922779083252,-14.42235279083252,-7.656727313995361,-0.00047743841423653066,5.0,5
770,-15.600637435913086,-10.737000465393066,-2.3932502269744873,-0.09637525677680969,-10.424500465393066,4.0,4
771,-9.145503044128418,-0.19663886725902557,-1.7307307720184326,-6.787549018859863,-9.663968086242676,2.0,2
772,-13.347187042236328,-13.003437042236328,-9.058124542236328,-0.19874964654445648,-1.7143746614456177,1.0,4
773,-13.619218826293945,-14.298906326293945,-12.150468826293945,-3.2129690647125244,-0.04109417274594307,3.0,5
774,-13.941722869873047,-8.970132827758789,-0.7599044442176819,-0.6320644021034241,-7.752801418304443,2.0,4
775,-14.527565002441406,-9.932394981384277,-1.1681910753250122,-0.3727370798587799,-9.88978099822998,3.0,4
776,-14.129938125610352,-10.473688125610352,-1.9111881256103516,-0.16118815541267395,-9.129938125610352,3.0,4
777,-14.264391899108887,-15.108141899108887,-13.170641899108887,-3.8190791606903076,-0.02220412716269493,5.0,5
778,-14.66020393371582,-14.91020393371582,-12.86332893371582,-4.44926643371582,-0.011766435578465462,5.0,5
779,-15.905116081237793,-10.459803581237793,-0.8348036408424377,-0.5691786408424377,-11.600428581237793,3.0,4
780,-16.01803207397461,-13.674281120300293,-6.152974605560303,-0.002408343832939863,-9.689906120300293,4.0,4
781,-14.839007377624512,-15.870257377624512,-13.917132377624512,-4.526507377624512,-0.01088243443518877,4.0,5
782,-13.737935066223145,-13.745747566223145,-10.237935066223145,-1.0035603046417236,-0.45668527483940125,2.0,5
783,-14.004311561584473,-10.207436561584473,-5.018585216021165e-05,-11.816811561584473,-14.043374061584473,3.0,3
784,-15.611318588256836,-12.291006088256836,-3.697256326675415,-0.025381440296769142,-8.509756088256836,4.0,4
785,-13.311080932617188,-14.227273941040039,-12.984376907348633,-6.606536865234375,-0.0014228230575099587,4.0,5
786,-15.626713752746582,-12.52302074432373,-4.7531352043151855,-0.008817072957754135,-9.284384727478027,3.0,4
787,-13.841714859008789,-7.576089382171631,-0.23233938217163086,-1.5760893821716309,-10.904214859008789,4.0,3
788,-15.652261734008789,-14.214761734008789,-8.472574234008789,-0.0038244216702878475,-5.628824234008789,4.0,4
789,-17.751893997192383,-15.621212005615234,-9.555871963500977,-0.00047338721924461424,-8.687973022460938,4.0,4
790,-14.288861274719238,-15.632611274719238,-13.593548774719238,-4.882611274719238,-0.007611085660755634,3.0,5
791,-15.12649917602539,-12.718828201293945,-5.204624652862549,-0.005760733969509602,-9.295533180236816,3.0,4
792,-14.621959686279297,-11.376220703125,-3.2228124141693115,-0.04099429026246071,-9.046674728393555,4.0,4
793,-14.480647087097168,-15.410334587097168,-13.793147087097168,-5.504084587097168,-0.004084578715264797,5.0,5
794,-13.659998893737793,-9.746646881103516,-1.706874966621399,-0.2011929452419281,-7.94835090637207,5.0,4
795,-10.069567680358887,-1.3508174419403076,-0.30394241213798523,-5.8039422035217285,-11.968005180358887,3.0,3
796,-12.695679664611816,-3.718407392501831,-0.039429500699043274,-4.243975639343262,-11.587724685668945,3.0,3
797,-14.525189399719238,-13.424337387084961,-9.716950416564941,-0.015246867202222347,-4.2055888175964355,2.0,4
798,-15.386606216430664,-10.292856216430664,-1.1053563356399536,-0.4022313058376312,-10.636606216430664,2.0,4
799,-12.997684478759766,-13.005496978759766,-9.927371978759766,-1.4898717403411865,-0.2554967999458313,3.0,5
800,-13.887861251831055,-13.169111251831055,-9.551923751831055,-0.020673274993896484,-3.8956732749938965,4.0,4
801,-16.683584213256836,-13.9918212890625,-4.41937780380249,-0.013127801939845085,-9.216252326965332,3.0,4
802,-13.177631378173828,-13.294818878173828,-10.302631378173828,-2.099506378173828,-0.13075633347034454,2.0,5
803,-17.13345718383789,-15.784026145935059,-9.629196166992188,-0.004196528345346451,-5.504196643829346,3.0,4
804,-14.62293815612793,-12.115836143493652,-4.083165168762207,-0.02066521905362606,-6.926915168762207,4.0,4
805,-14.086833000183105,-14.500895500183105,-12.243083000183105,-3.4540207386016846,-0.03214585408568382,3.0,5
806,-12.8093900680542,-11.673027038574219,-7.6815505027771,-0.02530043013393879,-3.7753005027770996,4.0,4
807,-10.94522476196289,-5.421787261962891,-0.9217873215675354,-0.5155373215675354,-7.781162261962891,1.0,4
808,-15.59117317199707,-11.32554817199707,-2.6224231719970703,-0.07554811239242554,-9.54429817199707,2.0,4
809,-11.67702865600586,-6.748050212860107,-0.7111201286315918,-0.6827101707458496,-6.341800212860107,4.0,4
810,-11.407910346984863,-6.2800703048706055,-0.5414323806762695,-0.8823423385620117,-6.7445573806762695,2.0,3
811,-13.377100944519043,-8.433918952941895,-0.8060787916183472,-0.5930107831954956,-10.010623931884766,4.0,4
812,-15.62804126739502,-12.84679126739502,-6.471791744232178,-0.003041643649339676,-6.549916744232178,4.0,4
813,-13.290118217468262,-8.641680717468262,-1.6260554790496826,-0.21980546414852142,-8.719805717468262,4.0,4
814,-13.390666007995605,-13.437541007995605,-10.937541007995605,-1.3594162464141846,-0.29691630601882935,2.0,5
815,-12.381523132324219,-8.894308090209961,-1.8772625923156738,-0.17271661758422852,-6.483795642852783,2.0,4
816,-13.628029823303223,-12.839677810668945,-9.636552810668945,-0.1337115615606308,-2.079735517501831,3.0,4
817,-14.735068321228027,-15.352255821228027,-13.297568321228027,-2.6803808212280273,-0.07100588083267212,2.0,5
818,-14.232991218566895,-15.404866218566895,-14.26140022277832,-10.426173210144043,-3.707340147229843e-05,4.0,5
819,-12.508721351623535,-12.743096351623535,-9.52576732635498,-0.946222186088562,-0.4916762113571167,1.0,5
820,-12.99439525604248,-13.52564525604248,-11.15845775604248,-1.6506448984146118,-0.213144913315773,1.0,5
821,-13.354259490966797,-12.977839469909668,-10.101418495178223,-0.08721430599689484,-2.4877822399139404,1.0,4
822,-13.033202171325684,-11.584339141845703,-7.500532627105713,-0.028940893709659576,-3.594282865524292,2.0,4
823,-9.698614120483398,-1.3747506141662598,-0.29520469903945923,-5.962818622589111,-9.788102149963379,3.0,3
824,-13.836276054382324,-13.154458045959473,-9.312128067016602,-0.07917437702417374,-2.579174280166626,4.0,4
825,-14.951671600341797,-15.107921600341797,-13.061046600341797,-2.826671600341797,-0.06104661896824837,1.0,5
826,-14.238312721252441,-14.10336971282959,-11.482630729675293,-2.4627459049224854,-0.0891650840640068,2.0,5
827,-12.57080364227295,-12.792394638061523,-7.555178165435791,-0.043816279619932175,-3.24267840385437,4.0,4
828,-14.214207649230957,-9.92443561553955,-0.7752867937088013,-0.6190367937088013,-7.994036674499512,2.0,4
829,-11.330721855163574,-5.127596378326416,-0.39322149753570557,-1.1432214975357056,-8.674471855163574,3.0,3
830,-13.652958869934082,-10.485345840454102,-3.525118350982666,-0.03080032579600811,-8.340459823608398,4.0,4
831,-13.174614906311035,-14.080864906311035,-12.596489906311035,-5.908989906311035,-0.002739726100116968,2.0,5
832,-13.986784934997559,-14.721159934997559,-12.666472434997559,-3.4086601734161377,-0.03366006538271904,3.0,5
833,-9.80867862701416,-10.874019622802734,-10.071462631225586,-8.63680362701416,-0.000440262199845165,4.0,5
834,-12.4170560836792,-9.4717435836792,-4.065494060516357,-0.034243933856487274,-4.112369060516357,2.0,4
835,-15.488088607788086,-10.57331657409668,-1.013656735420227,-0.45115673542022705,-9.154281616210938,2.0,4
836,-10.789457321166992,-3.2894577980041504,-0.07922977209091187,-3.261047840118408,-7.792297840118408,4.0,3
837,-15.413259506225586,-12.053884506225586,-4.205873966217041,-0.015532003715634346,-9.433145523071289,3.0,4
838,-14.336420059204102,-8.156732559204102,-0.3442327082157135,-1.2348576784133911,-9.906732559204102,4.0,3
839,-13.450155258178711,-11.241348266601562,-5.7441887855529785,-0.019758664071559906,-4.327995777130127,3.0,4
840,-14.995226860046387,-12.715397834777832,-7.260851860046387,-0.0023297329898923635,-6.508011817932129,3.0,4
841,-14.732490539550781,-12.743854522705078,-7.431354522705078,-0.002378612756729126,-6.39442253112793,1.0,4
842,-13.235156059265137,-13.533451080322266,-10.941122055053711,-0.4439631700515747,-1.0263491868972778,4.0,4
843,-12.323622703552246,-6.073622703552246,-0.6204975247383118,-0.7767475247383118,-9.542372703552246,4.0,3
844,-15.088101387023926,-13.931851387023926,-8.189663887023926,-0.03341371566057205,-3.4240386486053467,4.0,4
845,-13.707229614257812,-13.714330673217773,-11.086490631103516,-0.40467309951782227,-1.1006951332092285,5.0,4
846,-12.476999282836914,-13.133249282836914,-10.562936782836914,-3.469186782836914,-0.03168676793575287,2.0,5
847,-13.71530818939209,-14.16062068939209,-11.27780818939209,-2.449683427810669,-0.09030836820602417,2.0,5
848,-12.50466537475586,-8.83279037475586,-1.629665493965149,-0.22341550886631012,-7.004665374755859,4.0,4
849,-13.179060935974121,-4.514998912811279,-0.03062368370592594,-3.9524986743927,-12.530623435974121,3.0,3
850,-11.317609786987305,-2.4113595485687256,-0.09885947406291962,-5.4269843101501465,-11.059797286987305,2.0,3
851,-11.140131950378418,-6.491694450378418,-1.7573193311691284,-0.1948193609714508,-5.835444450378418,2.0,4
852,-13.691536903381348,-13.265399932861328,-10.140399932861328,-0.15460452437400818,-1.9443765878677368,3.0,4
853,-12.97705364227295,-6.513986587524414,-0.15035073459148407,-1.9827367067337036,-8.093530654907227,3.0,3
854,-16.914655685424805,-15.024030685424805,-8.250593185424805,-0.000592890428379178,-8.344343185424805,3.0,4
855,-15.473593711853027,-12.682400703430176,-5.416776180267334,-0.004844119306653738,-8.24347972869873,4.0,4
856,-15.383573532104492,-13.867948532104492,-9.821073532104492,-0.008573628030717373,-4.774198532104492,5.0,4
857,-15.299139022827148,-13.104537010192871,-7.841752529144287,-0.000844479538500309,-8.154253005981445,2.0,4
858,-16.48163604736328,-13.341012001037598,-5.3019490242004395,-0.005074241664260626,-9.739449501037598,2.0,4
859,-14.668493270874023,-14.07190227508545,-10.4568452835083,-1.1244593858718872,-0.392924427986145,4.0,5
860,-14.287030220031738,-9.706063270568848,-0.8893020749092102,-0.5299270749092102,-9.108052253723145,4.0,4
861,-14.164741516113281,-14.422554016113281,-11.531929016113281,-2.4069292545318604,-0.09442929178476334,4.0,5
862,-13.771392822265625,-11.015711784362793,-5.127927303314209,-0.014291316270828247,-4.843835353851318,5.0,4
863,-14.955382347106934,-16.19757080078125,-14.619444847106934,-6.096007347106934,-0.0022574197500944138,4.0,5
864,-13.959630966186523,-7.623693943023682,-0.9361939430236816,-0.49869394302368164,-10.545568466186523,3.0,4
865,-14.046957015991211,-14.078207015991211,-11.539144515991211,-1.1797699928283691,-0.36726999282836914,4.0,5
866,-10.677087783813477,-6.544275283813477,-2.3567752838134766,-0.12240032851696014,-3.9661502838134766,2.0,4
867,-8.946588516235352,-2.0872132778167725,-0.1653381884098053,-3.5715882778167725,-9.571588516235352,1.0,3
868,-15.985766410827637,-11.085198402404785,-1.1263915300369263,-0.39201655983924866,-9.548266410827637,5.0,4
869,-12.142157554626465,-4.201817989349365,-0.03988584876060486,-3.733067750930786,-8.82823657989502,3.0,3
870,-8.350765228271484,-0.4814470410346985,-0.9644010663032532,-7.356447219848633,-12.271219253540039,1.0,2
871,-14.300910949707031,-14.183723449707031,-11.207160949707031,-0.3009113669395447,-1.3477864265441895,4.0,4
872,-14.557438850402832,-12.698063850402832,-6.846501350402832,-0.0027514954563230276,-6.627751350402832,4.0,4
873,-13.56660270690918,-13.28535270690918,-9.28535270690918,-0.3009774386882782,-1.3478524684906006,3.0,4
874,-13.192317008972168,-13.036067008972168,-9.887629508972168,-1.4657542705535889,-0.2626292109489441,4.0,5
875,-14.063069343566895,-13.239205360412598,-9.411081314086914,-0.03608100861310959,-3.3457391262054443,2.0,4
876,-13.174904823303223,-12.134422302246094,-7.177035331726074,-0.010842340998351574,-4.604592323303223,3.0,4
877,-14.982928276062012,-17.1356258392334,-14.784775733947754,-2.9594907760620117,-0.05324067175388336,4.0,5
878,-13.341102600097656,-14.458290100097656,-12.380165100097656,-5.2707905769348145,-0.0051655638962984085,1.0,5
879,-13.953903198242188,-14.719528198242188,-12.055465698242188,-3.2429659366607666,-0.0398409441113472,1.0,5
880,-11.613707542419434,-11.777059555053711,-9.355184555053711,-0.9034804105758667,-0.5199583768844604,4.0,5
881,-13.933423042297363,-14.579730033874512,-12.541378021240234,-2.6976284980773926,-0.06978660076856613,4.0,5
882,-13.673918724060059,-14.470793724060059,-11.150481224060059,-1.5879812240600586,-0.2286062240600586,3.0,5
883,-13.13186264038086,-13.54592514038086,-11.03030014038086,-2.2099876403808594,-0.11623752862215042,4.0,5
884,-12.447909355163574,-3.557284355163574,-0.041659314185380936,-4.401034355163574,-11.244784355163574,1.0,3
885,-14.60221004486084,-14.872096061706543,-12.49283504486084,-3.5297656059265137,-0.029765691608190536,1.0,5
886,-15.524701118469238,-15.886917114257812,-13.99061107635498,-4.707940101623535,-0.00907617062330246,3.0,5
887,-14.212095260620117,-12.954282760620117,-8.508970260620117,-0.0245953556150198,-3.727720260620117,2.0,4
888,-14.241668701171875,-9.757293701171875,-1.663543701171875,-0.2104187309741974,-9.522918701171875,2.0,4
889,-13.986258506774902,-10.910974502563477,-3.183702230453491,-0.044496189802885056,-8.36836051940918,4.0,4
890,-12.699673652648926,-13.871548652648926,-11.551236152648926,-2.738736629486084,-0.06686156988143921,1.0,5
891,-14.165162086486816,-10.516724586486816,-2.5792245864868164,-0.07922470569610596,-9.626099586486816,1.0,4
892,-16.103818893432617,-12.6350679397583,-4.619442939758301,-0.010068107396364212,-8.9475679397583,4.0,4
893,-12.090850830078125,-12.772668838500977,-11.2811918258667,-4.640567302703857,-0.009885403327643871,3.0,5
894,-13.04423713684082,-13.086851119995117,-10.288555145263672,-0.7004873156547546,-0.6862832903862,2.0,5
895,-14.256034851074219,-10.716972351074219,-3.138847589492798,-0.04509769752621651,-9.560722351074219,4.0,4
896,-11.994163513183594,-5.064476490020752,-0.20510143041610718,-1.720726490020752,-9.048851013183594,1.0,3
897,-12.861857414245605,-12.307169914245605,-8.572794914245605,-0.6040447950363159,-0.7915447950363159,1.0,4
898,-12.286689758300781,-13.13185977935791,-11.427314758300781,-3.373338222503662,-0.035268425941467285,3.0,5
899,-12.768653869628906,-12.917800903320312,-9.84961986541748,-0.5314381718635559,-0.8865521550178528,3.0,4
900,-13.78797721862793,-12.431443214416504,-7.708432197570801,-0.023772452026605606,-3.7737724781036377,2.0,4
901,-10.60898208618164,-0.5379592180252075,-0.9214831590652466,-4.018073081970215,-10.367505073547363,1.0,2
902,-16.39875030517578,-14.586251258850098,-11.037245750427246,-0.0003137096355203539,-8.508837699890137,4.0,4
903,-13.667465209960938,-14.511215209960938,-12.261215209960938,-3.9721527099609375,-0.01902768202126026,3.0,5
904,-14.220616340637207,-13.141070365905762,-8.865503311157227,-0.01607177034020424,-4.277435779571533,4.0,4
905,-12.303767204284668,-7.186579704284668,-0.7178296446800232,-0.6709546446800232,-9.139704704284668,4.0,4
906,-13.777573585510254,-14.886948585510254,-12.808823585510254,-4.433823585510254,-0.011948796920478344,2.0,5
907,-14.351582527160645,-13.703145027160645,-12.242207527160645,-2.2291887944447808e-05,-11.312520027160645,4.0,4
908,-14.035736083984375,-15.152923583984375,-12.863861083984375,-5.410736083984375,-0.004486020188778639,4.0,5
909,-13.904152870178223,-14.380715370178223,-11.607277870178223,-2.435403347015381,-0.09165322780609131,2.0,5
910,-14.083366394042969,-15.239616394042969,-13.333366394042969,-5.255241870880127,-0.005241699051111937,4.0,5
911,-15.338103294372559,-13.759978294372559,-8.806853294372559,-0.041228026151657104,-3.2131030559539795,3.0,4
912,-14.909521102905273,-14.159521102905273,-10.229833602905273,-0.1048332080245018,-2.3079581260681152,2.0,4
913,-13.9869384765625,-12.594892501831055,-8.610517501831055,-0.07358574122190475,-2.6517107486724854,2.0,4
914,-8.533248901367188,-1.5019986629486084,-0.2662046551704407,-4.541772842407227,-9.783248901367188,4.0,3
915,-13.424346923828125,-3.947783946990967,-0.02590906247496605,-5.072783946990967,-11.619659423828125,3.0,3
916,-13.797688484191895,-11.823257446289062,-6.198256492614746,-0.005076257977634668,-6.135756492614746,2.0,4
917,-12.63339900970459,-13.059535026550293,-11.021183013916016,-1.4473203420639038,-0.26834237575531006,4.0,5
918,-13.467140197753906,-14.006202697753906,-11.404640197753906,-1.2015156745910645,-0.3577656149864197,4.0,5
919,-13.18417739868164,-13.191279411315918,-10.76230239868164,-0.5492355823516846,-0.8617355823516846,4.0,4
920,-13.869854927062988,-14.229229927062988,-11.260479927062988,-1.791730284690857,-0.18235526978969574,4.0,5
921,-13.669172286987305,-14.473859786987305,-11.997297286987305,-2.622297763824463,-0.07542276382446289,3.0,5
922,-14.217181205749512,-11.575136184692383,-5.573715686798096,-0.005533733870834112,-7.349283695220947,5.0,4
923,-11.155940055847168,-3.163752794265747,-0.07000269740819931,-3.679377794265747,-9.726252555847168,1.0,3
924,-14.118825912475586,-5.236013412475586,-0.03288819268345833,-3.611013174057007,-12.368825912475586,2.0,3
925,-14.754813194274902,-13.04316520690918,-9.044587135314941,-0.024699103087186813,-3.7278242111206055,3.0,4
926,-12.790778160095215,-14.165778160095215,-12.157965660095215,-4.064215660095215,-0.01734059676527977,3.0,5
927,-11.684083938598633,-12.848146438598633,-10.410646438598633,-2.7387712001800537,-0.06689613312482834,2.0,5
928,-12.006049156188965,-8.795822143554688,-1.9776407480239868,-0.15945875644683838,-6.006048679351807,5.0,4
929,-12.32374382019043,-7.73780632019043,-2.2534313201904297,-0.11280626803636551,-6.76905632019043,1.0,4
930,-12.309377670288086,-5.200003147125244,-0.3875029981136322,-1.1531280279159546,-9.973440170288086,2.0,3
931,-15.14350700378418,-12.54194450378418,-5.963819980621338,-0.010694807395339012,-4.823194980621338,3.0,4
932,-13.9692964553833,-15.1177339553833,-13.4849214553833,-3.74273419380188,-0.02398429438471794,4.0,5
933,-13.968074798583984,-9.039097785949707,-0.999325692653656,-0.45955365896224976,-9.905574798583984,2.0,4
934,-15.387672424316406,-11.567359924316406,-2.9892349243164062,-0.05173501744866371,-10.082984924316406,5.0,4
935,-12.904022216796875,-13.872772216796875,-11.622772216796875,-3.864959716796875,-0.021209806203842163,3.0,5
936,-13.808773040771484,-13.433773040771484,-9.269710540771484,-0.23846067488193512,-1.550960659980774,2.0,4
937,-12.899752616882324,-13.352877616882324,-11.782565116882324,-3.7122530937194824,-0.024753063917160034,3.0,5
938,-14.542407035827637,-12.768969535827637,-6.300220012664795,-0.003344777040183544,-6.675220012664795,3.0,4
939,-12.98866081237793,-3.2620980739593506,-0.04334802180528641,-5.4964728355407715,-11.84803581237793,1.0,3
940,-12.847271919250488,-12.62710189819336,-9.871419906616211,-0.3685799837112427,-1.178238034248352,4.0,4
941,-9.749931335449219,-5.8749308586120605,-1.3351589441299438,-0.44027289748191833,-4.0780558586120605,2.0,4
942,-13.350090980529785,-14.115715980529785,-11.803215980529785,-3.5297787189483643,-0.029778650030493736,2.0,5
943,-12.262406349182129,-11.751043319702148,-8.689963340759277,-0.3661009967327118,-1.1899631023406982,4.0,4
944,-13.708709716796875,-13.950897216796875,-11.802459716796875,-2.974334955215454,-0.052460018545389175,2.0,5
945,-15.696208953857422,-11.321208953857422,-2.1962084770202637,-0.11808350682258606,-9.618083953857422,1.0,4
946,-12.540196418762207,-12.751133918762207,-9.883946418762207,-0.8526960611343384,-0.5558210611343384,3.0,5
947,-13.809575080871582,-11.94167709350586,-6.174630641937256,-0.009858726523816586,-4.924630641937256,3.0,4
948,-13.655804634094238,-14.302111625671387,-12.071998596191406,-2.4484190940856934,-0.09046497941017151,3.0,5
949,-12.68111801147461,-13.178277969360352,-11.125720977783203,-1.9566879272460938,-0.15271000564098358,3.0,5
950,-14.051676750183105,-11.026108741760254,-4.612757205963135,-0.01048308052122593,-7.837189197540283,3.0,4
951,-8.803801536560059,-1.2327793836593628,-0.35209739208221436,-5.309483528137207,-8.933062553405762,1.0,3
952,-12.374712944030762,-11.390337944030762,-7.6325249671936035,-0.21065004169940948,-1.663775086402893,3.0,4
953,-14.464949607849121,-13.918074607849121,-10.886824607849121,-0.07432463020086288,-2.636824607849121,4.0,4
954,-15.291227340698242,-13.580289840698242,-7.017789363861084,-0.0021645228844136,-6.705289363861084,4.0,4
955,-14.070728302001953,-15.016040802001953,-13.414478302001953,-4.805103302001953,-0.008228212594985962,3.0,5
956,-13.883164405822754,-13.570664405822754,-10.515976905822754,-0.7659772634506226,-0.6253522634506226,2.0,5
957,-13.777423858642578,-14.613361358642578,-12.027423858642578,-1.55086088180542,-0.2383609265089035,3.0,5
958,-14.794212341308594,-13.125178337097168,-8.700462341308594,-0.04989440739154816,-3.032848358154297,2.0,4
959,-14.213273048400879,-13.183443069458008,-9.213273048400879,-0.05134134739637375,-3.0087273120880127,4.0,4
960,-10.864205360412598,-1.348580241203308,-0.3017052412033081,-7.114205360412598,-13.465767860412598,4.0,3
961,-14.912150382995605,-10.826212882995605,-2.0449628829956055,-0.13871285319328308,-9.748087882995605,3.0,4
962,-9.534026145935059,-0.15902608633041382,-1.9331750869750977,-6.096526145935059,-11.721526145935059,1.0,2
963,-15.488261222839355,-11.066386222839355,-2.1132614612579346,-0.1288863569498062,-10.097636222839355,2.0,4
964,-14.66821575164795,-15.09009075164795,-12.11352825164795,-2.004153251647949,-0.1447782963514328,5.0,5
965,-14.435845375061035,-14.482720375061035,-11.537407875061035,-0.6624079942703247,-0.7249079942703247,4.0,4
966,-13.172870635986328,-13.899433135986328,-11.672870635986328,-3.0634961128234863,-0.04787110537290573,4.0,5
967,-15.228118896484375,-15.142891883850098,-13.644311904907227,-5.284937858581543,-0.005106738768517971,3.0,5
968,-13.657941818237305,-13.892316818237305,-11.275129318237305,-2.322004556655884,-0.10325463861227036,5.0,5
969,-13.476354598999023,-13.398229598999023,-10.528911590576172,-0.37266290187835693,-1.1681169271469116,4.0,4
970,-13.108094215393066,-14.092469215393066,-12.420594215393066,-5.037781238555908,-0.006531439255923033,5.0,5
971,-13.546086311340332,-13.496370315551758,-10.12989330291748,-1.5219404697418213,-0.24637052416801453,4.0,5
972,-15.503833770751953,-12.861077308654785,-7.025139808654785,-0.00951458141207695,-4.759514808654785,4.0,4
973,-16.120262145996094,-16.42281723022461,-14.85250473022461,-6.969692707061768,-0.0009425011812709272,4.0,5
974,-13.011419296264648,-14.144231796264648,-12.261419296264648,-4.480169296264648,-0.011419175192713737,3.0,5
975,-14.703721046447754,-13.641221046447754,-9.633408546447754,-0.19590844213962555,-1.7271584272384644,2.0,4
976,-12.14491081237793,-15.042637825012207,-13.977296829223633,-12.663376808166504,-2.4437606043647975e-05,4.0,5
977,-11.02060604095459,-3.8331058025360107,-0.12998075783252716,-2.3018558025360107,-9.47373104095459,4.0,3
978,-11.336285591125488,-5.846228122711182,-0.5905463099479675,-0.8178202509880066,-7.735432147979736,4.0,3
979,-12.558568000793457,-8.97192096710205,-1.7418071031570435,-0.19351112842559814,-8.077034950256348,4.0,4
980,-13.635832786560059,-14.174895286560059,-11.901457786560059,-2.463958263397217,-0.08895821124315262,3.0,5
981,-0.73643958568573,-0.65831458568573,-5.6739397048950195,-11.00206470489502,-14.26768970489502,2.0,2
982,-12.839115142822266,-12.668661117553711,-10.175764083862305,-0.658719539642334,-0.7297415733337402,4.0,4
983,-14.343216896057129,-12.752307891845703,-8.455431938171387,-0.01793348416686058,-4.052023410797119,3.0,4
984,-13.017800331115723,-4.161265850067139,-0.0277439896017313,-4.445357799530029,-11.10728931427002,4.0,3
985,-12.21385669708252,-12.654197692871094,-10.65135669708252,-1.3828916549682617,-0.28914159536361694,3.0,5
986,-13.826059341430664,-13.568246841430664,-9.904184341430664,-0.7010588645935059,-0.6854338645935059,3.0,5
987,-14.848834991455078,-10.372272491455078,-1.950397253036499,-0.15352225303649902,-9.887897491455078,2.0,4
988,-11.687612533569336,-4.912045478820801,-0.18193161487579346,-1.843863606452942,-7.501532554626465,3.0,3
989,-15.328146934509277,-16.671897888183594,-15.437521934509277,-10.765646934509277,-2.2053474822314456e-05,3.0,5
990,-13.900856018066406,-5.626708030700684,-0.0443221777677536,-3.226140260696411,-10.996026992797852,3.0,3
991,-10.248783111572266,-11.520090103149414,-10.95901107788086,-10.390829086303711,-0.00020549570035655051,3.0,5
992,-6.333914756774902,-0.35380086302757263,-1.2202788591384888,-6.930506706237793,-10.267863273620605,2.0,2
993,-14.867341041564941,-12.328278541564941,-5.570466041564941,-0.007966057397425175,-5.492341041564941,1.0,4
994,-15.921396255493164,-12.390146255493164,-4.218271255493164,-0.015146362595260143,-8.124521255493164,2.0,4
995,-10.824325561523438,-3.3101203441619873,-0.08568830043077469,-3.0970523357391357,-8.11125659942627,4.0,3
996,-12.935637474060059,-6.01802396774292,-0.20836596190929413,-1.6856379508972168,-8.635921478271484,4.0,3
997,-13.836956024169922,-13.346899032592773,-10.250308990478516,-0.16508080065250397,-1.8838307857513428,2.0,4
998,-14.072986602783203,-12.290315628051758,-7.205089569091797,-0.003385766176506877,-5.983497619628906,1.0,4
999,-13.704813957214355,-8.345438957214355,-1.0641884803771973,-0.42356351017951965,-10.361063957214355,1.0,4
1000,-15.155943870544434,-10.874693870544434,-3.0934441089630127,-0.046569112688302994,-10.296568870544434,3.0,4
1001,-13.975393295288086,-13.393007278442383,-9.934200286865234,-0.03363193944096565,-3.414314031600952,4.0,4
1002,-14.089436531066895,-12.818129539489746,-8.670403480529785,-0.005629756022244692,-5.24710750579834,4.0,4
1003,-14.119449615478516,-14.830387115478516,-13.025699615478516,-4.603824138641357,-0.01007436215877533,4.0,5
1004,-13.426636695861816,-13.864136695861816,-11.239136695861816,-0.8797617554664612,-0.5360117554664612,1.0,5
1005,-16.04347801208496,-11.831829071044922,-3.8914883136749268,-0.020749406889081,-9.47387409210205,1.0,4
1006,-16.32954978942871,-13.368613243103027,-6.688925743103027,-0.0014256800059229136,-8.892050743103027,4.0,4
1007,-15.439650535583496,-11.931838035583496,-4.666213512420654,-0.009963304735720158,-7.619338512420654,3.0,4
1008,-11.306300163269043,-1.5406749248504639,-0.24379998445510864,-6.165675163269043,-12.360987663269043,3.0,3
1009,-12.937487602233887,-5.429675579071045,-0.07030053436756134,-2.757800579071045,-9.820300102233887,3.0,3
1010,-14.191231727600098,-12.898618698120117,-8.267937660217285,-0.043505653738975525,-3.2224817276000977,2.0,4
1011,-12.282153129577637,-14.250903129577637,-12.836840629577637,-7.032153606414795,-0.0009034366230480373,1.0,5
1012,-14.319823265075684,-12.56556224822998,-7.0897111892700195,-0.0158469807356596,-6.876641273498535,2.0,4
1013,-11.756219863891602,-12.494855880737305,-10.847128868103027,-2.2178685665130615,-0.11559461057186127,4.0,5
1014,-13.656678199768066,-14.383240699768066,-12.219178199768066,-2.7973029613494873,-0.06292795389890671,3.0,5
1015,-12.648802757263184,-13.138859748840332,-11.67579174041748,-3.8845977783203125,-0.02096177265048027,3.0,5
1016,-13.900415420532227,-11.961495399475098,-6.613483905792236,-0.008371618576347828,-5.634790897369385,2.0,4
1017,-13.715875625610352,-13.629938125610352,-10.044000625610352,-1.169000267982483,-0.3721252679824829,2.0,5
1018,-13.10568618774414,-13.80881118774414,-12.097163200378418,-4.135515213012695,-0.016197048127651215,3.0,5
1019,-14.552667617797852,-13.865167617797852,-10.044855117797852,-0.09172990173101425,-2.4354798793792725,4.0,4
1020,-13.582416534423828,-14.262104034423828,-11.879291534423828,-2.16835355758667,-0.12147857248783112,3.0,5
1021,-13.317934036254883,-14.060121536254883,-11.849184036254883,-3.560121536254883,-0.02887163870036602,3.0,5
1022,-9.752737045288086,-3.836543560028076,-0.5268856287002563,-0.9530216455459595,-6.391940593719482,1.0,3
1023,-14.610029220581055,-10.242131233215332,-1.0645744800567627,-0.42394953966140747,-8.142699241638184,4.0,4
1024,-14.434830665588379,-12.680569648742676,-7.510115623474121,-0.237387552857399,-1.558409571647644,4.0,4
1025,-16.856273651123047,-15.36479663848877,-8.25115966796875,-0.0011595914838835597,-7.26678466796875,1.0,4
1026,-15.518783569335938,-12.190658569335938,-3.9875330924987793,-0.018783200532197952,-10.112533569335938,2.0,4
1027,-13.207295417785645,-13.647636413574219,-12.305306434631348,-5.50132942199707,-0.0041714804247021675,1.0,5
1028,-12.256021499633789,-9.216958999633789,-4.310708999633789,-0.02945888787508011,-4.170083999633789,2.0,4
1029,-9.704419136047363,-1.5716062784194946,-0.24348129332065582,-4.790356159210205,-11.345044136047363,1.0,3
1030,-12.626571655273438,-8.212509155273438,-1.8843841552734375,-0.16563409566879272,-8.368759155273438,5.0,4
1031,-13.29394817352295,-9.53613567352295,-3.020510196685791,-0.05176026001572609,-6.473635196685791,4.0,4
1032,-13.22669506072998,-12.57825756072998,-10.98450756072998,-0.00013469743134919554,-9.17200756072998,4.0,4
1033,-12.41755485534668,-10.37849235534668,-5.1363043785095215,-0.07380445301532745,-2.7300543785095215,3.0,4
1034,-15.24703598022461,-12.70016098022461,-5.364223480224609,-0.004848509095609188,-9.05172348022461,3.0,4
1035,-16.451181411743164,-13.099618911743164,-5.146494388580322,-0.0058691781014204025,-10.521493911743164,2.0,4
1036,-14.444830894470215,-13.216137886047363,-9.870967864990234,-0.15506024658679962,-1.9419903755187988,5.0,4
1037,-11.921673774719238,-12.823662757873535,-11.566559791564941,-4.023946285247803,-0.018264444544911385,2.0,5
1038,-12.005491256713867,-12.516855239868164,-10.641855239868164,-1.9202646017074585,-0.15890060365200043,3.0,5
1039,-13.335586547851562,-11.979052543640137,-7.369677543640137,-0.01172331441193819,-4.7986555099487305,3.0,4
1040,-13.633899688720703,-7.235462188720703,-0.17296212911605835,-1.8448371887207031,-10.547962188720703,3.0,3
1041,-14.055949211120605,-11.626261711120605,-4.837199687957764,-0.009074634872376919,-7.274699687957764,2.0,4
1042,-15.321882247924805,-12.864496231079102,-8.14858627319336,-0.009382086805999279,-4.836086273193359,4.0,4
1043,-13.81041431427002,-13.87291431427002,-10.54478931427002,-0.68541419506073,-0.70103919506073,3.0,4
1044,-13.184782981872559,-14.216032981872559,-11.723845481872559,-3.3332207202911377,-0.03634577989578247,4.0,5
1045,-10.730154037475586,-6.376461029052734,-0.694642961025238,-0.7088469862937927,-7.598052978515625,4.0,3
1046,-14.603981971740723,-13.314919471740723,-8.033669471740723,-0.096169114112854,-2.3930439949035645,4.0,4
1047,-13.318391799926758,-12.623079299926758,-8.560579299926758,-0.6855795979499817,-0.7012045979499817,4.0,4
1048,-12.251425743103027,-10.649863243103027,-5.860800743103027,-0.25142577290534973,-1.5170507431030273,4.0,4
1049,-13.625360488891602,-8.109735488891602,-1.3597354888916016,-0.29723548889160156,-9.672235488891602,3.0,4
1050,-14.858189582824707,-12.319127082824707,-5.194127082824707,-0.006626891903579235,-6.912877082824707,4.0,4
1051,-17.07059097290039,-15.330534934997559,-7.797863483428955,-0.0009885906474664807,-7.938488483428955,3.0,4
1052,-13.705545425415039,-13.400857925415039,-12.175716400146484,-1.2680455446243286,-0.330545574426651,2.0,5
1053,-15.00139045715332,-15.60295295715332,-13.36857795715332,-3.2279531955718994,-0.04045315831899643,2.0,5
1054,-16.09421730041504,-13.812967300415039,-8.625467300415039,-0.0004674295778386295,-8.203592300415039,1.0,4
1055,-12.802152633666992,-4.123176097869873,-0.03226613253355026,-4.16579008102417,-11.268061637878418,2.0,3
1056,-15.450955390930176,-14.411892890930176,-9.443142890930176,-0.052517592906951904,-2.9743926525115967,2.0,4
1057,-14.526338577270508,-11.713838577270508,-4.796225547790527,-0.009293746203184128,-8.603043556213379,3.0,4
1058,-13.294055938720703,-8.848033905029297,-1.1207600831985474,-0.39632999897003174,-7.464509963989258,3.0,4
1059,-14.108658790588379,-14.593033790588379,-12.436783790588379,-2.421158790588379,-0.09303374588489532,3.0,5
1060,-11.34705638885498,-12.170920372009277,-10.260409355163574,-1.9081376791000366,-0.16097770631313324,4.0,5
1061,-10.480233192443848,-4.606654167175293,-0.1890401691198349,-1.8225622177124023,-8.32824420928955,2.0,3
1062,-10.769271850585938,-4.2067718505859375,-0.2536466121673584,-1.5661466121673584,-8.722396850585938,2.0,3
1063,-12.854013442993164,-9.927877426147461,-3.67787766456604,-0.027309557422995567,-7.072763442993164,3.0,4
1064,-13.778218269348145,-14.504780769348145,-12.176655769348145,-2.9891557693481445,-0.05165577307343483,2.0,5
1065,-12.525774002075195,-12.830461502075195,-9.478899002075195,-0.7913988828659058,-0.6038988828659058,1.0,5
1066,-14.397359848022461,-12.664405822753906,-8.374632835388184,-0.00815656129270792,-4.922928810119629,5.0,4
1067,-12.857878684997559,-12.829469680786133,-9.889128684997559,-0.42890211939811707,-1.0539021492004395,4.0,4
1068,-14.651978492736816,-14.894165992736816,-11.987915992736816,-1.6129157543182373,-0.22229069471359253,4.0,5
1069,-12.713294982910156,-4.705482482910156,-0.0648573711514473,-2.9242324829101562,-10.377357482910156,3.0,3
1070,-14.518522262573242,-15.799772262573242,-14.182584762573242,-5.846647262573242,-0.002897114958614111,3.0,5
1071,-13.616828918457031,-14.390266418457031,-11.804328918457031,-2.694953680038452,-0.06995368003845215,2.0,5
1072,-14.457071304321289,-15.128946304321289,-13.011758804321289,-3.1680092811584473,-0.043009161949157715,3.0,5
1073,-14.76208782196045,-15.37927532196045,-12.60583782196045,-2.16833758354187,-0.1214626356959343,4.0,5
1074,-11.203455924987793,-2.4392518997192383,-0.09550178796052933,-5.578455924987793,-10.176466941833496,4.0,3
1075,-14.266692161560059,-13.478340148925781,-10.211295127868652,-0.04083980992436409,-3.2226579189300537,3.0,4
1076,-14.371965408325195,-14.801652908325195,-12.176652908325195,-2.9891531467437744,-0.051653169095516205,3.0,5
1077,-14.675287246704102,-15.909662246704102,-13.886224746704102,-4.495599269866943,-0.011224458925426006,3.0,5
1078,-14.687949180603027,-16.0302791595459,-14.80158519744873,-7.727722644805908,-0.00044848397374153137,3.0,5
1079,-13.718700408935547,-11.882762908935547,-6.382762432098389,-0.007762623019516468,-5.117137432098389,4.0,4
1080,-12.578404426574707,-13.695591926574707,-11.281529426574707,-3.078404664993286,-0.047154705971479416,4.0,5
1081,-14.91594409942627,-13.14250659942627,-8.40813159942627,-0.001881259260699153,-6.486256122589111,3.0,4
1082,-12.468501091003418,-13.61906909942627,-12.077876091003418,-5.529581069946289,-0.004012866877019405,2.0,5
1083,-13.924800872802734,-14.581050872802734,-12.190425872802734,-3.3935511112213135,-0.03417608141899109,2.0,5
1084,-15.289628028869629,-10.938065528869629,-2.7974400520324707,-0.0630650669336319,-9.141190528869629,4.0,4
1085,-13.601021766662598,-14.374459266662598,-12.163521766662598,-4.2025837898254395,-0.015083895064890385,4.0,5
1086,-14.112192153930664,-14.924692153930664,-12.565317153930664,-4.002816677093506,-0.018441762775182724,4.0,5
1087,-14.318243980407715,-13.402050018310547,-10.511425018310547,-0.07108382135629654,-2.6847217082977295,3.0,4
1088,-10.218297958374023,-1.7182976007461548,-0.20267263054847717,-5.515172481536865,-11.194860458374023,3.0,3
1089,-15.371133804321289,-12.902383804321289,-5.691446781158447,-0.00394661258906126,-7.550821781158447,2.0,4
1090,-11.663675308227539,-6.571345806121826,-0.5060058832168579,-0.932141900062561,-7.017367839813232,4.0,3
1091,-13.079182624816895,-14.008870124816895,-11.876057624816895,-2.9151206016540527,-0.05574551969766617,2.0,5
1092,-13.647880554199219,-14.694755554199219,-12.155693054199219,-3.4994430541992188,-0.03069305047392845,4.0,5
1093,-13.658000946044922,-13.337688446044922,-10.368938446044922,-0.08768846094608307,-2.478313446044922,3.0,4
1094,-13.151481628417969,-7.2494940757751465,-0.40290209650993347,-1.1060271263122559,-10.97818660736084,1.0,3
1095,-11.841121673583984,-12.057740211486816,-8.346802711486816,-1.7530524730682373,-0.1905525177717209,4.0,5
1096,-13.277039527893066,-13.879311561584473,-11.144936561584473,-3.9261860847473145,-0.019936183467507362,5.0,5
1097,-0.002190929837524891,-6.468099117279053,-8.921223640441895,-9.936848640441895,-10.598780632019043,4.0,1
1098,-0.13788972795009613,-2.0555036067962646,-7.240161895751953,-11.274252891540527,-12.187604904174805,1.0,1
1099,-0.3610878884792328,-1.270177960395813,-3.8412017822265625,-8.102564811706543,-8.295745849609375,2.0,1
1100,-11.612164497375488,-8.373528480529785,-2.3508002758026123,-0.10648227483034134,-8.671823501586914,3.0,4
1101,-9.014571189880371,-1.9549126625061035,-0.17934459447860718,-3.8015027046203613,-9.667980194091797,4.0,3
1102,-7.08704137802124,-0.41090521216392517,-1.0927232503890991,-7.143859386444092,-12.534482955932617,1.0,2
1103,-0.04812050610780716,-3.073688507080078,-7.448688507080078,-10.843574523925781,-9.305221557617188,1.0,1
1104,-14.1128511428833,-16.165407180786133,-14.588703155517578,-6.1895551681518555,-0.0020550815388560295,5.0,5
1105,-14.127524375915527,-12.572127342224121,-8.06928539276123,-0.04371883347630501,-3.174398899078369,1.0,4
1106,-12.13355541229248,-4.669066429138184,-0.16622616350650787,-1.9417941570281982,-8.339520454406738,1.0,3
1107,-3.044903516769409,-0.060528464615345,-4.51365327835083,-8.966778755187988,-12.357403755187988,5.0,2
1108,-12.819387435913086,-12.683733940124512,-9.832171440124512,-3.9415462017059326,-0.01967111974954605,5.0,5
1109,-15.546221733093262,-0.0007669368060305715,-7.203891754150391,-11.34451675415039,-14.03201675415039,5.0,2
1110,-11.642809867858887,-13.439684867858887,-11.380025863647461,-4.1215033531188965,-0.016391150653362274,4.0,5
1111,-11.720199584960938,-0.0014494876377284527,-6.734403610229492,-10.30684757232666,-12.629290580749512,3.0,2
1112,-14.925118446350098,-16.29585838317871,-14.491880416870117,-7.822845935821533,-0.00040284625720232725,5.0,5
1113,-1.556589961051941,-0.37761202454566956,-2.2952260971069336,-6.130454063415527,-7.768237113952637,3.0,2
1114,-5.4507293701171875,-0.8101043701171875,-0.6226043701171875,-4.2476043701171875,-10.349166870117188,1.0,3
1115,-0.0022743092849850655,-6.1215925216674805,-9.757956504821777,-12.840343475341797,-11.476706504821777,1.0,1
1116,-10.686521530151367,-3.733396291732788,-0.1396462321281433,-2.2419183254241943,-9.500441551208496,2.0,3
1117,-8.285269737243652,-1.050895094871521,-0.5437940359115601,-2.7028841972351074,-6.6290202140808105,3.0,3
1118,-0.02429790049791336,-3.7430479526519775,-8.196172714233398,-12.133672714233398,-11.336797714233398,1.0,1
1119,-12.576009750366211,-13.771322250366211,-10.888509750366211,-1.8572593927383423,-0.16975942254066467,5.0,5
1120,-13.111742973327637,-14.275805473327637,-11.267992973327637,-2.767993211746216,-0.06486831605434418,5.0,5
1121,-10.712449073791504,-11.259324073791504,-8.546256065368652,-2.5661425590515137,-0.08034662902355194,5.0,5
1122,-1.2613803148269653,-0.3522902727127075,-4.301154136657715,-9.840926170349121,-13.512801170349121,3.0,2
1123,-2.49554443359375,-0.15179447829723358,-2.8790664672851562,-6.165998458862305,-10.705060958862305,3.0,2
1124,-12.70246696472168,-14.04479694366455,-10.568943977355957,-5.053318977355957,-0.006444150116294622,2.0,5
1125,-9.825139045715332,-3.8805365562438965,-0.3862186372280121,-1.2100826501846313,-7.815195560455322,3.0,3
1126,-15.888511657714844,-15.490784645080566,-10.009249687194824,-0.0404999814927578,-3.2279999256134033,1.0,4
1127,-12.229738235473633,-11.874624252319336,-7.130306720733643,-0.14167055487632751,-2.030874490737915,4.0,4
1128,-12.823283195495605,-12.645726203918457,-8.945442199707031,-0.25226107239723206,-1.5022610425949097,5.0,4
1129,-14.058008193969727,-2.8889734745025635,-0.060848429799079895,-5.685848236083984,-12.279598236083984,4.0,3
1130,-5.781787872314453,-0.7107639312744141,-0.6965599060058594,-4.929513931274414,-9.830081939697266,2.0,3
1131,-10.498781204223633,-11.855315208435059,-8.815543174743652,-1.4149751663208008,-0.2786111533641815,4.0,5
1132,-14.430490493774414,-16.52566146850586,-14.156342506408691,-9.345263481140137,-9.238292841473594e-05,5.0,5
1133,-0.4885028004646301,-0.9572528004646301,-6.099297046661377,-8.85923957824707,-11.67955207824707,1.0,1
1134,-11.356182098388672,-2.8952441215515137,-0.06711921095848083,-4.645244121551514,-11.973369598388672,1.0,3
1135,-16.957561492919922,-14.804863929748535,-8.781426429748535,-0.00017617580306250602,-11.156426429748535,5.0,4
1136,-13.451188087463379,-10.169938087463379,-0.9625508189201355,-0.48243874311447144,-7.946925640106201,5.0,4
1137,-14.312771797180176,-13.673566818237305,-6.630952835083008,-0.0016918168403208256,-8.255952835083008,5.0,4
1138,-12.260523796081543,-12.104273796081543,-9.504841804504395,-0.34291020035743713,-1.2377980947494507,3.0,4
1139,-12.760644912719727,-14.8416109085083,-10.766325950622559,-7.3060994148254395,-0.0007005859515629709,5.0,5
1140,-11.14417839050293,-8.1896333694458,-2.621450901031494,-0.07883697748184204,-7.195314884185791,3.0,4
1141,-10.987987518310547,-12.82037353515625,-10.299067497253418,-3.5519087314605713,-0.029180705547332764,3.0,5
1142,-6.244527816772461,-0.06128905713558197,-2.858164072036743,-8.951913833618164,-13.389413833618164,1.0,2
1143,-12.48962116241455,-13.270160675048828,-10.762348175048828,-4.402973175048828,-0.012348154559731483,5.0,5
1144,-11.065677642822266,-12.649484634399414,-10.710564613342285,-3.565678596496582,-0.028746549040079117,1.0,5
1145,-12.787447929382324,-12.446538925170898,-7.936595439910889,-0.08148333430290222,-2.5530734062194824,5.0,4
1146,-11.323561668395996,-1.9201518297195435,-0.7127658128738403,-1.0139018297195435,-8.467026710510254,5.0,3
1147,-0.6224329471588135,-0.7744200229644775,-6.290044784545898,-8.040044784545898,-9.159363746643066,3.0,1
1148,-13.416144371032715,-14.332337379455566,-13.259894371032715,-5.472962856292725,-0.004212791565805674,2.0,5
1149,-4.830827236175537,-0.01974627561867237,-4.532531261444092,-7.12912130355835,-11.769745826721191,4.0,2
1150,-6.177555561065674,-0.9744306802749634,-0.5056806802749634,-4.052555561065674,-10.630681037902832,2.0,3
1151,-10.032105445861816,-1.7465935945510864,-0.23096856474876404,-3.449718475341797,-10.012218475341797,2.0,3
1152,-10.017539978027344,-1.9834486246109009,-0.40106257796287537,-1.6510626077651978,-7.428761005401611,5.0,3
1153,-0.042556747794151306,-3.1988067626953125,-7.0894317626953125,-11.855056762695312,-12.573806762695312,3.0,1
1154,-15.185959815979004,-12.717209815979004,-5.725021839141846,-0.0062719183042645454,-5.818771839141846,2.0,4
1155,-0.07462472468614578,-2.7024667263031006,-5.92689847946167,-7.615817546844482,-7.131442546844482,5.0,1
1156,-12.129711151123047,-7.2291436195373535,-0.737665593624115,-0.652439534664154,-8.933688163757324,4.0,4
1157,-10.705757141113281,-1.3449629545211792,-0.32223498821258545,-4.21428108215332,-9.94581413269043,2.0,3
1158,-15.087043762207031,-0.00039545822073705494,-7.85977029800415,-12.219145774841309,-14.680083274841309,1.0,2
1159,-12.558868408203125,-14.61852741241455,-10.688129425048828,-7.41682243347168,-0.0006294653285294771,5.0,5
1160,-13.130430221557617,-14.913101196289062,-11.184407234191895,-4.3875322341918945,-0.012532410211861134,4.0,5
1161,-0.11610167473554611,-2.2297377586364746,-6.370362758636475,-10.151612281799316,-8.495362281799316,1.0,1
1162,-15.170164108276367,-12.833516120910645,-6.072153091430664,-0.0025500894989818335,-8.742607116699219,4.0,4
1163,-10.37315845489502,-10.092617988586426,-8.483954429626465,-0.8504307270050049,-0.5578186511993408,5.0,5
1164,-11.367816925048828,-11.09224796295166,-9.79821491241455,-1.4516228437423706,-0.2669648230075836,5.0,5
1165,-10.515542030334473,-1.9374171495437622,-1.0198050737380981,-0.7030421495437622,-10.053894996643066,4.0,4
1166,-12.7864408493042,-9.91002082824707,-3.3816113471984863,-0.06911132484674454,-3.4441113471984863,2.0,4
1167,-12.17193603515625,-6.831027507781982,-0.6946633458137512,-0.6946633458137512,-8.319663047790527,4.0,3
1168,-12.745463371276855,-10.173019409179688,-4.719894886016846,-0.03239482268691063,-3.7823948860168457,1.0,4
1169,-6.063946723937988,-0.09803864359855652,-2.399174690246582,-8.379288673400879,-12.896332740783691,4.0,2
1170,-11.277484893798828,-11.412428855895996,-4.402485370635986,-0.04169110208749771,-3.5644171237945557,2.0,4
1171,-5.04075813293457,-1.2737141847610474,-0.3376332223415375,-8.219736099243164,-13.241043090820312,5.0,3
1172,-0.375804603099823,-1.1712586879730225,-5.759326457977295,-9.928360939025879,-12.605917930603027,2.0,1
1173,-0.07173646241426468,-2.7279865741729736,-5.6029863357543945,-9.509236335754395,-9.723725318908691,4.0,1
1174,-11.829131126403809,-7.3049845695495605,-2.2197563648223877,-0.1189035028219223,-7.400153636932373,1.0,4
1175,-13.26778793334961,-14.59591293334961,-11.918355941772461,-2.435401201248169,-0.09165126830339432,3.0,5
1176,-12.717988967895508,-14.536170959472656,-11.328073501586914,-4.867135524749756,-0.007760612294077873,2.0,5
1177,-10.462316513061523,-2.0248162746429443,-0.20663419365882874,-2.9083383083343506,-10.00208854675293,3.0,3
1178,-10.487455368041992,-4.720409393310547,-0.2743873596191406,-1.467569351196289,-8.356773376464844,3.0,3
1179,-13.266847610473633,-15.204347610473633,-13.001222610473633,-4.712159633636475,-0.009034823626279831,3.0,5
1180,-15.73322582244873,-13.765896797180176,-8.957658767700195,-0.00027092601521871984,-9.28436279296875,2.0,4
1181,-6.6316914558410645,-0.5237374305725098,-0.9072613716125488,-5.907259464263916,-11.148736953735352,4.0,2
1182,-12.638218879699707,-7.716343879699707,-0.9123680591583252,-0.5146400928497314,-9.179411888122559,3.0,4
1183,-13.682112693786621,-11.98466968536377,-5.826998233795166,-0.017340362071990967,-4.2701802253723145,4.0,4
1184,-10.9950590133667,-9.0341215133667,-3.0263094902038574,-0.15557238459587097,-2.3544344902038574,3.0,4
1185,-8.051319122314453,-10.75018310546875,-6.723194599151611,-5.849615573883057,-0.004444482736289501,4.0,5
1186,-9.36422061920166,-11.359959602355957,-6.426721096038818,-3.987802028656006,-0.020471008494496346,4.0,5
1187,-11.300360679626465,-14.081610679626465,-9.956610679626465,-5.679623603820801,-0.003485914785414934,4.0,5
1188,-10.856155395507812,-12.24891185760498,-7.363967418670654,-2.1139674186706543,-0.12959252297878265,3.0,5
1189,-10.360729217529297,-1.8919789791107178,-0.17322902381420135,-4.798229217529297,-12.852916717529297,2.0,3
1190,-12.75019645690918,-15.52363395690918,-13.29707145690918,-8.56269645690918,-0.00019667598826345056,4.0,5
1191,-13.673175811767578,-12.321613311767578,-7.58723783493042,-0.1184878721833229,-2.19661283493042,4.0,4
1192,-7.1205058097839355,-0.6205059289932251,-0.7767559289932251,-6.4330058097839355,-11.620506286621094,3.0,2
1193,-0.5845429301261902,-0.8260208964347839,-5.35727071762085,-9.789088249206543,-12.864372253417969,3.0,1
1194,-12.356609344482422,-5.765700340270996,-0.1264963001012802,-2.1577463150024414,-9.95604133605957,4.0,3
1195,-12.321889877319336,-13.74234390258789,-12.165639877319336,-5.034958839416504,-0.006548730190843344,5.0,5
1196,-6.055949687957764,-0.5729954838752747,-0.8428815007209778,-5.7150397300720215,-10.572994232177734,3.0,2
1197,-12.370810508728027,-8.081038475036621,-1.505753517150879,-0.2557535469532013,-5.740128517150879,2.0,4
1198,-0.1395401656627655,-2.085564136505127,-5.143801212310791,-9.151613235473633,-12.277323722839355,1.0,1
1199,-13.710503578186035,-13.667889595031738,-10.02158260345459,-2.0982882976531982,-0.13095735013484955,2.0,5
1200,-11.736655235290527,-7.233813762664795,-1.395745873451233,-0.2877918779850006,-7.276427745819092,5.0,4
1201,-7.156710147857666,-0.7788681983947754,-0.6226181983947754,-5.608414173126221,-9.622617721557617,4.0,3
1202,-0.3255801498889923,-1.3909201622009277,-3.8198981285095215,-6.802852153778076,-5.140920162200928,3.0,1
1203,-10.575279235839844,-10.234369277954102,-7.272722244262695,-0.5681763887405396,-0.8380643129348755,4.0,4
1204,-0.07313188910484314,-2.6583597660064697,-7.814610004425049,-11.195290565490723,-11.915460586547852,1.0,1
1205,-4.310074329376221,-1.8654735088348389,-0.18507452309131622,-7.320017337799072,-10.849137306213379,1.0,3
1206,-13.385391235351562,-14.651725769042969,-11.987663269042969,-5.722038269042969,-0.003288221312686801,4.0,5
1207,-14.03761100769043,-15.259202003479004,-11.348690032958984,-3.8955652713775635,-0.020565256476402283,4.0,5
1208,-9.024494171142578,-1.50886869430542,-0.2588686943054199,-4.99324369430542,-11.930744171142578,2.0,3
1209,-0.030237458646297455,-3.567169427871704,-6.500406742095947,-10.828531265258789,-11.703531265258789,1.0,1
1210,-9.043274879455566,-8.879922866821289,-8.813871383666992,-9.369979858398438,-0.01628689095377922,1.0,5
1211,-8.378092765808105,-0.8638885617256165,-0.5513885617256165,-6.176388740539551,-11.48888874053955,5.0,3
1212,-10.605182647705078,-11.876489639282227,-8.004329681396484,-1.0980799198150635,-0.4063188433647156,3.0,5
1213,-8.50444507598877,-1.1038769483566284,-0.42205896973609924,-4.385127067565918,-11.08257007598877,1.0,3
1214,-0.012455414980649948,-4.45847749710083,-7.2454094886779785,-10.88603401184082,-10.49540901184082,4.0,1
1215,-13.158575057983398,-12.292097091674805,-7.782154083251953,-0.026472050696611404,-3.6628360748291016,4.0,4
1216,-11.620691299438477,-12.472963333129883,-10.910463333129883,-4.781202793121338,-0.008475051261484623,3.0,5
1217,-0.18866729736328125,-1.765371322631836,-7.234121322631836,-11.481281280517578,-12.866933822631836,2.0,1
1218,-7.6588544845581055,-1.692946434020996,-0.20430855453014374,-8.042376518249512,-11.69649600982666,2.0,3
1219,-14.943121910095215,-7.649089336395264,-0.00562228774651885,-5.2769293785095215,-11.005621910095215,2.0,3
1220,-13.992096900939941,-15.511982917785645,-13.54465389251709,-7.39408540725708,-0.000618624035269022,1.0,5
1221,-0.022913800552487373,-3.801323652267456,-8.389391899108887,-11.137970924377441,-11.606720924377441,1.0,1
1222,-8.97920036315918,-11.493404388427734,-9.80306339263916,-6.408178329467773,-0.001928376266732812,5.0,5
1223,-10.917466163635254,-12.884795188903809,-10.576557159423828,-4.795307159423828,-0.00837528333067894,5.0,5
1224,-14.766220092773438,-13.601447105407715,-7.628435134887695,-0.0005952732171863317,-10.440935134887695,5.0,4
1225,-14.053630828857422,-13.1232328414917,-5.276641368865967,-0.005336444824934006,-8.995391845703125,3.0,4
1226,-11.942441940307617,-11.835907936096191,-8.050395965576172,-0.18107786774635315,-1.8003958463668823,3.0,4
1227,-10.983190536499023,-8.369553565979004,-0.9448371529579163,-0.5002360939979553,-8.085463523864746,5.0,4
1228,-11.301515579223633,-6.05293607711792,-0.6410041451454163,-0.7546401619911194,-8.212026596069336,2.0,3
1229,-1.1612193584442139,-0.43678730726242065,-3.2492873668670654,-6.297581195831299,-10.671161651611328,4.0,2
1230,-12.795348167419434,-14.372053146362305,-11.88625717163086,-3.864950656890869,-0.02120058797299862,2.0,5
1231,-13.581799507141113,-10.726686477661133,-4.604526042938232,-0.010776183567941189,-7.292026042938232,5.0,4
1232,-12.562543869018555,-10.055441856384277,-3.4432265758514404,-0.03413460776209831,-6.639248371124268,4.0,4
1233,-11.881204605102539,-11.810182571411133,-9.033193588256836,-0.7519432902336121,-0.6383072733879089,4.0,5
1234,-14.739686965942383,-13.397357940673828,-6.067812919616699,-0.0024710141588002443,-11.153039932250977,4.0,4
1235,-11.683188438415527,-12.741426467895508,-10.695972442626953,-3.579496383666992,-0.02835855446755886,4.0,5
1236,-12.179755210876465,-13.003619194030762,-10.461005210876465,-1.9808917045593262,-0.14850567281246185,4.0,5
1237,-11.445926666259766,-4.343653202056885,-0.015528248623013496,-6.033995151519775,-12.539676666259766,1.0,3
1238,-12.960878372192383,-11.277640342712402,-3.320253372192383,-0.04184533655643463,-5.368549346923828,5.0,4
1239,-10.796432495117188,-9.795012474060059,-5.853250503540039,-0.04359262064099312,-3.3106367588043213,1.0,4
1240,-13.341096878051758,-11.885130882263184,-4.432006359100342,-0.017234209924936295,-5.358144283294678,3.0,4
1241,-0.009312407113611698,-4.696812629699707,-9.65419864654541,-12.573232650756836,-11.593829154968262,4.0,1
1242,-10.799748420715332,-11.573185920715332,-7.377872943878174,-1.034123182296753,-0.44037312269210815,5.0,5
1243,-14.779118537902832,-12.693181037902832,-5.286930561065674,-0.00568072684109211,-8.552556037902832,5.0,4
1244,-13.975290298461914,-9.870177268981934,-1.3616539239883423,-0.29631391167640686,-9.998018264770508,2.0,4
1245,-0.012491794303059578,-4.50112771987915,-6.803684711456299,-10.545872688293457,-9.038060188293457,3.0,1
1246,-8.092859268188477,-5.692291259765625,-1.7988241910934448,-0.3925742208957672,-1.8613241910934448,1.0,4
1247,-10.4360933303833,-10.947457313537598,-6.306831359863281,-0.8849563002586365,-0.5355262160301208,5.0,5
1248,-0.007972916588187218,-4.965358734130859,-7.2664947509765625,-11.235244750976562,-8.875869750976562,1.0,1
1249,-15.290761947631836,-15.944170951843262,-13.42286491394043,-1.6004211902618408,-0.22542119026184082,4.0,5
1250,-11.391998291015625,-1.626373529434204,-0.22012348473072052,-6.985748291015625,-13.407623291015625,4.0,3
1251,-14.747787475585938,-14.505599975585938,-10.818099975585938,-0.05247494950890541,-2.9743499755859375,3.0,4
1252,-12.003581047058105,-11.960967063903809,-9.752161026000977,-0.4339803159236908,-1.0447744131088257,2.0,4
1253,-0.6272913813591003,-0.8119494318962097,-3.8517234325408936,-7.615927219390869,-8.922745704650879,3.0,1
1254,-11.57183837890625,-12.970985412597656,-10.350247383117676,-1.557633399963379,-0.23661141097545624,4.0,5
1255,-9.710241317749023,-10.953139305114746,-8.375014305114746,-3.0056967735290527,-0.051150739192962646,4.0,5
1256,-11.808391571044922,-10.07543659210205,-4.287085056304932,-0.025721097365021706,-4.485947132110596,5.0,4
1257,-13.781658172607422,-0.00040797016117721796,-7.828533172607422,-13.52171516418457,-14.492595672607422,1.0,2
1258,-0.2864427864551544,-1.5648527145385742,-3.2537717819213867,-8.255192756652832,-7.425646781921387,1.0,1
1259,-10.861056327819824,-14.934920310974121,-11.017306327819824,-6.412194728851318,-0.0016817011637613177,5.0,5
1260,-0.014704306609928608,-4.418114185333252,-6.304476261138916,-10.980613708496094,-9.054476737976074,1.0,1
1261,-15.021448135375977,-11.2643461227417,-0.00014161060971673578,-9.318323135375977,-12.184089660644531,2.0,3
1262,-0.019681287929415703,-3.954341173171997,-8.300930976867676,-11.78814697265625,-10.793118476867676,1.0,1
1263,-8.686994552612305,-1.357448697090149,-0.3063127100467682,-5.0648345947265625,-10.69693660736084,4.0,3
1264,-12.366898536682129,-6.244739532470703,-0.4066717326641083,-1.102693796157837,-8.773147583007812,4.0,3
1265,-15.442912101745605,-15.712798118591309,-11.26961612701416,-1.9102416038513184,-0.16024157404899597,4.0,5
1266,-14.511903762817383,-15.371278762817383,-12.423835754394531,-1.1582098007202148,-0.37695980072021484,3.0,5
1267,-15.661660194396973,-16.343477249145508,-12.925864219665527,-3.363363742828369,-0.0352388471364975,4.0,5
1268,-16.058794021606445,-12.386918067932129,-2.9309513568878174,-0.05595126003026962,-10.665326118469238,3.0,4
1269,-8.300823211669922,-1.8008232116699219,-0.2383231669664383,-3.066448211669922,-10.308635711669922,3.0,3
1270,-0.02121039107441902,-3.9984824657440186,-6.0609822273254395,-11.043937683105469,-8.420357704162598,1.0,1
1271,-14.846579551696777,-15.151976585388184,-12.240045547485352,-0.6931695938110352,-0.6931695938110352,4.0,4
1272,-8.889634132385254,-1.929405689239502,-0.2816796600818634,-2.304405689239502,-8.53096866607666,2.0,3
1273,-9.593990325927734,-2.7758095264434814,-0.11955952644348145,-3.0030815601348877,-7.861035346984863,2.0,3
1274,-11.163055419921875,-12.66163444519043,-10.39600944519043,-3.2227141857147217,-0.040896110236644745,4.0,5
1275,-10.981285095214844,-12.61480712890625,-9.660262107849121,-1.8619658946990967,-0.25685378909111023,5.0,5
1276,-10.455366134643555,-13.203946113586426,-11.385764122009277,-7.21673059463501,-0.0008223251206800342,3.0,5
1277,-7.831974983215332,-0.17572489380836487,-1.837656855583191,-6.496748924255371,-11.269474983215332,3.0,2
1278,-0.6859337687492371,-0.7285477519035339,-4.308093547821045,-8.75411605834961,-11.524002075195312,2.0,1
1279,-2.358647346496582,-0.1569433957338333,-3.012057304382324,-6.5518293380737305,-10.94245433807373,4.0,2
1280,-7.808443069458008,-0.7629892826080322,-0.6351473331451416,-5.677761077880859,-10.727477073669434,5.0,3
1281,-3.537238121032715,-0.1281481236219406,-2.400876045227051,-7.5713300704956055,-12.258830070495605,1.0,2
1282,-11.221696853637695,-12.846696853637695,-11.605220794677734,-3.393571376800537,-0.03419646993279457,5.0,5
1283,-9.125265121459961,-1.133077621459961,-0.7424526214599609,-1.601827621459961,-8.367452621459961,5.0,3
1284,-12.204641342163086,-8.805493354797363,-4.527085304260254,-0.08106327801942825,-2.7117433547973633,5.0,4
1285,-13.628890991210938,-4.914402008056641,-0.03940188139677048,-3.4655396938323975,-10.766674995422363,4.0,3
1286,-0.6456307172775269,-0.7621067762374878,-4.730856895446777,-10.517788887023926,-10.9581298828125,4.0,1
1287,-10.966697692871094,-12.422663688659668,-10.185447692871094,-2.6712424755096436,-0.07181058079004288,5.0,5
1288,-14.585538864135742,-9.29150390625,-1.65087890625,-0.21337895095348358,-10.679288864135742,5.0,4
1289,-0.5591952800750732,-0.8574893474578857,-5.544989585876465,-9.919990539550781,-11.482489585876465,3.0,1
1290,-10.96493911743164,-11.476303100585938,-7.7760186195373535,-0.9294285774230957,-0.5032906532287598,5.0,5
1291,-0.24513329565525055,-1.5278023481369019,-8.14285945892334,-9.965302467346191,-10.730927467346191,4.0,1
1292,-13.0940523147583,-7.727574825286865,-3.87530255317688,-0.024449605494737625,-7.290074825286865,3.0,4
1293,-4.681992053985596,-0.6621061563491821,-0.7615381479263306,-4.85244607925415,-9.47602653503418,2.0,2
1294,-12.50973129272461,-13.915270805358887,-11.298083305358887,-6.735583782196045,-0.001208766596391797,2.0,5
1295,-10.474174499511719,-11.333549499511719,-9.771049499511719,-3.648890495300293,-0.026732534170150757,3.0,5
1296,-8.849370956420898,-2.8259334564208984,-0.560308575630188,-0.997808575630188,-7.919683456420898,4.0,3
1297,-13.704096794128418,-9.53435230255127,-1.4171651601791382,-0.2808031141757965,-6.385915279388428,5.0,4
1298,-13.225688934326172,-9.386910438537598,-1.6915981769561768,-0.21432612836360931,-4.879097938537598,5.0,4
1299,-15.343842506408691,-15.687591552734375,-14.195404052734375,-9.342422485351562,-9.142934868577868e-05,4.0,5
1300,-12.859862327575684,-3.3939521312713623,-0.06582721322774887,-3.5033271312713623,-11.417389869689941,5.0,3
1301,-16.849489212036133,-14.429743766784668,-10.13784122467041,-5.674201020156033e-05,-11.765681266784668,2.0,4
1302,-13.394753456115723,-15.021174430847168,-12.49986743927002,-6.661799907684326,-0.0012869894271716475,3.0,5
1303,-12.672986030578613,-4.2468485832214355,-1.2170196771621704,-0.3718486726284027,-9.512474060058594,5.0,4
1304,-7.4109601974487305,-0.1623794287443161,-1.9990283250808716,-4.287379264831543,-10.638941764831543,4.0,2
1305,-9.072484970092773,-0.2798718512058258,-1.4872578382492065,-4.027029991149902,-9.378592491149902,4.0,2
1306,-7.7432146072387695,-0.8824204206466675,-0.5415104627609253,-5.5557146072387695,-10.584124565124512,2.0,3
1307,-14.961973190307617,-11.735410690307617,-3.454160690307617,-0.03228564187884331,-9.797910690307617,5.0,4
1308,-5.89410400390625,-0.3259221613407135,-1.2918301820755005,-7.428194046020508,-12.321660041809082,2.0,2
1309,-14.906281471252441,-12.109406471252441,-3.373566141817719e-05,-13.515656471252441,-13.750031471252441,4.0,3
1310,-11.074379920959473,-6.183755397796631,-0.8556303381919861,-0.5587553381919861,-8.683754920959473,2.0,4
1311,-10.622581481933594,-4.223433494567871,-0.1467292755842209,-2.106957197189331,-9.237638473510742,4.0,3
1312,-11.509146690368652,-4.371363162994385,-0.06738525629043579,-2.95090913772583,-9.271931648254395,3.0,3
1313,-4.080600261688232,-0.2666812837123871,-1.5308853387832642,-7.127475261688232,-11.829180717468262,4.0,2
1314,-11.223011016845703,-11.727272033691406,-8.438920021057129,-0.555397629737854,-0.8536936044692993,1.0,4
1315,-9.941976547241211,-12.27578353881836,-8.887289047241211,-3.4831695556640625,-0.03146546334028244,5.0,5
1316,-0.04187357425689697,-3.2378954887390137,-6.37141752243042,-11.568861961364746,-12.896986961364746,1.0,1
1317,-12.252090454101562,-5.057488918304443,-0.15692077577114105,-1.9751027822494507,-10.306068420410156,2.0,3
1318,-11.13298225402832,-11.374459266662598,-8.462528228759766,-0.08184675127267838,-2.6102547645568848,1.0,4
1319,-11.917529106140137,-13.707301139831543,-11.491392135620117,-3.5794613361358643,-0.028325412422418594,5.0,5
1320,-2.6138083934783936,-0.19903641939163208,-2.244490385055542,-7.0314226150512695,-11.129433631896973,1.0,2
1321,-14.950355529785156,-7.021180499577895e-05,-9.680469512939453,-13.458877563476562,-14.406320571899414,1.0,2
1322,-1.2992990016937256,-0.3291279971599579,-4.891627788543701,-9.07912826538086,-12.314924240112305,1.0,2
1323,-15.682513236999512,-13.573138236999512,-7.486489772796631,-0.0006959400488995016,-10.412626266479492,5.0,4
1324,-14.557291984558105,-14.124763488769531,-10.991950988769531,-3.776042938232422,-0.023200953379273415,5.0,5
1325,-11.182672500610352,-5.713922500610352,-0.5008542537689209,-0.9411962032318115,-8.881536483764648,4.0,3
1326,-0.052440788596868515,-3.0353949069976807,-5.829427719116211,-10.890507698059082,-11.330848693847656,2.0,1
1327,-9.671138763427734,-2.3273885250091553,-0.38136643171310425,-1.517728567123413,-9.628524780273438,4.0,3
1328,-14.034524917602539,-11.243331909179688,-4.922309875488281,-0.0075378515757620335,-8.70071792602539,1.0,4
1329,-2.71940016746521,-0.13417209684848785,-2.8472402095794678,-6.445250988006592,-11.10931396484375,2.0,2
1330,-0.007092655170708895,-4.963057518005371,-11.470160484313965,-14.367887496948242,-10.494307518005371,2.0,1
1331,-15.960810661315918,-12.054561614990234,-4.8812665939331055,-0.007685496937483549,-10.335810661315918,1.0,4
1332,-15.741114616394043,-12.410149574279785,-5.577763080596924,-0.003898996626958251,-10.932876586914062,2.0,4
1333,-8.70004940032959,-1.3705047369003296,-0.30516278743743896,-4.73698091506958,-10.631867408752441,2.0,3
1334,-0.07313277572393417,-2.672564744949341,-6.649838924407959,-9.774837493896484,-10.044723510742188,1.0,1
1335,-11.362981796264648,-12.6697998046875,-9.686845779418945,-2.5135507583618164,-0.08457279950380325,5.0,5
1336,-1.7883354425430298,-0.21162952482700348,-3.7627675533294678,-8.90481185913086,-12.683220863342285,2.0,2
1337,-10.830057144165039,-12.197244644165039,-8.931619644165039,-2.66599440574646,-0.0722443014383316,3.0,5
1338,-9.889871597290039,-11.483621597290039,-8.421121597290039,-3.514871120452881,-0.030496153980493546,3.0,5
1339,-12.708513259887695,-11.396013259887695,-4.1147637367248535,-0.016752514988183975,-9.177263259887695,5.0,4
1340,-7.868973255157471,-1.8377233743667603,-0.24397335946559906,-2.8689732551574707,-9.283036231994629,2.0,3
1341,-0.0186552032828331,-4.010133266448975,-8.086836814880371,-12.028597831726074,-12.09251880645752,3.0,1
1342,-14.005783081054688,-12.528510093688965,-9.531351089477539,-0.00010144196130568162,-10.880783081054688,4.0,4
1343,-15.742915153503418,-16.9574031829834,-14.95456314086914,-4.079562187194824,-0.017062067985534668,4.0,5
1344,-11.274827003479004,-11.835906982421875,-8.92397403717041,-1.637043833732605,-0.21658791601657867,1.0,5
1345,-12.536869049072266,-11.159028053283691,-7.302495002746582,-0.0439709834754467,-3.1831769943237305,4.0,4
1346,-10.759355545043945,-11.341742515563965,-9.161344528198242,-2.513617515563965,-0.08463951200246811,2.0,5
1347,-12.488231658935547,-12.644481658935547,-10.520901679992676,-0.5493118762969971,-0.8618118762969971,5.0,4
1348,-10.956860542297363,-12.391519546508789,-10.637258529663086,-4.415668487548828,-0.01225842721760273,1.0,5
1349,-10.867862701416016,-5.328089714050293,-1.308203935623169,-0.32240790128707886,-8.950249671936035,3.0,4
1350,-11.911901473999023,-13.616447448730469,-9.556787490844727,-2.5724124908447266,-0.07951551675796509,5.0,5
1351,-12.281023025512695,-13.928750038146973,-10.515397071838379,-1.312272071838379,-0.313693106174469,5.0,5
1352,-17.379281997680664,-16.76848793029785,-11.250020980834961,-2.1457441107486375e-05,-12.883544921875,5.0,4
1353,-0.0031439659651368856,-5.784393787384033,-10.116780281066895,-13.142349243164062,-12.588372230529785,1.0,1
1354,-14.150915145874023,-8.540119171142578,-1.97761869430542,-0.1494937241077423,-10.926483154296875,1.0,4
1355,-12.727033615112305,-14.126180648803711,-11.825044631958008,-0.3293057978153229,-1.2710686922073364,1.0,4
1356,-12.324689865112305,-3.9994046688079834,-0.140029639005661,-2.1869046688079834,-10.953950881958008,1.0,3
1357,-0.060549333691596985,-2.8446412086486816,-7.489527225494385,-11.5236177444458,-12.844640731811523,1.0,1
1358,-14.68264102935791,-13.368720054626465,-6.167016983032227,-0.0022429090458899736,-10.755084991455078,3.0,4
1359,-14.579561233520508,-15.931123733520508,-14.602998733520508,-6.548311710357666,-0.0014365125680342317,2.0,5
1360,-7.639298439025879,-1.170548439025879,-0.3736734092235565,-6.811173439025879,-11.733049392700195,4.0,3
1361,-0.05588080734014511,-2.925198793411255,-7.3570170402526855,-11.391107559204102,-11.46284008026123,1.0,1
1362,-0.09759391844272614,-2.384526014328003,-7.157251834869385,-10.694184303283691,-12.853275299072266,1.0,1
1363,-7.810354709625244,-1.1768325567245483,-0.38137856125831604,-4.784786701202393,-10.182514190673828,4.0,3
1364,-0.2570992112159729,-1.4928932189941406,-6.279825210571289,-10.24289321899414,-12.870734214782715,1.0,1
1365,-6.525443077087402,-1.9089652299880981,-0.16322629153728485,-7.051011085510254,-10.671038627624512,2.0,3
1366,-14.704187393188477,-13.617539405822754,-4.674356937408447,-0.009585073217749596,-9.252482414245605,3.0,4
1367,-13.425612449645996,-14.909987449645996,-10.990952491760254,-5.030726432800293,-0.00657727150246501,4.0,5
1368,-8.680670738220215,-1.3937386274337769,-0.29998865723609924,-4.532942771911621,-9.660783767700195,2.0,3
1369,-10.037681579589844,-0.6555800437927246,-0.7550101280212402,-4.547624111175537,-9.137823104858398,1.0,2
1370,-10.051033973693848,-5.349329948425293,-2.1248979568481445,-0.13342003524303436,-9.0141019821167,4.0,4
1371,-14.415468215942383,-11.76632022857666,-5.459502220153809,-0.004956340417265892,-9.181092262268066,4.0,4
1372,-9.9887056350708,-3.0355801582336426,-0.08103612810373306,-3.5185341835021973,-9.960296630859375,4.0,3
1373,-9.593542098999023,-0.1191108301281929,-2.192974805831909,-7.462861061096191,-10.24695110321045,2.0,2
1374,-0.5058552026748657,-0.9319912195205688,-5.789945125579834,-10.037104606628418,-13.027161598205566,3.0,1
1375,-12.953126907348633,-8.791194915771484,-1.546877145767212,-0.24005918204784393,-9.501421928405762,5.0,4
1376,-6.429383754730225,-0.676543653011322,-0.7191576361656189,-5.875407695770264,-10.790179252624512,4.0,2
1377,-8.543500900268555,-2.59889817237854,-0.2409440577030182,-1.9738980531692505,-8.472477912902832,3.0,3
1378,-0.0022877492010593414,-6.096037864685059,-10.627287864685059,-14.369475364685059,-12.861662864685059,2.0,1
1379,-10.421443939208984,-6.648006439208984,-1.6323816776275635,-0.2261316180229187,-5.194881439208984,5.0,4
1380,-3.6830825805664062,-0.4330824613571167,-1.1362074613571167,-5.261207580566406,-9.706520080566406,4.0,2
1381,-7.704608917236328,-0.9006307125091553,-0.5313127040863037,-5.2330169677734375,-10.943244934082031,5.0,3
1382,-9.831351280212402,-2.217714786529541,-0.1296466588973999,-4.376806735992432,-10.030214309692383,2.0,3
1383,-11.821195602416992,-7.602446556091309,-0.9831283092498779,-0.47176432609558105,-8.46892261505127,5.0,4
1384,-0.1315271258354187,-2.105959177017212,-6.551980972290039,-10.756525993347168,-13.221014976501465,3.0,1
1385,-9.058605194091797,-2.011730670928955,-0.18360565602779388,-3.386730670928955,-10.660167694091797,3.0,3
1386,-16.690269470214844,-13.938849449157715,-6.626348972320557,-0.0013490156270563602,-13.160440444946289,1.0,4
1387,-13.177826881408691,-12.361065864562988,-8.383793830871582,-0.03151952102780342,-3.4832253456115723,5.0,4
1388,-12.917732238769531,-9.430516242980957,-2.924835681915283,-0.055517636239528656,-9.061198234558105,2.0,4
1389,-5.7338023907504976e-05,-9.875057220458984,-15.525626182556152,-17.148494720458984,-14.034149169921875,4.0,1
1390,-7.529649257659912,-9.56089973449707,-6.857774257659912,-1.8577744960784912,-0.17169545590877533,4.0,5
1391,-14.586739540100098,-7.9851765632629395,-0.2195516675710678,-1.625801682472229,-11.078927040100098,4.0,3
1392,-7.133803844451904,-8.477553367614746,-5.633803844451904,-0.8994287252426147,-0.5301107168197632,4.0,5
1393,-13.105986595153809,-13.539224624633789,-11.777861595153809,-3.127293109893799,-0.04490715265274048,1.0,5
1394,-0.05915892869234085,-2.87165904045105,-7.2182488441467285,-9.864556312561035,-10.942681312561035,1.0,1
1395,-12.245438575744629,-13.580665588378906,-11.556517601013184,-3.0053818225860596,-0.05083581432700157,5.0,5
1396,-5.373112678527832,-0.3447025418281555,-1.2537944316864014,-6.537884712219238,-11.04782772064209,3.0,2
1397,-9.449015617370605,-0.272879958152771,-1.4376519918441772,-6.721744060516357,-11.359526634216309,1.0,2
1398,-0.01847148686647415,-4.009949684143066,-9.066767692565918,-11.907675743103027,-10.558243751525879,1.0,1
1399,-7.298202037811279,-0.18172428011894226,-1.8010423183441162,-7.980020046234131,-11.512689590454102,2.0,2
1400,-7.70249080657959,-0.31612682342529297,-1.3104448318481445,-7.07749080657959,-11.85021686553955,1.0,2
1401,-0.034828267991542816,-3.3871021270751953,-7.946760177612305,-10.167640686035156,-12.960965156555176,1.0,1
1402,-16.696062088012695,-14.773477554321289,-11.156290054321289,-4.053033626405522e-05,-11.015665054321289,3.0,4
1403,-16.809553146362305,-12.454438209533691,-6.73853063583374,-0.0013136576162651181,-9.220063209533691,5.0,4
1404,-11.264762878417969,-3.224990129470825,-1.1795361042022705,-0.4281150996685028,-7.615614891052246,5.0,4
1405,-14.665090560913086,-6.219067096710205,-0.12531721591949463,-2.156567096710205,-10.328442573547363,2.0,3
1406,-16.581989288330078,-12.752443313598633,-6.064943313598633,-0.0024431876372545958,-9.299318313598633,2.0,4
1407,-10.830621719360352,-2.542269706726074,-0.09908773750066757,-4.161587715148926,-10.49681568145752,4.0,3
1408,-0.04099085554480553,-3.222808837890625,-8.129058837890625,-11.769683837890625,-11.597808837890625,1.0,1
1409,-0.19117648899555206,-1.7536765336990356,-7.137200355529785,-11.384358406066895,-13.692597389221191,2.0,1
1410,-14.276347160339355,-13.324642181396484,-7.57180118560791,-0.0007793250260874629,-9.247937202453613,4.0,4
1411,-7.568776607513428,-0.9068444967269897,-0.5233224630355835,-5.7790045738220215,-10.878435134887695,4.0,3
1412,-11.015294075012207,-4.438589096069336,-0.10620284825563431,-2.4215447902679443,-9.793703079223633,5.0,3
1413,-0.04480570927262306,-3.1413958072662354,-7.658441543579102,-9.767105102539062,-11.78486156463623,3.0,1
1414,-0.027098650112748146,-3.6350526809692383,-8.194710731506348,-11.760051727294922,-12.065449714660645,2.0,1
1415,-0.006028444971889257,-5.133870601654053,-9.693528175354004,-12.775915145874023,-11.667960166931152,2.0,1
1416,-14.838767051696777,-12.381381034851074,-6.287631511688232,-0.002118606586009264,-10.250699996948242,2.0,4
1417,-1.0961813926696777,-0.4243064224720001,-4.455556392669678,-11.843341827392578,-14.018056869506836,1.0,2
1418,-14.173898696899414,-14.621341705322266,-8.875602722167969,-0.01622789539396763,-4.138387680053711,1.0,4
1419,-14.93078899383545,-10.236186027526855,-1.638175129890442,-0.21630017459392548,-9.856925010681152,3.0,4
1420,-15.000677108764648,-11.747836112976074,-5.085904121398926,-0.006358156446367502,-11.051813125610352,1.0,4
1421,-0.04558871313929558,-3.2700207233428955,-5.048428535461426,-10.64928150177002,-10.308372497558594,2.0,1
1422,-0.0335814505815506,-3.517956495285034,-5.875912189483643,-9.29920768737793,-8.033581733703613,4.0,1
1423,-8.45361042022705,-1.8484961986541748,-0.20077016949653625,-3.7377021312713623,-8.053751945495605,2.0,3
1424,-11.839837074279785,-4.318531513214111,-0.042963482439517975,-3.551485538482666,-11.008871078491211,5.0,3
1425,-8.440467834472656,-1.1251277923583984,-0.40069580078125,-5.24444580078125,-10.869444847106934,2.0,3
1426,-0.021091459318995476,-3.8847274780273438,-8.288137435913086,-11.661715507507324,-12.343534469604492,3.0,1
1427,-8.345990180969238,-1.456786036491394,-0.2778099477291107,-4.695422172546387,-8.708916664123535,4.0,3
1428,-13.473031044006348,-14.573884010314941,-14.019906044006348,-13.203145027160645,-1.9788545614574105e-05,4.0,5
1429,-5.376762390136719,-1.0330125093460083,-0.5173875093460083,-3.1423873901367188,-8.822074890136719,1.0,3
1430,-0.003969409968703985,-5.535219192504883,-12.178686141967773,-13.910219192504883,-12.519594192504883,1.0,1
1431,-15.467140197753906,-13.958617210388184,-11.163163185119629,-0.005491884425282478,-5.211458683013916,5.0,4
1432,-15.937545776367188,-15.164108276367188,-10.623626708984375,-4.5536911784438416e-05,-11.343795776367188,5.0,4
1433,-12.15623950958252,-4.187490940093994,-0.08237681537866592,-2.752830743789673,-9.982943534851074,1.0,3
1434,-12.644721031188965,-6.3592095375061035,-0.1802336573600769,-1.813755750656128,-9.626255989074707,2.0,3
1435,-12.938201904296875,-13.421156883239746,-10.18962287902832,-0.6583738327026367,-0.729395866394043,5.0,4
1436,-15.699748039245605,-14.57758903503418,-7.381566047668457,-0.006565902382135391,-5.131566047668457,5.0,4
1437,-9.534290313720703,-0.2871309220790863,-1.3950868844985962,-6.395086765289307,-11.189120292663574,2.0,2
1438,-0.4339650273323059,-1.0589649677276611,-5.291921138763428,-9.28339672088623,-11.78339672088623,5.0,1
1439,-11.738438606262207,-13.208608627319336,-11.411733627319336,-3.0594611167907715,-0.04809892177581787,5.0,5
1440,-12.36337661743164,-6.056558609008789,-0.10485478490591049,-2.3349668979644775,-8.084966659545898,4.0,3
1441,-7.019264221191406,-0.019264385104179382,-4.016424179077148,-8.706764221191406,-14.003639221191406,1.0,2
1442,-1.7662603855133057,-0.2889865040779114,-2.5901224613189697,-5.3344407081604,-10.296088218688965,2.0,2
1443,-14.125082015991211,-15.701786041259766,-13.343832015991211,-3.3935470581054688,-0.034172046929597855,4.0,5
1444,-9.85097599029541,-10.525691986083984,-7.990180969238281,-1.6833629608154297,-0.20608896017074585,4.0,5
1445,-12.26452350616455,-8.82702350616455,-1.7673639059066772,-0.19065989553928375,-8.216227531433105,3.0,4
1446,-12.972620964050293,-11.68710994720459,-7.631711959838867,-0.003871922381222248,-5.912961959838867,2.0,4
1447,-12.149335861206055,-11.829733848571777,-9.251608848571777,-1.6947916746139526,-0.2033137083053589,5.0,5
1448,-13.400093078613281,-9.273672103881836,-3.165717840194702,-0.04355792701244354,-9.302082061767578,4.0,4
1449,-0.1784367859363556,-1.8545727729797363,-4.993776798248291,-10.228153228759766,-12.358834266662598,1.0,1
1450,-11.921734809875488,-12.823722839355469,-8.296733856201172,-0.2967339754104614,-1.3606549501419067,5.0,4
1451,-13.122513771057129,-10.416547775268555,-5.515981197357178,-0.004617148544639349,-7.604049205780029,5.0,4
1452,-17.837791442871094,-16.111940383911133,-6.7823944091796875,-0.0011442311806604266,-13.704269409179688,5.0,4
1453,-0.026914389804005623,-3.6575944423675537,-7.657594680786133,-11.673219680786133,-8.282594680786133,2.0,1
1454,-0.005555546842515469,-5.261237621307373,-8.698735237121582,-12.058111190795898,-8.926009178161621,3.0,1
1455,-13.841113090515137,-11.362420082092285,-4.963273048400879,-0.007306047715246677,-8.514409065246582,5.0,4
1456,-0.00169955228921026,-6.478971481323242,-10.115334510803223,-12.069879531860352,-9.288629531860352,2.0,1
1457,-12.423263549804688,-8.671842575073242,-2.5155928134918213,-0.09371781349182129,-4.781217575073242,2.0,4
1458,-12.515958786010742,-10.366100311279297,-4.530162334442139,-0.044368479400873184,-3.4250504970550537,3.0,4
1459,-0.006751937326043844,-5.0777740478515625,-7.708456039428711,-12.442831993103027,-11.157320022583008,3.0,1
1460,-13.95512866973877,-13.898309707641602,-10.020468711853027,-0.051718488335609436,-2.9892184734344482,1.0,4
1461,-0.41967394948005676,-1.0716609954833984,-8.217967987060547,-12.003479957580566,-13.154047966003418,2.0,1
1462,-10.82520580291748,-10.822364807128906,-7.509864807128906,-0.5254899263381958,-0.8962289094924927,4.0,4
1463,-11.505996704101562,-11.88809871673584,-10.483269691467285,-1.932133674621582,-0.15656569600105286,5.0,5
1464,-14.197845458984375,-13.253243446350098,-8.224834442138672,-0.00040260792593471706,-10.369720458984375,5.0,4
1465,-1.1600010395050049,-0.6060231328010559,-1.9653980731964111,-7.30914831161499,-10.356022834777832,4.0,2
1466,-14.345736503601074,-12.349997520446777,-5.986362457275391,-0.0034063193015754223,-7.144031524658203,2.0,4
1467,-13.231921195983887,-7.990444660186768,-2.280216693878174,-0.10834162682294846,-11.257489204406738,5.0,4
1468,-13.61694622039795,-6.727741241455078,-0.5771732330322266,-0.8271732330322266,-11.11694622039795,5.0,3
1469,-7.967284202575684,-0.5383061766624451,-0.8792161345481873,-7.143420219421387,-12.143420219421387,3.0,2
1470,-10.422330856323242,-2.305143356323242,-0.11764336377382278,-4.492643356323242,-11.367643356323242,4.0,3
1471,-14.899338722229004,-12.150758743286133,-5.176326751708984,-0.005872615147382021,-9.06837272644043,4.0,4
1472,-13.28130054473877,-11.846641540527344,-7.407721042633057,-0.021358948200941086,-3.913403034210205,4.0,4
1473,-0.051258109509944916,-3.0058040618896484,-7.821144104003906,-10.268587112426758,-11.549837112426758,3.0,1
1474,-14.233642578125,-13.303245544433594,-7.827393531799316,-0.0006896263221278787,-8.652676582336426,5.0,4
1475,-12.896768569946289,-15.932991027832031,-13.795207023620605,-4.279580593109131,-0.01395562943071127,4.0,5
1476,-11.752716064453125,-4.785386085510254,-0.09220420569181442,-2.5297040939331055,-10.396891593933105,1.0,3
1477,-0.0008349508279934525,-7.219584941864014,-10.641460418701172,-14.102397918701172,-10.157085418701172,2.0,1
1478,-8.88854694366455,-4.641388416290283,-1.7010482549667358,-0.22235330939292908,-5.003603458404541,3.0,4
1479,-16.99866485595703,-15.855198860168457,-9.598097801208496,-8.475421054754406e-05,-11.84383487701416,3.0,4
1480,-0.6745044589042664,-1.0012104511260986,-2.1063225269317627,-6.684447288513184,-9.176634788513184,4.0,1
1481,-11.887903213500977,-13.485915184020996,-8.79841423034668,-3.4390387535095215,-0.03278886899352074,5.0,5
1482,-12.656172752380371,-14.5169677734375,-10.489978790283203,-5.193103313446045,-0.005603439640253782,5.0,5
1483,-0.2815361022949219,-1.4179000854492188,-5.835514068603516,-9.656536102294922,-10.54218864440918,2.0,1
1484,-10.8412504196167,-8.824204444885254,-6.246079444885254,-2.074204683303833,-0.13670466840267181,2.0,5
1485,-11.829682350158691,-10.909937858581543,-7.808374881744385,-1.8708750009536743,-0.16775000095367432,2.0,5
1486,-9.260948181152344,-1.7041308879852295,-0.21265295147895813,-4.687085151672363,-8.350436210632324,2.0,3
1487,-7.522355079650879,-0.6899691224098206,-0.7041731476783752,-5.718377113342285,-10.832014083862305,2.0,2
1488,-10.802520751953125,-2.193145751953125,-0.13064566254615784,-4.521270751953125,-11.896270751953125,2.0,3
1489,-16.755809783935547,-15.534219741821289,-9.042742729187012,-0.0001287377526750788,-13.531379699707031,3.0,4
1490,-17.215599060058594,-14.315030097961426,-5.986904621124268,-0.0025296376552432775,-13.529519081115723,1.0,4
1491,-11.36673641204834,-1.9732707738876343,-0.17639575898647308,-3.7857706546783447,-12.57412338256836,2.0,3
1492,-0.08941442519426346,-2.460151433944702,-9.42180061340332,-11.483589172363281,-13.00134563446045,3.0,1
1493,-17.77849006652832,-14.101642608642578,-10.718830108642578,-8.034383063204587e-05,-9.781330108642578,5.0,4
1494,-9.613572120666504,-0.1362978219985962,-2.0851616859436035,-5.792547702789307,-11.581610679626465,2.0,2
1495,-13.080599784851074,-14.229037284851074,-11.377474784851074,-3.033724784851074,-0.04934990406036377,5.0,5
1496,-12.34600830078125,-13.645724296569824,-9.719587326049805,-1.3289620876312256,-0.30765700340270996,1.0,5
1497,-12.551606178283691,-11.251890182495117,-8.580015182495117,-1.923764944076538,-0.1581399291753769,1.0,5
1498,-12.553017616271973,-14.413813591003418,-11.050176620483398,-1.9564263820648193,-0.15245026350021362,3.0,5
1499,-1.0981910228729248,-0.41637304425239563,-4.961827278137207,-10.118077278137207,-13.633702278137207,2.0,2
1500,-13.945128440856934,-6.899672985076904,-0.06586616486310959,-2.768991231918335,-12.510469436645508,5.0,3
1501,-5.934805393218994,-0.8495793342590332,-0.5640664100646973,-7.064066410064697,-13.328271865844727,2.0,3
1502,-11.79297161102295,-7.155188083648682,-1.1892799139022827,-0.36541590094566345,-7.865416049957275,1.0,4
1503,-0.10808198153972626,-2.2955820560455322,-6.514331817626953,-8.713193893432617,-12.267171859741211,3.0,1
1504,-12.38875675201416,-13.532222747802734,-12.090460777282715,-3.496710777282715,-0.030802637338638306,2.0,5
1505,-13.762563705444336,-13.819381713867188,-8.336426734924316,-0.02392679825425148,-3.7554616928100586,2.0,4
1506,-12.869967460632324,-10.24212646484375,-3.6228084564208984,-0.0290585495531559,-7.060308456420898,1.0,4
1507,-0.0028571756556630135,-5.940357208251953,-10.514219284057617,-13.170470237731934,-12.744333267211914,1.0,1
1508,-12.465636253356934,-13.50967025756836,-11.719898223876953,-3.5380799770355225,-0.029557963833212852,2.0,5
1509,-4.245277404785156,-0.15436938405036926,-2.0577774047851562,-7.086187362670898,-11.660050392150879,1.0,2
1510,-0.05541320517659187,-2.938937187194824,-7.598027229309082,-11.007118225097656,-11.737231254577637,1.0,1
1511,-0.00785381905734539,-5.07887601852417,-7.31325101852417,-11.719501495361328,-10.000750541687012,5.0,1
1512,-12.398025512695312,-8.527286529541016,-1.9221720695495605,-0.16081003844738007,-6.572740077972412,1.0,4
1513,-10.830877304077148,-12.48570728302002,-10.802468299865723,-4.978605270385742,-0.007013227790594101,1.0,5
1514,-12.518808364868164,-14.145228385925293,-12.490399360656738,-5.388126373291016,-0.004604570101946592,1.0,5
1515,-13.852395057678223,-12.133645057678223,-6.636485576629639,-0.0029634390957653522,-6.778531551361084,1.0,4
1516,-14.982452392578125,-15.7352933883667,-13.462566375732422,-1.2679638862609863,-0.33046385645866394,4.0,5
1517,-13.21024227142334,-15.063935279846191,-14.126435279846191,-11.91762924194336,-1.5258672647178173e-05,1.0,5
1518,-14.520745277404785,-15.735234260559082,-12.436938285827637,-3.499438524246216,-0.030688541010022163,1.0,5
1519,-0.0064172628335654736,-5.091643333435059,-9.296189308166504,-11.682552337646484,-11.625734329223633,1.0,1
1520,-12.401395797729492,-14.446850776672363,-12.870145797729492,-7.117305278778076,-0.0008289953111670911,5.0,5
1521,-13.35570240020752,-14.108542442321777,-11.494906425476074,-4.222180366516113,-0.014792286790907383,5.0,5
1522,-12.264569282531738,-11.944966316223145,-8.102636337280273,-0.17650039494037628,-1.8242284059524536,4.0,4
1523,-5.250199317932129,-0.7814490795135498,-0.6408240795135498,-4.593949317932129,-10.711136817932129,3.0,3
1524,-14.813924789428711,-12.086652755737305,-4.387789726257324,-0.012789605185389519,-9.48721981048584,4.0,4
1525,-13.204983711242676,-13.212085723876953,-9.753279685974121,-1.358393669128418,-0.29731279611587524,4.0,5
1526,-11.03630256652832,-11.30974006652832,-7.559739589691162,-1.0441147089004517,-0.4347396790981293,5.0,5
1527,-10.66862964630127,-11.76237964630127,-8.57487964630127,-2.4498791694641113,-0.09050418436527252,5.0,5
1528,-12.279358863830566,-13.459046363830566,-10.865296363830566,-3.8496711254119873,-0.021546218544244766,5.0,5
1529,-14.243616104125977,-11.485803604125977,-4.095178127288818,-0.017053278163075447,-8.751428604125977,5.0,4
1530,-1.498031497001648,-0.262235552072525,-5.006553649902344,-8.512235641479492,-13.230985641479492,2.0,2
1531,-0.6048409938812256,-0.8037049770355225,-5.12188720703125,-9.68154525756836,-12.920181274414062,2.0,1
1532,-12.548344612121582,-14.28840160369873,-12.56965160369873,-5.176187038421631,-0.005732998717576265,1.0,5
1533,-12.047157287597656,-13.48891830444336,-11.983236312866211,-4.753122329711914,-0.008804193697869778,2.0,5
1534,-0.0015286438865587115,-6.592436790466309,-10.86800479888916,-13.744424819946289,-12.643572807312012,2.0,1
1535,-0.116714246571064,-2.2189862728118896,-6.622396469116211,-10.471827507019043,-12.787168502807617,4.0,1
1536,-9.066222190856934,-3.1926424503326416,-0.20968836545944214,-1.9142343997955322,-8.107415199279785,2.0,3
1537,-11.897859573364258,-12.778541564941406,-11.137916564941406,-4.767179012298584,-0.008654940873384476,2.0,5
1538,-13.977962493896484,-10.050406455993652,-3.6725642681121826,-0.026257367804646492,-8.729382514953613,1.0,4
1539,-2.668816089630127,-0.07506617903709412,-5.849215030670166,-9.434441566467285,-13.957879066467285,2.0,2
1540,-11.397595405578613,-0.022595565766096115,-3.8350956439971924,-7.241345405578613,-11.858532905578613,1.0,2
1541,-11.423986434936523,-5.593020915985107,-0.32313498854637146,-1.3032490015029907,-9.428248405456543,3.0,3
1542,-11.072988510131836,-4.304523944854736,-0.5687278509140015,-0.8684428930282593,-7.759068012237549,1.0,3
1543,-7.921630382537842,-1.842084288597107,-0.42163029313087463,-1.6886743307113647,-8.196486473083496,2.0,3
1544,-10.051438331604004,-3.893768072128296,-1.0670640468597412,-0.4548470973968506,-7.45484733581543,2.0,4
1545,-7.135959625244141,-0.48823365569114685,-0.9569836854934692,-6.567777633666992,-11.837664604187012,2.0,2
1546,-6.077823162078857,-0.3675951063632965,-1.191459059715271,-6.546573162078857,-10.104809761047363,5.0,2
1547,-8.392696380615234,-0.5176967978477478,-0.9083217978477478,-7.298946857452393,-13.150508880615234,2.0,2
1548,-12.187379837036133,-6.484256267547607,-0.3052782118320465,-1.3422101736068726,-9.396186828613281,3.0,3
1549,-14.149502754211426,-12.915837287902832,-9.439274787902832,-0.1580251306295395,-1.9236501455307007,2.0,4
1550,-0.16896651685237885,-1.8735125064849854,-6.461580276489258,-10.296807289123535,-11.218681335449219,2.0,1
1551,-12.887236595153809,-13.668486595153809,-11.027861595153809,-1.3247369527816772,-0.30911198258399963,3.0,5
1552,-12.281350135803223,-12.508623123168945,-10.377941131591797,-0.7898739576339722,-0.60521399974823,4.0,5
1553,-0.0008045773720368743,-7.188304424285889,-10.032054901123047,-13.446117401123047,-13.594554901123047,3.0,1
1554,-0.0033239847980439663,-5.72775411605835,-10.386845588684082,-13.376901626586914,-11.665253639221191,2.0,1
1555,-0.00015615197480656207,-8.82828140258789,-11.81265640258789,-16.164928436279297,-14.25796890258789,1.0,1
1556,-15.547965049743652,-16.826374053955078,-13.157339096069336,-6.826374530792236,-0.0010894560255110264,5.0,5
1557,-13.56106948852539,-13.859365463256836,-8.112205505371094,-1.3522623777389526,-0.2997053861618042,4.0,5
1558,-0.003822759259492159,-5.657230854034424,-10.145868301391602,-12.922856330871582,-11.811349868774414,2.0,1
1559,-0.1725465953350067,-1.8486826419830322,-6.948114395141602,-10.712318420410156,-12.94953441619873,2.0,1
1560,-6.0437283536884934e-05,-10.049777030944824,-12.453185081481934,-16.903470993041992,-13.312560081481934,1.0,1
1561,-12.548548698425293,-13.514457702636719,-10.64513874053955,-4.594002723693848,-0.010195555165410042,5.0,5
1562,-2.759129524230957,-0.4579935073852539,-1.1937875747680664,-6.912537574768066,-11.404725074768066,3.0,2
1563,-0.0021243165247142315,-6.173999309539795,-10.502124786376953,-14.416187286376953,-11.923999786376953,2.0,1
1564,-10.244339942932129,-4.065363883972168,-0.06678295880556107,-3.0511579513549805,-9.62928295135498,3.0,3
1565,-12.031805038452148,-9.297430038452148,-3.1177427768707275,-0.05524288862943649,-4.680243015289307,5.0,4
1566,-6.304621696472168,-1.445246696472168,-0.35149675607681274,-2.835871696472168,-8.968684196472168,1.0,3
1567,-7.880511283874512,-0.27823740243911743,-1.4188623428344727,-7.575112342834473,-14.173124313354492,4.0,2
1568,-3.3346362113952637,-1.06190824508667,-0.48662322759628296,-5.580373287200928,-9.83037281036377,5.0,3
1569,-9.417962074279785,-0.4023374021053314,-1.1054624319076538,-9.190690040588379,-12.808587074279785,2.0,2
1570,-6.0443525314331055,-0.12105830758810043,-2.194920301437378,-8.246058464050293,-12.819920539855957,3.0,2
1571,-9.830684661865234,-0.38466304540634155,-1.1659131050109863,-4.887503147125244,-10.434377670288086,2.0,2
1572,-7.683990001678467,-0.8658080697059631,-0.5533080697059631,-5.595921993255615,-10.9368314743042,1.0,3
1573,-0.06761390715837479,-2.738067865371704,-7.354546070098877,-11.232386589050293,-12.887215614318848,2.0,1
1574,-6.668970584869385,-0.10647080838680267,-2.3081767559051514,-8.217267036437988,-12.61357307434082,3.0,2
1575,-10.75420093536377,-2.6292014122009277,-0.08658743649721146,-4.532609462738037,-10.711587905883789,1.0,3
1576,-0.014998053200542927,-4.219542026519775,-9.120110511779785,-12.081759452819824,-12.877213478088379,3.0,1
1577,-13.269474983215332,-5.932827472686768,-0.0805555060505867,-2.594759464263916,-10.535100936889648,2.0,3
1578,-16.518718719482422,-12.885906219482422,-4.52653169631958,-0.010906489565968513,-10.651531219482422,3.0,4
1579,-15.117728233337402,-16.04741668701172,-13.750540733337402,-3.7427284717559814,-0.023978358134627342,5.0,5
1580,-13.588345527648926,-7.693459510803223,-0.8468694686889648,-0.5613565444946289,-8.451981544494629,4.0,4
1581,-12.359466552734375,-13.406341552734375,-10.867279052734375,-1.804778814315796,-0.1797788143157959,4.0,5
1582,-11.403846740722656,-12.216346740722656,-9.013221740722656,-1.7788468599319458,-0.18509690463542938,4.0,5
1583,-11.512925464970229,-11.512925464970229,-11.512925464970229,-11.512925464970229,-11.512925464970229,4.0,-1
1584,-12.065757751464844,-13.089195251464844,-10.276695251464844,-2.3079447746276855,-0.10481978952884674,4.0,5
1585,-0.04106694459915161,-3.2228848934173584,-7.924589157104492,-11.390498161315918,-12.93169116973877,1.0,1
1586,-12.373678207397461,-12.153507232666016,-9.532769203186035,-0.5554966330528259,-0.8537926077842712,1.0,4
1587,-12.078086853027344,-6.84371280670166,-0.8067808747291565,-0.5937128663063049,-8.633484840393066,3.0,4
1588,-1.1249499320983887,-0.3990969955921173,-5.430346965789795,-11.799666404724121,-12.422534942626953,3.0,2
1589,-2.994391441345215,-0.47876638174057007,-1.1193914413452148,-5.572516441345215,-9.947516441345215,3.0,2
1590,-7.6077070236206055,-3.2042970657348633,-0.05230797827243805,-4.624751091003418,-10.732706069946289,3.0,3
1591,-11.186302185058594,-8.217552185058594,-2.322667360305786,-0.10675734281539917,-5.888007164001465,5.0,4
1592,-0.06626030057668686,-2.7651243209838867,-6.969670295715332,-11.003761291503906,-11.08969783782959,3.0,1
1593,-13.15114974975586,-5.948024272918701,-0.18239937722682953,-1.8073993921279907,-10.78396224975586,1.0,3
1594,-0.053770069032907486,-2.9557571411132812,-8.283882141113281,-11.572944641113281,-10.916694641113281,2.0,1
1595,-14.424753189086914,-5.706002712249756,-0.04975275322794914,-3.096627712249756,-12.237253189086914,4.0,3
1596,-10.732563018798828,-6.56068754196167,-2.060687780380249,-0.15443773567676544,-4.24818754196167,4.0,4
1597,-12.591073989868164,-8.872323989868164,-0.0001656871900195256,-11.325448989868164,-13.536386489868164,4.0,3
1598,-12.27645206451416,-9.456850051879883,-4.052020072937012,-0.03213396295905113,-4.279294013977051,3.0,4
1599,-12.658963203430176,-8.768338203430176,-4.107827186584473,-0.0169189665466547,-9.107827186584473,4.0,4
1600,-0.0032169281039386988,-5.7844648361206055,-9.98901081085205,-12.936453819274902,-12.155203819274902,2.0,1
1601,-8.427584648132324,-0.33099499344825745,-1.268494963645935,-8.115084648132324,-11.910538673400879,3.0,2
1602,-12.14140510559082,-0.03984220698475838,-3.258592128753662,-7.414842128753662,-12.46953010559082,3.0,2
1603,-15.0960054397583,-15.9397554397583,-13.9631929397583,-4.603817939758301,-0.010067989118397236,4.0,5
1604,-12.073193550109863,-4.708137035369873,-0.049046896398067474,-3.259273052215576,-8.165522575378418,3.0,3
1605,-15.036580085754395,-12.841978073120117,-7.330615043640137,-0.001069093239493668,-8.85050106048584,4.0,4
1606,-12.403738975524902,-13.114676475524902,-10.684988975524902,-1.778739333152771,-0.1849893182516098,3.0,5
1607,-12.289069175720215,-13.574580192565918,-12.047592163085938,-4.696740627288818,-0.009240597486495972,4.0,5
1608,-14.622434616088867,-16.326980590820312,-14.842604637145996,-8.223287582397461,-0.00027509720530360937,1.0,5
1609,-0.02940298058092594,-3.5450279712677,-9.263777732849121,-13.123152732849121,-14.193465232849121,2.0,1
1610,-0.0005067494930699468,-7.60988187789917,-12.078631401062012,-15.719256401062012,-12.797381401062012,1.0,1
1611,-11.938545227050781,-5.5791707038879395,-0.37604567408561707,-1.1729207038879395,-9.680732727050781,4.0,3
1612,-0.003945068921893835,-5.5508198738098145,-10.082070350646973,-14.246132850646973,-12.019570350646973,1.0,1
1613,-12.985203742980957,-12.469578742980957,-10.086766242980957,-0.00011884459672728553,-9.649266242980957,2.0,4
1614,-8.222980499267578,-1.4190025329589844,-0.2783774733543396,-7.184627532958984,-12.637752532958984,3.0,3
1615,-9.772638320922852,-2.5148255825042725,-0.15545053780078888,-2.7648255825042725,-10.460138320922852,2.0,3
1616,-0.0006176709430292249,-7.563117504119873,-11.219367980957031,-14.672492980957031,-9.734992980957031,3.0,1
1617,-9.6860933303833,-1.8309811353683472,-0.1832531839609146,-4.955979347229004,-10.4673433303833,2.0,3
1618,-13.857793807983398,-15.271146774291992,-11.50836181640625,-3.742737054824829,-0.02398708648979664,1.0,5
1619,-13.912362098693848,-12.087078094482422,-6.85270357131958,-0.0061117419973015785,-5.312929630279541,2.0,4
1620,-9.89236831665039,-2.037254810333252,-0.14805066585540771,-4.963392734527588,-8.920066833496094,1.0,3
1621,-0.930059552192688,-0.7283555269241333,-2.1019344329833984,-7.617559432983398,-11.086309432983398,3.0,2
1622,-0.061586249619722366,-2.8314740657806396,-7.476360321044922,-10.771814346313477,-12.241984367370605,2.0,1
1623,-12.586410522460938,-10.846353530883789,-6.144649505615234,-0.15033166110515594,-1.9912396669387817,5.0,4
1624,-0.000526289688423276,-7.621265411376953,-10.375526428222656,-13.570838928222656,-14.055213928222656,3.0,1
1625,-5.961424827575684,-0.1801750212907791,-1.8208000659942627,-7.836424827575684,-12.867674827575684,3.0,2
1626,-0.01427533384412527,-4.275637626647949,-8.437569618225098,-11.676206588745117,-12.32251262664795,1.0,1
1627,-14.347049713134766,-13.82219123840332,-11.42375373840332,-4.055857181549072,-0.017504021525382996,4.0,5
1628,-3.3501129150390625,-0.16829487681388855,-2.1285228729248047,-7.313180923461914,-11.638465881347656,5.0,2
1629,-8.132883071899414,-2.649928569793701,-0.2635645866394043,-1.8686785697937012,-5.432597637176514,5.0,3
1630,-3.3525843620300293,-0.05713031813502312,-3.8923563957214355,-9.915083885192871,-13.814231872558594,3.0,2
1631,-12.363048553466797,-5.743731498718262,-0.016457758843898773,-4.351685523986816,-8.797707557678223,5.0,3
1632,-0.011281509883701801,-4.599349498748779,-7.113553524017334,-11.879179954528809,-12.475769996643066,2.0,1
1633,-0.0013942531077191234,-6.64912223815918,-10.882076263427734,-13.367871284484863,-10.34372329711914,2.0,1
1634,-9.959480285644531,-0.36288848519325256,-1.1910134553909302,-7.894138336181641,-13.37070083618164,3.0,2
1635,-13.060948371887207,-11.931686401367188,-8.039641380310059,-0.6532769799232483,-0.7356629967689514,3.0,4
1636,-15.3844633102417,-9.539292335510254,-1.8049169778823853,-0.17991693317890167,-10.039292335510254,5.0,4
1637,-0.3224448561668396,-1.2997169494628906,-5.846591949462891,-9.60440444946289,-11.20596694946289,1.0,1
1638,-0.06432565301656723,-2.7830755710601807,-7.86120080947876,-11.111200332641602,-11.353387832641602,1.0,1
1639,-14.819300651550293,-14.725550651550293,-12.569300651550293,-3.288050889968872,-0.03805093839764595,3.0,5
1640,-10.623326301574707,-1.242644190788269,-0.35201919078826904,-4.820769309997559,-11.000456809997559,3.0,3
1641,-0.08554363995790482,-2.514519691467285,-6.946337699890137,-11.094064712524414,-11.55997371673584,1.0,1
1642,-11.971169471740723,-14.464067459106445,-12.269465446472168,-0.4242941737174988,-1.0620791912078857,2.0,4
1643,-14.08387565612793,-15.57606315612793,-13.34950065612793,-5.16200065612793,-0.005750659387558699,4.0,5
1644,-0.0161436777561903,-4.256200790405273,-6.328643798828125,-10.680206298828125,-12.398956298828125,1.0,1
1645,-11.504323959350586,-11.880743980407715,-9.52278995513916,-2.306879997253418,-0.10517590492963791,4.0,5
1646,-0.20750969648361206,-1.7416017055511475,-4.8239874839782715,-6.581088542938232,-7.346713542938232,2.0,1
1647,-12.229482650756836,-13.370107650756836,-11.260732650756836,-4.541983127593994,-0.010733019560575485,3.0,5
1648,-10.567777633666992,-6.20059061050415,-1.6537153720855713,-0.21621538698673248,-8.341215133666992,1.0,4
1649,-5.841623306274414,-1.665487289428711,-0.2137814164161682,-7.688213348388672,-12.226566314697266,1.0,3
1650,-0.04760299623012543,-3.101580858230591,-6.520614147186279,-11.936807632446289,-13.676863670349121,1.0,1
1651,-12.983802795410156,-12.507950782775879,-7.256529808044434,-0.1002798080444336,-2.3588037490844727,1.0,4
1652,-14.476009368896484,-12.97743034362793,-6.30129337310791,-0.015782443806529045,-4.291350364685059,2.0,4
1653,-8.49926145747304e-05,-9.630766868591309,-11.649231910705566,-15.994402885437012,-13.856618881225586,2.0,1
1654,-3.2208518981933594,-0.08164780586957932,-3.2634658813476562,-8.70380687713623,-12.176817893981934,1.0,2
1655,-4.395362377166748,-1.0999083518981934,-0.42661240696907043,-6.227750301361084,-10.893942832946777,3.0,3
1656,-10.370423316955566,-11.783775329589844,-9.660196304321289,-3.154514789581299,-0.04371883347630501,2.0,5
1657,-12.352545738220215,-3.3447329998016357,-0.047857921570539474,-4.469732761383057,-12.610358238220215,2.0,3
1658,-0.07614714652299881,-2.6230220794677734,-7.232397079467773,-11.896459579467773,-13.513647079467773,1.0,1
1659,-9.625527381896973,-3.6312096118927,-0.04456072300672531,-4.07581090927124,-10.192997932434082,1.0,3
1660,-16.157102584838867,-14.12585163116455,-7.782102108001709,-0.0008519833791069686,-7.766477108001709,5.0,4
1661,-0.08396926522254944,-2.569765329360962,-5.591070175170898,-9.059820175170898,-10.989507675170898,1.0,1
1662,-12.830191612243652,-8.604338645935059,-0.3699638247489929,-1.1753628253936768,-8.276213645935059,3.0,3
1663,-15.040456771850586,-15.67255973815918,-11.975115776062012,-1.0844908952713013,-0.41261589527130127,5.0,5
1664,-7.999034404754639,-1.692216396331787,-0.20642048120498657,-6.190795421600342,-11.9251708984375,3.0,3
1665,-0.005042454693466425,-5.317542552947998,-9.607314109802246,-12.46953010559082,-12.100212097167969,2.0,1
1666,-15.100372314453125,-13.814861297607422,-7.089008331298828,-0.0009401192655786872,-10.668554306030273,2.0,4
1667,-11.379151344299316,-12.52261734008789,-8.55528736114502,-3.0055720806121826,-0.05102613940834999,5.0,5
1668,-12.851093292236328,-12.915014266967773,-8.098252296447754,-0.10251563042402267,-2.332627773284912,5.0,4
1669,-0.012819970026612282,-4.430433750152588,-7.218784809112549,-11.781286239624023,-10.140661239624023,1.0,1
1670,-9.857268333435059,-11.405564308166504,-7.93965482711792,-4.34590482711792,-0.01351869199424982,4.0,5
1671,-11.03266716003418,-12.232951164245605,-8.546871185302734,-3.7457354068756104,-0.024145355448126793,5.0,5
1672,-0.10971812158823013,-2.4818780422210693,-3.9264791011810303,-8.888127326965332,-8.20630931854248,2.0,1
1673,-3.225766181945801,-0.05815211310982704,-4.092242240905762,-10.058152198791504,-14.063833236694336,1.0,2
1674,-2.3972067832946777,-0.49379879236221313,-1.2097067832946777,-7.979593753814697,-11.324764251708984,4.0,2
1675,-11.720113754272461,-5.3564772605896,-0.200227290391922,-1.7343192100524902,-9.106477737426758,5.0,3
1676,-12.908132553100586,-10.37972354888916,-4.712109088897705,-0.010405220091342926,-7.879723072052002,2.0,4
1677,-11.020341873168945,-12.220625877380371,-9.4720458984375,-3.2362515926361084,-0.040229663252830505,1.0,5
1678,-9.054098129272461,-5.545575141906738,-1.7529611587524414,-0.2046670764684677,-7.406371116638184,1.0,4
1679,-11.91331958770752,-7.311046600341797,-0.9047965407371521,-0.5212745070457458,-9.4559326171875,5.0,4
1680,-11.20678424835205,-12.407068252563477,-9.580363273620605,-1.9809319972991943,-0.14854596555233002,5.0,5
1681,-13.113931655883789,-11.963363647460938,-6.594046115875244,-0.17359034717082977,-1.8454653024673462,1.0,4
1682,-6.536074161529541,-0.15823407471179962,-1.9338021278381348,-8.22641372680664,-11.833658218383789,4.0,2
1683,-11.40407657623291,-5.474388599395752,-0.39626365900039673,-1.130638599395752,-9.45876407623291,3.0,3
1684,-7.081725597381592,-0.32036158442497253,-1.3004755973815918,-7.152747631072998,-10.507149696350098,2.0,2
1685,-0.03790220245718956,-3.3191521167755127,-7.495288372039795,-10.606082916259766,-8.84045696258545,2.0,1
1686,-0.0004583738627843559,-7.812958240509033,-11.463525772094727,-14.418070793151855,-12.214945793151855,1.0,1
1687,-12.077301979064941,-8.803154945373535,-2.737814426422119,-0.08156441897153854,-6.074461460113525,1.0,4
1688,-0.040366604924201965,-3.264798641204834,-7.014798641204834,-10.338661193847656,-9.101445198059082,4.0,1
1689,-10.374789237976074,-2.4770634174346924,-0.10490340739488602,-4.167403221130371,-10.133312225341797,1.0,3
1690,-13.19222640991211,-14.101317405700684,-12.439385414123535,-3.717794179916382,-0.024614082649350166,4.0,5
1691,-14.587812423706055,-15.540937423706055,-13.783124923706055,-6.283125400543213,-0.0018751909956336021,4.0,5
1692,-13.12192440032959,-14.080731391906738,-11.921640396118164,-2.8307313919067383,-0.060845401138067245,4.0,5
1693,-12.112635612487793,-7.908090114593506,-1.1893402338027954,-0.3654762804508209,-8.575702667236328,4.0,4
1694,-11.760336875915527,-12.584200859069824,-10.680791854858398,-1.8597699403762817,-0.1694280058145523,3.0,5
1695,-15.418242454528809,-16.284719467163086,-14.317390441894531,-2.8855719566345215,-0.05744687095284462,4.0,5
1696,-7.4781670570373535,-0.9866892099380493,-0.47532519698143005,-5.347485065460205,-10.695496559143066,2.0,3
1697,-7.565556526184082,-0.7473745346069336,-0.6479425430297852,-5.932034492492676,-9.757317543029785,3.0,3
1698,-0.0011703077470883727,-6.7667951583862305,-11.54804515838623,-14.58710765838623,-13.18867015838623,2.0,1
1699,-12.21048641204834,-0.007361193187534809,-4.92923641204834,-9.28861141204834,-13.12454891204834,2.0,2
1700,-2.2636823654174805,-0.1330004781484604,-3.8972043991088867,-9.181296348571777,-12.377318382263184,1.0,2
1701,-9.775938987731934,-2.5032119750976562,-0.11684810370206833,-3.568552017211914,-9.854063987731934,2.0,3
1702,-7.867907524108887,-0.595179557800293,-0.8082475662231445,-6.021315574645996,-9.972310066223145,3.0,2
1703,-14.913956642150879,-11.304581642150879,-4.898331642150879,-0.007706434931606054,-9.304581642150879,5.0,4
1704,-11.801542282104492,-4.727678298950195,-0.1112021654844284,-2.3413162231445312,-9.599838256835938,1.0,3
1705,-9.490667343139648,-1.881292700767517,-0.1781676709651947,-4.537542819976807,-10.935979843139648,2.0,3
1706,-0.008891277015209198,-4.838437080383301,-7.2120161056518555,-11.204203605651855,-9.430766105651855,3.0,1
1707,-15.102628707885742,-12.297941207885742,-4.7588791847229,-0.008879106491804123,-8.321378707885742,3.0,4
1708,-9.559916496276855,-1.559916377067566,-0.24741636216640472,-4.7161664962768555,-12.138041496276855,3.0,3
1709,-0.7054834365844727,-0.6898584365844727,-5.424233436584473,-10.182045936584473,-12.955483436584473,3.0,2
1710,-9.68099594116211,-2.8628146648406982,-0.06309763342142105,-5.5318474769592285,-11.438097953796387,1.0,3
1711,-0.00044860312482342124,-7.859823703765869,-11.500448226928711,-14.398885726928711,-10.719198226928711,1.0,1
1712,-0.0023092764895409346,-6.096059322357178,-10.14293384552002,-14.33824634552002,-11.42418384552002,1.0,1
1713,-6.08768367767334,-0.36325380206108093,-1.2013218402862549,-6.5280256271362305,-11.343365669250488,5.0,2
1714,-0.04813811555504799,-3.0737061500549316,-7.377684116363525,-10.573705673217773,-11.6958646774292,3.0,1
1715,-12.400993347167969,-14.041618347167969,-11.79019832611084,-4.233380317687988,-0.014630180783569813,5.0,5
1716,-12.303434371948242,-12.821900367736816,-10.392923355102539,-0.8616747260093689,-0.5491747260093689,5.0,5
1717,-9.736015319824219,-0.09112914651632309,-2.449083089828491,-7.363857269287109,-11.582606315612793,3.0,2
1718,-11.857373237609863,-4.471010208129883,-0.06760209798812866,-2.9227142333984375,-9.925555229187012,3.0,3
1719,-11.192728996276855,-12.854660987854004,-10.468297004699707,-3.5932979583740234,-0.02795591950416565,5.0,5
1720,-12.316370010375977,-13.566370010375977,-11.939949035644531,-3.1544387340545654,-0.043642833828926086,5.0,5
1721,-15.911239624023438,-14.467347145080566,-10.100159645080566,-0.053284186869859695,-2.959534168243408,1.0,4
1722,-0.050911836326122284,-3.0338659286499023,-6.542387962341309,-10.276762962341309,-13.481308937072754,1.0,1
1723,-12.04331111907959,-14.351550102233887,-11.060356140136719,-3.6541059017181396,-0.026265844702720642,5.0,5
1724,-14.235723495483398,-14.512712478637695,-9.445950508117676,-0.039700377732515335,-3.248507261276245,3.0,4
1725,-2.020817518234253,-0.1472366452217102,-5.4441118240356445,-10.506611824035645,-14.037861824035645,1.0,2
1726,-0.005009362008422613,-5.374327182769775,-8.21097469329834,-11.07816219329834,-11.013531684875488,1.0,1
1727,-11.97633171081543,-13.73769474029541,-12.061558723449707,-4.724910736083984,-0.009002807550132275,5.0,5
1728,-10.714654922485352,-4.396473407745361,-1.0683481693267822,-0.443348228931427,-6.33965539932251,3.0,4
1729,-12.469558715820312,-12.90279769897461,-10.750808715820312,-1.6599006652832031,-0.21103671193122864,2.0,5
1730,-9.07569694519043,-1.1850719451904297,-0.3725719153881073,-5.26319694519043,-11.34132194519043,2.0,3
1731,-16.82891082763672,-12.506464958190918,-5.053340435028076,-0.0064653512090444565,-10.365839958190918,1.0,4
1732,-13.147164344787598,-5.6613688468933105,-0.007958960719406605,-5.419890880584717,-11.617334365844727,2.0,3
1733,-9.555880546569824,-0.8527557253837585,-0.5558807253837585,-9.04451847076416,-12.516818046569824,3.0,3
1734,-4.697543144226074,-0.2657252252101898,-1.5299311876296997,-4.900668144226074,-9.736605644226074,3.0,2
1735,-12.53149700164795,-12.616724014282227,-9.726099014282227,-0.32269033789634705,-1.2886003255844116,2.0,4
1736,-3.8754265308380127,-0.0941765308380127,-2.6723015308380127,-10.537358283996582,-13.570738792419434,5.0,2
1737,-0.042221732437610626,-3.195629835128784,-8.20983600616455,-11.448471069335938,-11.734692573547363,5.0,1
1738,-0.08284866064786911,-2.540236473083496,-7.611258506774902,-11.077167510986328,-11.84066104888916,1.0,1
1739,-13.929949760437012,-14.086199760437012,-11.323415756225586,-1.3944377899169922,-0.2850627899169922,1.0,5
1740,-9.51359748840332,-1.1897342205047607,-0.3658701777458191,-6.2323479652404785,-10.440443992614746,5.0,3
1741,-0.00650183018296957,-5.077523708343506,-9.622978210449219,-12.613035202026367,-11.635051727294922,1.0,1
1742,-0.0025808855425566435,-6.0253071784973145,-10.343488693237305,-13.177295684814453,-10.65456771850586,1.0,1
1743,-13.909311294555664,-14.40647029876709,-11.480334281921387,-3.568403720855713,-0.028629668056964874,4.0,5
1744,-13.16150188446045,-6.414343357086182,-0.09474021941423416,-2.422865152359009,-9.87598991394043,1.0,3
1745,-0.003735114587470889,-5.614529132843018,-9.946917533874512,-11.567654609680176,-12.177030563354492,1.0,1
1746,-0.07750741392374039,-2.648529529571533,-5.648529529571533,-9.586029052734375,-12.350234031677246,1.0,1
1747,-11.996889114379883,-13.87899112701416,-12.224162101745605,-6.790923595428467,-0.001149708521552384,5.0,5
1748,-0.013795503415167332,-4.346181392669678,-7.276578426361084,-12.336238861083984,-12.350442886352539,1.0,1
1749,-0.0018283093813806772,-6.314328193664551,-11.47057819366455,-14.66589069366455,-14.20495319366455,1.0,1
1750,-0.019761936739087105,-3.9544219970703125,-8.087944030761719,-11.369194030761719,-12.1149320602417,1.0,1
1751,-0.03560255467891693,-3.4304885864257812,-6.135032653808594,-11.413442611694336,-13.103782653808594,5.0,1
1752,-13.939780235290527,-10.168473243713379,-1.8573929071426392,-0.16989290714263916,-10.239496231079102,1.0,4
1753,-13.217904090881348,-9.560234069824219,-2.500574827194214,-0.10852891206741333,-10.838643074035645,1.0,4
1754,-12.88192081451416,-13.748397827148438,-11.859192848205566,-2.9245333671569824,-0.05521536245942116,1.0,5
1755,-11.895356178283691,-13.031720161437988,-10.986265182495117,-3.045924186706543,-0.04876605048775673,4.0,5
1756,-11.916950225830078,-12.627178192138672,-10.105871200561523,-2.179734945297241,-0.12007495015859604,1.0,5
1757,-10.925891876220703,-0.0025972940493375063,-5.9827094078063965,-10.187254905700684,-13.390379905700684,2.0,2
1758,-11.712738037109375,-12.579215049743652,-10.540863037109375,-4.191432476043701,-0.015296410769224167,4.0,5
1759,-12.14193344116211,-12.631990432739258,-10.444490432739258,-4.00983190536499,-0.01835562288761139,4.0,5
1760,-12.560653686523438,-13.75383472442627,-12.454118728637695,-5.572017192840576,-0.0038349907845258713,4.0,5
1761,-0.01835152693092823,-4.024033546447754,-8.3848295211792,-11.1973295211792,-11.268352508544922,4.0,1
1762,-12.360077857971191,-9.078827857971191,-4.249281883239746,-0.016328057274222374,-6.806099891662598,3.0,4
1763,-12.62411117553711,-13.09286117553711,-10.585758209228516,-1.8357590436935425,-0.17382702231407166,5.0,5
1764,-0.466488242149353,-1.0062602758407593,-4.9693284034729,-8.719327926635742,-11.510520935058594,3.0,1
1765,-0.5562390089035034,-0.8829449415206909,-4.3630571365356445,-8.61021614074707,-11.664194107055664,1.0,1
1766,-11.894989013671875,-12.89640998840332,-11.113739013671875,-5.162036418914795,-0.0057863350957632065,3.0,5
1767,-14.092618942260742,-11.564209938049316,-7.657958984375,-0.0017109769396483898,-6.7346649169921875,4.0,4
1768,-11.706028938293457,-12.94892692565918,-11.38642692565918,-4.767107963562012,-0.008585919626057148,3.0,5
1769,-3.56581449508667,-0.04166548699140549,-4.385415554046631,-9.666665077209473,-14.453597068786621,1.0,2
1770,-0.017644111067056656,-4.094347953796387,-7.234972953796387,-10.149035453796387,-11.67957592010498,1.0,1
1771,-12.001699447631836,-11.994596481323242,-8.885221481323242,-0.5414712429046631,-0.8724381923675537,4.0,4
1772,-13.219752311706543,-10.819184303283691,-4.853275299072266,-0.009525208733975887,-6.74247932434082,5.0,4
1773,-0.6784670948982239,-0.7253420948982239,-4.819092273712158,-8.209716796875,-10.096080780029297,1.0,1
1774,-0.046546582132577896,-3.1999566555023193,-5.425807476043701,-8.75393295288086,-9.620410919189453,1.0,1
1775,-11.999414443969727,-12.55836296081543,-10.03492546081543,-4.542028427124023,-0.010778659954667091,5.0,5
1776,-11.825883865356445,-12.284689903259277,-9.519064903259277,-1.2065646648406982,-0.35571354627609253,5.0,5
1777,-10.610721588134766,-0.0006373281357809901,-7.656887531280518,-9.704471588134766,-12.77762508392334,3.0,2
1778,-12.180716514587402,-0.0010287236655130982,-7.037960529327393,-8.876029014587402,-12.977591514587402,3.0,2
1779,-2.241295337677002,-0.1248193308711052,-4.542431354522705,-8.411749839782715,-12.341437339782715,2.0,2
1780,-15.944869995117188,-14.048563957214355,-8.885211944580078,-0.0016876515001058578,-6.548562526702881,5.0,4
1781,-0.029809776693582535,-3.5298097133636475,-9.991458892822266,-13.244298934936523,-13.869298934936523,1.0,1
1782,-10.992319107055664,-12.101694107055664,-11.147149085998535,-3.703968048095703,-0.02499004453420639,2.0,5
1783,-12.645522117614746,-13.9097261428833,-12.247795104980469,-5.6710896492004395,-0.003475817386060953,4.0,5
1784,-11.220293998718262,-10.123703002929688,-7.775691509246826,-0.573987603187561,-0.8296695947647095,3.0,4
1785,-0.012475547380745411,-4.401681423187256,-9.458499908447266,-11.21204948425293,-12.77454948425293,2.0,1
1786,-0.011468320153653622,-4.485900402069092,-9.42908000946045,-12.33390998840332,-12.007205963134766,1.0,1
1787,-11.1585693359375,-0.01794472523033619,-4.033569812774658,-9.7835693359375,-13.5413818359375,4.0,2
1788,-12.801718711853027,-10.713650703430176,-7.0488786697387695,-0.0034228330478072166,-5.997740745544434,4.0,4
1789,-6.098523139953613,-0.3030688762664795,-1.3542048931121826,-6.879773139953613,-12.220683097839355,2.0,2
1790,-0.008893403224647045,-4.81002950668335,-7.459176540374756,-11.912302017211914,-9.943551063537598,2.0,1
1791,-3.564294092939235e-05,-10.525603294372559,-14.098045349121094,-16.811115264892578,-13.153443336486816,1.0,1
1792,-11.297165870666504,-12.255972862243652,-9.91932487487793,-1.9931893348693848,-0.14659740030765533,2.0,5
1793,-0.056223899126052856,-2.9155988693237305,-7.6499738693237305,-11.81403636932373,-13.42341136932373,1.0,1
1794,-0.0017360866768285632,-6.464804172515869,-10.797189712524414,-13.59548568725586,-11.895200729370117,1.0,1
1795,-10.722857475280762,-0.02683420106768608,-3.663198232650757,-7.299561977386475,-9.791038513183594,2.0,2
1796,-0.008529305458068848,-4.774154186248779,-10.149154663085938,-13.696029663085938,-13.828842163085938,1.0,1
1797,-11.993074417114258,-11.666370391845703,-8.086825370788574,-1.2118250131607056,-0.35386908054351807,3.0,5
1798,-0.0042149280197918415,-5.488589763641357,-9.894840240478516,-13.512027740478516,-11.472965240478516,1.0,1
1799,-12.595735549926758,-14.037497520446777,-12.063065528869629,-4.05170202255249,-0.017611784860491753,1.0,5
1800,-11.821696281433105,-11.681071281433105,-7.5873212814331055,-0.16544650495052338,-1.8841965198516846,4.0,4
1801,-13.80764102935791,-10.512186050415039,-3.360196590423584,-0.036334630101919174,-7.678378582000732,1.0,4
1802,-6.318896293640137,-0.7563962340354919,-0.6470212340354919,-5.256396293640137,-11.514208793640137,5.0,3
1803,-13.48145866394043,-14.369242668151855,-12.551060676574707,-3.801060676574707,-0.022652670741081238,5.0,5
1804,-13.41724967956543,-8.516681671142578,-2.0394093990325928,-0.14026039838790894,-7.984010219573975,2.0,4
1805,-12.171879768371582,-12.207390785217285,-9.487220764160156,-0.2684716284275055,-1.447447657585144,4.0,4
1806,-13.52927017211914,-9.78708267211914,-2.9902079105377197,-0.052707940340042114,-9.08395767211914,3.0,4
1807,-14.057940483093262,-14.711349487304688,-12.701406478881836,-3.944304943084717,-0.019587891176342964,5.0,5
1808,-12.21081256866455,-13.411096572875977,-11.791778564453125,-4.135529041290283,-0.016211122274398804,1.0,5
1809,-12.565200805664062,-7.636223793029785,-0.8464518785476685,-0.5623599290847778,-9.085086822509766,2.0,4
1810,-1.0667872428894043,-0.42758315801620483,-5.612243175506592,-9.488661766052246,-12.933974266052246,1.0,2
1811,-15.120304107666016,-15.504537582397461,-11.974708557128906,-0.0031161580700427294,-5.7815260887146,3.0,4
1812,-15.639660835266113,-15.462103843688965,-11.016080856323242,-0.21920561790466309,-1.625455617904663,3.0,4
1813,-0.005134728737175465,-5.289224624633789,-10.118770599365234,-11.391496658325195,-13.172747611999512,2.0,1
1814,-0.09773954749107361,-2.455693483352661,-4.95569372177124,-8.861943244934082,-10.026005744934082,4.0,1
1815,-6.377804756164551,-0.8266686797142029,-0.5993966460227966,-4.455929756164551,-10.46374225616455,2.0,3
1816,-12.716533660888672,-12.48926067352295,-9.619942665100098,-0.17392079532146454,-1.8358527421951294,4.0,4
1817,-0.9304414987564087,-0.5469175577163696,-3.629303455352783,-8.302599906921387,-11.598053932189941,1.0,2
1818,-14.378130912780762,-9.264493942260742,-2.155118465423584,-0.12386852502822876,-10.755971908569336,3.0,4
1819,-14.864058494567871,-14.140336036682129,-11.007523536682129,-0.5231484770774841,-0.8981484770774841,3.0,4
1820,-0.15651850402355194,-1.9462924003601074,-6.221860408782959,-10.39799690246582,-12.074132919311523,4.0,1
1821,-0.05568576231598854,-2.92500376701355,-7.784379005432129,-12.371026992797852,-11.021595001220703,2.0,1
1822,-14.389297485351562,-9.664865493774414,-9.333651541965082e-05,-11.461740493774414,-14.240150451660156,3.0,3
1823,-10.22947883605957,-5.15135383605957,-0.4354456961154938,-1.0604456663131714,-8.446807861328125,4.0,3
1824,-2.16231369972229,-0.15947368741035461,-3.4407236576080322,-8.469131469726562,-12.169415473937988,4.0,2
1825,-12.216150283813477,-6.463308811187744,-0.15649087727069855,-1.9462648630142212,-8.309901237487793,1.0,3
1826,-10.951791763305664,-4.602359771728516,-0.09951949864625931,-2.471677541732788,-9.460314750671387,1.0,3
1829,-0.29107317328453064,-1.3990272283554077,-5.305277347564697,-9.268345832824707,-10.65115737915039,1.0,1
1830,-0.021769845858216286,-3.871201753616333,-8.416655540466309,-11.605575561523438,-11.718501091003418,1.0,1
1831,-11.34003734588623,-6.0488457679748535,-0.6085037589073181,-0.7931637167930603,-7.966457843780518,1.0,3
1832,-12.326148986816406,-12.780694961547852,-11.395751953125,-4.542057991027832,-0.010808141902089119,1.0,5
1833,-13.086919784545898,-4.933512210845947,-0.03294401988387108,-3.683511972427368,-9.875982284545898,1.0,3
1834,-13.439205169677734,-11.024432182312012,-4.966193199157715,-0.008807029575109482,-6.386649131774902,1.0,4
1835,-15.507133483886719,-17.268497467041016,-15.769917488098145,-10.414804458618164,-3.099393507000059e-05,4.0,5
1836,-12.91482925415039,-13.433295249938965,-10.940397262573242,-4.3636932373046875,-0.012840094976127148,3.0,5
1837,-0.029495231807231903,-3.5522212982177734,-8.111881256103516,-11.123244285583496,-10.025232315063477,2.0,1
1838,-0.009946780279278755,-4.626422882080078,-9.981536865234375,-12.46733283996582,-11.118610382080078,1.0,1
1839,-13.748978614807129,-15.062899589538574,-13.393864631652832,-7.839887619018555,-0.0003987947420682758,2.0,5
1840,-11.816582679748535,-8.74129867553711,-3.1589128971099854,-0.04811687022447586,-5.781070709228516,4.0,4
1841,-12.111404418945312,-0.002029622904956341,-6.2207794189453125,-10.345779418945312,-14.322341918945312,5.0,2
1842,-13.332056999206543,-12.586318969726562,-7.2525129318237305,-0.022399049252271652,-3.84342098236084,4.0,4
1843,-12.453106880187988,-13.187481880187988,-9.531231880187988,-1.4062321186065674,-0.281232088804245,2.0,5
1844,-5.993706703186035,-0.19825094938278198,-1.7323429584503174,-7.769274711608887,-11.034188270568848,1.0,2
1845,-10.410421371459961,-11.160421371459961,-8.051046371459961,-2.113546848297119,-0.12917177379131317,1.0,5
1846,-12.030406951904297,-11.646883964538574,-7.236372947692871,-0.10569095611572266,-2.3073949813842773,5.0,4
1847,-13.457208633422852,-14.261896133422852,-11.816583633422852,-1.675958275794983,-0.2072082906961441,5.0,5
1848,-0.011028642766177654,-4.52665376663208,-9.292278289794922,-12.956340789794922,-11.807903289794922,4.0,1
1849,-0.003523453138768673,-5.6853413581848145,-10.614319801330566,-11.872841835021973,-11.482216835021973,1.0,1
1850,-14.745960235595703,-8.289995193481445,-0.00874534621834755,-4.777210235595703,-11.089710235595703,5.0,3
1851,-2.147953987121582,-0.1451139599084854,-4.008749961853027,-9.662158966064453,-12.341845512390137,1.0,2
1852,-4.7458062171936035,-0.11512436717748642,-2.3168303966522217,-6.562567234039307,-11.859442710876465,1.0,2
1853,-0.024281028658151627,-3.745871067047119,-8.845303535461426,-10.94544506072998,-12.82825756072998,1.0,1
1854,-10.4837646484375,-0.2138785421848297,-1.6627424955368042,-5.857343673706055,-10.787031173706055,3.0,2
1855,-5.8438897132873535,-0.21888971328735352,-1.6535496711730957,-6.082525730133057,-11.520025253295898,4.0,2
1856,-16.09311294555664,-13.784873962402344,-8.010725975036621,-0.0007826602668501437,-7.782032489776611,3.0,4
1857,-0.021521717309951782,-3.8709537982940674,-8.14652156829834,-9.946946144104004,-12.443395614624023,2.0,1
1858,-0.006709665060043335,-5.020913600921631,-10.07773208618164,-11.931425094604492,-12.376737594604492,1.0,1
1859,-0.3013570308685303,-1.366698980331421,-5.400789260864258,-10.130903244018555,-13.170675277709961,1.0,1
1860,-0.5118519067764282,-0.9237838983535767,-5.653897762298584,-10.270374298095703,-13.395374298095703,1.0,1
1861,-10.856836318969727,-12.476154327392578,-10.899450302124023,-5.416496753692627,-0.004564699251204729,1.0,5
1862,-6.102132320404053,-0.8038383722305298,-0.6191784143447876,-4.454406261444092,-9.695883750915527,1.0,3
1863,-0.4184459149837494,-1.0860599279403687,-5.475264072418213,-10.013615608215332,-13.188331604003906,2.0,1
1864,-5.872095584869385,-0.48857343196868896,-1.0141414403915405,-3.869253635406494,-10.509879112243652,1.0,2
1865,-12.510358810424805,-12.666608810424805,-9.953540802001953,-0.11263096332550049,-2.2404727935791016,1.0,4
1866,-0.4650906026363373,-1.0616806745529175,-3.663952589035034,-7.976452827453613,-12.134123802185059,1.0,1
1867,-15.828545570373535,-11.773147583007812,-2.550136089324951,-0.08138597011566162,-11.829965591430664,2.0,4
1868,-12.913064956665039,-13.431530952453613,-11.918746948242188,-3.151700496673584,-0.04374656081199646,2.0,5
1869,-0.05030599236488342,-3.075874090194702,-5.884110927581787,-9.563798904418945,-11.271896362304688,3.0,1
1870,-10.076208114624023,-12.164276123046875,-8.679901123046875,-3.070525884628296,-0.04779985174536705,4.0,5
1871,-12.598368644714355,-13.74183464050293,-12.363993644714355,-3.9122891426086426,-0.020243234932422638,5.0,5
1872,-15.749279975891113,-13.242177963256836,-4.433938980102539,-0.012063756585121155,-9.279109954833984,5.0,4
1873,-3.0678324699401855,-0.05220739543437958,-5.4428324699401855,-11.692831993103027,-15.544394493103027,1.0,2
1874,-0.022657448425889015,-3.8039073944091797,-9.10078239440918,-13.35859489440918,-14.88984489440918,3.0,1
1875,-12.88753890991211,-13.53597640991211,-10.64535140991211,-0.5828515887260437,-0.8172265887260437,4.0,4
1876,-0.0039572990499436855,-5.572139263153076,-10.103389739990234,-12.681514739990234,-12.404525756835938,1.0,1
1877,-0.014975623227655888,-4.218100547790527,-9.108725547790527,-12.561850547790527,-13.085288047790527,2.0,1
1878,-9.047717094421387,-1.5193090438842773,-0.25510504841804504,-5.113059043884277,-9.268597602844238,1.0,3
1879,-12.708358764648438,-8.130233764648438,-1.6146084070205688,-0.22398339211940765,-9.177108764648438,3.0,4
1880,-0.08190958201885223,-2.550659656524658,-7.456909656524658,-11.8084716796875,-13.8240966796875,1.0,1
1881,-1.7412000894546509,-0.20710809528827667,-4.454267978668213,-9.880404472351074,-12.758244514465332,1.0,2
1882,-4.5880022048950195,-0.19879841804504395,-1.7755024433135986,-7.301070213317871,-11.069535255432129,2.0,2
1883,-12.61064624786377,-13.48422622680664,-11.51689624786377,-4.499850273132324,-0.011214320547878742,4.0,5
1884,-12.422176361083984,-14.197744369506836,-12.656551361083984,-8.324164390563965,-0.000302030734019354,3.0,5
1885,-5.0005784034729,-0.2562604546546936,-1.5204644203186035,-7.315918445587158,-10.938788414001465,3.0,2
1886,-0.6557087898254395,-0.7409367561340332,-5.485254764556885,-10.385822296142578,-13.951164245605469,2.0,1
1887,-13.977510452270508,-15.419271469116211,-12.463305473327637,-8.42353343963623,-0.00023755589791107923,1.0,5
1888,-12.621454238891602,-14.120033264160156,-12.557533264160156,-7.301851272583008,-0.0007152383332140744,4.0,5
1889,-12.475059509277344,-12.858582496643066,-10.415400505065918,-0.869947075843811,-0.5432411432266235,1.0,5
1890,-15.442923545837402,-12.758264541625977,-5.229855060577393,-0.00542311929166317,-12.275310516357422,1.0,4
1891,-13.733022689819336,-13.108022689819336,-9.819670677185059,-0.04694396257400513,-3.0867159366607666,3.0,4
1892,-12.515678405761719,-7.7855658531188965,-0.4986337125301361,-0.9389756917953491,-8.694655418395996,5.0,3
1893,-0.046828508377075195,-3.100806474685669,-7.447396278381348,-9.812453269958496,-13.207340240478516,1.0,1
1894,-1.406519889831543,-0.30850887298583984,-3.90225887298584,-8.328394889831543,-14.150838851928711,1.0,2
1895,-12.772903442382812,-14.136540412902832,-12.716085433959961,-5.812677383422852,-0.0030175175052136183,4.0,5
1896,-11.926918029785156,-12.502202033996582,-9.405611991882324,-1.1101579666137695,-0.399929940700531,4.0,5
1897,-10.259682655334473,-3.9812746047973633,-0.2028646618127823,-1.8221826553344727,-6.477011680603027,1.0,3
1898,-0.05004749819636345,-3.03300142288208,-8.047205924987793,-11.648058891296387,-13.309990882873535,1.0,1
1899,-15.396567344665527,-11.866737365722656,-5.517306327819824,-0.004521384835243225,-8.973271369934082,1.0,4
1900,-6.577939033508301,-0.07793889194726944,-2.732769727706909,-4.765439033508301,-10.9920015335083,1.0,2
1901,-0.2503567337989807,-1.5287647247314453,-5.506038665771484,-9.63956069946289,-12.011719703674316,1.0,1
1902,-0.0035792829003185034,-5.841647148132324,-9.66266918182373,-11.127867698669434,-8.541930198669434,2.0,1
1903,-13.324399948120117,-13.747694969177246,-13.295990943908691,-4.325819969177246,-0.013320148922502995,1.0,5
1904,-11.181140899658203,-4.987960338592529,-1.0675063133239746,-0.43256136775016785,-9.306140899658203,1.0,4
1905,-0.011165988631546497,-4.514008045196533,-9.272529602050781,-12.326506614685059,-13.32082462310791,2.0,1
1906,-0.008326222188770771,-4.809462070465088,-9.411734580993652,-12.0892915725708,-12.359177589416504,2.0,1
1907,-14.727234840393066,-16.161893844604492,-12.725103378295898,-2.8266663551330566,-0.06104123592376709,5.0,5
1908,-11.625804901123047,-5.326088905334473,-0.29767879843711853,-1.3772248029708862,-8.479496955871582,2.0,3
1909,-0.0033717467449605465,-5.713599681854248,-10.159622192382812,-13.419565200805664,-14.087178230285645,2.0,1
1910,-0.19252130389213562,-1.8118393421173096,-4.492236137390137,-8.554736137390137,-12.308998107910156,2.0,1
1911,-13.948874473571777,-15.901999473571777,-14.715919494628906,-11.860806465148926,-1.0609570381348021e-05,5.0,5
1912,-12.112005233764648,-13.205755233764648,-9.498368263244629,-0.9671182632446289,-0.47848227620124817,5.0,5
1913,-0.018358901143074036,-4.062393665313721,-6.9402337074279785,-11.721484184265137,-15.923189163208008,1.0,1
1914,-0.0012263881508260965,-6.748384475708008,-11.02395248413086,-12.425941467285156,-13.516851425170898,1.0,1
1915,-12.102910041809082,-14.198081016540527,-12.642683029174805,-7.387002468109131,-0.0006382812280207872,5.0,5
1916,-10.072393417358398,-13.490007400512695,-11.465859413146973,-5.911882400512695,-0.0027921521104872227,5.0,5
1917,-9.228692054748535,-1.4730103015899658,-0.2656243145465851,-5.5497145652771,-10.791192054748535,1.0,3
1918,-0.4067722260951996,-1.102796196937561,-6.173818111419678,-10.058761596679688,-13.034613609313965,1.0,1
1919,-11.719987869262695,-13.417430877685547,-11.577942848205566,-6.719987869262695,-0.0012380562257021666,5.0,5
1920,-11.389893531799316,-10.438189506530762,-6.91546106338501,-0.040463004261255264,-3.264893054962158,5.0,4
1921,-0.003507297718897462,-5.671121120452881,-10.472257614135742,-13.426802635192871,-12.894131660461426,3.0,1
1922,-0.04651836305856705,-3.100494384765625,-7.944244384765625,-11.374642372131348,-12.390267372131348,4.0,1
1923,-16.330171585083008,-11.727899551391602,-4.727899074554443,-0.009149174205958843,-8.743524551391602,4.0,4
1924,-12.984848976135254,-8.624053955078125,-1.7064399719238281,-0.2007579803466797,-9.391098976135254,5.0,4
1925,-0.005540965590626001,-5.218608856201172,-9.664630889892578,-12.72571086883545,-12.058097839355469,3.0,1
1926,-0.009163584560155869,-4.710867404937744,-9.384161949157715,-12.715128898620605,-11.546093940734863,2.0,1
1927,-16.422077178955078,-13.65929126739502,-5.1777567863464355,-0.005881740245968103,-9.130881309509277,5.0,4
1928,-0.02050347626209259,-3.9125494956970215,-8.51482105255127,-12.073060035705566,-12.868514060974121,1.0,1
1929,-11.434252738952637,-1.290785551071167,-0.322035551071167,-8.280842781066895,-12.142348289489746,1.0,3
1930,-0.24142631888389587,-1.5908583402633667,-4.53972053527832,-10.717277526855469,-13.565289497375488,1.0,1
1931,-14.582433700561523,-16.542661666870117,-13.632859230041504,-10.022774696350098,-4.6967357775429264e-05,5.0,5
1932,-13.345836639404297,-11.514870643615723,-7.9367451667785645,-0.3202691674232483,-1.2961201667785645,4.0,4
1933,-0.004413150716573,-5.501571178436279,-9.507253646850586,-12.33395767211914,-10.093900680541992,3.0,1
1934,-0.010397433303296566,-4.605566501617432,-9.089941024780273,-13.412384986877441,-10.730566024780273,5.0,1
1935,-11.848382949829102,-13.39667797088623,-10.85903549194336,-6.365429401397705,-0.001793206320144236,3.0,5
1936,-0.027033908292651176,-3.6491918563842773,-8.321066856384277,-12.697487831115723,-11.305441856384277,2.0,1
1937,-11.195247650146484,-1.635589361190796,-0.22933942079544067,-4.604339599609375,-10.115702629089355,2.0,3
1938,-7.7229509353637695,-1.0894279479980469,-0.42181396484375,-4.938859939575195,-10.677495956420898,2.0,3
1939,-13.092294692993164,-6.742862701416016,-0.11075951904058456,-2.2670094966888428,-11.643430709838867,3.0,3
1940,-0.0014253228437155485,-6.592335224151611,-10.853699684143066,-13.58807373046875,-12.57244873046875,1.0,1
1941,-2.8378255367279053,-0.1957794576883316,-2.141801595687866,-6.388961315155029,-11.040949821472168,1.0,2
1942,-11.380941390991211,-11.998839378356934,-9.711907386779785,-1.217589020729065,-0.3511129319667816,5.0,5
1943,-10.771845817565918,-11.993436813354492,-9.976391792297363,-2.6184377670288086,-0.07582385838031769,1.0,5
1944,-0.004454808309674263,-5.54422664642334,-9.720362663269043,-12.518658638000488,-12.589681625366211,1.0,1
1945,-0.002733900910243392,-6.110687732696533,-10.45727825164795,-13.198755264282227,-11.133414268493652,3.0,1
1946,-0.048615261912345886,-3.074183225631714,-6.797194480895996,-10.469069480895996,-13.131001472473145,1.0,1
1947,-0.018552349880337715,-4.0526442527771,-7.252927303314209,-12.23446273803711,-13.76145076751709,2.0,1
1948,-8.725739462533966e-05,-9.562586784362793,-11.921961784362793,-16.480201721191406,-15.556905746459961,1.0,1
1949,-0.10453560203313828,-2.3204455375671387,-7.2494215965271,-11.056241035461426,-13.442604064941406,2.0,1
1950,-10.753960609436035,-11.418022155761719,-11.194300651550293,-4.1914591789245605,-0.015323176980018616,4.0,5
1951,-10.787359237670898,-4.849859237670898,-0.4038371443748474,-1.1282691955566406,-8.230541229248047,3.0,3
1952,-0.2725408971309662,-1.4444159269332886,-5.928791046142578,-12.37907600402832,-13.936603546142578,1.0,1
1953,-0.14562009274959564,-2.006416082382202,-6.935393810272217,-10.933972358703613,-13.39846134185791,3.0,1
1954,-1.21890127658844,-0.5086733102798462,-2.2742981910705566,-9.074014663696289,-11.024298667907715,1.0,2
1955,-11.254228591918945,-5.607921123504639,-0.3948531746864319,-1.1334891319274902,-8.0653076171875,1.0,3
1956,-0.01259586215019226,-4.458617687225342,-7.092139720916748,-11.823675155639648,-11.076515197753906,1.0,1
1957,-12.510862350463867,-9.371658325195312,-3.647226333618164,-0.03927237167954445,-7.6529083251953125,2.0,4
1958,-12.93020248413086,-10.728498458862305,-4.69156551361084,-0.018271466717123985,-7.234179496765137,1.0,4
1959,-0.013530570082366467,-4.33171272277832,-8.522052764892578,-11.590234756469727,-12.428302764892578,1.0,1
1960,-0.8625822067260742,-0.5642862319946289,-4.726218223571777,-8.7034912109375,-11.5159912109375,2.0,2
1961,-11.308562278747559,-0.0017450118903070688,-6.564245223999023,-10.257426261901855,-12.409414291381836,5.0,2
1962,-12.573796272277832,-13.838000297546387,-12.225784301757812,-5.897660255432129,-0.002774082822725177,5.0,5
1963,-12.557908058166504,-12.344840049743652,-8.985465049743652,-0.12182869762182236,-2.167282819747925,4.0,4
1964,-0.0018434212543070316,-6.337071418762207,-10.598433494567871,-12.970593452453613,-11.919456481933594,2.0,1
1965,-0.41851508617401123,-1.1145371198654175,-4.310561180114746,-7.989537239074707,-9.999481201171875,4.0,1
1966,-12.048968315124512,-13.490729331970215,-11.239309310913086,-3.100104808807373,-0.04612866789102554,5.0,5
1967,-0.14301425218582153,-2.046424150466919,-5.6259684562683105,-8.608922958374023,-9.148695945739746,4.0,1
1968,-10.342912673950195,-10.858537673950195,-7.499162197113037,-2.280412197113037,-0.10853725671768188,1.0,5
1969,-8.551972389221191,-2.003676176071167,-0.14856208860874176,-5.804811954498291,-13.154244422912598,5.0,3
1970,-15.336111068725586,-10.570486068725586,-3.789236545562744,-0.023611444979906082,-8.929861068725586,4.0,4
1971,-1.4781842764932662e-05,-11.704559326171875,-14.573877334594727,-17.017059326171875,-13.792627334594727,4.0,1
1972,-0.017393669113516808,-4.207735538482666,-6.486143589019775,-9.517394065856934,-7.439268589019775,1.0,1
1973,-0.04417174682021141,-3.154967784881592,-7.657809734344482,-11.194740295410156,-12.02570629119873,4.0,1
1974,-6.101443767547607,-0.3628078103065491,-1.2008757591247559,-6.825875759124756,-11.811671257019043,5.0,2
1975,-12.039060592651367,-13.43820858001709,-10.618605613708496,-3.227980852127075,-0.04048075154423714,3.0,5
1976,-13.712296485900879,-13.235023498535156,-10.485023498535156,-0.5318983793258667,-0.8855932950973511,3.0,4
1977,-11.564258575439453,-0.044372014701366425,-3.142383098602295,-8.533007621765137,-12.439257621765137,2.0,2
1978,-13.630692481994629,-13.1761474609375,-9.596601486206055,-0.10796523839235306,-2.2812612056732178,3.0,4
1979,-12.822870254516602,-12.545881271362305,-9.300143241882324,-0.09559766948223114,-2.396735668182373,2.0,4
1980,-12.648763656616211,-10.844786643981934,-4.4030256271362305,-0.013821722939610481,-6.547911643981934,1.0,4
1981,-0.09511099010705948,-2.4814748764038086,-4.984314918518066,-8.890564918518066,-10.046814918518066,1.0,1
1982,-13.932709693908691,-13.956147193908691,-11.57901668548584,-0.08896006643772125,-2.4639601707458496,1.0,4
1983,-14.729473114013672,-14.949644088745117,-11.25220012664795,-0.5490747094154358,-0.8615747094154358,4.0,4
1984,-11.280097961425781,-3.66646146774292,-0.058507468551397324,-3.467597484588623,-10.8468599319458,4.0,3
1985,-14.22098159790039,-6.287742614746094,-0.010753422044217587,-4.729503631591797,-13.04910659790039,3.0,3
1986,-14.717108726501465,-11.869097709655762,-4.8179612159729,-0.008302932605147362,-8.72989273071289,4.0,4
1987,-14.530714988708496,-7.705431938171387,-0.009407948702573776,-4.722477912902832,-11.681282997131348,4.0,3
1988,-9.534402847290039,-10.315652847290039,-7.268777847290039,-2.768777847290039,-0.06565296649932861,1.0,5
1989,-9.612381935119629,-10.706131935119629,-7.471756935119629,-2.768631935119629,-0.06550683081150055,1.0,5
1990,-13.334858894348145,-13.654460906982422,-9.482585906982422,-2.283724069595337,-0.10758624970912933,1.0,5
1991,-15.328319549560547,-15.80559253692627,-8.718944549560547,-0.00019441144831944257,-10.640819549560547,1.0,4
1992,-12.206138610839844,-0.6123883724212646,-0.7842633724212646,-6.518638610839844,-12.292076110839844,3.0,2
1993,-0.0034205757547169924,-5.756260395050049,-8.754839897155762,-11.942339897155762,-11.286089897155762,3.0,1
1994,-12.905169486999512,-14.37533950805664,-12.408010482788086,-4.908010482788086,-0.007442486006766558,4.0,5
1995,-13.177361488342285,-5.379067897796631,-0.03815788775682449,-3.418839931488037,-10.862020492553711,3.0,3
1996,-9.18376636505127,-1.6837668418884277,-0.21501678228378296,-4.871266841888428,-10.84782886505127,1.0,3
1997,-0.00973277073353529,-4.650357723236084,-9.119108200073242,-12.931608200073242,-11.962858200073242,2.0,1
1998,-13.883620262145996,-15.344557762145996,-13.438307762145996,-4.758620262145996,-0.008620076812803745,1.0,5
1999,-0.0036918832920491695,-5.613066673278809,-10.644316673278809,-13.558379173278809,-13.370879173278809,3.0,1
2000,-0.011105158366262913,-4.556559085845947,-8.533833503723145,-11.175878524780273,-9.371901512145996,1.0,1
2001,-12.114036560058594,-13.285911560058594,-10.636763572692871,-2.182217597961426,-0.1197175458073616,1.0,5
2002,-13.656145095825195,-8.17319107055664,-0.28540652990341187,-1.3947815895080566,-11.255577087402344,1.0,3
2003,-14.89235782623291,-15.169346809387207,-10.883834838867188,-0.852584958076477,-0.555709958076477,3.0,5
2004,-9.815896987915039,-0.11419173330068588,-2.2448737621307373,-6.2931694984436035,-11.136919021606445,2.0,2
2005,-12.053655624389648,-12.707064628601074,-8.0479736328125,-2.7922933101654053,-0.06359846144914627,3.0,5
2006,-14.743358612060547,-9.785972595214844,-1.5757449865341187,-0.23199498653411865,-8.96636962890625,2.0,4
2007,-10.15298080444336,-2.127413272857666,-0.1813894510269165,-3.0663323402404785,-9.425707817077637,4.0,3
2008,-16.04218101501465,-12.846869468688965,-5.784368991851807,-0.0031190102454274893,-10.331244468688965,2.0,4
2009,-0.01884099282324314,-3.9961130619049072,-8.854066848754883,-12.341282844543457,-13.342703819274902,3.0,1
2010,-13.713184356689453,-14.189746856689453,-11.369434356689453,-0.6038097143173218,-0.7913097143173218,2.0,4
2011,-0.01285327598452568,-4.387851238250732,-9.14637565612793,-12.186147689819336,-12.477340698242188,4.0,1
2012,-0.00619669072329998,-5.119832515716553,-9.920969009399414,-12.56301498413086,-12.840003967285156,2.0,1
2013,-0.2532985508441925,-1.5175025463104248,-5.523184776306152,-9.756138801574707,-12.263240814208984,5.0,1
2014,-14.130500793457031,-15.444421768188477,-13.491296768188477,-4.634761333465576,-0.009761457331478596,3.0,5
2015,-0.01412948127835989,-4.303901672363281,-8.565265655517578,-11.846514701843262,-11.761287689208984,2.0,1
2016,-0.009286659769713879,-4.696786880493164,-9.63996696472168,-13.049057960510254,-13.510705947875977,4.0,1
2017,-9.277792930603027,-0.8687009215354919,-0.5562009215354919,-4.962450981140137,-11.196825981140137,2.0,3
2018,-11.882662773132324,-13.097150802612305,-11.12982177734375,-3.0161843299865723,-0.050276290625333786,1.0,5
2019,-7.054936408996582,-0.7055044174194336,-0.7055044174194336,-4.4981184005737305,-8.509480476379395,2.0,2
2020,-0.010148236528038979,-4.62662410736084,-9.115262031555176,-11.94196605682373,-10.67776107788086,1.0,1
2021,-11.157567977905273,-12.066658973693848,-10.30529499053955,-4.97859001159668,-0.006999732926487923,3.0,5
2022,-7.843675136566162,-1.4658350944519043,-0.27265316247940063,-4.931743144989014,-9.254186630249023,2.0,3
2023,-0.0002779574424494058,-8.480389595031738,-12.514481544494629,-13.665759086608887,-12.814196586608887,1.0,1
2024,-15.017123222351074,-16.679054260253906,-15.180475234985352,-9.527066230773926,-7.70062324590981e-05,2.0,5
2025,-9.593534469604492,-1.7966597080230713,-0.1872846633195877,-5.327909469604492,-11.202909469604492,3.0,3
2026,-6.8436198234558105,-0.7072559595108032,-0.7214599847793579,-3.923163890838623,-9.688789367675781,1.0,2
2027,-0.7131873369216919,-0.6847773790359497,-5.230233192443848,-8.725970268249512,-12.702532768249512,3.0,2
2028,-11.317776679992676,-10.131696701049805,-6.168628692626953,-0.302152544260025,-1.3532885313034058,3.0,4
2029,-14.27663803100586,-9.560729026794434,-3.069251537322998,-0.04794451221823692,-8.766694068908691,2.0,4
2030,-10.298587799072266,-4.211940288543701,-0.20625832676887512,-1.7687582969665527,-8.459099769592285,1.0,3
2031,-11.431324005126953,-4.1230854988098145,-0.07478955388069153,-2.887289524078369,-9.52081298828125,1.0,3
2032,-15.159674644470215,-16.95655059814453,-13.270469665527344,-5.3329691886901855,-0.004844356793910265,5.0,5
2033,-12.247888565063477,-9.208115577697754,-3.1427743434906006,-0.04618421569466591,-8.45527458190918,2.0,4
2034,-7.864957809448242,-0.8763216733932495,-0.5496176481246948,-5.109275817871094,-10.322343826293945,1.0,3
2035,-11.368051528930664,-12.767199516296387,-10.743051528930664,-3.9958934783935547,-0.018619634211063385,2.0,5
2036,-12.409883499145508,-12.58743953704834,-10.300508499145508,-0.41414541006088257,-1.0817594528198242,2.0,4
2037,-12.75888729095459,-9.221955299377441,-2.6452505588531494,-0.07422856241464615,-8.369682312011719,2.0,4
2038,-0.013209685683250427,-4.359799861907959,-8.337071418762207,-11.717753410339355,-11.348435401916504,1.0,1
2039,-0.0004553949984256178,-7.741931438446045,-11.420909881591797,-14.403863906860352,-14.006136894226074,1.0,1
2040,-8.60163688659668,-1.7550466060638428,-0.20675063133239746,-4.297660827636719,-9.86584186553955,4.0,3
2041,-6.022026062011719,-0.1981639266014099,-1.7322540283203125,-7.740776062011719,-12.541913032531738,1.0,2
2042,-3.1617226600646973,-0.06513082981109619,-3.9003586769104004,-7.987005710601807,-11.674506187438965,1.0,2
2043,-0.11470354348421097,-2.2311816215515137,-7.003907680511475,-11.343396186828613,-13.587714195251465,3.0,1
2044,-10.756028175354004,-12.247505187988281,-10.088414192199707,-4.065687656402588,-0.01739167608320713,4.0,5
2045,-13.980246543884277,-9.75439453125,-2.268599271774292,-0.10950733721256256,-9.413485527038574,3.0,4
2046,-14.035709381103516,-11.684146881103516,-6.535709381103516,-0.3709374964237213,-1.1763345003128052,2.0,4
2047,-8.46321964263916,-1.162083387374878,-0.4092434048652649,-3.7856624126434326,-9.582537651062012,3.0,3
2048,-13.335506439208984,-13.233943939208984,-9.249568939208984,-0.46831923723220825,-0.9839442372322083,1.0,4
2049,-12.22915267944336,-5.737674713134766,-0.11267495155334473,-2.2717669010162354,-8.778867721557617,1.0,3
2050,-14.73071575164795,-13.210829734802246,-9.070204734802246,-0.00770501559600234,-4.894069194793701,2.0,4
2051,-10.945127487182617,-0.5715470314025879,-0.845695972442627,-5.107059955596924,-12.124103546142578,4.0,2
2052,-9.970703125,-1.9863282442092896,-0.15820324420928955,-4.705078125,-10.720703125,5.0,3
2053,-14.307004928588867,-13.210413932800293,-10.741663932800293,-2.9433701038360596,-0.054164253175258636,3.0,5
2054,-16.54728126525879,-12.648131370544434,-3.0188705921173096,-0.0501205176115036,-10.69074535369873,2.0,4
2055,-1.9597722291946411,-0.17000022530555725,-4.175682067871094,-9.885909080505371,-14.0123291015625,4.0,2
2056,-16.348949432373047,-17.32196044921875,-15.567700386047363,-6.9739508628845215,-0.0009379754774272442,5.0,5
2057,-14.512479782104492,-13.674410820007324,-7.424410820007324,-0.252535879611969,-1.5025358200073242,4.0,4
2058,-3.621145725250244,-0.4393276572227478,-1.1140427589416504,-7.55154275894165,-12.379667282104492,2.0,2
2059,-13.650814056396484,-12.6351900100708,-7.057064056396484,-0.35393884778022766,-1.2133138179779053,4.0,4
2060,-15.166169166564941,-16.004236221313477,-12.549691200256348,-5.876397132873535,-0.0028161650989204645,4.0,5
2061,-14.874752044677734,-15.435832023620605,-13.461400032043457,-5.521059513092041,-0.004013341851532459,5.0,5
2062,-0.010014881379902363,-4.669106960296631,-7.54126501083374,-12.162003517150879,-11.572515487670898,2.0,1
2063,-0.006990262307226658,-5.063808441162109,-7.512670516967773,-12.201591491699219,-10.582983016967773,2.0,1
2064,-12.835183143615723,-12.977228164672852,-9.468705177307129,-2.7215473651885986,-0.06813742220401764,4.0,5
2065,-9.228137016296387,-2.7224559783935547,-0.13722805678844452,-2.793478012084961,-7.4674835205078125,2.0,3
2066,-3.671578815556131e-05,-10.26140022277832,-14.096628189086914,-17.100889205932617,-14.843786239624023,1.0,1
2067,-2.0194690227508545,-0.14304804801940918,-7.5308332443237305,-11.834810256958008,-13.111798286437988,1.0,2
2068,-14.424881935119629,-15.359540939331055,-14.794200897216797,-8.714654922485352,-0.0001662831346038729,5.0,5
2069,-14.266156196594238,-6.273257732391357,-0.0232579093426466,-3.861327886581421,-10.117008209228516,5.0,3
2070,-0.10075265914201736,-2.3876845836639404,-5.585127830505371,-9.421065330505371,-11.296065330505371,1.0,1
2071,-12.695624351501465,-12.95840835571289,-9.144488334655762,-0.16721612215042114,-1.8717601299285889,5.0,4
2072,-11.342536926269531,-11.924922943115234,-8.47321891784668,-0.3908327519893646,-1.1294687986373901,5.0,4
2073,-17.914796829223633,-15.372183799743652,-6.595194339752197,-0.001444369088858366,-9.860819816589355,4.0,4
2074,-13.787927627563477,-14.945597648620605,-10.981108665466309,-2.8561081886291504,-0.05923330783843994,1.0,5
2075,-14.036273002624512,-14.924057006835938,-10.411272048950195,-1.3018966913223267,-0.31752172112464905,5.0,5
2076,-11.723248481750488,-11.886601448059082,-8.626657485961914,-0.6863170266151428,-0.7005210518836975,5.0,4
2077,-12.453227043151855,-12.005073547363281,-9.309761047363281,-3.5753860473632812,-0.028511151671409607,5.0,5
2078,-4.1145477294921875,-0.7480718493461609,-0.6756269335746765,-6.488126754760742,-12.736706733703613,1.0,3
2079,-14.475500106811523,-12.279478073120117,-5.006749629974365,-0.006749805994331837,-10.660160064697266,5.0,4
2080,-12.485503196716309,-13.742605209350586,-11.413060188293457,-1.1005589962005615,-0.4045369029045105,5.0,5
2081,-10.389349937438965,-13.352418899536133,-9.904974937438965,-0.9049751162528992,-0.5186130404472351,5.0,5
2082,-0.8947852253913879,-0.9004672169685364,-1.6916601657867432,-7.363535404205322,-12.853591918945312,1.0,1
2083,-9.651965141296387,-13.008500099182129,-9.355090141296387,-1.3238396644592285,-0.3096356987953186,5.0,5
2084,-10.442723274230957,-13.66857624053955,-10.520848274230957,-1.286473274230957,-0.32340532541275024,5.0,5
2085,-10.316930770874023,-12.783550262451172,-9.199743270874023,-1.9809932708740234,-0.14860719442367554,5.0,5
2086,-6.118467330932617,-0.18096725642681122,-1.8144892454147339,-7.851421356201172,-12.5247163772583,4.0,2
2087,-13.178544998168945,-7.212635517120361,-0.3518395721912384,-1.2183175086975098,-9.854681015014648,2.0,3
2088,-17.699811935424805,-12.866005897521973,-5.022255897521973,-0.006630799733102322,-11.100380897521973,2.0,4
2089,-16.826318740844727,-12.610408782958984,-6.922908782958984,-0.0010338444262742996,-10.047908782958984,5.0,4
2090,-1.211639642715454,-0.37357160449028015,-4.279821395874023,-9.137776374816895,-12.397719383239746,2.0,2
2091,-14.06967544555664,-10.298369407653809,-7.390703103737906e-05,-10.951777458190918,-13.01143741607666,2.0,3
2092,-16.62326431274414,-12.954230308532715,-6.876105308532715,-0.0011051744222640991,-9.610480308532715,3.0,4
2093,-13.938952445983887,-14.18895149230957,-11.25145149230957,-4.07957649230957,-0.017076365649700165,5.0,5
2094,-7.039285182952881,-0.7040590643882751,-0.6898550391197205,-5.86030912399292,-10.67564868927002,3.0,3
2095,-10.58368968963623,-0.0510195717215538,-3.048177719116211,-6.144769668579102,-10.34931468963623,3.0,2
2096,-12.700328826904297,-12.97021484375,-8.315384864807129,-0.24294185638427734,-1.5355558395385742,2.0,4
2097,-12.96584701538086,-8.569540023803711,-1.7655640840530396,-0.18886005878448486,-9.592267990112305,2.0,4
2098,-11.918484687805176,-12.053427696228027,-7.884395122528076,-0.2281450629234314,-1.5917811393737793,5.0,4
2099,-0.11839373409748077,-2.2064616680145264,-6.567257881164551,-10.14680290222168,-12.327199935913086,4.0,1
2100,-12.770914077758789,-10.974039077758789,-5.903016567230225,-0.022334352135658264,-3.9569942951202393,2.0,4
2101,-0.81231689453125,-0.59356689453125,-5.57794189453125,-11.00762939453125,-14.01544189453125,3.0,2
2102,-14.824461936950684,-9.621336936950684,-1.136961579322815,-0.38696154952049255,-11.168211936950684,3.0,4
2103,-14.435338020324707,-14.685338020324707,-11.794713020324707,-0.575963020324707,-0.825963020324707,4.0,4
2104,-14.936753273010254,-7.272690773010254,-0.053940750658512115,-2.960190773010254,-12.507065773010254,1.0,3
2105,-0.04092300310730934,-3.2284231185913086,-7.837798118591309,-11.095610618591309,-9.994048118591309,4.0,1
2106,-10.822012901306152,-11.423575401306152,-8.509512901306152,-1.290763258934021,-0.322013258934021,2.0,5
2107,-10.801182746887207,-11.238682746887207,-7.637120246887207,-1.3714954853057861,-0.29337042570114136,5.0,5
2108,-13.589899063110352,-10.402399063110352,-3.6523995399475098,-0.027399450540542603,-6.87114953994751,1.0,4
2109,-0.5595384240150452,-0.8635144829750061,-5.035389423370361,-8.72288990020752,-9.03538990020752,1.0,1
2110,-14.291714668273926,-12.757623672485352,-7.132622718811035,-0.0019425348145887256,-6.834328651428223,4.0,4
2111,-15.679522514343262,-8.121283531188965,-0.2931581139564514,-1.3712830543518066,-11.386908531188965,5.0,3
2112,-14.87828540802002,-11.227717399597168,-2.5075466632843018,-0.08567167073488235,-9.570046424865723,2.0,4
2113,-0.11801178753376007,-2.203237771987915,-7.203238010406494,-10.679800033569336,-9.804800033569336,1.0,1
2114,-17.142635345458984,-14.484965324401855,-7.4693403244018555,-0.0005901502445340157,-11.953715324401855,1.0,4
2115,-13.933579444885254,-13.746078491210938,-10.449203491210938,-1.074203610420227,-0.41795361042022705,5.0,5
2116,-12.958824157714844,-12.98723316192627,-10.03410816192627,-4.002858638763428,-0.018483424559235573,4.0,5
2117,-0.5298670530319214,-0.8963431119918823,-5.755718231201172,-9.904155731201172,-11.201030731201172,3.0,1
2118,-1.4533454179763794,-0.7431174516677856,-1.2431174516677856,-6.258742332458496,-9.125929832458496,1.0,2
2119,-15.964798927307129,-11.268775939941406,-3.3937761783599854,-0.03440116345882416,-8.471900939941406,4.0,4
2120,-0.07884358614683151,-2.594468593597412,-6.813218593597412,-11.016343116760254,-12.336655616760254,5.0,1
2121,-0.17261360585689545,-1.9055695533752441,-4.64562463760376,-8.965936660766602,-11.028436660766602,3.0,1
2122,-6.246320724487305,-0.32444554567337036,-1.2931954860687256,-7.215070724487305,-12.996320724487305,4.0,2
2123,-12.976585388183594,-8.006414413452148,-1.4907889366149902,-0.2564139664173126,-7.38141393661499,3.0,4
2124,-7.101629734039307,-2.08742356300354,-0.134298637509346,-7.130037784576416,-10.517110824584961,5.0,3
2125,-0.015530126169323921,-4.191666126251221,-8.424620628356934,-11.549620628356934,-11.03470516204834,2.0,1
2126,-0.0023649362847208977,-6.124523162841797,-8.946966171264648,-13.155773162841797,-11.064153671264648,2.0,1
2127,-0.00018749863374978304,-8.934845924377441,-12.656436920166016,-15.305584907531738,-11.520073890686035,2.0,1
2128,-15.000580787658691,-15.824444770812988,-12.354273796081543,-4.560240745544434,-0.010523660108447075,5.0,5
2129,-0.013812081888318062,-4.303586006164551,-8.948472023010254,-11.810687065124512,-12.890233039855957,1.0,1
2130,-0.061414849013090134,-2.831300973892212,-7.561412811279297,-11.013117790222168,-12.575617790222168,1.0,1
2131,-12.362454414367676,-13.932056427001953,-12.468988418579102,-5.416431903839111,-0.004499905277043581,4.0,5
2132,-14.9035062789917,-16.45890235900879,-13.679783821105957,-9.285609245300293,-9.619726915843785e-05,1.0,5
2133,-12.254907608032227,-13.142691612243652,-11.1327486038208,-0.9211004972457886,-0.5077494382858276,3.0,5
2134,-0.0777391716837883,-2.7339892387390137,-4.660125255584717,-8.144499778747559,-10.432852745056152,1.0,1
2135,-17.165563583374023,-16.10732650756836,-10.969541549682617,-0.0007913556764833629,-7.179769515991211,3.0,4
2136,-14.540048599243164,-14.944877624511719,-12.707662582397461,-0.06703650206327438,-2.7360713481903076,2.0,4
2137,-0.044853467494249344,-3.2550814151763916,-5.292011737823486,-9.167011260986328,-11.97667121887207,1.0,1
2138,-0.00299232080578804,-5.869470119476318,-9.619470596313477,-12.368049621582031,-11.991628646850586,1.0,1
2139,-5.979991912841797,-1.9032862186431885,-0.8947641253471375,-0.8251611590385437,-7.783967971801758,4.0,4
2140,-0.30048513412475586,-1.3800311088562012,-5.016395092010498,-6.7678141593933105,-9.874349594116211,1.0,1
2141,-10.8557710647583,-0.685318112373352,-0.7563401460647583,-3.628498077392578,-9.550373077392578,2.0,2
2142,-0.084812231361866,-2.5421981811523438,-6.121744155883789,-8.013788223266602,-9.928561210632324,3.0,1
2143,-17.185382843017578,-12.161236763000488,-3.89561128616333,-0.020611384883522987,-9.879986763000488,4.0,4
2144,-11.335351943969727,-1.9873403310775757,-0.1592153012752533,-4.596715450286865,-10.995152473449707,4.0,3
2145,-0.011589698493480682,-4.545681476593018,-7.027214527130127,-11.253777503967285,-12.378777503967285,1.0,1
2146,-11.745555877685547,-12.090015411376953,-9.488452911376953,-3.9415783882141113,-0.019703378900885582,5.0,5
2147,-11.581428527832031,-1.8768824338912964,-0.1737573891878128,-5.048757553100586,-12.959269523620605,1.0,3
2148,-4.605876922607422,-0.013546094298362732,-5.669795989990234,-11.810420989990234,-15.591670989990234,5.0,2
2149,-3.639094591140747,-0.1589825600385666,-2.119208574295044,-7.5311408042907715,-11.863526344299316,2.0,2
2150,-0.006637668237090111,-5.03504753112793,-9.623115539550781,-12.329080581665039,-12.627375602722168,2.0,1
2151,-11.665328025817871,-12.62413501739502,-9.605669021606445,-1.8357831239700317,-0.17385117709636688,4.0,5
2152,-11.190803527832031,-4.393927574157715,-0.5587015151977539,-0.8783025741577148,-9.734837532043457,2.0,3
2153,-13.955909729003906,-9.417556762695312,-4.2925567626953125,-0.014148639515042305,-8.195966720581055,2.0,4
2154,-16.075992584228516,-12.313206672668457,-7.313207149505615,-0.0007070187130011618,-10.323149681091309,1.0,4
2155,-11.955738067626953,-11.799488067626953,-8.127613067626953,-0.3151133358478546,-1.3094313144683838,3.0,4
2156,-4.321293830871582,-0.08833996206521988,-2.645158052444458,-8.32697582244873,-12.630952835083008,5.0,2
2157,-16.87947654724121,-14.523653030395508,-8.484590530395508,-0.00021598390594590455,-13.065557479858398,5.0,4
2158,-0.012994019314646721,-4.356743812561035,-9.372368812561035,-13.153618812561035,-14.075493812561035,2.0,1
2159,-16.26593017578125,-13.742491722106934,-8.344054222106934,-0.0003045333724003285,-9.656554222106934,4.0,4
2160,-13.046672821044922,-5.460734844207764,-0.07010995596647263,-2.7576098442077637,-12.37692928314209,1.0,3
2161,-0.004341462627053261,-5.4730916023254395,-9.734453201293945,-12.468829154968262,-11.666272163391113,4.0,1
2162,-14.319268226623535,-11.925803184509277,-7.089155673980713,-0.0010874316794797778,-8.367565155029297,1.0,4
2163,-14.784903526306152,-12.878653526306152,-6.7224040031433105,-0.003653994994238019,-6.0192790031433105,5.0,4
2164,-16.757307052612305,-14.359579086303711,-8.547079086303711,-0.00020394629973452538,-13.007307052612305,2.0,4
2165,-15.43769645690918,-12.09394645690918,-3.2580089569091797,-0.039258960634469986,-11.95971393585205,5.0,4
2166,-13.495014190673828,-12.299701690673828,-6.50282621383667,-0.0028263882268220186,-6.6377692222595215,3.0,4
2167,-12.388764381408691,-13.049275398254395,-10.854673385620117,-2.8575150966644287,-0.059219151735305786,3.0,5
2168,-0.5390074849128723,-5.039007663726807,-10.041848182678223,-13.14554214477539,-13.294689178466797,2.0,1
2169,-8.773262023925781,-9.859199523925781,-6.648262023925781,-0.8045122623443604,-0.5957071781158447,5.0,5
2170,-8.367142677307129,-9.507767677307129,-6.148392677307129,-0.5390174984931946,-0.8813484311103821,5.0,4
2171,-10.7307767868042,-5.12424373626709,-0.012026655487716198,-5.12424373626709,-12.127083778381348,5.0,3
2172,-11.797062873840332,-8.920641899108887,-3.096778631210327,-0.05700668692588806,-6.733142852783203,5.0,4
2173,-8.200934410095215,-1.1838899850845337,-0.3742299973964691,-5.16116189956665,-10.26059341430664,5.0,3
2174,-0.023510264232754707,-3.801920175552368,-7.064703464508057,-12.054759979248047,-13.347373962402344,1.0,1
2175,-12.374031066894531,-13.040224075317383,-11.133974075317383,-6.308691024780273,-0.0018730491865426302,4.0,5
2176,-13.677892684936523,-12.008858680725098,-2.9278926849365234,-0.055734697729349136,-7.443517684936523,1.0,4
2177,-10.837108612060547,-2.4564266204833984,-0.09705173969268799,-5.01324462890625,-9.862676620483398,2.0,3
2178,-0.049328118562698364,-3.0393831729888916,-9.239667892456055,-11.697053909301758,-10.844780921936035,2.0,1
2179,-12.870641708374023,-14.099334716796875,-12.835129737854004,-6.66325569152832,-0.0013238961109891534,4.0,5
2180,-1.3932157754898071,-0.30088481307029724,-4.47275972366333,-9.646056175231934,-11.663101196289062,1.0,2
2181,-0.11366071552038193,-2.244342803955078,-6.80400276184082,-10.823888778686523,-13.281274795532227,2.0,1
2182,-0.001709667849354446,-6.436367511749268,-10.726140022277832,-13.481822967529297,-11.21619701385498,1.0,1
2183,-0.000129691296024248,-9.109504699707031,-15.00581169128418,-17.58393669128418,-13.297004699707031,1.0,1
2184,-0.06898438185453415,-2.709609270095825,-9.851655006408691,-13.594552993774414,-14.076796531677246,2.0,1
2185,-0.11110199987888336,-2.2701940536499023,-6.630988121032715,-10.977579116821289,-13.477579116821289,1.0,1
2186,-0.004211841616779566,-5.515575885772705,-9.66330337524414,-12.440291404724121,-11.05108642578125,3.0,1
2187,-7.735048294067383,-0.09442321956157684,-2.415447235107422,-8.054651260375977,-11.875673294067383,1.0,2
2188,-12.411676406860352,-13.626165390014648,-12.461392402648926,-5.543777942657471,-0.004006099421530962,4.0,5
2189,-0.0001736728590913117,-8.735969543457031,-12.102445602416992,-13.792076110839844,-13.274320602416992,1.0,1
2190,-12.186483383178711,-4.920857906341553,-0.5316540002822876,-0.903812050819397,-10.95779037475586,2.0,3
2191,-14.702261924743652,-10.491324424743652,-2.5069491863250732,-0.08507426828145981,-12.039620399475098,3.0,4
2192,-13.459357261657715,-10.554527282714844,-3.580094814300537,-0.028958844020962715,-9.162481307983398,5.0,4
2193,-7.336089134216309,-1.5548388957977295,-0.2906348705291748,-3.216770887374878,-9.488077163696289,3.0,3
2194,-0.12001658976078033,-2.236494541168213,-5.318880558013916,-6.999277591705322,-8.287631034851074,4.0,1
2195,-12.127840042114258,-12.724430084228516,-9.634942054748535,-0.11505541205406189,-2.2201693058013916,4.0,4
2196,-1.9872386455535889,-0.5667845606803894,-1.3338305950164795,-3.460249662399292,-8.677579879760742,2.0,2
2197,-5.777255058288574,-0.19486910104751587,-1.757369041442871,-6.542880058288574,-11.738192558288574,3.0,2
2198,-17.727888107299805,-14.737833023071289,-5.33300256729126,-0.004877692088484764,-10.848628044128418,2.0,4
2199,-14.980813980102539,-15.414052963256836,-10.83450698852539,-1.0845072269439697,-0.4126322865486145,5.0,5
2200,-13.907423973083496,-14.141798973083496,-11.584980964660645,-1.854867696762085,-0.17020778357982635,2.0,5
2201,-14.687483787536621,-8.726546287536621,-0.7577959895133972,-0.6327959895133972,-10.914046287536621,2.0,4
2202,-0.0027585094794631004,-5.909008502960205,-10.643383979797363,-14.213696479797363,-13.159008979797363,4.0,1
2203,-15.923086166381836,-17.08785629272461,-14.31371021270752,-6.719959735870361,-0.001209957292303443,5.0,5
2204,-8.907914161682129,-2.6437103748321533,-0.07978928834199905,-5.220414161682129,-10.525101661682129,3.0,3
2205,-0.08765494078397751,-2.48822283744812,-7.189927101135254,-11.096177101135254,-12.857540130615234,2.0,1
2206,-17.39983558654785,-15.531938552856445,-10.851541519165039,-0.0006889115320518613,-7.3444390296936035,3.0,4
2207,-13.925931930541992,-11.83786392211914,-6.298090934753418,-0.005477183032780886,-5.673090934753418,4.0,4
2208,-7.967325210571289,-1.2911903858184814,-0.33948445320129395,-4.38778018951416,-10.147723197937012,3.0,3
2209,-1.3506797552108765,-0.342155784368515,-3.5097696781158447,-7.95579195022583,-9.957921981811523,2.0,2
2210,-12.620016098022461,-13.578822135925293,-11.860072135925293,-4.3174591064453125,-0.013481173664331436,1.0,5
2211,-10.957147598266602,-12.647488594055176,-10.843511581420898,-5.2327165603637695,-0.005442682188004255,2.0,5
2212,-10.998811721801758,-11.38233470916748,-7.169266223907471,-0.6536410450935364,-0.7360289692878723,2.0,4
2213,-8.576315879821777,-1.1075656414031982,-0.40444064140319824,-6.170065879821777,-12.607565879821777,3.0,3
2214,-10.380309104919434,-9.79792308807373,-6.46695613861084,-0.7993438839912415,-0.6004799008369446,4.0,5
2215,-11.164712905883789,-7.002780437469482,-1.065280556678772,-0.4260765314102173,-7.812439441680908,4.0,4
2216,-5.424359321594238,-0.10191647708415985,-2.383166551589966,-8.430041313171387,-13.312853813171387,4.0,2
2217,-8.106505393981934,-1.684630036354065,-0.23150502145290375,-3.8721299171447754,-10.989317893981934,3.0,3
2218,-10.094167709350586,-11.869735717773438,-10.051554679870605,-4.149566173553467,-0.016042325645685196,2.0,5
2219,-11.967087745666504,-5.099900245666504,-0.3030254542827606,-1.365525484085083,-9.998337745666504,5.0,3
2220,-0.004021415486931801,-5.550896644592285,-9.363396644592285,-13.527459144592285,-10.394646644592285,4.0,1
2221,-0.16828025877475739,-1.8728262186050415,-6.84441614151001,-10.750667572021484,-13.236462593078613,3.0,1
2222,-0.0013397298753261566,-6.7342939376831055,-10.65474796295166,-11.869236946105957,-11.578043937683105,1.0,1
2223,-0.8629549145698547,-0.5646608471870422,-4.698183059692383,-8.50571060180664,-13.291933059692383,3.0,2
2224,-9.355056762695312,-2.735738515853882,-0.06954354792833328,-6.100793361663818,-12.977214813232422,2.0,3
2225,-1.007218837738037,-0.5384688377380371,-2.9802298545837402,-8.448980331420898,-13.372276306152344,1.0,2
2226,-6.949660019017756e-05,-9.843819618225098,-11.72095012664795,-14.28345012664795,-13.686149597167969,1.0,1
2227,-12.7831449508667,-7.903883934020996,-1.551609992980957,-0.23910999298095703,-9.835701942443848,4.0,4
2228,-11.960700988769531,-12.820075988769531,-10.604166984558105,-3.34564471244812,-0.035984646528959274,2.0,5
2229,-13.139420509338379,-12.308454513549805,-7.869533538818359,-0.04282929375767708,-3.182035207748413,1.0,4
2230,-12.54825496673584,-12.349390983581543,-9.646265983581543,-3.865015983581543,-0.021265942603349686,5.0,5
2231,-14.57784652709961,-14.991198539733887,-14.10909652709961,-4.991198539733887,-0.006823334377259016,5.0,5
2232,-13.207503318786621,-11.032076835632324,-8.520003318786621,-0.14926405251026154,-1.9773890972137451,5.0,4
2233,-13.398183822631836,-12.813666343688965,-8.743353843688965,-0.5558540225028992,-0.8527290225028992,3.0,4
2234,-12.357536315917969,-12.385945320129395,-9.792195320129395,-4.526570796966553,-0.0109456367790699,5.0,5
2235,-14.401335716247559,-14.994375228881836,-14.316108703613281,-6.127187728881836,-0.0021878371480852365,4.0,5
2236,-12.506952285766602,-12.732093811035156,-10.349281311035156,-5.208656311035156,-0.005531481467187405,4.0,5
2237,-0.11767558008432388,-2.290971517562866,-4.636140823364258,-9.167390823364258,-12.241254806518555,1.0,1
2238,-14.796506881713867,-7.539404392242432,-0.6331542134284973,-0.7581542134284973,-12.353324890136719,1.0,3
2239,-16.07472801208496,-14.804841995239258,-11.367341995239258,-0.00796700268983841,-4.838933944702148,4.0,4
2240,-11.172788619995117,-11.789976119995117,-8.469663619995117,-1.5634136199951172,-0.23528864979743958,1.0,5
2241,-0.13754133880138397,-2.062256336212158,-6.749756336212158,-10.210694313049316,-10.932995796203613,2.0,1
2242,-16.724912643432617,-12.844230651855469,-7.672356128692627,-0.00048101297579705715,-11.398208618164062,3.0,4
2243,-13.0552339553833,-14.6255464553833,-12.7114839553833,-4.789608955383301,-0.0083589693531394,5.0,5
2244,-6.425622463226318,-0.3787475824356079,-1.159997582435608,-8.71397590637207,-12.222497940063477,1.0,2
2245,-0.002001070184633136,-6.237795352935791,-10.769044876098633,-13.510522842407227,-12.615635871887207,2.0,1
2246,-0.0015420938143506646,-6.507224082946777,-10.967450141906738,-13.517167091369629,-12.416315078735352,1.0,1
2247,-0.0025993152521550655,-5.996917247772217,-9.988394737243652,-13.156007766723633,-11.096348762512207,4.0,1
2248,-5.638209819793701,-0.2973015606403351,-1.376847505569458,-6.746165752410889,-10.106959342956543,3.0,2
2249,-0.4806774854660034,-0.9778355360031128,-5.239199638366699,-9.273290634155273,-11.92243766784668,2.0,1
2250,-0.23063769936561584,-1.5942736864089966,-5.898251533508301,-9.783194541931152,-11.62268352508545,1.0,1
2251,-14.773932456970215,-15.526773452758789,-13.758307456970215,-4.383307456970215,-0.012568668462336063,3.0,5
2252,-13.405611038208008,-10.88430404663086,-5.699645042419434,-0.0036228755488991737,-8.469531059265137,2.0,4
2253,-10.335394859313965,-3.339656352996826,-0.1152244508266449,-2.6152243614196777,-9.220337867736816,3.0,3
2254,-0.20893345773220062,-1.6691595315933228,-9.200409889221191,-11.036347389221191,-12.794159889221191,1.0,1
2255,-11.57483196258545,-12.107501983642578,-10.040740966796875,-1.6600596904754639,-0.2111956924200058,2.0,5
2256,-11.913958549499512,-6.963675022125244,-1.1114028692245483,-0.4011748731136322,-8.412538528442383,2.0,4
2257,-5.604856014251709,-0.6048561930656433,-0.8179242014884949,-4.75258207321167,-9.788094520568848,3.0,2
2258,-11.71867847442627,-12.989985466003418,-11.271235466003418,-3.3593037128448486,-0.035441603511571884,2.0,5
2259,-11.573240280151367,-12.049093246459961,-9.833184242248535,-1.5803431272506714,-0.23091112077236176,3.0,5
2260,-7.924290657043457,-2.3703136444091797,-0.31065553426742554,-1.7595176696777344,-7.441336631774902,1.0,3
2261,-0.0536004900932312,-2.9655325412750244,-7.510988235473633,-9.756725311279297,-11.897350311279297,2.0,1
2262,-0.00805818010121584,-4.837602138519287,-10.860330581665039,-12.392290115356445,-10.111040115356445,2.0,1
2263,-6.40145206451416,-0.6628158092498779,-0.733839750289917,-5.904294013977051,-9.141509056091309,2.0,2
2264,-0.0036381976678967476,-5.685456275939941,-9.577502250671387,-12.191137313842773,-10.6257963180542,3.0,1
2265,-0.04217967763543129,-3.2097935676574707,-7.343315601348877,-9.223998069763184,-11.052123069763184,1.0,1
2266,-10.810715675354004,-4.780886173248291,-0.20702406764030457,-1.72691011428833,-7.452761173248291,2.0,3
2267,-1.948441743850708,-0.15440677106380463,-7.530827522277832,-10.513781547546387,-13.802844047546387,1.0,2
2268,-7.656999111175537,-0.0007490689749829471,-9.006430625915527,-10.185407638549805,-10.710975646972656,2.0,2
2269,-0.0017489389283582568,-6.361124038696289,-11.423624038696289,-15.930727005004883,-15.667943000793457,1.0,1
2270,-0.06413593888282776,-2.791408061981201,-7.280044078826904,-11.307032585144043,-13.515838623046875,5.0,1
2271,-3.458153486251831,-0.23372144997119904,-1.739403486251831,-6.696789264678955,-11.043379783630371,4.0,2
2272,-11.435468673706055,-12.486604690551758,-10.789161682128906,-4.865866661071777,-0.007912836968898773,1.0,5
2273,-0.0020154656376689672,-6.280425548553467,-9.859969139099121,-12.594344139099121,-12.075878143310547,2.0,1
2274,-5.161607265472412,-0.4030851721763611,-1.1275172233581543,-6.1559271812438965,-11.035186767578125,1.0,2
2275,-0.005543099250644445,-5.247019290924072,-9.238496780395508,-11.965768814086914,-11.866337776184082,1.0,1
2276,-0.02743111550807953,-3.621181011199951,-8.422317504882812,-11.639647483825684,-11.367630004882812,2.0,1
2277,-12.483207702636719,-7.639457702636719,-1.2190037965774536,-0.35252583026885986,-7.799968719482422,2.0,4
2278,-13.136441230773926,-10.075362205505371,-2.8878626823425293,-0.061156854033470154,-7.284167766571045,5.0,4
2279,-3.091240406036377,-0.0656723901629448,-4.014536380767822,-10.207717895507812,-13.005302429199219,2.0,2
2280,-11.002039909362793,-5.815959930419922,-2.5148239135742188,-0.14266589283943176,-3.019084930419922,1.0,4
2281,-10.416489601135254,-2.4122276306152344,-0.11109165102243423,-4.173591613769531,-9.658676147460938,4.0,3
2282,-14.736398696899414,-14.384835243225098,-14.004863739013672,-6.206568717956543,-0.002022960688918829,5.0,5
2283,-14.107749938964844,-11.238431930541992,-6.195817470550537,-0.0026376002933830023,-7.508317470550537,1.0,4
2284,-15.036048889160156,-15.980650901794434,-13.786048889160156,-2.085764169692993,-0.13263919949531555,4.0,5
2285,-11.973045349121094,-12.551170349121094,-7.762107849121094,-0.41835787892341614,-1.0746078491210938,4.0,4
2286,-13.780533790588379,-14.760647773742676,-13.574568748474121,-6.166898727416992,-0.002124673454090953,4.0,5
2287,-13.048399925231934,-14.021410942077637,-12.338172912597656,-4.163456916809082,-0.015730930492281914,4.0,5
2288,-13.078390121459961,-11.562765121459961,-5.781514644622803,-0.031514670699834824,-3.5783896446228027,2.0,4
2289,-13.084758758544922,-11.437031745910645,-5.414303302764893,-0.016577476635575294,-4.4341912269592285,4.0,4
2290,-14.545516014099121,-12.334578514099121,-5.178328514099121,-0.006453388370573521,-7.162703514099121,4.0,4
2291,-3.040276050567627,-0.21215100586414337,-1.946526050567627,-7.509026050567627,-11.985588073730469,5.0,2
2292,-10.551005363464355,-12.879130363464355,-9.051005363464355,-3.3635058403015137,-0.035380735993385315,5.0,5
2293,-14.032479286193848,-16.110605239868164,-13.923104286193848,-6.704354286193848,-0.0012293646577745676,5.0,5
2294,-13.454229354858398,-15.493291854858398,-13.735479354858398,-6.813604831695557,-0.0011046981671825051,4.0,5
2295,-13.382454872131348,-8.249642372131348,-0.6402672529220581,-0.7496422529220581,-10.929329872131348,4.0,3
2296,-12.980023384094238,-14.456585884094238,-11.847210884094238,-3.3784608840942383,-0.034710828214883804,4.0,5
2297,-12.160405158996582,-13.465092658996582,-10.152592658996582,-3.605717658996582,-0.027592666447162628,3.0,5
2298,-13.848989486694336,-15.505239486694336,-13.223989486694336,-5.255239963531494,-0.0052398014813661575,5.0,5
2299,-13.483841896057129,-14.405716896057129,-11.569779396057129,-3.78852915763855,-0.022904247045516968,4.0,5
2300,-13.987163543701172,-10.318840026855469,-0.9168506264686584,-0.5106006264686584,-10.354351043701172,4.0,4
2301,-11.599746704101562,-13.533696174621582,-8.107559204101562,-0.685684323310852,-0.701309323310852,5.0,4
2302,-13.087636947631836,-13.748148918151855,-10.601841926574707,-1.3404788970947266,-0.3035469055175781,5.0,5
2303,-0.13948997855186462,-2.396592855453491,-3.2488648891448975,-8.108240127563477,-11.201990127563477,4.0,1
2304,-0.06204694136977196,-2.823409080505371,-7.651534080505371,-10.885909080505371,-8.557784080505371,1.0,1
2305,-16.21479034423828,-13.856125831604004,-7.645187854766846,-0.004562919028103352,-5.504562854766846,5.0,4
2306,-16.51076889038086,-13.666308403015137,-6.283496379852295,-0.0022462394554167986,-8.049120903015137,5.0,4
2307,-12.206696510314941,-3.1640827655792236,-0.10158278793096542,-2.9140827655792236,-9.953145027160645,3.0,3
2308,-10.370821952819824,-8.475421054754406e-05,-9.995821952819824,-14.527071952819824,-14.964571952819824,1.0,2
2309,-14.950186729431152,-11.707999229431152,-3.9111239910125732,-0.02049892209470272,-8.379874229431152,1.0,4
2310,-10.287023544311523,-3.0370233058929443,-0.0995233803987503,-3.0682733058929443,-8.943273544311523,5.0,3
2311,-12.559401512145996,-6.813663482666016,-1.131845474243164,-0.3932075798511505,-6.940082550048828,2.0,4
2312,-0.15417006611824036,-1.951045036315918,-7.216670036315918,-11.654170036315918,-14.036982536315918,2.0,1
2313,-14.835208892822266,-10.132083892822266,-1.663333773612976,-0.2102087289094925,-10.663333892822266,1.0,4
2314,-14.216385841369629,-14.786698341369629,-12.552323341369629,-1.4898232221603394,-0.25544822216033936,5.0,5
2315,-14.886736869812012,-11.738299369812012,-3.9882988929748535,-0.019548963755369186,-8.957049369812012,5.0,4
2316,-13.278182029724121,-8.320796966552734,-1.0040340423583984,-0.45715904235839844,-8.535284042358398,1.0,4
2317,-12.382740020751953,-13.71796703338623,-8.54751205444336,-1.6256372928619385,-0.21938732266426086,4.0,5
2318,-13.784955024719238,-14.438364028930664,-9.642909049987793,-1.0335341691970825,-0.43978413939476013,5.0,5
2319,-12.183146476745605,-12.822351455688477,-7.93172550201416,-2.32235050201416,-0.10360056161880493,4.0,5
2320,-15.125858306884766,-12.266483306884766,-4.852421283721924,-0.008671249262988567,-7.118046283721924,5.0,4
2321,-10.123513221740723,-2.2094502449035645,-0.16825729608535767,-3.1085991859436035,-8.732888221740723,5.0,3
2322,-13.587695121765137,-9.970507621765137,-2.7830076217651367,-0.06425756961107254,-9.095507621765137,5.0,4
2323,-14.73770809173584,-11.62052059173584,-3.9877078533172607,-0.018957853317260742,-8.75333309173584,3.0,4
2324,-0.12714873254299164,-2.1314096450805664,-7.287659645080566,-12.137091636657715,-10.811097145080566,4.0,1
2325,-15.401491165161133,-11.133025169372559,-4.883025169372559,-0.008025187067687511,-7.836150169372559,3.0,4
2326,-11.882647514343262,-6.811624526977539,-1.286056637763977,-0.327249675989151,-7.780374526977539,5.0,4
2327,-10.44118881225586,-7.714626312255859,-1.6833760738372803,-0.23309306800365448,-3.8708760738372803,2.0,4
2328,-12.701017379760742,-13.396329879760742,-9.591642379760742,-1.0135177373886108,-0.45101773738861084,4.0,5
2329,-12.632424354553223,-14.101174354553223,-10.999611854553223,-2.593362331390381,-0.07773729413747787,4.0,5
2330,-13.356491088867188,-14.668991088867188,-11.864303588867188,-3.8955533504486084,-0.020553462207317352,5.0,5
2331,-12.781657218933105,-13.344157218933105,-9.359782218933105,-0.7660319805145264,-0.6254069805145264,5.0,5
2332,-13.07951545715332,-14.75920295715332,-11.57951545715332,-3.4388906955718994,-0.0326407290995121,5.0,5
2333,-14.886139869689941,-12.761139869689941,-5.847077369689941,-0.0033274304587394,-7.862702369689941,5.0,4
2334,-13.120460510253906,-13.987648010253906,-10.839210510253906,-1.8704603910446167,-0.1673354208469391,5.0,5
2335,-12.531464576721191,-12.836152076721191,-7.929901599884033,-0.492401659488678,-0.945526659488678,4.0,4
2336,-15.54074764251709,-13.26731014251709,-6.64231014251709,-0.001684914343059063,-8.18918514251709,5.0,4
2337,-11.595638275146484,-13.134700775146484,-9.408138275146484,-2.2518885135650635,-0.11126349121332169,4.0,5
2338,-12.517329216003418,-14.173579216003418,-11.197016716003418,-2.478266477584839,-0.0876413956284523,5.0,5
2339,-11.476836204528809,-11.500273704528809,-7.140898704528809,-0.9846484661102295,-0.4690234959125519,5.0,5
2340,-10.211880683898926,-11.204068183898926,-7.383755683898926,-1.3368809223175049,-0.3056308627128601,5.0,5
2341,-11.765888214111328,-12.789325714111328,-9.883075714111328,-2.929950475692749,-0.05495046079158783,4.0,5
2342,-14.767459869384766,-11.329959869384766,-3.0487096309661865,-0.04870973527431488,-9.704959869384766,4.0,4
2343,-12.213900566101074,-6.159213066101074,-0.31546321511268616,-1.3154631853103638,-9.831088066101074,5.0,3
2344,-15.223382949829102,-13.973382949829102,-7.41088342666626,-0.004633286036550999,-5.52025842666626,4.0,4
2345,-12.382298469543457,-13.530735969543457,-9.561985969543457,-1.9369863271713257,-0.15573634207248688,4.0,5
2346,-12.889127731323242,-15.037565231323242,-14.112850189208984,-5.068814754486084,-0.006314801052212715,4.0,5
2347,-11.598615646362305,-13.817365646362305,-11.348615646362305,-5.332990646362305,-0.004865473136305809,4.0,5
2348,-12.37906551361084,-7.499805927276611,-1.7043498754501343,-0.2043498456478119,-8.016849517822266,3.0,4
2349,-3.0282087326049805,-0.10633362084627151,-2.9500837326049805,-9.05945873260498,-13.30945873260498,4.0,2
2350,-15.513684272766113,-11.904309272766113,-4.3105597496032715,-0.013684623874723911,-9.732434272766113,4.0,4
2351,-11.099096298217773,-11.856908798217773,-7.747533798217773,-1.1694085597991943,-0.37253355979919434,4.0,5
2352,-0.010616019368171692,-4.557490825653076,-9.698116302490234,-13.229366302490234,-12.752803802490234,1.0,1
2353,-12.482236862182617,-14.052549362182617,-10.708799362182617,-2.521299123764038,-0.08379902690649033,4.0,5
2354,-13.331461906433105,-15.229899406433105,-13.018961906433105,-5.706461429595947,-0.003336460329592228,4.0,5
2355,-12.307181358337402,-13.689993858337402,-10.541556358337402,-3.6665565967559814,-0.025931481271982193,4.0,5
2356,-0.04793928191065788,-3.0635643005371094,-9.40731430053711,-13.85262680053711,-15.96200180053711,4.0,1
2357,-0.27836301922798157,-1.4346129894256592,-5.356488227844238,-10.106488227844238,-12.442425727844238,4.0,1
2358,-13.53329849243164,-13.554605484008789,-10.600059509277344,-0.21653713285923004,-1.6369911432266235,3.0,4
2359,-11.421863555908203,-10.898426055908203,-6.218738555908203,-0.32811349630355835,-1.2812385559082031,1.0,4
2360,-16.001434326171875,-12.399870872497559,-3.2279961109161377,-0.04049620404839516,-10.571745872497559,4.0,4
2361,-14.2678861618042,-13.7053861618042,-7.400699138641357,-0.010074008256196976,-4.666324138641357,4.0,4
2362,-13.270915985107422,-14.302165985107422,-11.497478485107422,-3.138103723526001,-0.04435376822948456,5.0,5
2363,-14.407745361328125,-12.298370361328125,-4.712432861328125,-0.00930780079215765,-8.274932861328125,4.0,4
2364,-14.243270874023438,-12.574236869812012,-6.111170291900635,-0.003214194905012846,-6.99185037612915,3.0,4
2365,-0.0108041325584054,-4.711089134216309,-6.370179176330566,-10.682679176330566,-11.635804176330566,3.0,1
2366,-11.844940185546875,-6.102752208709717,-0.5715023279190063,-0.8371273279190063,-9.274627685546875,2.0,3
2367,-13.367262840270996,-12.250075340270996,-7.562575340270996,-0.0469505600631237,-3.093825578689575,4.0,4
2368,-14.449231147766113,-12.787299156188965,-4.626787185668945,-0.010310952551662922,-9.079912185668945,3.0,4
2369,-13.02481746673584,-12.058908462524414,-6.199532985687256,-0.09868181496858597,-2.387032985687256,4.0,4
2370,-13.783527374267578,-15.218186378479004,-11.532106399536133,-7.078981876373291,-0.000856747676152736,4.0,5
2371,-12.943089485168457,-14.640533447265625,-10.330873489379883,-5.911840438842773,-0.0027484046295285225,4.0,5
2372,-12.098090171813965,-4.691840648651123,-0.08246562629938126,-2.660590648651123,-10.402777671813965,4.0,3
2373,-12.018548011779785,-12.643548011779785,-10.166985511779785,-2.6513607501983643,-0.07323570549488068,4.0,5
2374,-12.922030448913574,-13.054842948913574,-10.859530448913574,-1.7657804489135742,-0.1876554787158966,4.0,5
2375,-11.724255561828613,-12.718573570251465,-10.82936954498291,-4.387608528137207,-0.012608574703335762,4.0,5
2376,-15.078554153442383,-11.383241653442383,-2.492617130279541,-0.08636701852083206,-10.836366653442383,3.0,4
2377,-11.255719184875488,-13.271344184875488,-9.724469184875488,-3.3182191848754883,-0.03696921467781067,4.0,5
2378,-12.95761489868164,-14.97323989868164,-13.22323989868164,-5.410739898681641,-0.00449005514383316,4.0,5
2379,-11.438394546508789,-12.782144546508789,-9.079019546508789,-2.579019784927368,-0.07901984453201294,4.0,5
2380,-0.786591649055481,-0.614716649055481,-5.583466529846191,-10.583466529846191,-14.106904029846191,4.0,2
2381,-0.0014921018155291677,-6.517117023468018,-11.563992500305176,-15.259305000305176,-13.806180000305176,2.0,1
2382,-13.288716316223145,-12.734028816223145,-7.757465839385986,-0.21059103310108185,-1.6637160778045654,4.0,4
2383,-14.352829933166504,-13.329392433166504,-8.110642433166504,-0.01689259335398674,-4.110642433166504,4.0,4
2384,-0.12606196105480194,-2.1573119163513184,-5.907311916351318,-9.829187393188477,-11.063562393188477,3.0,1
2385,-12.002204895019531,-10.532034873962402,-5.148512363433838,-0.049080152064561844,-3.1740801334381104,2.0,4
2386,-10.917590141296387,-12.522703170776367,-10.420431137084961,-4.781226634979248,-0.00850046519190073,5.0,5
2387,-11.916217803955078,-10.33241081237793,-4.494343280792236,-0.03411548212170601,-3.812523603439331,4.0,4
2388,-9.004902839660645,-10.653340339660645,-6.708028316497803,-1.6142783164978027,-0.22365325689315796,5.0,5
2389,-15.70781421661377,-13.53593921661377,-5.4265642166137695,-0.004689409863203764,-8.20781421661377,4.0,4
2390,-12.864489555358887,-14.137927055358887,-11.591052055358887,-4.356677055358887,-0.012927062809467316,4.0,5
2391,-11.995408058166504,-5.830635070800781,-0.17722685635089874,-1.8391588926315308,-9.182908058166504,5.0,3
2392,-11.007787704467773,-12.656225204467773,-8.929662704467773,-2.0859124660491943,-0.1327875554561615,5.0,5
2393,-11.383033752441406,-13.383033752441406,-10.054908752441406,-3.258033275604248,-0.03928337246179581,4.0,5
2394,-12.300899505615234,-13.957149505615234,-10.363399505615234,-3.004024028778076,-0.05089903250336647,4.0,5
2395,-14.400838851928711,-12.205526351928711,-4.682089328765869,-0.010214317589998245,-7.025839328765869,4.0,4
2396,-10.1785249710083,-10.6863374710083,-6.272274494171143,-1.2253996133804321,-0.35039958357810974,3.0,5
2397,-11.829716682434082,-12.907841682434082,-8.657841682434082,-1.0640921592712402,-0.42346712946891785,4.0,5
2398,-13.320862770080566,-15.242737770080566,-13.602112770080566,-7.516174793243408,-0.0005498804384842515,5.0,5
2399,-13.310819625854492,-14.076444625854492,-10.013944625854492,-0.5295701026916504,-0.8889451026916504,4.0,4
2400,-0.03236851096153259,-3.4542434215545654,-8.407368659973145,-12.180806159973145,-12.774556159973145,2.0,1
2401,-12.905487060546875,-14.616424560546875,-11.788299560546875,-4.960174083709717,-0.007049094885587692,5.0,5
2402,-13.52263355255127,-10.36638355255127,-5.110701560974121,-0.007008374202996492,-11.488543510437012,5.0,4
2403,-10.988405227661133,-12.175905227661133,-8.285280227661133,-1.394655704498291,-0.285280704498291,4.0,5
2404,-14.570549011230469,-12.117424011230469,-3.7736737728118896,-0.023673849180340767,-7.773674011230469,4.0,4
2405,-12.441045761108398,-14.167608261108398,-10.784795761108398,-2.3785457611083984,-0.09729588031768799,4.0,5
2406,-15.825173377990723,-13.153298377990723,-5.3798604011535645,-0.00486060930415988,-9.286110877990723,5.0,4
2407,-14.587979316711426,-10.900479316711426,-2.900479316711426,-0.056729305535554886,-10.978604316711426,4.0,4
2408,-13.174036026000977,-4.595911026000977,-0.03341083228588104,-3.7834107875823975,-11.392786026000977,3.0,3
2409,-11.638468742370605,-4.507786750793457,-0.027672911062836647,-4.12142276763916,-10.81673526763916,3.0,3
2410,-13.95443058013916,-14.73568058013916,-12.583691596984863,-3.400453567504883,-0.03397560492157936,4.0,5
2411,-12.026589393615723,-4.964089393615723,-0.13596448302268982,-2.1203393936157227,-9.979714393615723,4.0,3
2412,-10.54448127746582,-9.617633819580078,-6.780277252197266,-0.4450492858886719,-1.027435302734375,1.0,4
2413,-14.135951042175293,-11.20981502532959,-1.584814190864563,-0.22970207035541534,-9.334814071655273,1.0,4
2414,-12.494738578796387,-13.78024959564209,-12.388204574584961,-6.322863578796387,-0.0018417553510516882,5.0,5
2415,-9.94589900970459,-9.51194953918457,-5.89476203918457,-1.2811260223388672,-0.3294219970703125,4.0,5
2416,-11.918482780456543,-6.645045757293701,-0.5981706380844116,-0.8012956380844116,-10.605982780456543,5.0,3
2417,-13.074645042419434,-14.152770042419434,-10.410582542419434,-0.9262079000473022,-0.5043329000473022,5.0,5
2418,-13.780095100402832,-14.959782600402832,-12.264470100402832,-3.108219861984253,-0.045719802379608154,5.0,5
2419,-14.86037540435791,-11.09475040435791,-3.4541256427764893,-0.03225066512823105,-9.51662540435791,5.0,4
2420,-0.10843180119991302,-2.280306816101074,-7.608431816101074,-12.155306816101074,-14.194369316101074,3.0,1
2421,-10.082854270935059,-11.067229270935059,-8.020354270935059,-2.7391040325164795,-0.0672290027141571,4.0,5
2422,-11.84864330291748,-7.2939558029174805,-1.3720810413360596,-0.2939560115337372,-7.8252058029174805,4.0,4
2423,-14.407791137695312,-11.071853637695312,-3.7124786376953125,-0.024978535249829292,-8.540603637695312,1.0,4
2424,-0.025677761062979698,-3.6819276809692383,-8.744427680969238,-12.510052680969238,-12.791302680969238,3.0,1
2425,-10.903779029846191,-11.685029029846191,-8.028779029846191,-1.9506536722183228,-0.15377864241600037,4.0,5
2426,-10.61704158782959,-13.798860549926758,-10.67954158782959,-3.38266658782959,-0.034655675292015076,5.0,5
2427,-14.276862144470215,-12.722174644470215,-6.065924167633057,-0.0034243774134665728,-6.831549167633057,4.0,4
2428,-10.830084800720215,-12.978522300720215,-10.205084800720215,-6.267584800720215,-0.001959905494004488,2.0,5
2429,-0.0015119798481464386,-6.510035991668701,-10.941853523254395,-12.985886573791504,-14.166284561157227,2.0,1
2430,-11.808466911315918,-12.46187686920166,-9.045682907104492,-0.6934117674827576,-0.6934117674827576,2.0,4
2431,-12.471844673156738,-14.518719673156738,-11.799969673156738,-5.78434419631958,-0.0030942915473133326,4.0,5
2432,-14.571377754211426,-10.28870677947998,-1.1054673194885254,-0.4023423492908478,-9.292967796325684,4.0,4
2433,-13.983647346496582,-15.368590354919434,-10.531942367553711,-2.406942129135132,-0.09444209188222885,5.0,5
2434,-6.772878170013428,-0.3382183015346527,-1.2615143060684204,-5.971740245819092,-11.22955322265625,5.0,2
2435,-13.759861946105957,-14.384861946105957,-12.140543937683105,-1.4061682224273682,-0.2811681926250458,4.0,5
2436,-9.454023361206055,-2.408569812774658,-0.12163776904344559,-3.7153878211975098,-9.944080352783203,2.0,3
2437,-14.126993179321289,-12.533243179321289,-7.501992702484131,-0.001992742298170924,-6.548867702484131,4.0,4
2438,-11.883037567138672,-13.461162567138672,-9.812725067138672,-2.265850067138672,-0.10959997028112411,5.0,5
2439,-10.888039588928223,-11.614602088928223,-7.583352088928223,-0.5833518505096436,-0.8177268505096436,4.0,4
2440,-8.348641395568848,-8.958016395568848,-5.958016395568848,-2.1298913955688477,-0.12989135086536407,5.0,5
2441,-11.70207691192627,-12.64738941192627,-9.36613941192627,-1.60051429271698,-0.2255142480134964,5.0,5
2442,-15.29239559173584,-13.45645809173584,-7.75333309173584,-0.003332895925268531,-5.86270809173584,1.0,4
2443,-12.441990852355957,-4.293553829193115,-0.0279287938028574,-4.277928829193115,-12.199803352355957,4.0,3
2444,-11.683819770812988,-12.433819770812988,-8.246319770812988,-1.0744444131851196,-0.418194442987442,5.0,5
2445,-12.020853042602539,-11.794290542602539,-6.216165065765381,-0.10679012537002563,-2.309915065765381,5.0,4
2446,-12.786459922790527,-12.58759593963623,-9.647254943847656,-0.41430115699768066,-1.0819151401519775,1.0,4
2447,-11.887279510498047,-11.551342010498047,-5.887279510498047,-0.10602971166372299,-2.324779748916626,5.0,4
2448,-16.238285064697266,-12.618254661560059,-7.2112956047058105,-0.0010675451485440135,-8.110442161560059,4.0,4
2449,-12.491325378417969,-10.628398895263672,-7.604961395263672,-0.2455865889787674,-1.526836633682251,4.0,4
2450,-14.173057556152344,-14.368370056152344,-10.923057556152344,-1.688682198524475,-0.2043071836233139,3.0,5
2451,-15.455917358398438,-11.784042358398438,-2.8856053352355957,-0.05748029798269272,-10.760604858398438,4.0,4
2452,-5.583099842071533,-0.013496816158294678,-4.645599842071533,-10.213781356811523,-13.357246398925781,3.0,2
2453,-14.29030990600586,-11.000536918640137,-5.092868328094482,-0.007640188094228506,-6.625537395477295,4.0,4
2454,-15.3214750289917,-15.594202041625977,-14.639657020568848,-7.7078399658203125,-0.0004520586517173797,5.0,5
2455,-13.455944061279297,-9.301824569702148,-3.569579839706421,-0.032649844884872437,-5.747137069702148,4.0,4
2456,-11.041143417358398,-11.892705917358398,-7.736456394195557,-0.9552062153816223,-0.4864562153816223,5.0,5
2457,-13.649113655090332,-15.125676155090332,-12.164738655090332,-4.77411413192749,-0.008489117957651615,5.0,5
2458,-13.074270248413086,-16.332082748413086,-14.315037727355957,-5.535207271575928,-0.0039572990499436855,4.0,5
2459,-12.250340461730957,-13.398777961730957,-9.633152961730957,-1.336277961730957,-0.30502790212631226,5.0,5
2460,-10.197599411010742,-10.619474411010742,-5.978849411010742,-0.5257241725921631,-0.9007241725921631,3.0,4
2461,-14.737475395202637,-13.112475395202637,-6.143725872039795,-0.0031008278019726276,-6.971850872039795,4.0,4
2462,-10.971951484680176,-0.37820103764533997,-1.1594510078430176,-6.706326007843018,-12.253201484680176,3.0,2
2463,-13.040709495544434,-11.720396995544434,-5.782897472381592,-0.017272407189011574,-4.267272472381592,5.0,4
2464,-15.536033630371094,-12.659613609313965,-5.784613132476807,-0.0033629550598561764,-9.051658630371094,4.0,4
2465,-12.607585906982422,-3.9385509490966797,-0.12605102360248566,-2.3135509490966797,-11.840539932250977,3.0,3
2466,-12.227448463439941,-6.062675952911377,-0.30983588099479675,-1.332563877105713,-9.968926429748535,4.0,3
2467,-11.607189178466797,-4.646251201629639,-0.14625130593776703,-2.0681262016296387,-11.660456657409668,4.0,3
2468,-0.006794326473027468,-5.006794452667236,-9.694293975830078,-13.319293975830078,-12.584918975830078,2.0,1
2469,-11.67948055267334,-12.233458518981934,-10.450787544250488,-2.8442537784576416,-0.060163721442222595,4.0,5
2470,-12.635483741760254,-6.315171241760254,-0.2214212566614151,-1.627671241760254,-9.096421241760254,4.0,3
2471,-12.99107551574707,-10.80357551574707,-4.02232551574707,-0.022325608879327774,-5.49107551574707,4.0,4
2472,-9.259029388427734,-10.805904388427734,-7.384029388427734,-1.7277793884277344,-0.19652937352657318,1.0,5
2473,-12.735432624816895,-14.001057624816895,-11.149495124816895,-2.9151196479797363,-0.05574473366141319,4.0,5
2474,-14.65053653717041,-11.83022403717041,-4.650536060333252,-0.009911134839057922,-8.35366153717041,3.0,4
2475,-14.37151050567627,-9.87932300567627,-2.0043234825134277,-0.14494836330413818,-9.11369800567627,4.0,4
2476,-15.241243362426758,-10.380449295043945,-0.4287429749965668,-1.0537430047988892,-11.897493362426758,3.0,3
2477,-11.378973007202148,-4.935791015625,-0.035222966223955154,-3.5977230072021484,-11.019598007202148,2.0,3
2478,-12.818950653076172,-14.463837623596191,-10.022075653076172,-2.7095751762390137,-0.06895022839307785,4.0,5
2479,-12.01984691619873,-6.170414924621582,-0.0979718491435051,-2.3948469161987305,-10.41047191619873,4.0,3
2480,-12.45754337310791,-9.83254337310791,-3.29348087310791,-0.0434807725250721,-5.23098087310791,1.0,4
2481,-13.042943000793457,-9.941380500793457,-3.019505739212036,-0.05075570568442345,-7.457005500793457,3.0,4
2482,-12.454839706420898,-13.75668716430664,-8.290777206420898,-0.46265268325805664,-0.9939026832580566,3.0,4
2483,-9.042381286621094,-3.825052499771118,-0.058006446808576584,-3.370506525039673,-10.378318786621094,3.0,3
2484,-8.13620376586914,-0.18307918310165405,-1.7924542427062988,-7.881943225860596,-11.58932876586914,1.0,2
2485,-10.633389472961426,-13.48424243927002,-8.695889472961426,-2.4927642345428467,-0.0865141898393631,3.0,5
2486,-11.130775451660156,-10.228076934814453,-2.435462713241577,-0.14995177090168,-2.966712713241577,5.0,4
2487,-10.32626724243164,-13.114620208740234,-8.45126724243164,-2.4356417655944824,-0.09189184010028839,3.0,5
2488,-0.04166971892118454,-3.266101598739624,-5.977748870849609,-9.81368637084961,-10.61056137084961,1.0,1
2489,-0.00877902377396822,-4.753097057342529,-9.54002857208252,-11.29002857208252,-11.00096607208252,1.0,1
2490,-15.143856048583984,-9.909481048583984,-0.4180029034614563,-1.0742528438568115,-10.52737808227539,4.0,3
2491,-15.310555458068848,-13.42845344543457,-5.108850479125977,-0.015100451186299324,-4.718225479125977,1.0,4
2492,-13.489920616149902,-14.396170616149902,-11.536795616149902,-1.7399202585220337,-0.19304528832435608,3.0,5
2493,-12.389945030212402,-13.319632530212402,-10.171195030212402,-2.4211950302124023,-0.09306991845369339,3.0,5
2494,-13.324211120605469,-15.277336120605469,-13.066398620605469,-5.5507731437683105,-0.00389828416518867,5.0,5
2495,-14.18293285369873,-10.04230785369873,-2.4641830921173096,-0.08918307721614838,-9.99543285369873,4.0,4
2496,-13.636909484863281,-9.467164993286133,-3.0758299827575684,-0.05026200786232948,-6.209352016448975,3.0,4
2497,-12.692049026489258,-14.465486526489258,-11.840486526489258,-3.590486764907837,-0.02798687107861042,4.0,5
2498,-14.835677146911621,-12.429427146911621,-4.976302146911621,-0.007552049122750759,-7.585677146911621,4.0,4
2499,-13.768662452697754,-6.190536975860596,-0.04991209879517555,-3.065537214279175,-12.323349952697754,4.0,3
2500,-0.000957150012254715,-6.969707012176514,-12.125957489013672,-14.985332489013672,-12.922832489013672,1.0,1
2501,-14.385574340820312,-15.409011840820312,-12.713699340820312,-2.8855741024017334,-0.05744900926947594,5.0,5
2502,-12.584989547729492,-13.670927047729492,-10.600614547729492,-2.209989070892334,-0.11623911559581757,5.0,5
2503,-13.460175514221191,-12.686738014221191,-7.116425514221191,-0.02267562970519066,-3.8351755142211914,5.0,4
2504,-11.928144454956055,-6.631269931793213,-0.8187698721885681,-0.5843948721885681,-9.810956954956055,4.0,4
2505,-11.365668296813965,-12.990668296813965,-9.896918296813965,-3.834418773651123,-0.02191867120563984,4.0,5
2506,-11.692405700683594,-12.629905700683594,-8.692405700683594,-0.8799060583114624,-0.5361560583114624,4.0,5
2507,-10.954206466674805,-12.087018966674805,-8.141706466674805,-1.313581943511963,-0.3135819435119629,4.0,5
2508,-13.9962158203125,-9.0743408203125,-0.2462160289287567,-1.523205041885376,-9.7774658203125,1.0,3
2509,-12.069948196411133,-13.460573196411133,-10.187135696411133,-2.5933854579925537,-0.07776045799255371,5.0,5
2510,-12.83008098602295,-14.10351848602295,-10.78320598602295,-2.126955986022949,-0.12695597112178802,4.0,5
2511,-13.153848648071289,-8.594189643859863,-0.10839361697435379,-2.2873716354370117,-8.592768669128418,2.0,3
2512,-13.44815444946289,-3.6356546878814697,-0.07315471023321152,-3.1200296878814697,-11.33877944946289,4.0,3
2513,-13.974327087402344,-8.739952087402344,-0.9743270874023438,-0.47432708740234375,-10.146202087402344,4.0,4
2514,-13.221309661865234,-14.329264640808105,-13.24971866607666,-5.543753623962402,-0.003981758840382099,5.0,5
2515,-6.142191410064697,-0.5328162908554077,-0.8921912908554077,-6.782816410064697,-12.204690933227539,1.0,2
2516,-14.547429084777832,-11.133366584777832,-3.773991584777832,-0.023991625756025314,-7.227116584777832,1.0,4
2517,-10.320038795471191,-11.265351295471191,-7.210663795471191,-0.7419137954711914,-0.6481637954711914,2.0,5
2518,-13.632884979248047,-14.695384979248047,-11.804759979248047,-1.1797603368759155,-0.3672603368759155,5.0,5
2519,-13.16603946685791,-12.45510196685791,-7.322288990020752,-0.02541409805417061,-3.712913990020752,1.0,4
2520,-7.53354549407959,-0.027863524854183197,-3.6415014266967773,-7.230988502502441,-12.480988502502441,5.0,2
2521,-12.831128120422363,-13.172037124633789,-8.534252166748047,-1.8311271667480469,-0.17487715184688568,1.0,5
2522,-14.515264511108398,-15.34907054901123,-13.42719554901123,-5.239695072174072,-0.005320081487298012,4.0,5
2523,-14.224395751953125,-9.19030475616455,-3.4431469440460205,-0.03405487909913063,-8.11217975616455,4.0,4
2524,-10.618826866149902,-11.712576866149902,-7.360304355621338,-3.079054117202759,-0.04780416935682297,2.0,5
2525,-14.127745628356934,-12.967944145202637,-8.319506645202637,-0.33513158559799194,-1.2570066452026367,5.0,4
2526,-14.473581314086914,-14.22855281829834,-11.22074031829834,-4.048864841461182,-0.017614947631955147,5.0,5
2527,-13.557194709777832,-13.391711235046387,-9.977648735046387,-2.9151487350463867,-0.05577382072806358,3.0,5
2528,-11.056937217712402,-1.6137548685073853,-0.22312991321086884,-7.108072757720947,-11.520005226135254,4.0,3
2529,-12.321977615356445,-11.505215644836426,-7.989590644836426,-3.8986823558807373,-0.0208404753357172,3.0,5
2530,-12.8248872756958,-13.1842622756958,-10.2780122756958,-2.8561367988586426,-0.05926184728741646,1.0,5
2531,-13.809326171875,-13.518132209777832,-10.393132209777832,-6.003928184509277,-0.0025070447009056807,5.0,5
2532,-0.005193670280277729,-5.289283752441406,-9.678487777709961,-11.14510726928711,-10.88587474822998,2.0,1
2533,-11.075478553771973,-10.345365524291992,-4.521502494812012,-0.01866070367395878,-4.947638511657715,4.0,4
2534,-11.452618598937988,-13.821937561035156,-11.478187561035156,-0.5151184797286987,-0.9100064039230347,5.0,4
2535,-7.951038837432861,-2.7401013374328613,-0.595215380191803,-0.9588513970375061,-9.529874801635742,5.0,3
2536,-4.953232288360596,-0.09527833759784698,-2.481642246246338,-8.561188697814941,-12.921982765197754,3.0,2
2537,-13.472833633422852,-4.991298198699951,-0.1319233775138855,-2.1475484371185303,-11.00692367553711,3.0,3
2538,-12.714786529541016,-10.836236000061035,-3.7339634895324707,-0.026577459648251534,-6.144474506378174,4.0,4
2539,-14.291024208068848,-11.245570182800293,-3.6887521743774414,-0.02539910562336445,-10.150399208068848,4.0,4
2540,-10.66415786743164,-13.19540786743164,-10.30478286743164,-4.851657867431641,-0.007907869294285774,4.0,5
2541,-12.502264976501465,-14.072577476501465,-11.314764976501465,-4.033514976501465,-0.017889926210045815,5.0,5
2542,-13.914351463317871,-15.336226463317871,-13.633101463317871,-4.820601463317871,-0.008101577870547771,5.0,5
2543,-12.055012702941895,-0.07844986766576767,-2.6096999645233154,-6.281574726104736,-11.633137702941895,3.0,2
2544,-11.319070816040039,-12.662820816040039,-8.537820816040039,-1.0846953392028809,-0.41282039880752563,3.0,5
2545,-10.290404319763184,-11.212279319763184,-7.727904796600342,-1.8841545581817627,-0.1654045730829239,3.0,5
2546,-13.531291007995605,-15.101603507995605,-13.492228507995605,-4.8516035079956055,-0.007853464223444462,4.0,5
2547,-12.646860122680664,-14.123422622680664,-11.021860122680664,-3.3031105995178223,-0.03748559206724167,4.0,5
2548,-13.790563583374023,-13.165563583374023,-9.451074600219727,-0.061870913952589035,-2.8175528049468994,4.0,4
2549,-12.237650871276855,-10.995463371276855,-5.870462894439697,-0.011088063940405846,-4.806543827056885,4.0,4
2550,-15.25905704498291,-12.18093204498291,-4.094994068145752,-0.01686926744878292,-10.283915519714355,4.0,4
2551,-0.003881540847942233,-5.566381454467773,-10.378881454467773,-13.816381454467773,-12.269506454467773,2.0,1
2552,-13.908477783203125,-13.947540283203125,-10.549102783203125,-0.5491027235984802,-0.8616027235984802,4.0,4
2553,-0.6215770840644836,-0.7934520840644836,-4.559077262878418,-9.184077262878418,-12.098139762878418,3.0,1
2554,-12.771374702453613,-9.177624702453613,-3.1151247024536133,-0.05262470245361328,-5.005749702453613,2.0,4
2555,-13.410737991333008,-13.38943099975586,-10.12238597869873,-1.1877268552780151,-0.3638628423213959,4.0,5
2556,-14.254167556762695,-10.613542556762695,-3.0041675567626953,-0.051042452454566956,-9.988542556762695,2.0,4
2557,-15.470378875732422,-15.392253875732422,-13.091116905212402,-3.7871408462524414,-0.022934889420866966,5.0,5
2558,-14.06564712524414,-9.88595962524414,-2.4640846252441406,-0.08908461034297943,-9.91720962524414,5.0,4
2559,-9.538722038269043,-9.694972038269043,-4.913722038269043,-0.30434703826904297,-1.366847038269043,5.0,4
2560,-13.099895477294922,-14.490520477294922,-11.623332977294922,-4.27958345413208,-0.013958451338112354,5.0,5
2561,-12.768461227416992,-13.565336227416992,-10.455961227416992,-1.8309613466262817,-0.17471130192279816,5.0,5
2562,-13.698455810546875,-10.745330810546875,-3.034393787384033,-0.05001869425177574,-7.612518787384033,3.0,4
2563,-0.008631185628473759,-4.7813591957092285,-9.127948760986328,-10.774255752563477,-9.774255752563477,4.0,1
2564,-1.1364891529083252,-0.41205722093582153,-4.162057399749756,-7.123704433441162,-10.654953956604004,2.0,2
2565,-14.827256202697754,-14.330096244812012,-10.537482261657715,-0.2519714832305908,-1.5019714832305908,5.0,4
2566,-15.359331130981445,-12.717286109924316,-6.0411505699157715,-0.002797501627355814,-7.940297603607178,4.0,4
2567,-2.7363853454589844,-0.08013539016246796,-4.408260345458984,-10.814510345458984,-15.142635345458984,2.0,2
2568,-14.180089950561523,-12.532362937927246,-5.8633294105529785,-0.011057174764573574,-4.812193393707275,1.0,4
2569,-13.19527530670166,-14.516297340393066,-12.520559310913086,-4.317435264587402,-0.013457180000841618,1.0,5
2570,-0.08433429896831512,-2.521834373474121,-7.521834373474121,-11.553084373474121,-13.670271873474121,1.0,1
2571,-13.720549583435059,-15.470549583435059,-12.743987083435059,-4.6502366065979,-0.009611756540834904,5.0,5
2572,-12.418643951416016,-12.543643951416016,-7.426456928253174,-0.16083185374736786,-1.9108318090438843,4.0,4
2573,-13.67622184753418,-15.13715934753418,-13.10590934753418,-5.44184684753418,-0.004346685484051704,5.0,5
2574,-15.626596450805664,-17.025745391845703,-15.363812446594238,-8.673471450805664,-0.00017581824795342982,5.0,5
2575,-14.667737007141113,-11.886487007141113,-4.495862007141113,-0.011487175710499287,-8.495862007141113,5.0,4
2576,-12.33094310760498,-13.20594310760498,-9.13563060760498,-0.9168802499771118,-0.5106302499771118,4.0,5
2577,-13.152555465698242,-14.769742965698242,-11.965055465698242,-3.6056807041168213,-0.027555789798498154,5.0,5
2578,-13.480820655822754,-10.590195655822754,-5.563918113708496,-0.00425825547426939,-8.676133155822754,5.0,4
2579,-12.00816535949707,-11.922938346862793,-8.513847351074219,-2.3916890621185303,-0.09623321145772934,1.0,5
2580,-1.0849664211273193,-0.4457605481147766,-3.8548524379730225,-8.158829689025879,-10.330703735351562,1.0,2
2581,-15.614422798156738,-12.43970775604248,-5.365843296051025,-0.005047436337918043,-11.985161781311035,2.0,4
2582,-11.513182640075684,-2.6694326400756836,-0.15664969384670258,-2.585625648498535,-8.677245140075684,5.0,3
2583,-13.515682220458984,-5.55403470993042,-0.05687662214040756,-2.968808650970459,-10.724489212036133,3.0,3
2584,-14.761968612670898,-13.707281112670898,-7.75415563583374,-0.0041558099910616875,-5.59790563583374,3.0,4
2585,-15.106587409973145,-14.528462409973145,-10.012837409973145,-0.0284626055508852,-3.5753376483917236,4.0,4
2586,-15.85844898223877,-11.643959999084473,-3.9877099990844727,-0.018959958106279373,-8.456459999084473,3.0,4
2587,-13.716307640075684,-11.099120140075684,-3.989745616912842,-0.02099550887942314,-9.614745140075684,3.0,4
2588,-1.9608941078186035,-0.22651909291744232,-2.7890191078186035,-7.7108941078186035,-11.773393630981445,4.0,2
2589,-14.763516426086426,-11.826016426086426,-4.326016902923584,-0.013516809791326523,-9.201016426086426,3.0,4
2590,-14.273727416992188,-11.812789916992188,-4.2034149169921875,-0.015914680436253548,-7.1096649169921875,3.0,4
2591,-11.076338768005371,-11.685713768005371,-6.646650791168213,-0.3497758209705353,-1.224775791168213,4.0,4
2592,-12.828048706054688,-14.609298706054688,-11.929611206054688,-4.867111682891846,-0.007736599538475275,5.0,5
2593,-12.444750785827637,-13.468188285827637,-9.233813285827637,-0.6400629281997681,-0.7494379281997681,5.0,4
2594,-13.273072242736816,-12.710572242736816,-6.827759265899658,-0.01525931153446436,-4.265259265899658,5.0,4
2595,-10.576509475708008,-2.732759475708008,-0.10775955021381378,-3.295259475708008,-10.849946975708008,2.0,3
2596,-12.108016014099121,-12.733016014099121,-8.248641014099121,-0.3580160439014435,-1.201766014099121,4.0,4
2597,-14.759759902954102,-13.322259902954102,-7.142572402954102,-0.0019474128494039178,-6.830072402954102,5.0,4
2598,-13.27436637878418,-7.841127872467041,-0.2360137552022934,-1.5641387701034546,-8.720388412475586,4.0,3
2599,-10.275797843933105,-12.242417335510254,-7.4086103439331055,-0.4398602545261383,-1.0350311994552612,5.0,4
2600,-10.223875045776367,-12.525012016296387,-7.817625522613525,-0.7238754034042358,-0.6642173528671265,4.0,5
2601,-10.754056930541992,-13.531045913696289,-10.089994430541992,-1.5353068113327026,-0.24269472062587738,5.0,5
2602,-10.523905754089355,-12.940099716186523,-7.789531230926514,-0.1489061564207077,-1.98129403591156,5.0,4
2603,-14.94234561920166,-11.08297061920166,-3.15328311920166,-0.043908122926950455,-8.46578311920166,5.0,4
2604,-13.061544418334961,-12.999044418334961,-9.413106918334961,-0.33498191833496094,-1.256856918334961,4.0,4
2605,-16.19603729248047,-17.49575424194336,-15.826720237731934,-6.548310279846191,-0.0014350840356200933,5.0,5
2606,-15.416487693786621,-13.760237693786621,-6.861799716949463,-0.002424874110147357,-6.596174716949463,5.0,4
2607,-15.457630157470703,-12.488880157470703,-4.079789638519287,-0.017289748415350914,-9.988880157470703,2.0,4
2608,-12.767301559448242,-12.392301559448242,-7.876676559448242,-0.39230144023895264,-1.1266764402389526,3.0,4
2609,-13.402596473693848,-14.119926452636719,-11.215096473693848,-1.1582781076431274,-0.37702807784080505,4.0,5
2610,-13.083139419555664,-9.137826919555664,-1.590951919555664,-0.23157690465450287,-9.575326919555664,4.0,4
2611,-13.99084758758545,-10.418404579162598,-1.2593121528625488,-0.3374371826648712,-8.696812629699707,3.0,4
2612,-14.99732780456543,-16.396474838256836,-12.843917846679688,-4.156417369842529,-0.01579253561794758,4.0,5
2613,-14.582282066345215,-15.86069107055664,-12.318077087402344,-5.193077564239502,-0.0055774785578250885,4.0,5
2614,-14.722907066345215,-16.02262306213379,-12.286827087402344,-5.1930766105651855,-0.005576648749411106,3.0,5
2615,-9.82860279083252,-1.0928077697753906,-0.41098979115486145,-6.405307769775391,-11.973489761352539,3.0,3
2616,-16.218780517578125,-13.346620559692383,-6.049745559692383,-0.0028704889118671417,-7.612245559692383,5.0,4
2617,-14.498517990112305,-11.070250511169434,-4.531188011169434,-0.01556322444230318,-8.359313011169434,5.0,4
2618,-11.147327423095703,-2.9442028999328613,-0.06920287758111954,-4.256702899932861,-10.592639923095703,5.0,3
2619,-13.068392753601074,-12.166403770446777,-9.574073791503906,-0.0002115741081070155,-9.069812774658203,1.0,4
2620,-12.690149307250977,-13.336456298828125,-10.332194328308105,-1.7270804643630981,-0.19583043456077576,3.0,5
2621,-12.354022026062012,-12.705584526062012,-8.400897026062012,-0.6040221452713013,-0.7915221452713013,3.0,4
2622,-15.508637428283691,-13.100966453552246,-6.72312593460083,-0.001534000039100647,-8.376534461975098,1.0,4
2623,-10.958566665649414,-7.099192142486572,-1.6148169040679932,-0.22419194877147675,-6.911692142486572,2.0,4
2624,-14.647515296936035,-10.350640296936035,-2.2100157737731934,-0.11626575142145157,-10.756890296936035,5.0,4
2625,-15.416593551635742,-12.46915054321289,-5.445003032684326,-0.004661289043724537,-8.214889526367188,5.0,4
2626,-0.001806057756766677,-6.329931259155273,-11.236181259155273,-14.517431259155273,-12.204931259155273,2.0,1
2627,-16.090152740478516,-14.10861873626709,-4.433902740478516,-0.012027597054839134,-9.543277740478516,4.0,4
2628,-15.19680404663086,-14.73586654663086,-10.18899154663086,-0.017116796225309372,-4.079617023468018,4.0,4
2629,-12.949288368225098,-14.37684440612793,-12.949288368225098,-6.322868347167969,-0.0018461579456925392,4.0,5
2630,-15.107699394226074,-15.505426406860352,-13.033835411071777,-3.445767402648926,-0.03241444379091263,4.0,5
2631,-0.004336715210229158,-5.457461833953857,-9.9887113571167,-13.5824613571167,-11.9262113571167,1.0,1
2632,-11.100824356079102,-13.413324356079102,-10.882074356079102,-4.96019983291626,-0.007074662949889898,4.0,5
2633,-14.525116920471191,-16.126678466796875,-14.048554420471191,-6.392304420471191,-0.001679201959632337,5.0,5
2634,-15.166302680969238,-13.205365180969238,-6.642865180969238,-0.002240292262285948,-7.595990180969238,5.0,4
2635,-8.296521186828613,-0.299363374710083,-1.3647034168243408,-5.816407203674316,-11.527344703674316,1.0,2
2636,-11.915665626525879,-12.876603126525879,-8.884415626525879,-1.2906659841537476,-0.32191598415374756,2.0,5
2637,-13.250585556030273,-15.156835556030273,-13.844335556030273,-7.453711032867432,-0.0005858612130396068,4.0,5
2638,-8.173086166381836,-0.7725180983543396,-0.644676148891449,-4.346380233764648,-9.893255233764648,3.0,3
2639,-8.94815731048584,-10.08878231048584,-7.16690731048584,-2.9012820720672607,-0.057532183825969696,3.0,5
2640,-9.897347450256348,-11.209847450256348,-8.147347450256348,-2.9598474502563477,-0.05359743908047676,3.0,5
2641,-14.401905059814453,-10.894092559814453,-3.1831555366516113,-0.042530473321676254,-8.917530059814453,1.0,4
2642,-11.249229431152344,-4.530479907989502,-0.2961047887802124,-1.4054797887802124,-8.655479431152344,5.0,3
2643,-0.7059633135795593,-0.6903383135795593,-5.315338134765625,-10.627838134765625,-14.026275634765625,1.0,2
2644,-15.321430206298828,-13.305805206298828,-7.454243183135986,-0.0011180347064509988,-7.704243183135986,3.0,4
2645,-12.998917579650879,-3.889542579650879,-0.04579256847500801,-3.717667579650879,-11.592667579650879,5.0,3
2646,-11.106276512145996,-3.819345235824585,-0.06934525817632675,-3.109117269515991,-8.988378524780273,4.0,3
2647,-14.777779579162598,-9.854483604431152,-4.564711570739746,-0.010733727365732193,-9.198233604431152,4.0,4
2648,-15.580286979675293,-10.6044340133667,-4.550457954406738,-0.010683956556022167,-10.8075590133667,4.0,4
2649,-14.336199760437012,-13.62668228149414,-12.212620735168457,-2.3219943046569824,-0.10324442386627197,3.0,5
2650,-14.22209644317627,-7.526073455810547,-2.474937677383423,-0.08857369422912598,-10.229198455810547,2.0,4
2651,-14.023954391479492,-10.508329391479492,-3.078641414642334,-0.047391440719366074,-8.938016891479492,3.0,4
2652,-13.215164184570312,-10.082351684570312,-3.0198521614074707,-0.05110214650630951,-6.988602161407471,4.0,4
2653,-8.597614288330078,-0.10329753160476685,-2.333411455154419,-6.978297710418701,-11.317785263061523,1.0,2
2654,-12.462911605834961,-7.767599582672119,-1.1269745826721191,-0.39259958267211914,-8.533224105834961,4.0,4
2655,-12.2883939743042,-5.061831474304199,-0.12433130294084549,-2.20245623588562,-10.6555814743042,3.0,3
2656,-12.070281982421875,-12.460906982421875,-8.695281982421875,-0.6327819228172302,-0.7577819228172302,3.0,4
2657,-11.237256050109863,-3.5575685501098633,-0.10444357991218567,-2.6513185501098633,-10.385693550109863,4.0,3
2658,-4.626884460449219,-0.22063453495502472,-1.6737595796585083,-7.330009460449219,-12.931571960449219,3.0,2
2659,-10.711947441101074,-13.063509941101074,-9.977572441101074,-4.743197917938232,-0.008822744712233543,3.0,5
2660,-13.433534622192383,-11.175722122192383,-4.855409145355225,-0.011659336276352406,-5.589784145355225,4.0,4
2661,-11.861949920654297,-9.307262420654297,-3.4478869438171387,-0.05726204067468643,-3.7447619438171387,4.0,4
2662,-12.336518287658691,-5.46151876449585,-0.16464368999004364,-1.91464364528656,-9.602143287658691,4.0,3
2663,-12.164519309997559,-11.817928314208984,-7.771052837371826,-1.3023029565811157,-0.31792792677879333,3.0,5
2664,-15.238652229309082,-12.590214729309082,-5.941777229309082,-0.00427712919190526,-6.426152229309082,5.0,4
2665,-14.538323402404785,-14.666873931884766,-12.487186431884766,-5.877811431884766,-0.0028114099986851215,5.0,5
2666,-13.948602676391602,-14.121187210083008,-11.550874710083008,-3.9414994716644287,-0.019624479115009308,5.0,5
2667,-14.66976547241211,-12.03695297241211,-4.372889995574951,-0.013515045866370201,-7.138514995574951,3.0,4
2668,-14.159424781799316,-11.925049781799316,-4.557862281799316,-0.010987494140863419,-7.776612281799316,4.0,4
2669,-12.284961700439453,-13.972461700439453,-10.995899200439453,-3.620898962020874,-0.027148887515068054,5.0,5
2670,-12.22576904296875,-13.24139404296875,-8.60076904296875,-0.42889404296875,-1.05389404296875,3.0,4
2671,-0.16914428770542145,-1.9163023233413696,-4.795563220977783,-8.826813697814941,-11.154938697814941,2.0,1
2672,-13.223596572875977,-14.963653564453125,-10.668198585510254,-3.6056981086730957,-0.02757318504154682,3.0,5
2673,-14.598137855529785,-16.4731388092041,-12.971006393432617,-4.603819370269775,-0.010069169104099274,5.0,5
2674,-14.28445816040039,-14.94497013092041,-9.781617164611816,-1.8441168069839478,-0.17224179208278656,4.0,5
2675,-15.342338562011719,-11.144895553588867,-2.2812585830688477,-0.10796459764242172,-10.505690574645996,4.0,4
2676,-14.581279754638672,-13.807842254638672,-7.448466777801514,-0.010966978035867214,-4.573466777801514,5.0,4
2677,-15.456775665283203,-12.839588165283203,-5.769275188446045,-0.0036501940339803696,-9.503650665283203,3.0,4
2678,-12.339908599853516,-12.800846099853516,-8.621158599853516,-1.3711585998535156,-0.2930335998535156,5.0,5
2679,-16.822498321533203,-14.328177452087402,-10.196076393127441,-5.280832192511298e-05,-12.093802452087402,4.0,4
2680,-17.345197677612305,-14.898463249206543,-10.789799690246582,-2.6225699912174605e-05,-13.815366744995117,5.0,4
2681,-12.62938117980957,-12.452533721923828,-12.089607238769531,-1.77284574508667,-0.18619871139526367,5.0,5
2682,-16.94468116760254,-14.406328201293945,-9.622238159179688,-7.83174327807501e-05,-12.390703201293945,4.0,4
2683,-15.162674903869629,-12.381424903869629,-4.279862403869629,-0.014237492345273495,-9.029862403869629,4.0,4
2684,-0.004442702513188124,-5.5200676918029785,-8.848193168640137,-12.738818168640137,-11.137255668640137,1.0,1
2685,-14.270660400390625,-10.950347900390625,-2.989410400390625,-0.051910459995269775,-9.130035400390625,4.0,4
2686,-10.490583419799805,-2.2874581813812256,-0.115583136677742,-4.8812079429626465,-11.631208419799805,5.0,3
2687,-16.371688842773438,-12.7637357711792,-2.9299285411834717,-0.054928455501794815,-10.760895729064941,1.0,4
2688,-14.939740180969238,-6.232355117797852,-0.009342287667095661,-4.915592193603516,-13.881502151489258,3.0,3
2689,-14.360987663269043,-3.2615561485290527,-0.04280610755085945,-5.636556148529053,-12.144368171691895,4.0,3
2690,-14.632194519042969,-5.413444519042969,-0.005773534532636404,-6.646398544311523,-14.88077449798584,3.0,3
2691,-17.000993728637695,-14.813493728637695,-7.797868728637695,-0.000993711524643004,-8.329118728637695,5.0,4
2692,-15.222513198852539,-12.417825698852539,-4.542825222015381,-0.011575321666896343,-9.386575698852539,3.0,4
2693,-14.519795417785645,-13.629170417785645,-10.910420417785645,-2.0041699409484863,-0.1447950005531311,5.0,5
2694,-12.228896141052246,-12.439833641052246,-8.885146141052246,-1.6507714986801147,-0.21327146887779236,4.0,5
2695,-14.665844917297363,-14.915844917297363,-13.314282417297363,-2.0720949172973633,-0.13459481298923492,3.0,5
2696,-16.997987747192383,-13.8729887008667,-5.162050724029541,-0.005800913088023663,-10.4276762008667,3.0,4
2697,-14.287665367126465,-13.158404350280762,-9.55044937133789,-0.13283556699752808,-2.085960626602173,5.0,4
2698,-9.999789237976074,-0.035301219671964645,-3.3875732421875,-7.393255233764648,-9.6453857421875,4.0,2
2699,-13.029203414916992,-3.485168933868408,-0.0632939264178276,-3.485168933868408,-11.338862419128418,4.0,3
2700,-13.900129318237305,-14.126691818237305,-11.118879318237305,-2.3220040798187256,-0.10325399041175842,4.0,5
2701,-11.488602638244629,-12.105790138244629,-10.566727638244629,-5.488602638244629,-0.004227629862725735,5.0,5
2702,-15.615058898925781,-11.958098411560059,-4.387786388397217,-0.01278631016612053,-8.6974458694458,5.0,4
2703,-13.829569816589355,-14.556132316589355,-12.095194816589355,-4.079570293426514,-0.01707015559077263,3.0,5
2704,-13.381789207458496,-13.663039207458496,-10.756789207458496,-1.2567890882492065,-0.33491405844688416,2.0,5
2705,-16.49372100830078,-17.253665924072266,-15.676960945129395,-7.104519367218018,-0.000824230897706002,4.0,5
2706,-17.05708122253418,-12.704097747802734,-3.7275352478027344,-0.024410169571638107,-10.274410247802734,4.0,4
2707,-12.377152442932129,-12.171186447143555,-9.174027442932129,-0.9638006687164307,-0.480846643447876,3.0,5
2708,-11.912178993225098,-2.998826026916504,-0.05848588049411774,-4.973258018493652,-11.18774700164795,4.0,3
2709,-15.416568756103516,-12.724807739257812,-5.473386764526367,-0.004636608529835939,-7.987592697143555,4.0,4
2710,-0.032883115112781525,-3.4391331672668457,-8.345382690429688,-12.290695190429688,-13.181320190429688,4.0,1
2711,-13.80485725402832,-14.82829475402832,-12.71110725402832,-4.15641975402832,-0.01579488255083561,3.0,5
2712,-12.714492797851562,-14.099435806274414,-12.79971981048584,-6.563924312591553,-0.0014261561445891857,3.0,5
2713,-15.13754653930664,-15.165955543518066,-12.907432556152344,-2.609138011932373,-0.07646701484918594,5.0,5
2714,-15.1871919631958,-13.7575044631958,-9.2965669631958,-0.015316721051931381,-4.192873477935791,4.0,4
2715,-16.33205223083496,-15.868982315063477,-13.642419815063477,-4.650232791900635,-0.009607624262571335,4.0,5
2716,-13.484018325805664,-14.202768325805664,-11.523080825805664,-2.694955348968506,-0.06995534896850586,3.0,5
2717,-17.096059799194336,-14.952591896057129,-10.921341896057129,-0.015092349611222744,-4.202592372894287,5.0,4
2718,-14.9583740234375,-14.254538536071777,-11.559226036071777,-2.856100559234619,-0.059225670993328094,4.0,5
2719,-11.922867774963379,-5.289345741271973,-0.7865035533905029,-0.618889570236206,-7.368889808654785,3.0,4
2720,-14.273426055908203,-14.156238555908203,-10.874988555908203,-1.3593631982803345,-0.29686322808265686,3.0,5
2721,-15.353248596191406,-14.603248596191406,-10.509498596191406,-0.009498286060988903,-4.665748119354248,4.0,4
2722,-13.886783599853516,-8.773146629333496,-0.9038288593292236,-0.5203068256378174,-8.085646629333496,3.0,4
2723,-13.818719863891602,-14.928094863891602,-12.709344863891602,-5.084344387054443,-0.006219555623829365,3.0,5
2724,-12.418828010559082,-11.082890510559082,-5.98132848739624,-0.2157033234834671,-1.6532033681869507,2.0,4
2725,-15.546167373657227,-14.568894386291504,-11.537644386291504,-1.115769624710083,-0.39701956510543823,4.0,5
2726,-17.749225616455078,-14.961581230163574,-7.360019207000732,-0.0006439996068365872,-12.578768730163574,3.0,4
2727,-16.145071029663086,-15.471774101257324,-13.206149101257324,-5.80416202545166,-0.0030242919456213713,3.0,5
2728,-15.818146705627441,-15.767009735107422,-13.759197235107422,-6.5851922035217285,-0.0013850866816937923,3.0,5
2729,-13.326187133789062,-13.461130142211914,-10.314823150634766,-0.13016444444656372,-2.1045963764190674,5.0,4
2730,-15.00503921508789,-14.480180740356445,-12.550493240356445,-3.961005687713623,-0.019242869690060616,3.0,5
2731,-16.46184539794922,-13.914970397949219,-7.0790324211120605,-0.0009076051646843553,-9.797782897949219,4.0,4
2732,-9.935221672058105,-0.07726788520812988,-2.605677843093872,-7.790335655212402,-11.8954496383667,4.0,2
2733,-14.580244064331055,-13.98365306854248,-10.617176055908203,-0.531947672367096,-0.8856406807899475,5.0,4
2734,-9.882344245910645,-1.397969365119934,-0.2885943651199341,-5.6479692459106445,-11.999531745910645,4.0,3
2735,-13.159090042114258,-13.580965042114258,-10.346590042114258,-1.8309648036956787,-0.1747148036956787,4.0,5
2736,-13.098295211791992,-13.965482711791992,-11.574857711791992,-2.856107473373413,-0.059232521802186966,4.0,5
2737,-14.010520935058594,-14.230691909790039,-9.501997947692871,-2.774726152420044,-0.06449823081493378,5.0,5
2738,-14.730632781982422,-15.270405769348145,-11.479211807250977,-4.567282199859619,-0.010462081991136074,4.0,5
2739,-8.026473999023438,-1.733862280845642,-0.21397440135478973,-4.177042484283447,-8.247354507446289,2.0,3
2740,-14.178893089294434,-14.328041076660156,-11.068098068237305,-3.056735038757324,-0.04821116104722023,3.0,5
2741,-14.0391845703125,-14.2266845703125,-10.6094970703125,-0.12512242794036865,-2.140747547149658,5.0,4
2742,-13.788140296936035,-13.859163284301758,-9.938709259033203,-1.5722308158874512,-0.2327418476343155,3.0,5
2743,-12.833030700683594,-11.781893730163574,-7.3855881690979,-0.05604199692606926,-2.9253599643707275,2.0,4
2744,-12.811856269836426,-12.387141227722168,-5.733731269836426,-0.2806064188480377,-1.4212313890457153,3.0,4
2745,-13.165000915527344,-14.432046890258789,-10.040000915527344,-0.1650010645389557,-1.8837510347366333,4.0,4
2746,-12.723800659179688,-11.762863159179688,-6.4581756591796875,-0.11442577093839645,-2.2394256591796875,3.0,4
2747,-14.405858993530273,-12.452733993530273,-6.390234470367432,-0.015234304592013359,-4.312109470367432,4.0,4
2748,-14.522098541259766,-13.967411041259766,-9.248661041259766,-0.10803639888763428,-2.279911518096924,4.0,4
2749,-14.124013900756836,-13.756826400756836,-9.819326400756836,-0.3349509835243225,-1.2568259239196777,5.0,4
2750,-15.17369270324707,-12.893863677978516,-5.79869270324707,-0.0032387918327003717,-8.795852661132812,3.0,4
2751,-14.595708847045898,-11.648265838623047,-3.9991180896759033,-0.02184612676501274,-7.179515361785889,3.0,4
2752,-14.411933898925781,-15.228694915771484,-13.02699089050293,-3.0553998947143555,-0.048297036439180374,4.0,5
2753,-12.562606811523438,-13.322550773620605,-11.38362979888916,-2.8040852546691895,-0.0626073107123375,4.0,5
2754,-16.257156372070312,-11.975197792053223,-4.2798848152160645,-0.014259939081966877,-11.008578300476074,4.0,4
2755,-14.20965576171875,-12.65070629119873,-8.12726879119873,-0.3772684335708618,-1.1585184335708618,4.0,4
2756,-16.231189727783203,-11.996814727783203,-3.5905649662017822,-0.028064880520105362,-9.684314727783203,3.0,4
2757,-16.7443904876709,-14.444672584533691,-8.944672584533691,-0.007172904442995787,-4.96029806137085,4.0,4
2758,-13.534079551696777,-7.0809550285339355,-0.12782999873161316,-2.1278300285339355,-10.909079551696777,3.0,3
2759,-13.158141136169434,-0.004733072593808174,-5.38541316986084,-9.79166316986084,-13.257573127746582,2.0,2
2760,-2.68416428565979,-0.10603925585746765,-3.43416428565979,-9.496664047241211,-13.832601547241211,3.0,2
2761,-15.601055145263672,-15.089692115783691,-9.804180145263672,-0.007304745726287365,-4.93344259262085,4.0,4
2762,-12.417855262756348,-12.652230262756348,-10.407912254333496,-1.2885938882827759,-0.3226839303970337,3.0,5
2763,-13.919751167297363,-14.232251167297363,-11.326001167297363,-1.8572511672973633,-0.16975118219852448,4.0,5
2764,-13.845917701721191,-13.447480201721191,-11.338105201721191,-3.755022044060752e-05,-10.916230201721191,4.0,4
2765,-12.775623321533203,-5.474486827850342,-0.10516860336065292,-2.3494865894317627,-8.833861351013184,4.0,3
2766,-13.10837459564209,-12.57712459564209,-7.26462459564209,-0.20212435722351074,-1.7021243572235107,4.0,4
2767,-13.206855773925781,-12.555577278137207,-11.814810752868652,-1.3446402549743652,-0.3020281195640564,4.0,5
2768,-16.006450653076172,-14.359434127807617,-4.26426362991333,-0.014263582415878773,-9.936138153076172,3.0,4
2769,-15.593246459960938,-16.871654510498047,-15.436996459960938,-6.999497413635254,-0.000916418619453907,5.0,5
2770,-13.492341041564941,-13.512938499450684,-6.640778541564941,-0.04702869802713394,-3.1095287799835205,3.0,4
2771,-14.90267276763916,-14.796138763427734,-11.806081771850586,-2.771991491317749,-0.06460361182689667,4.0,5
2772,-16.994773864746094,-14.13326644897461,-9.160966873168945,-0.0004543225804809481,-8.25045394897461,3.0,4
2773,-13.448883056640625,-14.33666706085205,-13.051155090332031,-4.485814571380615,-0.011382756754755974,4.0,5
2774,-12.381229400634766,-12.248416900634766,-7.724979877471924,-0.7093546986579895,-0.6781046986579895,3.0,5
2775,-13.91263484954834,-5.029821872711182,-0.02982204221189022,-3.7798221111297607,-11.52982234954834,3.0,3
2776,-12.398055076599121,-4.890242576599121,-0.14024248719215393,-2.093367576599121,-10.319930076599121,3.0,3
2777,-14.140792846679688,-12.132980346679688,-5.586105823516846,-0.007980603724718094,-5.476730823516846,4.0,4
2778,-14.962484359741211,-12.001546859741211,-3.7124838829040527,-0.024983882904052734,-8.743734359741211,3.0,4
2779,-13.465941429138184,-13.801878929138184,-12.44605541229248,-1.9503167867660522,-0.15344178676605225,3.0,5
2780,-14.985186576843262,-13.26927661895752,-8.95677661895752,-0.4567762613296509,-1.0036512613296509,3.0,4
2781,-15.464190483093262,-14.75609302520752,-13.482656478881836,-0.5295301079750061,-0.8889051079750061,4.0,4
2782,-11.881207466125488,-11.573678970336914,-11.03603744506836,-1.5971161127090454,-0.22637899219989777,4.0,5
2783,-15.609824180603027,-14.656699180603027,-9.727011680603027,-0.08638637512922287,-2.4926364421844482,3.0,4
2784,-12.297318458557129,-4.992630958557129,-0.07075578719377518,-2.78950572013855,-10.117630958557129,3.0,3
2785,-16.284934997558594,-12.902122497558594,-4.480247974395752,-0.011497781611979008,-9.370872497558594,4.0,4
2786,-10.752350807189941,-1.6614421606063843,-0.2125781625509262,-6.434170246124268,-12.627350807189941,3.0,3
2787,-9.735954284667969,-2.4490222930908203,-0.11947638541460037,-3.6564083099365234,-8.223169326782227,3.0,3
2788,-13.256630897521973,-14.265153884887695,-12.468278884887695,-4.527937889099121,-0.0108939902856946,4.0,5
2789,-12.670450210571289,-12.48508071899414,-11.711644172668457,-2.897724151611328,-0.05681411921977997,5.0,5
2790,-13.825301170349121,-14.031267166137695,-11.481551170349121,-4.080983638763428,-0.017062537372112274,3.0,5
2791,-14.994401931762695,-11.627214431762695,-3.2131521701812744,-0.04127709940075874,-9.463151931762695,3.0,4
2792,-14.297837257385254,-14.844712257385254,-10.640166282653809,-4.198404788970947,-0.015165970660746098,3.0,5
2793,-15.197226524353027,-13.970664024353027,-9.197226524353027,-0.00972627755254507,-4.650351047515869,4.0,4
2794,-14.203782081604004,-9.906907081604004,-1.625657558441162,-0.21940752863883972,-9.656907081604004,3.0,4
2795,-13.121515274047852,-13.105890274047852,-9.535577774047852,-1.4418275356292725,-0.26995256543159485,3.0,5
2796,-13.919964790344238,-13.323373794555664,-7.92990779876709,-0.9455327987670898,-0.49240779876708984,3.0,5
2797,-14.213813781738281,-10.581001281738281,-3.6000557884108275e-05,-12.143501281738281,-14.073188781738281,4.0,3
2798,-14.581032752990723,-11.237282752990723,-3.1982197761535645,-0.04196982458233833,-8.463845252990723,3.0,4
2799,-13.67763900756836,-5.693264007568359,-0.06826414167881012,-2.7713892459869385,-10.56826400756836,4.0,3
2800,-12.530867576599121,-4.819929599761963,-0.1011798232793808,-2.429304838180542,-10.366805076599121,4.0,3
2801,-14.658206939697266,-15.105650901794434,-11.048831939697266,-1.5019571781158447,-0.2519572079181671,4.0,5
2802,-7.8601555824279785,-2.20674729347229,-0.12009841948747635,-5.91697359085083,-10.948223114013672,4.0,3
2803,-14.344162940979004,-15.125412940979004,-14.270299911499023,-4.141037940979004,-0.01603810116648674,4.0,5
2804,-16.008337020874023,-14.094274520874023,-9.57438850402832,-0.0005245024804025888,-7.719274520874023,4.0,4
2805,-14.496950149536133,-13.609166145324707,-10.335018157958984,-0.3634282946586609,-1.188711404800415,5.0,4
2806,-15.9531831741333,-14.6328706741333,-9.916251182556152,-5.8530047681415454e-05,-12.4375581741333,2.0,4
2807,-0.21446725726127625,-1.6675922870635986,-5.474410057067871,-8.99571704864502,-12.97227954864502,4.0,1
2808,-11.825767517089844,-5.080739974975586,-0.35062578320503235,-1.2398297786712646,-9.622642517089844,4.0,3
2809,-14.506850242614746,-15.569350242614746,-12.053726196289062,-0.11622531712055206,-2.209975242614746,5.0,4
2810,-13.943220138549805,-15.402027130126953,-12.951743125915527,-2.0994701385498047,-0.13072024285793304,3.0,5
2811,-14.167290687561035,-15.866154670715332,-11.120415687561035,-2.3079161643981934,-0.10479112714529037,4.0,5
2812,-12.029186248779297,-10.658447265625,-4.742255210876465,-0.04055126756429672,-3.4780492782592773,2.0,4
2813,-14.720133781433105,-13.541155815124512,-9.372122764587402,-0.0681445524096489,-2.722973585128784,4.0,4
2814,-14.601459503173828,-11.12986946105957,-0.9452093243598938,-0.4920843243598938,-10.663959503173828,3.0,4
2815,-14.014178276062012,-14.787615776062012,-12.295428276062012,-2.826678514480591,-0.06105345860123634,3.0,5
2816,-13.17883586883545,-14.681676864624023,-10.13196086883545,-2.506960868835449,-0.08508576452732086,2.0,5
2817,-12.855931282043457,-13.537039756774902,-10.566868782043457,-0.00010787858627736568,-9.613743782043457,4.0,4
2818,-11.67385482788086,-11.658940315246582,-5.634792327880859,-0.6660420894622803,-0.7285420894622803,2.0,4
2819,-17.28849220275879,-15.015763282775879,-8.953263282775879,-0.00013839241000823677,-12.406388282775879,4.0,4
2820,-13.392473220825195,-13.030257225036621,-10.260370254516602,-0.14673380553722382,-1.9933257102966309,3.0,4
2821,-15.080155372619629,-12.399757385253906,-6.259132385253906,-0.002031288342550397,-10.024757385253906,5.0,4
2822,-14.979171752929688,-13.143234252929688,-6.7369842529296875,-0.0026090650353580713,-6.6119842529296875,3.0,4
2823,-14.80212688446045,-15.512353897094727,-13.154399871826172,-2.8561041355133057,-0.059229038655757904,4.0,5
2824,-14.31881332397461,-14.432450294494629,-10.784722328186035,-3.3784725666046143,-0.034722574055194855,3.0,5
2825,-16.502593994140625,-15.792366027832031,-9.745491027832031,-0.011116121895611286,-4.511116027832031,5.0,4
2826,-17.098312377929688,-15.308539390563965,-7.657970428466797,-0.0017203782917931676,-6.704845428466797,5.0,4
2827,-15.723957061767578,-12.598957061767578,-4.356770038604736,-0.013019906356930733,-9.419269561767578,4.0,4
2828,-14.147652626037598,-15.248504638671875,-13.600777626037598,-4.964413642883301,-0.007027669344097376,4.0,5
2829,-12.864351272583008,-12.762788772583008,-9.778413772583008,-1.1690382957458496,-0.372163325548172,4.0,5
2830,-14.942279815673828,-11.629779815673828,-3.59071683883667,-0.02821694314479828,-8.700092315673828,5.0,4
2831,-13.452750205993652,-13.671500205993652,-10.405875205993652,-2.5933749675750732,-0.07774987071752548,4.0,5
2832,-13.320155143737793,-13.499842643737793,-10.085780143737793,-0.632655143737793,-0.757655143737793,3.0,4
2833,-14.604657173156738,-14.285054206848145,-11.238179206848145,-0.7836339473724365,-0.6103379726409912,4.0,5
2834,-15.825427055358887,-13.536364555358887,-5.317615032196045,-0.005114922299981117,-8.692614555358887,4.0,4
2835,-14.402626037597656,-14.601490020751953,-12.32876205444336,-2.158308982849121,-0.12279599905014038,5.0,5
2836,-14.572274208068848,-14.681649208068848,-12.595711708068848,-1.1582117080688477,-0.37696167826652527,3.0,5
2837,-14.46008586883545,-14.197300910949707,-11.0012788772583,-0.5325289964675903,-0.8848010301589966,4.0,4
2838,-12.67299747467041,-13.21987247467041,-11.138906478881836,-1.138906717300415,-0.38606664538383484,4.0,5
2839,-4.923912048339844,-2.105731725692749,-0.14266185462474823,-5.548912048339844,-10.775474548339844,3.0,3
2840,-2.0463860034942627,-1.1245110034942627,-0.6088860034942627,-6.218260765075684,-11.038573265075684,2.0,3
2841,-14.027571678161621,-13.125582695007324,-9.247742652893066,-0.2988783121109009,-1.3542753458023071,4.0,4
2842,-5.78164005279541,-1.3072079420089722,-0.31999099254608154,-8.650958061218262,-13.295844078063965,3.0,3
2843,-15.067300796508789,-14.036050796508789,-11.286050796508789,-0.051675356924533844,-2.989175319671631,4.0,4
2844,-13.93777847290039,-13.046442985534668,-10.226130485534668,-0.30425551533699036,-1.3383474349975586,4.0,4
2845,-14.362509727478027,-13.559952735900879,-10.335521697998047,-0.16506533324718475,-1.8838152885437012,4.0,4
2846,-16.636335372924805,-11.906221389770508,-1.3593459129333496,-0.296845942735672,-12.60224437713623,4.0,4
2847,-14.268857955932617,-15.425107955932617,-13.745420455932617,-5.737607955932617,-0.003232731716707349,5.0,5
2848,-14.064290046691895,-14.618977546691895,-12.439290046691895,-2.0721023082733154,-0.13460221886634827,4.0,5
2849,-13.673941612243652,-13.947379112243652,-11.150504112243652,-0.2286294549703598,-1.588004469871521,4.0,4
2850,-14.220046997070312,-15.134109497070312,-12.860671997070312,-3.7122342586517334,-0.024734340608119965,5.0,5
2851,-14.116229057312012,-14.358416557312012,-11.209979057312012,-0.42872875928878784,-1.0537288188934326,4.0,4
2852,-13.67397403717041,-14.20522403717041,-11.45522403717041,-2.39272403717041,-0.09584899246692657,4.0,5
2853,-15.142518043518066,-15.900330543518066,-12.931580543518066,-2.9003307819366455,-0.05658072978258133,5.0,5
2854,-14.033495903015137,-14.291308403015137,-10.486620903015137,-0.4397461414337158,-1.0334961414337158,4.0,4
2855,-14.888772010803223,-14.880959510803223,-12.435647010803223,-0.49814707040786743,-0.9356470704078674,3.0,4
2856,-12.467601776123047,-13.28436279296875,-10.947715759277344,-2.7374889850616455,-0.06703493744134903,4.0,5
2857,-15.187170028686523,-15.46415901184082,-13.170125007629395,-2.4172840118408203,-0.09342002868652344,3.0,5
2858,-11.427812576293945,-3.5940067768096924,-0.07127877324819565,-3.1962788105010986,-8.095425605773926,2.0,3
2859,-13.96456527709961,-10.48800277709961,-3.0192527770996094,-0.05050288140773773,-7.909877777099609,4.0,4
2860,-14.32458209991455,-14.40270709991455,-11.66833209991455,-0.2698950469493866,-1.441770076751709,2.0,4
2861,-11.636307716369629,-5.542557239532471,-0.30108121037483215,-1.3664212226867676,-7.296818256378174,4.0,3
2862,-13.370362281799316,-9.89024829864502,-2.489680051803589,-0.08911198377609253,-7.6445088386535645,4.0,4
2863,-12.469738006591797,-12.204113006591797,-8.618175506591797,-0.11817566305398941,-2.196300745010376,4.0,4
2864,-10.913707733154297,-3.671520709991455,-0.12464570254087448,-2.390270709991455,-10.179332733154297,3.0,3
2865,-11.352334976196289,-2.2976479530334473,-0.1101478785276413,-5.578897953033447,-11.594522476196289,4.0,3
2866,-6.502627372741699,-0.3151271641254425,-1.3151271343231201,-7.940127372741699,-13.0026273727417,3.0,2
2867,-13.3842191696167,-13.83166217803955,-11.558935165405273,-3.2634799480438232,-0.03904803842306137,4.0,5
2868,-13.282562255859375,-5.953017711639404,-0.10074392706155777,-2.373471975326538,-10.009124755859375,3.0,3
2869,-12.717458724975586,-12.57541275024414,-9.478822708129883,-0.6862084865570068,-0.7004125118255615,4.0,4
2870,-12.973017692565918,-13.363642692565918,-11.346597671508789,-2.1420531272888184,-0.1250070333480835,3.0,5
2871,-12.88513469696045,-13.11950969696045,-10.839680671691895,-1.0172369480133057,-0.44905686378479004,4.0,5
2872,-15.085962295532227,-12.390649795532227,-4.171900272369385,-0.015650073066353798,-9.437524795532227,4.0,4
2873,-14.473878860473633,-13.515071868896484,-9.79348087310791,-0.1343904584646225,-2.074730396270752,5.0,4
2874,-12.596114158630371,-12.674239158630371,-8.817705154418945,-0.19554577767848969,-1.7296377420425415,3.0,4
2875,-13.175537109375,-13.652099609375,-11.089599609375,-2.870849370956421,-0.05834948644042015,5.0,5
2876,-13.394432067871094,-12.824119567871094,-8.285057067871094,-0.22255676984786987,-1.6131818294525146,4.0,4
2877,-15.088749885559082,-12.987187385559082,-6.330937385559082,-0.0028123611118644476,-6.893437385559082,4.0,4
2878,-12.410887718200684,-7.020263195037842,-0.36401304602622986,-1.1921380758285522,-9.020262718200684,3.0,3
2879,-14.424294471740723,-14.772305488586426,-10.706964492797852,-2.1132149696350098,-0.12883993983268738,3.0,5
2880,-12.767121315002441,-12.938996315002441,-9.704621315002441,-1.0639958381652832,-0.4233708679676056,3.0,5
2881,-14.977636337280273,-16.44780731201172,-13.246811866760254,-5.379624843597412,-0.004624742548912764,5.0,5
2882,-15.548547744750977,-16.400819778442383,-13.49030876159668,-5.1309332847595215,-0.005933290813118219,4.0,5
2883,-13.80746078491211,-10.09652328491211,-2.252772808074951,-0.11214792728424072,-9.56527328491211,1.0,4
2884,-12.795098304748535,-13.128905296325684,-10.316405296325684,-1.2681100368499756,-0.3306099772453308,3.0,5
2885,-13.923335075378418,-13.407710075378418,-9.610835075378418,-0.06396027654409409,-2.782710313796997,4.0,4
2886,-14.705912590026855,-11.752787590026855,-3.6668496131896973,-0.026224620640277863,-8.182475090026855,1.0,4
2887,-14.848905563354492,-16.052030563354492,-13.950468063354492,-5.27078104019165,-0.005155839025974274,3.0,5
2888,-15.088133811950684,-14.306883811950684,-9.095946311950684,-0.09594603627920151,-2.3928210735321045,4.0,4
2889,-13.418149948120117,-14.136899948120117,-10.918149948120117,-1.136899471282959,-0.38689953088760376,5.0,5
2890,-12.959457397460938,-14.061019897460938,-11.420394897460938,-3.5297703742980957,-0.029770320281386375,4.0,5
2891,-13.95472526550293,-14.963247299194336,-12.111684799194336,-4.353872299194336,-0.01296448428183794,4.0,5
2892,-12.853094100952148,-12.966730117797852,-9.20252513885498,-1.2650254964828491,-0.33178842067718506,4.0,5
2893,-12.500866889953613,-13.516491889953613,-11.819048881530762,-4.205413818359375,-0.015071917325258255,5.0,5
2894,-14.116461753845215,-15.030524253845215,-12.803961753845215,-2.421149492263794,-0.09302441030740738,3.0,5
2895,-14.585766792297363,-15.226391792297363,-13.093579292297363,-2.0857667922973633,-0.13264182209968567,4.0,5
2896,-13.230558395385742,-14.144620895385742,-11.550870895385742,-1.9102463722229004,-0.160246342420578,2.0,5
2897,-15.912915229797363,-14.998852729797363,-10.155102729797363,-0.014477330259978771,-4.248852252960205,4.0,4
2898,-13.405739784240723,-5.374490261077881,-0.046365074813365936,-3.2026150226593018,-11.530739784240723,3.0,3
2899,-11.716400146484375,-3.403899908065796,-0.060149915516376495,-3.685149908065796,-10.771087646484375,3.0,3
2900,-10.246989250183105,-2.7079267501831055,-0.11417673528194427,-3.1923017501831055,-9.489176750183105,4.0,3
2901,-14.24582576751709,-13.059745788574219,-9.20321273803711,-0.2117348611354828,-1.6577569246292114,5.0,4
2902,-10.473295211791992,-2.652982711791992,-0.09048272669315338,-4.137357711791992,-9.887357711791992,3.0,3
2903,-14.250767707824707,-7.574631214141846,-0.13713109493255615,-2.0590062141418457,-10.324630737304688,4.0,3
2904,-15.077807426452637,-9.474114418029785,-0.49826133251190186,-0.9357613325119019,-10.217011451721191,3.0,3
2905,-15.466787338256836,-13.151446342468262,-8.885821342468262,-0.07332100719213486,-2.6514461040496826,5.0,4
2906,-11.929155349731445,-3.1805756092071533,-0.08682551234960556,-3.1805756092071533,-11.559837341308594,3.0,3
2907,-14.183629035949707,-15.378941535949707,-13.121129035949707,-3.168003797531128,-0.043003909289836884,5.0,5
2908,-16.87508201599121,-15.593831062316895,-9.500081062316895,-8.129743218887597e-05,-12.531331062316895,4.0,4
2909,-15.471269607543945,-14.377519607543945,-9.869707107543945,-0.0259575005620718,-3.6665825843811035,4.0,4
2910,-10.581952095031738,-1.5038269758224487,-0.25382697582244873,-6.285077095031738,-12.269452095031738,4.0,3
2911,-13.843592643737793,-8.077967643737793,-0.4685925543308258,-0.9842175245285034,-10.015467643737793,4.0,3
2912,-13.439519882202148,-8.960116386413574,-0.5773040056228638,-0.8258849382400513,-7.749178886413574,3.0,3
2913,-14.152896881103516,-10.277896881103516,-2.4497718811035156,-0.09039680659770966,-9.637271881103516,4.0,4
2914,-12.992441177368164,-5.992441654205322,-0.19556665420532227,-1.7424416542053223,-10.640878677368164,4.0,3
2915,-13.971091270446777,-9.291403770446777,-1.588278889656067,-0.2289039045572281,-8.682028770446777,4.0,4
2916,-14.111896514892578,-9.330646514892578,-1.2681461572647095,-0.3306461274623871,-9.955646514892578,3.0,4
2917,-14.601842880249023,-14.648717880249023,-9.039342880249023,-0.10184326767921448,-2.3362183570861816,4.0,4
2918,-10.857037544250488,-2.3570377826690674,-0.10703779011964798,-4.9976630210876465,-10.544537544250488,2.0,3
2919,-15.226417541503906,-13.367042541503906,-7.226417064666748,-0.023292265832424164,-3.804542303085327,2.0,4
2920,-16.174278259277344,-13.346153259277344,-4.6039652824401855,-0.010215497575700283,-9.400840759277344,2.0,4
2921,-13.1879243850708,-13.244743347167969,-10.964913368225098,-0.638208270072937,-0.751846194267273,4.0,4
2922,-7.589813709259033,-0.5301558375358582,-0.8994738459587097,-5.479017734527588,-11.096205711364746,4.0,2
2923,-13.00626277923584,-14.078705787658691,-12.935239791870117,-6.237796783447266,-0.0020008322317153215,4.0,5
2924,-15.160282135009766,-14.004032135009766,-8.972782135009766,-0.004032576456665993,-5.550907611846924,3.0,4
2925,-16.3725643157959,-16.805801391601562,-15.207791328430176,-5.733358860015869,-0.003244970692321658,5.0,5
2926,-11.537418365478516,-3.4436686038970947,-0.05304352939128876,-3.9280436038970947,-11.053043365478516,3.0,3
2927,-15.05837631225586,-15.87868881225586,-13.51931381225586,-3.9568142890930176,-0.019314197823405266,4.0,5
2928,-15.446354866027832,-12.735417366027832,-4.790104866027832,-0.008854766376316547,-8.336979866027832,2.0,4
2929,-16.064058303833008,-12.704683303833008,-6.501558303833008,-0.0015584002248942852,-9.907808303833008,4.0,4
2930,-14.501083374023438,-8.126083374023438,-0.31358325481414795,-1.313583254814148,-11.110458374023438,3.0,3
2931,-0.8539369106292725,-0.5726869106292725,-4.588312149047852,-9.916437149047852,-12.986749649047852,4.0,2
2932,-13.720076560974121,-11.080161094665527,-6.134848117828369,-0.2910982370376587,-1.3848482370376587,4.0,4
2933,-13.485870361328125,-12.665557861328125,-11.157745361328125,-7.676783570786938e-05,-9.845245361328125,4.0,4
2934,-13.415929794311523,-8.314367294311523,-0.7831169962882996,-0.6112419962882996,-9.736242294311523,4.0,4
2935,-13.524227142333984,-9.14212417602539,-0.5980896949768066,-0.8012146949768066,-8.223089218139648,3.0,3
2936,-14.13774299621582,-8.75493049621582,-0.8174305558204651,-0.5830555558204651,-10.41118049621582,3.0,4
2937,-13.71455192565918,-12.94750690460205,-11.4063138961792,-6.5205356804654e-05,-10.241540908813477,4.0,4
2938,-14.070985794067383,-10.094423294067383,-1.8444230556488037,-0.17254801094532013,-9.313173294067383,4.0,4
2939,-13.015807151794434,-13.968932151794434,-11.882994651794434,-3.2579946517944336,-0.0392446331679821,3.0,5
2940,-13.993268013000488,-15.251080513000488,-12.883893013000488,-4.727643013000488,-0.008892812766134739,4.0,5
2941,-13.207894325256348,-12.889001846313477,-13.016133308410645,-2.8186898231506348,-0.06158871576189995,4.0,5
2942,-13.874618530273438,-11.026607513427734,-3.5266072750091553,-0.03228933364152908,-7.810697555541992,5.0,4
2943,-13.255943298339844,-14.356795310974121,-11.113897323608398,-2.5513975620269775,-0.0812285915017128,4.0,5
2944,-17.397823333740234,-16.481630325317383,-9.31259536743164,-9.500529267825186e-05,-13.867993354797363,3.0,4
2945,-13.856982231140137,-15.060107231140137,-12.700732231140137,-3.5601069927215576,-0.028857044875621796,4.0,5
2946,-16.72386932373047,-13.387932777404785,-4.356682300567627,-0.01293235830962658,-11.883671760559082,4.0,4
2947,-13.461394309997559,-14.172331809997559,-11.391081809997559,-1.6254571676254272,-0.21920715272426605,4.0,5
2948,-13.773613929748535,-14.187676429748535,-11.890801429748535,-2.265801429748535,-0.10955146700143814,3.0,5
2949,-13.946868896484375,-13.915618896484375,-11.282806396484375,-0.6109311580657959,-0.7828061580657959,4.0,4
2950,-14.625411987304688,-6.9379119873046875,-0.03166181966662407,-3.5004117488861084,-12.047286987304688,3.0,3
2951,-8.356165885925293,-0.918665885925293,-0.512415885925293,-6.403040885925293,-11.942103385925293,3.0,3
2952,-11.940240859985352,-2.310978651046753,-0.12347855418920517,-4.076603412628174,-11.100041389465332,3.0,3
2953,-16.170854568481445,-13.175115585327148,-7.300116062164307,-0.0032410495914518833,-5.971991062164307,4.0,4
2954,-14.688220977783203,-14.837368965148926,-10.577425003051758,-2.421175003051758,-0.0930500403046608,4.0,5
2955,-14.591349601745605,-13.700724601745605,-8.981974601745605,-0.04447418451309204,-3.1382241249084473,3.0,4
2956,-13.722262382507324,-13.620699882507324,-9.292574882507324,-0.3394501507282257,-1.2457001209259033,4.0,4
2957,-15.017600059509277,-15.728537559509277,-14.251975059509277,-4.048850059509277,-0.017599837854504585,4.0,5
2958,-11.428215026855469,-2.7421348094940186,-0.07168087363243103,-5.369976997375488,-9.90051555633545,2.0,3
2959,-15.241291999816895,-15.600666999816895,-13.788166999816895,-2.5069167613983154,-0.08504174649715424,5.0,5
2960,-16.075780868530273,-13.583593368530273,-5.255468845367432,-0.005468765739351511,-9.099218368530273,5.0,4
2961,-16.386537551879883,-17.878015518188477,-16.24449348449707,-8.666367530822754,-0.00017426878912374377,4.0,5
2962,-13.671890258789062,-14.039077758789062,-10.742202758789062,-1.0234527587890625,-0.4453277885913849,4.0,5
2963,-13.024955749511719,-13.267143249511719,-10.056205749511719,-1.2905805110931396,-0.32183054089546204,2.0,5
2964,-13.268498420715332,-11.299748420715332,-5.67474889755249,-0.15912368893623352,-1.9403736591339111,4.0,4
2965,-15.634174346923828,-13.610736846923828,-7.048236846923828,-0.0013617537915706635,-7.657611846923828,4.0,4
2966,-10.008305549621582,-2.174499034881592,-0.21427291631698608,-2.538135051727295,-9.350634574890137,4.0,3
2967,-16.16118621826172,-13.653373718261719,-5.333061218261719,-0.004936174489557743,-9.973686218261719,4.0,4
2968,-13.828781127929688,-13.055343627929688,-7.985031604766846,-0.17253145575523376,-1.8444064855575562,3.0,4
2969,-14.93525218963623,-15.56025218963623,-12.73993968963623,-2.9743151664733887,-0.052440110594034195,4.0,5
2970,-14.430185317993164,-10.961435317993164,-2.4926857948303223,-0.08643569052219391,-10.227060317993164,3.0,4
2971,-13.379284858703613,-8.246472358703613,-1.0745973587036133,-0.4183472990989685,-9.043347358703613,1.0,4
2972,-12.903213500976562,-12.413156509399414,-8.996963500976562,-0.09071388840675354,-2.448669910430908,4.0,4
2973,-15.48009204864502,-13.726540565490723,-9.765603065490723,-0.28122812509536743,-1.4062280654907227,4.0,4
2974,-13.16447925567627,-12.82854175567627,-9.32854175567627,-1.844166874885559,-0.1722918599843979,5.0,5
2975,-0.6614370346069336,-0.7324590682983398,-5.817687034606934,-10.867402076721191,-13.033595085144043,4.0,1
2976,-14.65239143371582,-15.071425437927246,-12.315743446350098,-2.5004029273986816,-0.08562910556793213,4.0,5
2977,-14.881953239440918,-12.708657264709473,-7.445874214172363,-0.002692171838134527,-6.210078239440918,2.0,4
2978,-15.370739936828613,-14.612927436828613,-10.941052436828613,-0.09730204939842224,-2.378551959991455,3.0,4
2979,-14.751867294311523,-6.400304317474365,-0.05655436962842941,-2.9315543174743652,-11.915929794311523,2.0,3
2980,-15.631927490234375,-15.256927490234375,-11.741302490234375,-0.08505214750766754,-2.506927251815796,4.0,4
2981,-13.869840621948242,-14.791715621948242,-12.518278121948242,-3.197965145111084,-0.04171522706747055,2.0,5
2982,-14.573773384094238,-15.026898384094238,-12.339398384094238,-0.9643982648849487,-0.48002326488494873,3.0,5
2983,-15.505464553833008,-9.083589553833008,-0.4742145538330078,-0.9742145538330078,-11.130464553833008,3.0,3
2984,-12.37647533416748,-5.565396308898926,-0.252896249294281,-1.5171003341674805,-9.102327346801758,4.0,3
2985,-15.560861587524414,-15.610577583312988,-13.572224617004395,-5.518248081207275,-0.004042193293571472,3.0,5
2986,-11.485008239746094,-3.0830211639404297,-0.057451147586107254,-4.6171112060546875,-9.494951248168945,3.0,3
2987,-6.242874622344971,-0.1647496521472931,-1.8991246223449707,-8.305375099182129,-13.930375099182129,3.0,2
2988,-13.246283531188965,-4.467875003814697,-0.021852774545550346,-4.595716953277588,-10.403953552246094,4.0,3
2989,-12.006983757019043,-1.8585463762283325,-0.17104634642601013,-6.639796257019043,-12.663233757019043,5.0,3
2990,-14.135390281677246,-14.736952781677246,-12.385390281677246,-4.572890281677246,-0.010390236973762512,3.0,5
2991,-13.23840618133545,-12.83996868133545,-9.12121868133545,-1.4180939197540283,-0.2774689495563507,3.0,5
2992,-13.251982688903809,-13.439482688903809,-10.267607688903809,-1.5019829273223877,-0.2519828677177429,4.0,5
2993,-15.188047409057617,-15.046002388000488,-10.117024421691895,-0.7576497197151184,-0.6326497197151184,3.0,5
2994,-14.637605667114258,-11.725674629211426,-1.3378896713256836,-0.3052205741405487,-7.931639671325684,3.0,4
2995,-15.165729522705078,-12.556354522705078,-4.681354522705078,-0.009479510597884655,-9.025104522705078,3.0,4
2996,-14.827549934387207,-11.801981925964355,-3.99658465385437,-0.01931256242096424,-7.499424457550049,5.0,4
2997,-14.120346069335938,-10.966937065124512,-0.9044360518455505,-0.519493043422699,-8.060686111450195,4.0,4
2998,-13.035999298095703,-13.263272285461426,-10.997647285461426,-1.16810142993927,-0.37264740467071533,4.0,5
2999,-15.114416122436523,-14.372228622436523,-9.934728622436523,-0.15347880125045776,-1.9503538608551025,2.0,4
3000,-14.668447494506836,-14.235208511352539,-11.24515151977539,-0.8332201838493347,-0.5704352259635925,4.0,5
3001,-10.86337947845459,-1.9713348150253296,-0.15315277874469757,-5.934402942657471,-10.19505500793457,2.0,3
3002,-16.761489868164062,-11.515751838684082,-2.140751361846924,-0.1251264214515686,-11.031376838684082,4.0,4
3003,-12.411055564880371,-12.411055564880371,-9.567305564880371,-0.8173052072525024,-0.5829302072525024,3.0,5
3004,-15.56975269317627,-11.056967735290527,-3.6819679737091064,-0.025718078017234802,-8.588217735290527,4.0,4
3005,-15.206324577331543,-13.805046081542969,-10.031608581542969,-0.6253584623336792,-0.7659834623336792,3.0,4
3006,-14.701533317565918,-15.264033317565918,-13.514033317565918,-3.303095579147339,-0.03747055307030678,4.0,5
3007,-15.268089294433594,-12.424339294433594,-6.1430888175964355,-0.002463879296556115,-8.236839294433594,3.0,4
3008,-14.699777603149414,-9.113840103149414,-0.9263401031494141,-0.5044651031494141,-10.348215103149414,5.0,4
3009,-10.055089950561523,-1.8519649505615234,-0.18008999526500702,-4.851964950561523,-11.281652450561523,3.0,3
3010,-14.002331733703613,-12.397217750549316,-8.990967750549316,-2.3503429889678955,-0.1003429964184761,4.0,5
3011,-14.471553802490234,-12.874252319335938,-8.694564819335938,-0.3820647895336151,-1.1476898193359375,4.0,4
3012,-15.602943420410156,-13.136323928833008,-7.831636428833008,-0.0191362164914608,-3.9878861904144287,4.0,4
3013,-14.938490867614746,-14.134512901306152,-11.525137901306152,-2.4782629013061523,-0.08763779699802399,4.0,5
3014,-16.096036911010742,-12.346037864685059,-4.033537864685059,-0.017912641167640686,-10.611662864685059,5.0,4
3015,-15.785881996154785,-15.043694496154785,-11.254631996154785,-0.02025725319981575,-3.9108822345733643,4.0,4
3016,-15.087111473083496,-14.782423973083496,-11.938673973083496,-0.20429882407188416,-1.6886738538742065,5.0,4
3017,-11.358181953430176,-2.260169506072998,-0.11528351157903671,-5.3993754386901855,-11.755908966064453,4.0,3
3018,-15.596847534179688,-11.432785034179688,-2.4640347957611084,-0.08903488516807556,-9.948410034179688,3.0,4
3019,-16.9476261138916,-14.197626113891602,-6.111688613891602,-0.0023136769887059927,-9.533563613891602,3.0,4
3020,-14.579485893249512,-12.29965591430664,-5.531190395355225,-0.00562228774651885,-6.953065395355225,4.0,4
3021,-8.44483757019043,-0.4292125403881073,-1.0542125701904297,-8.13233757019043,-13.85108757019043,3.0,2
3022,-14.082409858703613,-14.582409858703613,-11.730847358703613,-2.168347120285034,-0.12147213518619537,2.0,5
3023,-14.436723709106445,-6.999223709106445,-0.20234891772270203,-1.7023489475250244,-11.139848709106445,1.0,3
3024,-12.90808391571045,-6.480527877807617,-0.20211774110794067,-1.7077996730804443,-9.435072898864746,5.0,3
3025,-12.586784362792969,-4.305534362792969,-0.03990921750664711,-3.6649091243743896,-11.469596862792969,3.0,3
3026,-14.135550498962402,-14.979300498962402,-13.237112998962402,-4.5574259757995605,-0.010550790466368198,3.0,5
3027,-13.65903377532959,-7.15122127532959,-1.652642011642456,-0.21372105181217194,-9.66684627532959,2.0,4
3028,-14.606633186340332,-13.228793144226074,-8.811179161071777,-0.018565455451607704,-4.01288366317749,4.0,4
3029,-13.019678115844727,-13.3037691116333,-10.626212120056152,-0.4699628949165344,-0.9813268780708313,4.0,4
3030,-14.877203941345215,-14.245101928710938,-10.686863899230957,-0.6868637800216675,-0.6996468305587769,3.0,4
3031,-17.987194061279297,-13.83875560760498,-5.9403181076049805,-0.0028183048125356436,-8.65906810760498,3.0,4
3032,-14.789260864257812,-14.391533851623535,-11.47249984741211,-0.9185225367546082,-0.5094305872917175,4.0,5
3033,-17.223041534423828,-14.960968017578125,-10.759973526000977,-3.0517112463712692e-05,-12.140655517578125,4.0,4
3034,-13.542177200317383,-13.776552200317383,-10.800700187683105,-1.3404731750488281,-0.3035411834716797,4.0,5
3035,-13.786157608032227,-14.356470108032227,-11.950220108032227,-1.1689696311950684,-0.37209463119506836,4.0,5
3036,-14.295498847961426,-13.436123847961426,-9.224475860595703,-0.07674990594387054,-2.613679885864258,5.0,4
3037,-11.923806190490723,-3.564431667327881,-0.04170379415154457,-4.388293743133545,-9.518976211547852,3.0,3
3038,-14.781606674194336,-10.578481674194336,-2.265981674194336,-0.10973168909549713,-10.328481674194336,3.0,4
3039,-14.932244300842285,-16.3384952545166,-14.479119300842285,-5.971306800842285,-0.0025568671990185976,4.0,5
3040,-15.881938934326172,-15.046001434326172,-11.038188934326172,-0.022563980892300606,-3.803813934326172,4.0,4
3041,-16.13661003112793,-8.61388111114502,-0.5045064091682434,-0.9263814091682434,-10.87950611114502,4.0,3
3042,-15.765074729919434,-16.510814666748047,-12.796324729919434,-4.202574729919434,-0.015074852854013443,4.0,5
3043,-15.193155288696289,-16.0028133392334,-12.784064292907715,-4.002814292907715,-0.018439186736941338,4.0,5
3044,-14.544990539550781,-14.01942253112793,-11.306352615356445,-0.9228320121765137,-0.5066370964050293,4.0,5
3045,-14.580941200256348,-15.113611221313477,-11.217304229736328,-2.8266794681549072,-0.06105435639619827,4.0,5
3046,-12.205940246582031,-12.447418212890625,-10.5440092086792,-3.086623430252075,-0.04684944078326225,3.0,5
3047,-14.324201583862305,-14.246076583862305,-10.402326583862305,-1.0742014646530151,-0.4179514944553375,3.0,5
3048,-13.964286804199219,-14.550224304199219,-12.128349304199219,-2.7533490657806396,-0.06584897637367249,4.0,5
3049,-12.782757759094238,-12.978070259094238,-9.407757759094238,-1.0640075206756592,-0.42338258028030396,4.0,5
3050,-13.40634822845459,-14.28916072845459,-11.87509822845459,-2.140723705291748,-0.12509866058826447,3.0,5
3051,-15.685356140136719,-12.575981140136719,-3.8650434017181396,-0.021293483674526215,-9.615043640136719,2.0,4
3052,-13.638915061950684,-12.864768028259277,-9.207097053527832,-0.030961565673351288,-3.4968695640563965,4.0,4
3053,-13.68737506866455,-14.14050006866455,-10.46081256866455,-1.3826878070831299,-0.2889377474784851,3.0,5
3054,-14.060324668884277,-10.374244689941406,-2.4623138904571533,-0.0901540219783783,-7.709472179412842,3.0,4
3055,-12.825301170349121,-12.700301170349121,-8.145613670349121,-0.5831136703491211,-0.8174886703491211,3.0,4
3056,-15.180915832519531,-16.14966583251953,-14.938728332519531,-6.704353332519531,-0.0012281740782782435,4.0,5
3057,-13.281004905700684,-4.007566928863525,-0.023191984742879868,-5.351316928863525,-12.929442405700684,2.0,3
3058,-11.47947883605957,-1.034165859222412,-0.46030378341674805,-4.315415859222412,-12.186155319213867,4.0,3
3059,-13.192636489868164,-14.108829498291016,-11.694056510925293,-2.631556510925293,-0.07473845034837723,3.0,5
3060,-13.953500747680664,-13.20065975189209,-10.160887718200684,-0.14668376743793488,-1.9932738542556763,5.0,4
3061,-15.214445114135742,-11.826661109924316,-4.781206130981445,-0.008480134420096874,-10.377798080444336,3.0,4
3062,-13.894213676452637,-13.237963676452637,-11.042651176452637,-3.93382906622719e-05,-11.011401176452637,3.0,4
3063,-13.183606147766113,-5.243266582489014,-0.044402461498975754,-3.268834352493286,-10.129629135131836,4.0,3
3064,-13.750760078430176,-13.000760078430176,-11.008572578430176,-5.07818695041351e-05,-10.539822578430176,4.0,4
3065,-14.317355155944824,-9.504855155944824,-0.8173550963401794,-0.5829800963401794,-10.364230155944824,4.0,4
3066,-13.579816818237305,-14.431379318237305,-11.970441818237305,-1.9235669374465942,-0.15794196724891663,4.0,5
3067,-13.531913757324219,-12.719413757324219,-7.610038757324219,-0.11003895848989487,-2.266288995742798,2.0,4
3068,-13.291171073913574,-13.504239082336426,-11.196000099182129,-2.474409580230713,-0.08804745227098465,4.0,5
3069,-12.628305435180664,-13.222055435180664,-9.839242935180664,-1.8704931735992432,-0.16736820340156555,4.0,5
3070,-15.32664966583252,-11.87352466583252,-3.3032124042510986,-0.03758743777871132,-9.28758716583252,4.0,4
3071,-13.206023216247559,-0.0028994923923164606,-5.873636722564697,-10.272073745727539,-12.225198745727539,2.0,2
3072,-15.73222827911377,-13.175410270690918,-4.790465831756592,-0.009215911850333214,-7.087340831756592,5.0,4
3073,-15.09662914276123,-12.98725414276123,-6.5028791427612305,-0.002878928557038307,-6.8153791427612305,5.0,4
3074,-13.909262657165527,-14.737387657165527,-12.448325157165527,-2.4639506340026855,-0.08895058184862137,1.0,5
3075,-13.984396934509277,-13.914084434509277,-10.835959434509277,-0.4453340470790863,-1.0234590768814087,2.0,4
3076,-14.200372695922852,-13.731622695922852,-10.599520683288574,-0.6563398838043213,-0.7316229343414307,5.0,4
3077,-11.846497535705566,-4.587975025177002,-0.056725140661001205,-3.1107029914855957,-8.17888355255127,1.0,3
3078,-16.3342227935791,-17.207801818847656,-15.780245780944824,-7.790189743041992,-0.0004159538948442787,3.0,5
3079,-10.849316596984863,-0.025454191491007805,-3.704430341720581,-7.752726078033447,-10.382697105407715,4.0,2
3080,-14.734718322753906,-16.336280822753906,-14.914405822753906,-7.984718322753906,-0.00034338299883529544,5.0,5
3081,-13.52999210357666,-9.368061065673828,-1.5697647333145142,-0.2345367968082428,-7.515786647796631,4.0,4
3082,-0.09874996542930603,-2.442499876022339,-4.970908164978027,-9.095908164978027,-12.250738143920898,3.0,1
3083,-0.47872307896614075,-1.0611090660095215,-3.375028133392334,-9.711676597595215,-11.007841110229492,2.0,1
3084,-13.444924354553223,-5.604015827178955,-0.01878776215016842,-4.206287860870361,-11.034412384033203,3.0,3
3085,-15.128626823425293,-12.024932861328125,-3.303342342376709,-0.03771727904677391,-9.70959186553955,3.0,4
3086,-0.11305159330368042,-2.272141695022583,-5.5945844650268555,-9.961771965026855,-13.66418743133545,2.0,1
3087,-12.903547286987305,-13.102411270141602,-7.6975812911987305,-0.10383149981498718,-2.321162462234497,4.0,4
3088,-14.943252563476562,-16.2642765045166,-15.206036567687988,-9.588138580322266,-7.045020902296528e-05,5.0,5
3089,-15.890945434570312,-15.961968421936035,-8.094070434570312,-0.00032014489988796413,-11.672195434570312,4.0,4
3090,-0.4026510715484619,-1.1128790378570557,-5.8856048583984375,-10.431059837341309,-13.271968841552734,2.0,1
3091,-12.68191146850586,-10.863729476928711,-2.73872971534729,-0.18191173672676086,-9.41486644744873,5.0,4
3092,-10.7592134475708,-12.726543426513672,-10.162622451782227,-3.8984196186065674,-0.02057763561606407,4.0,5
3093,-14.943399429321289,-16.108169555664062,-13.650785446166992,-3.8496482372283936,-0.021523233503103256,2.0,5
3094,-8.666241645812988,-1.6491963863372803,-0.3423784375190735,-2.328172445297241,-10.20743465423584,1.0,3
3095,-9.437363624572754,-2.818044900894165,-0.786794900894165,-0.724294900894165,-10.140488624572754,5.0,4
3096,-12.567208290100098,-13.227720260620117,-10.223459243774414,-0.18936732411384583,-1.7575492858886719,2.0,4
3097,-14.403074264526367,-14.069267272949219,-11.547961235046387,-0.03517589718103409,-3.366142749786377,5.0,4
3098,-10.866814613342285,-3.949201822280884,-0.04579188674688339,-3.6707918643951416,-12.457723617553711,2.0,3
3099,-1.2687714099884033,-1.0272934436798096,-1.0216114521026611,-7.490361213684082,-8.568486213684082,1.0,3
3100,-14.451532363891602,-14.756930351257324,-11.387611389160156,-2.2938613891601562,-0.1063614934682846,1.0,5
3101,-16.394287109375,-11.806218147277832,-1.3133193254470825,-0.3133193254470825,-10.188319206237793,3.0,4
3102,-0.0011649496154859662,-6.847756862640381,-9.296619415283203,-12.804431915283203,-13.942926406860352,2.0,1
3103,-10.353045463562012,-12.469522476196289,-8.712419509887695,-2.7124199867248535,-0.06895489990711212,5.0,5
3104,-15.200819969177246,-14.305933952331543,-11.095706939697266,-0.030364790931344032,-3.5104787349700928,3.0,4
3105,-16.383808135986328,-13.805684089660645,-3.987501859664917,-0.01875196397304535,-11.284377098083496,5.0,4
3106,-6.739449501037598,-0.9155876636505127,-0.5888817310333252,-3.135756731033325,-9.871552467346191,3.0,3
3107,-13.00275993347168,-13.78400993347168,-10.457304954528809,-0.6135550141334534,-0.7797499299049377,2.0,4
3108,-15.624308586120605,-14.81464958190918,-8.151296615600586,-0.01067204400897026,-4.573172092437744,5.0,4
3109,-15.484733581542969,-12.849790573120117,-4.064278602600098,-0.017403626814484596,-9.829903602600098,5.0,4
3110,-0.9686843752861023,-0.4857303500175476,-5.286866188049316,-9.633456230163574,-12.879195213317871,2.0,2
3111,-13.430987358093262,-15.01479434967041,-12.90541934967041,-7.450873851776123,-0.0005889588501304388,2.0,5
3112,-15.875089645385742,-15.46315860748291,-12.096681594848633,-0.12508951127529144,-2.140714406967163,5.0,4
3113,-13.144575119018555,-14.574262619018555,-13.324263572692871,-4.449262619018555,-0.011762783862650394,5.0,5
3114,-14.53954029083252,-8.900336265563965,-2.3094265460968018,-0.10488065332174301,-11.741244316101074,1.0,4
3115,-13.565947532653809,-13.118504524230957,-8.665379524230957,-0.043221306055784225,-3.1682212352752686,4.0,4
3116,-15.55449390411377,-15.369833946228027,-11.200800895690918,-0.010458542965352535,-4.5672783851623535,5.0,4
3117,-11.9563627243042,-13.497556686401367,-11.942158699035645,-5.7418742179870605,-0.003238316625356674,5.0,5
3118,-0.0002165798214264214,-8.565556526184082,-10.980328559875488,-15.241692543029785,-14.566976547241211,1.0,1
3119,-15.913912773132324,-14.507662773132324,-8.222150802612305,-0.0034004980698227882,-5.7690253257751465,4.0,4
3120,-11.86689281463623,-12.946438789367676,-8.254676818847656,-2.535926580429077,-0.08280158042907715,5.0,5
3121,-16.973215103149414,-15.140830039978027,-5.799920082092285,-0.0030448525212705135,-12.346795082092285,5.0,4
3122,-0.010822647251188755,-4.542072772979736,-9.584686279296875,-12.61735725402832,-14.0662202835083,4.0,1
3123,-14.013177871704102,-16.3569278717041,-14.311473846435547,-6.314313888549805,-0.0018140303436666727,5.0,5
3124,-11.875204086303711,-14.297079086303711,-13.993102073669434,-8.55276107788086,-0.00020418466010596603,5.0,5
3125,-15.43438720703125,-14.177285194396973,-8.218478202819824,-0.003989595454186201,-5.5977396965026855,4.0,4
3126,-2.5094363689422607,-0.5207985043525696,-1.1600043773651123,-4.54068660736084,-8.091821670532227,1.0,2
3127,-13.416861534118652,-14.411179542541504,-9.556065559387207,-4.7023725509643555,-0.009190516546368599,4.0,5
3128,-14.465923309326172,-12.477287292480469,-6.214502334594727,-0.005697439890354872,-5.616491317749023,4.0,4
3129,-15.07297134399414,-13.730642318725586,-6.351380348205566,-0.0019500303314998746,-8.913880348205566,3.0,4
3130,-0.14421002566814423,-2.01921010017395,-6.550457954406738,-10.144208908081055,-12.43824291229248,1.0,1
3131,-14.436203956604004,-14.755805969238281,-12.12086296081543,-3.3140451908111572,-0.037056177854537964,5.0,5
3132,-14.64919662475586,-16.169084548950195,-15.167662620544434,-9.961697578430176,-4.8874615458771586e-05,4.0,5
3133,-15.802558898925781,-17.38636589050293,-16.228696823120117,-13.487218856811523,-1.7881377516459906e-06,3.0,5
3134,-1.1502712965011597,-0.39742934703826904,-4.488339424133301,-9.261065483093262,-12.663054466247559,2.0,2
3135,-8.52188777923584,-2.7548439502716064,-0.07444503158330917,-4.8400702476501465,-12.122740745544434,4.0,3
3136,-12.000189781188965,-15.104593276977539,-11.570502281188965,-3.758002281188965,-0.023627396672964096,5.0,5
3137,-11.81126880645752,-4.8581438064575195,-0.07121182978153229,-2.79848575592041,-10.703314781188965,5.0,3
3138,-11.410490036010742,-0.004241162445396185,-5.487195014953613,-9.677535057067871,-11.97227954864502,1.0,2
3139,-13.850348472595215,-15.540689468383789,-11.736711502075195,-6.066256999969482,-0.002336155390366912,5.0,5
3140,-12.734688758850098,-14.875313758850098,-12.390938758850098,-8.096905708312988,-0.00031382881570607424,2.0,5
3141,-14.862433433532715,-13.555615425109863,-5.447660446166992,-0.00448020501062274,-9.166410446166992,5.0,4
3142,-0.6848328113555908,-0.7700588703155518,-3.4206268787384033,-9.690513610839844,-11.123751640319824,3.0,1
3143,-12.584827423095703,-13.302157402038574,-8.224031448364258,-3.891645908355713,-0.020906904712319374,3.0,5
3144,-14.51063060760498,-13.345858573913574,-7.4296650886535645,-0.0006871246150694788,-10.867165565490723,5.0,4
3145,-14.432382583618164,-13.55880355834961,-8.082950592041016,-0.0005647733341902494,-8.692325592041016,5.0,4
3146,-13.669408798217773,-6.240431785583496,-0.004635777790099382,-5.927931785583496,-12.390999794006348,1.0,3
3147,-11.171004295349121,-11.675265312194824,-6.388333797454834,-0.5389035940170288,-0.8798116445541382,5.0,4
3148,-12.196784973144531,-12.84309196472168,-9.647069931030273,-0.7976378798484802,-0.5987738966941833,5.0,5
3149,-0.016306007280945778,-4.135623931884766,-9.121419906616211,-12.004941940307617,-12.303237915039062,1.0,1
3150,-0.026693882420659065,-3.6488537788391113,-8.293740272521973,-11.475558280944824,-10.44501781463623,1.0,1
3151,-0.9003787040710449,-0.5594687461853027,-3.8833327293395996,-6.630490779876709,-9.661741256713867,1.0,2
3152,-12.322470664978027,-14.112242698669434,-12.251447677612305,-3.8594014644622803,-0.021333392709493637,5.0,5
3153,-0.12138155102729797,-2.181039571762085,-6.726493835449219,-9.140556335449219,-10.913993835449219,1.0,1
3154,-12.775310516357422,-8.263946533203125,-2.592071056365967,-0.09207113832235336,-4.357696056365967,1.0,4
3155,-16.15036392211914,-14.516840934753418,-5.519680976867676,-0.004056084435433149,-11.207180976867676,5.0,4
3156,-12.621731758117676,-13.701276779174805,-12.280821800231934,-4.823436737060547,-0.008094719611108303,5.0,5
3157,-14.411920547485352,-10.811068534851074,-1.8579427003860474,-0.17044274508953094,-10.123567581176758,3.0,4
3158,-0.0006130246329121292,-7.42958927154541,-11.605725288391113,-14.666805267333984,-12.649048805236816,2.0,1
3159,-12.860590934753418,-15.289567947387695,-13.158885955810547,-6.719964981079102,-0.0012148389359936118,4.0,5
3160,-16.258298873901367,-12.856310844421387,-4.802334308624268,-0.00829926785081625,-10.180173873901367,3.0,4
3161,-15.136107444763184,-15.171618461608887,-12.038095474243164,-1.0537207126617432,-0.4287206828594208,3.0,5
3162,-0.004799393936991692,-5.3599114418029785,-9.919571876525879,-13.080082893371582,-13.811616897583008,2.0,1
3163,-0.005077681038528681,-5.303371906280518,-10.047689437866211,-12.810474395751953,-12.952519416809082,3.0,1
3164,-0.7056944370269775,-0.7483084201812744,-3.5181944370269775,-5.766773223876953,-9.384671211242676,5.0,1
3165,-12.94619369506836,-8.990227699279785,-1.788522481918335,-0.1834103763103485,-8.706136703491211,5.0,4
3166,-9.834263801574707,-1.4961954355239868,-0.2603994607925415,-5.260399341583252,-11.481990814208984,1.0,3
3167,-12.49488353729248,-8.141191482543945,-0.2519853711128235,-1.5076673030853271,-8.865622520446777,1.0,3
3168,-11.503838539123535,-0.019463973119854927,-3.982532024383545,-7.420032024383545,-11.652986526489258,1.0,2
3169,-11.925987243652344,-12.458658218383789,-9.901840209960938,-0.5552493929862976,-0.8535453677177429,1.0,4
3170,-1.7659964561462402,-0.5415663719177246,-1.4080424308776855,-6.010314464569092,-11.08843994140625,3.0,2
3171,-9.668586730957031,-10.817024230957031,-9.742450714111328,-3.6487011909484863,-0.02654309757053852,3.0,5
3172,-12.295269012451172,-12.948678016662598,-11.407485008239746,-4.795269012451172,-0.008337099105119705,4.0,5
3173,-9.843733787536621,-10.210921287536621,-8.709501266479492,-0.3004099130630493,-1.3515459299087524,3.0,4
3174,-0.07700589299201965,-2.619619846343994,-6.767345905303955,-10.40371036529541,-10.132403373718262,1.0,1
3175,-13.22594928741455,-14.518563270568848,-11.556916236877441,-2.8708348274230957,-0.058334868401288986,5.0,5
3176,-16.47303581237793,-14.036955833435059,-6.65059232711792,-0.0014434166951104999,-8.860818862915039,5.0,4
3177,-15.623818397521973,-12.257341384887695,-4.601090908050537,-0.010181041434407234,-9.666431427001953,5.0,4
3178,-12.697587013244629,-2.6833837032318115,-0.07968879491090775,-4.798439025878906,-11.243751525878906,2.0,3
3179,-13.14937686920166,-5.734604835510254,-0.008751963265240192,-5.209036827087402,-12.375229835510254,1.0,3
3180,-15.186314582824707,-6.9192681312561035,-0.01727920211851597,-4.126654148101807,-12.501654624938965,2.0,3
3181,-14.348946571350098,-12.928492546081543,-6.110311508178711,-0.002355421893298626,-10.925651550292969,5.0,4
3182,-0.3296566605567932,-1.394998550415039,-3.421985626220703,-8.171985626220703,-12.481645584106445,2.0,1
3183,-0.7690054178237915,-0.7263914346694946,-2.945141315460205,-8.766164779663086,-11.209346771240234,3.0,2
3184,-14.562665939331055,-14.711813926696777,-8.473176956176758,-0.00442656222730875,-5.471757411956787,3.0,4
3185,-13.216290473937988,-8.102654457092285,-0.5316324830055237,-0.8867464661598206,-10.318563461303711,3.0,3
3186,-0.14279869198799133,-2.0320045948028564,-6.350184917449951,-8.613678932189941,-11.811832427978516,1.0,1
3187,-12.70944595336914,-15.303906440734863,-12.981463432312012,-3.5297579765319824,-0.02975805476307869,4.0,5
3188,-11.205081939697266,-9.628376960754395,-4.315877914428711,-0.054513804614543915,-3.2363317012786865,5.0,4
3189,-13.38083553314209,-12.294188499450684,-7.59958553314209,-0.014359592460095882,-4.2899274826049805,5.0,4
3190,-15.059126853942871,-10.378728866577148,-1.279296636581421,-0.3261716961860657,-10.466796875,1.0,4
3191,-14.643797874450684,-13.400900840759277,-5.153741359710693,-0.00601529236882925,-8.856865882873535,4.0,4
3192,-12.925079345703125,-12.00178337097168,-9.132465362548828,-0.12678419053554535,-2.129624128341675,2.0,4
3193,-4.614316940307617,-1.2904529571533203,-0.3373279571533203,-6.744998931884766,-9.64201545715332,1.0,3
3194,-4.2974371910095215,-0.09289329499006271,-2.592893362045288,-8.232097625732422,-12.465051651000977,2.0,2
3195,-15.27051067352295,-13.9992036819458,-7.486419200897217,-0.0006250573205761611,-11.222214698791504,4.0,4
3196,-11.355875015258789,-11.29195499420166,-7.513546943664551,-0.7521831393241882,-0.6385471224784851,3.0,5
3197,-12.661839485168457,-7.470078468322754,-0.5837147235870361,-0.8180897235870361,-8.880589485168457,4.0,3
3198,-7.9902520179748535,-0.561273992061615,-0.8595699667930603,-5.149342060089111,-10.985279083251953,2.0,2
3199,-12.435890197753906,-5.752651214599609,-0.6816290616989136,-0.7114580869674683,-9.857765197753906,1.0,3
3200,-15.543571472167969,-14.97538948059082,-9.780786514282227,-0.062036409974098206,-2.8120365142822266,1.0,4
3201,-12.558282852172852,-5.619361877441406,-0.06112298741936684,-2.8892478942871094,-10.36581039428711,2.0,3
3202,-9.63961410522461,-0.2504099905490875,-1.543023943901062,-4.868307113647461,-11.472001075744629,4.0,2
3203,-11.881702423095703,-6.881703853607178,-1.6970436573028564,-0.2055676132440567,-7.113236904144287,3.0,4
3204,-0.0014915067004039884,-6.762855529785156,-8.885013580322266,-11.931888580322266,-9.84524154663086,1.0,1
3205,-13.227389335632324,-12.893582344055176,-10.620855331420898,-0.5924464464187622,-0.8055144548416138,5.0,4
3206,-3.6164581775665283,-0.26418620347976685,-1.5852081775665283,-7.928958415985107,-13.801117897033691,1.0,2
3207,-15.781211853027344,-11.704507827758789,-1.4062116146087646,-0.28121158480644226,-10.453086853027344,4.0,4
3208,-15.713942527770996,-8.902863502502441,-0.07331713289022446,-2.651442050933838,-11.979567527770996,4.0,3
3209,-14.481717109680176,-11.150751113891602,-2.0044443607330322,-0.145069420337677,-9.098194122314453,3.0,4
3210,-5.348988056182861,-2.081942319869995,-0.14444230496883392,-5.334784030914307,-8.792880058288574,2.0,3
3211,-14.148402214050293,-13.523402214050293,-8.38135814666748,-0.0006765222642570734,-7.923970699310303,2.0,4
3212,-12.872535705566406,-10.50037670135498,-2.7844669818878174,-0.18077395856380463,-2.2688419818878174,1.0,4
3213,-14.29111385345459,-13.630602836608887,-6.923216342926025,-0.0013430631952360272,-8.220090866088867,5.0,4
3214,-12.94616413116455,-9.728835105895996,-0.20042546093463898,-1.8453134298324585,-9.176987648010254,3.0,3
3215,-10.240477561950684,-11.575704574584961,-7.48337459564209,-2.9251372814178467,-0.05581936612725258,2.0,5
3216,-14.147736549377441,-15.127850532531738,-13.19603157043457,-13.018475532531738,-9.298280929215252e-06,5.0,5
3217,-11.153897285461426,-4.95361328125,-0.014692206867039204,-4.896795272827148,-10.947931289672852,5.0,3
3218,-9.324965476989746,-2.194284677505493,-0.14882880449295044,-3.6289427280426025,-8.805078506469727,1.0,3
3219,-14.55575180053711,-16.22478675842285,-14.044388771057129,-7.950639247894287,-0.00035422726068645716,5.0,5
3220,-14.007613182067871,-16.060171127319336,-14.305908203125,-7.587159633636475,-0.0005105622112751007,5.0,5
3221,-13.730725288391113,-12.452316284179688,-6.436690330505371,-0.002032240154221654,-8.25487232208252,2.0,4
3222,-12.039766311645508,-12.444596290588379,-10.264198303222656,-1.3721531629562378,-0.2926071882247925,1.0,5
3223,-11.993095397949219,-12.7466459274292,-11.1060209274292,-5.426333427429199,-0.004460148513317108,5.0,5
3224,-11.572510719299316,-13.177623748779297,-11.359442710876465,-4.612283229827881,-0.010011222213506699,5.0,5
3225,-12.917817115783691,-12.484579086303711,-9.728897094726562,-0.09821511805057526,-2.370943069458008,5.0,4
3226,-0.3092959225177765,-1.3320238590240479,-6.2325921058654785,-9.897364616394043,-10.983301162719727,1.0,1
3227,-13.16053581237793,-14.2684907913208,-13.309683799743652,-11.5341157913208,-2.455681169521995e-05,4.0,5
3228,-13.541463851928711,-14.606804847717285,-11.673566818237305,-5.778680801391602,-0.0031109291594475508,5.0,5
3229,-14.077062606811523,-15.298653602600098,-13.238994598388672,-5.113995552062988,-0.006039820611476898,4.0,5
3230,-0.41949790716171265,-1.0871100425720215,-5.234838008880615,-9.766087532043457,-11.159552574157715,1.0,1
3231,-0.050946615636348724,-3.033900737762451,-6.755492687225342,-9.99412727355957,-8.225661277770996,1.0,1
3232,-12.467229843139648,-13.908991813659668,-11.472911834716797,-3.864957094192505,-0.02120712213218212,5.0,5
3233,-0.3477955162525177,-1.2426815032958984,-5.333591461181641,-8.325067520141602,-11.082880020141602,1.0,1
3234,-0.000846266164444387,-7.1173224449157715,-10.881526947021484,-12.670588493347168,-12.962491989135742,1.0,1
3235,-0.12014324218034744,-2.265029191970825,-4.694005489349365,-8.912755012512207,-10.397130012512207,3.0,1
3236,-14.471323013305664,-12.326436042785645,-4.5579705238342285,-0.011095372959971428,-8.16734504699707,4.0,4
3237,-0.09644843637943268,-2.454402446746826,-5.1546854972839355,-8.795310974121094,-11.346447944641113,4.0,1
3238,-0.01884426735341549,-3.9961163997650146,-8.555774688720703,-10.225519180297852,-11.148104667663574,1.0,1
3239,-13.597765922546387,-14.037397384643555,-9.591374397277832,-0.04307858645915985,-3.168078660964966,5.0,4
3240,-2.043490171432495,-0.23951219022274017,-2.52644419670105,-5.6855340003967285,-11.596046447753906,1.0,2
3241,-9.295638084411621,-3.6209208965301514,-0.2544448673725128,-1.6322848796844482,-8.081149101257324,1.0,3
3242,-15.62819766998291,-8.952061653137207,-0.24183404445648193,-1.538709044456482,-10.866833686828613,1.0,3
3243,-11.756699562072754,-7.289370536804199,-1.394484519958496,-0.2865285277366638,-7.885960578918457,5.0,4
3244,-14.464742660522461,-15.899401664733887,-12.810623168945312,-5.1309356689453125,-0.005935542285442352,5.0,5
3245,-14.127837181091309,-11.56391716003418,-4.86647367477417,-0.008519613184034824,-8.06249713897705,5.0,4
3246,-13.99518871307373,-6.9142231941223145,-0.07757426798343658,-2.6088242530822754,-11.101012229919434,1.0,3
3247,-0.5561434030532837,-0.9680753946304321,-3.067505359649658,-8.865801811218262,-11.458130836486816,4.0,1
3248,-11.787117004394531,-12.582571983337402,-7.316946029663086,-3.953310251235962,-0.020071260631084442,4.0,5
3249,-9.100940704345703,-2.2827587127685547,-0.10804174840450287,-8.149234771728516,-13.071110725402832,2.0,3
3250,-0.012796196155250072,-4.444614410400391,-7.157682418823242,-10.696744918823242,-10.907683372497559,2.0,1
3251,-10.675603866577148,-12.444069862365723,-9.091796875,-3.826171875,-0.022195732221007347,4.0,5
3252,-12.557788848876953,-13.623129844665527,-10.356794357299805,-1.2396066188812256,-0.34188055992126465,5.0,5
3253,-11.287471771240234,-12.743437767028809,-9.176675796508789,-2.754800796508789,-0.06588179618120193,4.0,5
3254,-1.597129225730896,-0.3187192380428314,-2.6553661823272705,-9.153945922851562,-12.435195922851562,1.0,2
3255,-12.556151390075684,-15.501463890075684,-11.345213890075684,-6.53839635848999,-0.0014641289599239826,3.0,5
3256,-13.052536010742188,-9.472990036010742,-3.2229907512664795,-0.04117276892066002,-9.075263023376465,4.0,4
3257,-12.668670654296875,-12.87463665008545,-9.235431671142578,-1.5465127229690552,-0.239694744348526,4.0,5
3258,-0.11712329834699631,-2.2193973064422607,-6.4097371101379395,-9.006327629089355,-10.467265129089355,1.0,1
3259,-17.221637725830078,-15.971636772155762,-10.339534759521484,-4.565611743601039e-05,-11.765670776367188,1.0,4
3260,-16.55211067199707,-15.195577621459961,-11.78648567199707,-0.000974537746515125,-6.956941604614258,2.0,4
3261,-12.813858985900879,-6.840846538543701,-1.272666573524475,-0.3309036195278168,-7.75277853012085,1.0,4
3262,-2.4780707359313965,-0.16273072361946106,-2.7195487022399902,-8.11727523803711,-12.108753204345703,2.0,2
3263,-0.0036381976678967476,-5.6428422927856445,-10.017842292785645,-13.107331275939941,-12.503637313842773,4.0,1
3264,-11.812994956970215,-12.68657398223877,-10.918107986450195,-2.5658349990844727,-0.08004087209701538,5.0,5
3265,-0.24081382155418396,-1.5618358850479126,-5.51069974899292,-9.58740520477295,-11.746495246887207,4.0,1
3266,-14.988937377929688,-13.895187377929688,-5.8767218589782715,-0.003142658853903413,-8.267346382141113,3.0,4
3267,-13.417076110839844,-12.103155136108398,-5.881564617156982,-0.07190654426813126,-2.7096896171569824,2.0,4
3268,-12.270471572875977,-12.682403564453125,-10.452289581298828,-0.9636546969413757,-0.48069876432418823,5.0,5
3269,-14.435871124267578,-13.342121124267578,-5.5679731369018555,-0.004054066259413958,-8.833598136901855,3.0,4
3270,-0.06886265426874161,-2.7819325923919678,-5.412612438201904,-9.178237915039062,-10.217300415039062,1.0,1
3271,-13.49875259399414,-15.245911598205566,-11.397899627685547,-4.929149627685547,-0.007274805102497339,4.0,5
3272,-12.997011184692383,-15.092181205749512,-11.893317222595215,-5.924567699432373,-0.0026925283018499613,4.0,5
3273,-15.078060150146484,-13.629196166992188,-5.876355171203613,-0.016980381682515144,-4.266980171203613,4.0,4
3274,-14.311640739440918,-10.817322731018066,-2.1695947647094727,-0.1227196604013443,-10.817322731018066,3.0,4
3275,-13.484915733337402,-15.2462797164917,-11.669574737548828,-4.325825214385986,-0.013325206935405731,5.0,5
3276,-11.895209312438965,-12.761686325073242,-10.211970329284668,-1.1778795719146729,-0.36822155117988586,4.0,5
3277,-15.582962036132812,-13.01193904876709,-4.141200542449951,-0.01620044931769371,-8.953700065612793,4.0,4
3278,-15.547018051147461,-15.875144004821777,-8.984518051147461,-0.00014304091746453196,-11.359518051147461,1.0,4
3279,-14.827399253845215,-14.209501266479492,-8.635637283325195,-0.04188740625977516,-3.1981375217437744,4.0,4
3280,-12.625179290771484,-13.335406303405762,-11.595349311828613,-1.907850742340088,-0.1606907695531845,4.0,5
3281,-16.561603546142578,-15.631203651428223,-7.594272136688232,-0.0005220004240982234,-11.563021659851074,3.0,4
3282,-5.117809295654297,-0.16042344272136688,-1.9786053895950317,-5.538263320922852,-11.999911308288574,2.0,2
3283,-11.65204906463623,-12.348072052001953,-7.52136754989624,-0.33386752009391785,-1.2614245414733887,5.0,4
3284,-12.233325004577637,-13.092700004577637,-9.334177017211914,-1.052927017211914,-0.42934802174568176,4.0,5
3285,-15.932303428649902,-14.29878044128418,-9.185144424438477,-0.0004844683862756938,-7.906734466552734,4.0,4
3286,-0.009597943164408207,-4.668689727783203,-9.100507736206055,-12.026643753051758,-10.503915786743164,2.0,1
3287,-4.460371971130371,-0.21321223676204681,-1.7188942432403564,-6.818325996398926,-9.858098030090332,3.0,2
3288,-14.296074867248535,-13.990676879882812,-9.54465389251709,-0.08016476780176163,-2.564539670944214,5.0,4
3289,-13.158010482788086,-9.713408470153809,-2.696363687515259,-0.12533973157405853,-9.64096450805664,5.0,4
3290,-0.5525615215301514,-0.8650615215301514,-5.723015785217285,-8.678980827331543,-12.803980827331543,1.0,1
3291,-15.375956535339355,-12.250956535339355,-2.812035322189331,-0.06203528866171837,-11.2992525100708,5.0,4
3292,-14.206306457519531,-15.427897453308105,-12.579886436462402,-2.6949422359466553,-0.06994223594665527,4.0,5
3293,-14.468135833740234,-13.360180854797363,-7.372964859008789,-0.0008069596369750798,-9.14853286743164,5.0,4
3294,-0.06523056328296661,-2.8209125995635986,-5.647616386413574,-10.775457382202148,-12.231423377990723,2.0,1
3295,-12.574945449829102,-14.144548416137695,-9.925797462463379,-5.557900428771973,-0.003922389354556799,5.0,5
3296,-11.879340171813965,-13.022806167602539,-8.338146209716797,-3.2145676612854004,-0.04127160832285881,5.0,5
3297,-13.829612731933594,-12.522794723510742,-3.805464506149292,-0.0227955374866724,-9.133589744567871,2.0,4
3298,-4.8229451179504395,-0.23487702012062073,-1.6269229650497437,-5.3541951179504395,-12.10987663269043,2.0,2
3299,-15.939896583557129,-13.226828575134277,-7.040749549865723,-0.0009757286752574146,-9.924271583557129,5.0,4
3300,-11.771559715270996,-13.575536727905273,-11.750252723693848,-2.551389217376709,-0.08122013509273529,3.0,5
3301,-10.523958206176758,-3.4642980098724365,-0.48134392499923706,-1.048105001449585,-9.50123119354248,5.0,3
3302,-0.22071024775505066,-1.626960277557373,-6.612756252288818,-10.739175796508789,-13.082925796508789,2.0,1
3303,-13.998679161071777,-14.703224182128906,-13.000099182128906,-9.282770156860352,-9.917721035890281e-05,1.0,5
3304,-15.099394798278809,-15.802519798278809,-14.183201789855957,-4.95734977722168,-0.007064956706017256,3.0,5
3305,-11.030211448669434,-12.69924545288086,-10.91657543182373,-4.908052444458008,-0.007484253961592913,2.0,5
3306,-15.40289306640625,-11.958291053771973,-3.2580065727233887,-0.03925655409693718,-11.475337028503418,3.0,4
3307,-0.001587679609656334,-6.4788618087768555,-10.527155876159668,-13.893633842468262,-14.326871871948242,2.0,1
3308,-17.629379272460938,-16.46460723876953,-9.12511920928955,-0.00011884459672728553,-11.96886920928955,3.0,4
3309,-13.316824913024902,-10.74580192565918,-3.03841495513916,-0.04977884143590927,-8.331028938293457,5.0,4
3310,-15.685819625854492,-9.840648651123047,-0.3349665105342865,-1.2568415403366089,-10.600591659545898,1.0,3
3311,-12.365324020385742,-12.265892028808594,-8.863903045654297,-0.3553806245326996,-1.2076526880264282,1.0,4
3312,-12.074356079101562,-7.507595062255859,-1.101345181465149,-0.4053231477737427,-9.311572074890137,1.0,4
3313,-12.382954597473145,-3.9454545974731445,-0.039204515516757965,-3.959660530090332,-10.905682563781738,1.0,3
3314,-9.557090759277344,-1.6451600790023804,-0.22470606863498688,-4.812774181365967,-10.196295738220215,1.0,3
3315,-0.039464451372623444,-3.292306423187256,-6.512475490570068,-11.736907005310059,-13.072134971618652,1.0,1
3316,-15.18113899230957,-15.500741004943848,-11.63000202178955,-1.301877498626709,-0.3175024688243866,4.0,5
3317,-0.02032185159623623,-3.926571846008301,-8.173731803894043,-11.2703218460083,-10.347026824951172,4.0,1
3318,-13.060416221618652,-13.266382217407227,-9.89564323425293,-2.179734706878662,-0.12007483839988708,2.0,5
3319,-15.838092803955078,-11.505706787109375,-2.47952248173533e-05,-11.349456787109375,-14.090933799743652,2.0,3
3320,-14.497827529907227,-14.583054542541504,-11.820270538330078,-0.05038375407457352,-3.013453722000122,2.0,4
3321,-12.954617500305176,-9.836719512939453,-3.913424253463745,-0.02137831784784794,-7.3367204666137695,2.0,4
3322,-0.06921656429767609,-2.796490430831909,-5.161545753479004,-9.505295753479004,-10.825608253479004,2.0,1
3323,-12.084593772888184,-11.224508285522461,-6.341696262359619,-0.07607124745845795,-2.638571262359619,4.0,4
3324,-10.319809913635254,-10.298502922058105,-7.048502445220947,-0.657877504825592,-0.7317414879798889,5.0,4
3325,-14.979401588439941,-13.020594596862793,-6.176845073699951,-0.004969981499016285,-5.852982997894287,4.0,4
3326,-2.945098400115967,-0.1325983852148056,-2.661006450653076,-6.401063442230225,-12.426631927490234,2.0,2
3327,-1.135908603668213,-0.3972725570201874,-5.013748645782471,-10.624543190002441,-13.192014694213867,2.0,2
3328,-4.975275993347168,-1.1258461475372314,-0.40283316373825073,-8.228117942810059,-11.496582984924316,2.0,3
3329,-10.907139778137207,-2.96679949760437,-0.14009544253349304,-2.536400556564331,-10.381571769714355,2.0,3
3330,-16.56364631652832,-11.570749282836914,-0.0011463745031505823,-6.78239631652832,-13.20427131652832,2.0,3
3331,-3.734295129776001,-0.5382711887359619,-0.9388391971588135,-6.688838958740234,-12.548213958740234,4.0,2
3332,-1.1002522706985474,-0.4326401650905609,-4.026390075683594,-7.569002151489258,-12.563321113586426,5.0,2
3333,-15.154531478881836,-11.155951499938965,-1.2568039894104004,-0.334928959608078,-11.752542495727539,2.0,4
3334,-0.401364266872406,-1.1115922927856445,-6.523524284362793,-10.301933288574219,-12.837444305419922,2.0,1
3335,-15.040966987609863,-15.729887962341309,-13.734148979187012,-4.984150409698486,-0.006876257248222828,4.0,5
3336,-13.726349830627441,-15.295952796936035,-13.023224830627441,-6.261860370635986,-0.0019175490597262979,4.0,5
3337,-14.42385196685791,-14.232090950012207,-10.63123893737793,-1.5119212865829468,-0.2491363137960434,4.0,5
3338,-0.08512178063392639,-2.556713819503784,-5.5382466316223145,-9.663247108459473,-12.48569107055664,2.0,1
3339,-15.40346622467041,-13.585284233093262,-5.4886932373046875,-0.00431843614205718,-8.734432220458984,1.0,4
3340,-11.961141586303711,-0.008017854765057564,-4.8588690757751465,-9.155743598937988,-12.955459594726562,2.0,2
3341,-10.94571590423584,-12.877533912658691,-8.589180946350098,-2.1673057079315186,-0.1218516007065773,5.0,5
3342,-5.275216579437256,-0.7865803837776184,-0.6445363163948059,-4.238284587860107,-9.458455085754395,3.0,3
3343,-10.911770820617676,-12.71574878692627,-10.599270820617676,-4.093590259552002,-0.01688602939248085,3.0,5
3344,-12.517848014831543,-14.208189010620117,-10.85449504852295,-4.541994571685791,-0.010746699757874012,5.0,5
3345,-10.933177947998047,-12.602211952209473,-8.850790977478027,-2.2101664543151855,-0.11641643941402435,5.0,5
3346,-2.2446184158325195,-0.170754536986351,-2.9832544326782227,-8.11109447479248,-11.903708457946777,3.0,2
3347,-14.237593650817871,-13.051513671875,-5.399524688720703,-0.004638507030904293,-10.800092697143555,1.0,4
3348,-14.4598388671875,-14.168645858764648,-11.746770858764648,-1.803590178489685,-0.18000924587249756,4.0,5
3349,-13.743436813354492,-11.236334800720215,-4.60281229019165,-0.014744480140507221,-5.47497034072876,3.0,4
3350,-0.058588869869709015,-2.8852949142456055,-6.905180931091309,-10.484725952148438,-11.706316947937012,2.0,1
3351,-11.104166984558105,-10.401041984558105,-6.061553001403809,-0.12405471503734589,-2.169508695602417,4.0,4
3352,-12.698893547058105,-13.52985954284668,-12.968779563903809,-11.42048454284668,-3.075552376685664e-05,5.0,5
3353,-13.210251808166504,-13.870762825012207,-13.210251808166504,-11.335251808166504,-2.5987286790041253e-05,5.0,5
3354,-0.048648759722709656,-3.0557498931884766,-8.211999893188477,-11.579187393188477,-11.717681884765625,2.0,1
3355,-10.966930389404297,-10.632412910461426,-7.530850410461426,-0.6246001720428467,-0.7680671215057373,2.0,4
3356,-11.611398696899414,-11.477875709533691,-8.274750709533691,-0.44662541151046753,-1.0219104290008545,3.0,4
3357,-17.751718521118164,-14.859673500061035,-8.140923500061035,-0.0002983363519888371,-13.774447441101074,5.0,4
3358,-11.70716667175293,-3.22705340385437,-0.10205351561307907,-2.8605754375457764,-9.618388175964355,1.0,3
3359,-11.0634765625,-0.047852806746959686,-3.0876247882843018,-6.922852993011475,-9.920010566711426,2.0,2
3360,-13.496028900146484,-8.744607925415039,-1.7417675256729126,-0.1934715360403061,-7.797164440155029,1.0,4
3361,-14.610983848571777,-13.765813827514648,-6.564108848571777,-0.0016106502152979374,-8.923483848571777,5.0,4
3362,-12.532938957214355,-12.845438957214355,-10.23890495300293,-0.7076559662818909,-0.6792460083961487,3.0,5
3363,-13.289422988891602,-13.828486442565918,-8.423656463623047,-0.0003620922507252544,-9.78729248046875,3.0,4
3364,-15.165107727050781,-15.719084739685059,-14.092663764953613,-4.731869220733643,-0.008856302127242088,5.0,5
3365,-12.518453598022461,-13.129249572753906,-10.565328598022461,-2.142033815383911,-0.1249878853559494,5.0,5
3366,-0.7250122427940369,-0.7392181754112244,-3.281830310821533,-7.614216327667236,-10.1071138381958,1.0,1
3367,-4.750487327575684,-0.36128318309783936,-1.227761149406433,-6.455033302307129,-11.582874298095703,1.0,2
3368,-13.29947566986084,-13.434419631958008,-11.154589653015137,-0.2497595250606537,-1.5097044706344604,5.0,4
3369,-0.03216559439897537,-3.4838695526123047,-7.106029510498047,-10.458301544189453,-10.401483535766602,3.0,1
3370,-12.80687427520752,-4.213125705718994,-0.017101561650633812,-6.142101764678955,-13.936136245727539,2.0,3
3371,-11.07514762878418,-12.644749641418457,-10.30810260772705,-3.7456023693084717,-0.02401222474873066,4.0,5
3372,-12.971074104309082,-12.814824104309082,-10.49238109588623,-0.5491993427276611,-0.8616993427276611,5.0,4
3373,-15.6146879196167,-14.300766944885254,-9.591960906982422,-0.001050635357387364,-6.992528438568115,3.0,4
3374,-12.339029312133789,-4.668574333190918,-0.06630224734544754,-2.907212257385254,-9.135193824768066,1.0,3
3375,-16.17046356201172,-18.03125762939453,-15.554696083068848,-13.953133583068848,-8.22540732769994e-06,4.0,5
3376,-11.59019947052002,-13.010653495788574,-10.553267478942871,-2.5134952068328857,-0.08451715111732483,2.0,5
3377,-0.8836932182312012,-0.5427851676940918,-5.216079235076904,-9.740226745605469,-12.673465728759766,2.0,2
3378,-0.005385059397667646,-5.246862888336182,-10.047999382019043,-12.413055419921875,-11.454249382019043,2.0,1
3379,-7.504994869232178,-0.7862446904182434,-0.6157906651496887,-5.615790843963623,-10.835960388183594,1.0,3
3380,-13.33687686920166,-10.644405364990234,-0.39156442880630493,-1.1273603439331055,-10.885883331298828,2.0,3
3381,-11.987898826599121,-13.96091079711914,-10.128523826599121,-0.34727415442466736,-1.2265371084213257,3.0,4
3382,-12.502013206481934,-13.318774223327637,-11.47928524017334,-0.9451941251754761,-0.4920690953731537,2.0,5
3383,-16.282390594482422,-13.654548645019531,-4.18721866607666,-0.015343721956014633,-10.401707649230957,4.0,4
3384,-13.902374267578125,-6.523112773895264,-0.08277096599340439,-2.551521062850952,-13.362601280212402,4.0,3
3385,-14.25614070892334,-13.24051570892334,-8.352730751037598,-0.0160839706659317,-4.163812160491943,4.0,4
3386,-0.07654088735580444,-2.619154930114746,-7.604948997497559,-10.729949951171875,-12.54102897644043,3.0,1
3387,-12.320368766784668,-11.890681266784668,-7.17193078994751,-0.4787508547306061,-0.9688059091567993,2.0,4
3388,-13.557787895202637,-12.194151878356934,-6.753809452056885,-0.020855654031038284,-3.941309690475464,5.0,4
3389,-11.363149642944336,-10.199087142944336,-6.949087142944336,-0.3297688961029053,-1.2772119045257568,5.0,4
3390,-0.010091946460306644,-4.61236572265625,-9.555547714233398,-10.910659790039062,-12.055546760559082,1.0,1
3391,-13.390567779541016,-14.597954750061035,-12.239999771118164,-3.681760787963867,-0.025510670617222786,5.0,5
3392,-11.935839653015137,-12.90885066986084,-11.133282661437988,-1.550896167755127,-0.23839615285396576,5.0,5
3393,-15.572805404663086,-16.538715362548828,-15.317123413085938,-7.930760860443115,-0.00036173476837575436,3.0,5
3394,-12.075140953063965,-9.788208961486816,-2.9828109741210938,-0.10781102627515793,-2.9671859741210938,2.0,4
3395,-0.06713225692510605,-2.780200242996216,-5.88815450668335,-9.724091529846191,-11.458466529846191,4.0,1
3396,-14.488255500793457,-16.4910945892334,-12.678595542907715,-5.006720542907715,-0.00672032218426466,4.0,5
3397,-17.379610061645508,-16.051485061645508,-8.000349044799805,-0.0003488647344056517,-11.953474044799805,4.0,4
3398,-13.116939544677734,-8.003303527832031,-0.048757195472717285,-3.0601210594177246,-10.616939544677734,4.0,3
3399,-0.36524200439453125,-1.1891059875488281,-6.601036071777344,-10.15927505493164,-11.302030563354492,4.0,1
3400,-15.376739501953125,-14.133842468261719,-8.56566047668457,-0.0003200257197022438,-9.417932510375977,4.0,4
3401,-12.493492126464844,-11.087242126464844,-6.548890590667725,-0.07161840051412582,-2.6980373859405518,4.0,4
3402,-0.1459503322839737,-2.006746292114258,-6.651632308959961,-10.50106430053711,-12.234018325805664,1.0,1
3403,-15.725646018981934,-13.985589027404785,-6.904623985290527,-0.0012142435880377889,-10.92451000213623,1.0,4
3404,-13.680673599243164,-14.731809616088867,-11.947718620300293,-3.3482863903045654,-0.03578648716211319,4.0,5
3405,-15.029325485229492,-13.686995506286621,-7.145802021026611,-0.0009160612826235592,-10.015120506286621,4.0,4
3406,-2.253953695297241,-0.13747577369213104,-3.7596356868743896,-9.057930946350098,-12.736907958984375,2.0,2
3407,-13.513104438781738,-13.015945434570312,-8.562819480895996,-0.025889316573739052,-3.676457405090332,2.0,4
3408,-15.372286796569824,-13.937627792358398,-9.413479804992676,-0.0015479261055588722,-6.558365821838379,2.0,4
3409,-12.463726043701172,-6.739294052124023,-1.4978179931640625,-0.2549191117286682,-9.722249031066895,3.0,4
3410,-5.487229347229004,-0.8281393051147461,-0.5838193893432617,-6.708819389343262,-12.923308372497559,3.0,3
3411,-9.297721862792969,-10.01505184173584,-5.823289394378662,-1.605960488319397,-0.22812047600746155,4.0,5
3412,-14.594618797302246,-10.780698776245117,-1.502289056777954,-0.2522890567779541,-11.078993797302246,5.0,4
3413,-13.807943344116211,-12.870443344116211,-6.932943344116211,-0.0011252983240410686,-10.029533386230469,5.0,4
3414,-0.46448829770088196,-1.0042603015899658,-5.36505651473999,-7.657668590545654,-11.572441101074219,1.0,1
3415,-13.404725074768066,-13.92319107055664,-10.535408020019531,-1.2456337213516235,-0.3393837511539459,4.0,5
3416,-12.830078125,-13.675248146057129,-10.933771133422852,-2.9891679286956787,-0.05166799947619438,4.0,5
3417,-7.381624221801758,-0.8901463747024536,-0.5350342988967896,-5.776510238647461,-10.939862251281738,4.0,3
3418,-0.005319606978446245,-5.275205612182617,-9.735431671142578,-12.661568641662598,-12.881739616394043,1.0,1
3419,-10.741169929504395,-3.33349871635437,-0.10906672477722168,-2.6942946910858154,-10.506794929504395,2.0,3
3420,-13.02475643157959,-14.00486946105957,-12.63413143157959,-5.077311992645264,-0.006290161516517401,1.0,5
3421,-6.023282527923584,-0.7391923666000366,-0.6823743581771851,-4.233510494232178,-9.794589042663574,4.0,3
3422,-4.418390274047852,-1.0661182403564453,-0.4496402442455292,-5.168390274047852,-10.504327774047852,4.0,3
3423,-16.324241638183594,-15.535889625549316,-8.016002655029297,-0.0003773453936446458,-10.219127655029297,3.0,4
3424,-14.889431953430176,-11.814148902893066,-4.6124444007873535,-0.010172191075980663,-8.859603881835938,4.0,4
3425,-14.20767879486084,-11.956257820129395,-6.707679271697998,-0.003133151913061738,-6.29574728012085,4.0,4
3426,-11.365593910217285,-0.2150270789861679,-1.69087815284729,-4.706502914428711,-11.081503868103027,1.0,2
3427,-16.248350143432617,-14.820794105529785,-6.751190662384033,-0.001190787530504167,-11.923066139221191,3.0,4
3428,-0.2345874309539795,-1.7118594646453857,-3.5811774730682373,-7.565552711486816,-9.120240211486816,5.0,1
3429,-9.797396659851074,-2.879784107208252,-0.06302119046449661,-5.328646183013916,-10.977084159851074,1.0,3
3430,-1.6202791929244995,-0.2296542227268219,-4.917154312133789,-10.635904312133789,-15.544995307922363,1.0,2
3431,-3.1675496101379395,-0.05959378555417061,-4.153343677520752,-10.781185150146484,-13.899083137512207,2.0,2
3432,-10.839920043945312,-11.246170043945312,-7.7696075439453125,-0.45710742473602295,-1.003982424736023,5.0,4
3433,-10.475672721862793,-10.096410751342773,-6.815160751342773,-2.371980667114258,-0.09925269335508347,4.0,5
3434,-14.806806564331055,-11.4332275390625,-4.9843645095825195,-0.007090406026691198,-10.367886543273926,2.0,4
3435,-13.00127124786377,-11.61845874786377,-8.283942222595215,-0.04814618080854416,-3.0637712478637695,5.0,4
3436,-13.639826774597168,-12.764116287231445,-12.311701774597168,-0.4438040852546692,-1.0261919498443604,5.0,4
3437,-0.16306599974632263,-1.9102240800857544,-6.171587944030762,-10.06363296508789,-11.86050796508789,2.0,1
3438,-15.777033805847168,-12.78697681427002,-5.471636772155762,-0.004305854439735413,-9.410555839538574,1.0,4
3439,-14.241754531860352,-15.676413536071777,-13.503117561340332,-4.913628578186035,-0.007378588430583477,5.0,5
3440,-14.334702491760254,-14.83186149597168,-11.373054504394531,-0.9838495850563049,-0.46822458505630493,5.0,5
3441,-14.532111167907715,-14.496600151062012,-10.782111167907715,-0.15568982064723969,-1.9369398355484009,5.0,4
3442,-11.784543991088867,-0.0018743580440059304,-6.379714488983154,-10.499032020568848,-12.530282020568848,3.0,2
3443,-14.563960075378418,-13.519926071166992,-5.470210552215576,-0.00430229352787137,-10.813960075378418,1.0,4
3444,-12.412738800048828,-13.32893180847168,-8.507908821105957,-0.25790855288505554,-1.4823405742645264,4.0,4
3445,-12.078069686889648,-13.164716720581055,-11.0411376953125,-0.8493754863739014,-0.5581824779510498,4.0,5
3446,-0.0023771857377141714,-6.081923007965088,-10.400103569030762,-12.95692253112793,-12.118854522705078,1.0,1
3447,-11.391722679138184,-0.0010976725025102496,-6.9187116622924805,-10.910188674926758,-13.097688674926758,4.0,2
3448,-3.3890933990478516,-0.27829939126968384,-1.613525390625,-4.617786407470703,-10.576593399047852,2.0,2
3449,-15.317643165588379,-12.152159690856934,-6.837529182434082,-0.0037222879473119974,-5.941222190856934,2.0,4
3450,-0.0072313714772462845,-4.950413227081299,-9.353821754455566,-12.450413703918457,-11.924844741821289,1.0,1
3451,-12.479252815246582,-0.0005594118847511709,-7.62839937210083,-11.435218811035156,-13.367036819458008,1.0,2
3452,-10.450006484985352,-12.012506484985352,-9.398870468139648,-3.2909157276153564,-0.038075726479291916,5.0,5
3453,-11.092524528503418,-6.234569549560547,-0.6379796862602234,-0.7658197283744812,-5.609569549560547,5.0,3
3454,-7.812666416168213,-0.6535744667053223,-0.738802433013916,-6.378006458282471,-11.463233947753906,2.0,2
3455,-0.021128924563527107,-3.9273788928985596,-6.803798198699951,-11.69016170501709,-9.788172721862793,4.0,1
3456,-13.879304885864258,-10.310413360595703,-0.10586715489625931,-2.299049139022827,-9.855867385864258,4.0,3
3457,-11.35021686553955,-4.979477882385254,-0.09311575442552567,-3.21811580657959,-10.391409873962402,2.0,3
3458,-7.342561721801758,-0.21187983453273773,-1.6607438325881958,-8.18062973022461,-12.995970726013184,2.0,2
3459,-13.954546928405762,-14.622160911560059,-10.30397891998291,-0.03267188370227814,-3.4389219284057617,5.0,4
3460,-10.748382568359375,-12.112018585205078,-9.555200576782227,-2.154632568359375,-0.12338266521692276,3.0,5
3461,-14.628774642944336,-14.458320617675781,-10.296388626098633,-0.01939990371465683,-3.956899881362915,5.0,4
3462,-0.16734611988067627,-1.8860961198806763,-6.21848201751709,-8.508254051208496,-12.305129051208496,3.0,1
3463,-16.219863891601562,-13.883925437927246,-6.829238414764404,-0.0011133907828480005,-11.283783912658691,4.0,4
3464,-12.315889358520508,-13.267594337463379,-9.338616371154785,-0.588616132736206,-0.8102080821990967,5.0,4
3465,-15.139631271362305,-11.397443771362305,-3.2880685329437256,-0.038068611174821854,-11.768182754516602,5.0,4
3466,-7.133059501647949,-0.24385567009449005,-1.5364677906036377,-7.715445518493652,-12.481070518493652,1.0,2
3467,-10.44482135772705,-11.858173370361328,-9.720389366149902,-3.995958089828491,-0.01868422143161297,5.0,5
3468,-12.26668930053711,-6.833450794219971,-0.4982246160507202,-0.938564658164978,-9.787996292114258,5.0,3
3469,-9.568924903869629,-3.1555728912353516,-0.2294369339942932,-1.8203449249267578,-9.178299903869629,4.0,3
3470,-2.2266883850097656,-0.1386202871799469,-3.846006393432617,-8.874415397644043,-11.456090927124023,1.0,2
3471,-14.262908935546875,-15.68336296081543,-13.147851943969727,-4.356657981872559,-0.012907881289720535,2.0,5
3472,-13.682934761047363,-15.40878677368164,-13.342025756835938,-5.535207271575928,-0.003957061562687159,5.0,5
3473,-14.873766899108887,-12.324050903320312,-5.939108371734619,-0.0030276195611804724,-8.54990291595459,4.0,4
3474,-0.10546183586120605,-2.5344398021698,-3.902336835861206,-8.230462074279785,-8.402337074279785,2.0,1
3475,-0.5245102643966675,-1.0784882307052612,-2.699225425720215,-7.292975425720215,-10.79439640045166,2.0,1
3476,-11.31257438659668,-3.627915859222412,-0.06257572770118713,-3.3864378929138184,-8.69112491607666,4.0,3
3477,-16.341447830200195,-12.314457893371582,-1.7917301654815674,-0.18235518038272858,-11.604229927062988,3.0,4
3478,-0.0012527006911113858,-6.776820659637451,-9.58079719543457,-13.950116157531738,-11.44017219543457,2.0,1
3479,-11.767019271850586,-15.558213233947754,-11.829519271850586,-6.588043212890625,-0.0013943722005933523,5.0,5
3480,-11.6583833694458,-14.469463348388672,-9.5802583694458,-2.017758846282959,-0.1427588015794754,3.0,5
3481,-12.86519718170166,-12.950424194335938,-7.029968738555908,-0.826843798160553,-0.576843798160553,5.0,5
3482,-15.656943321228027,-14.50637435913086,-13.135636329650879,-0.4126248061656952,-1.0844998359680176,4.0,4
3483,-13.590414047241211,-12.915698051452637,-8.419960021972656,-0.03927798569202423,-3.2637100219726562,3.0,4
3484,-15.133013725280762,-15.35318374633789,-13.442672729492188,-3.9540367126464844,-0.019376637414097786,4.0,5
3485,-9.971210479736328,-2.0379714965820312,-0.14876757562160492,-4.864677429199219,-9.141664505004883,4.0,3
3486,-7.855268955230713,-1.5484509468078613,-0.2558369040489197,-4.375154972076416,-9.872313499450684,3.0,3
3487,-5.65048360824585,-0.21014371514320374,-1.6874157190322876,-6.928893566131592,-11.332303047180176,2.0,2
3488,-14.563872337341309,-15.558191299438477,-13.555350303649902,-4.26557731628418,-0.014156514778733253,5.0,5
3489,-11.819421768188477,-12.9841947555542,-10.881921768188477,-1.5353318452835083,-0.242717906832695,4.0,5
3490,-14.351378440856934,-11.41103744506836,-4.024673938751221,-0.01899200677871704,-7.291719913482666,3.0,4
3491,-14.187747955322266,-9.633060455322266,-1.8049352169036865,-0.17993515729904175,-9.383060455322266,3.0,4
3492,-11.904353141784668,-12.628785133361816,-10.775092124938965,-2.422819137573242,-0.09327518194913864,5.0,5
3493,-13.420513153076172,-13.548354148864746,-10.771366119384766,-1.5242079496383667,-0.24579797685146332,2.0,5
3494,-11.971380233764648,-1.7441074848175049,-0.21001742780208588,-4.229903221130371,-10.685869216918945,5.0,3
3495,-15.038646697998047,-11.358959197998047,-2.812084436416626,-0.06208447366952896,-9.749584197998047,4.0,4
3496,-14.271812438964844,-15.166698455810547,-13.540278434753418,-4.570107936859131,-0.010449813678860664,5.0,5
3497,-14.623979568481445,-9.197843551635742,-0.6182980537414551,-0.7745480537414551,-10.035911560058594,3.0,3
3498,-13.98216438293457,-13.406879425048828,-10.409721374511719,-0.4807438850402832,-0.9636979103088379,4.0,4
3499,-13.117920875549316,-13.85655689239502,-13.757125854492188,-12.535534858703613,-2.3007127310847864e-05,2.0,5
3500,-13.690221786499023,-11.93596076965332,-6.999880790710449,-0.011244733817875385,-4.806698799133301,5.0,4
3501,-13.190214157104492,-9.745611190795898,-2.13197660446167,-0.12913458049297333,-6.477145671844482,5.0,4
3502,-14.71049690246582,-11.031519889831543,-3.787201404571533,-0.022997450083494186,-10.349701881408691,4.0,4
3503,-13.454133033752441,-8.212656021118164,-0.5990198254585266,-0.7978838086128235,-10.329133033752441,3.0,3
3504,-15.87000846862793,-14.129951477050781,-8.384212493896484,-0.0035327188670635223,-5.74216890335083,5.0,4
3505,-13.81761646270752,-6.211082458496094,-0.07471831887960434,-2.6599462032318115,-11.196877479553223,2.0,3
3506,-10.656265258789062,-1.93467378616333,-0.1591058075428009,-5.968765735626221,-11.125015258789062,2.0,3
3507,-8.651798248291016,-0.5111734867095947,-0.9174234867095947,-7.636173248291016,-13.284610748291016,3.0,2
3508,-14.285602569580078,-15.358046531677246,-13.681909561157227,-6.501511573791504,-0.0015113847330212593,4.0,5
3509,-0.0024398579262197018,-6.096189975738525,-10.513801574707031,-13.3049955368042,-11.34760856628418,3.0,1
3510,-0.0034104774240404367,-5.690910339355469,-10.847160339355469,-14.050285339355469,-13.683097839355469,2.0,1
3511,-13.127986907958984,-12.808384895324707,-8.241623878479004,-0.07401005178689957,-2.6450321674346924,2.0,4
3512,-12.593059539794922,-13.3032865524292,-11.264934539794922,-1.6484575271606445,-0.21379952132701874,4.0,5
3513,-12.843832015991211,-14.164855003356934,-12.112298011779785,-4.0796284675598145,-0.017128631472587585,4.0,5
3514,-8.304542541503906,-0.6639173626899719,-1.284656286239624,-1.5701673030853271,-9.109230041503906,2.0,2
3515,-12.967599868774414,-13.936349868774414,-13.207656860351562,-3.108224391937256,-0.04572447016835213,3.0,5
3516,-12.752568244934082,-14.580693244934082,-14.30512523651123,-5.971318244934082,-0.002568281954154372,4.0,5
3517,-10.137706756591797,-2.958019733428955,-0.8046115636825562,-0.6923946142196655,-8.848644256591797,2.0,4
3518,-15.005712509155273,-15.490087509155273,-13.232275009155273,-2.0994625091552734,-0.13071240484714508,4.0,5
3519,-14.653042793273926,-8.395941734313965,-0.18571370840072632,-1.7766237258911133,-10.839122772216797,3.0,3
3520,-16.833240509033203,-17.571876525878906,-16.0946044921875,-7.067617893218994,-0.0008551992941647768,4.0,5
3521,-14.540740966796875,-11.30920696258545,-3.539320707321167,-0.03079870715737343,-6.803524971008301,4.0,4
3522,-16.045162200927734,-13.857664108276367,-7.302265644073486,-0.0011297041783109307,-7.984083652496338,2.0,4
3523,-13.883139610290527,-14.492514610290527,-11.203452110290527,-0.7659521102905273,-0.6253271102905273,3.0,5
3524,-14.291418075561523,-15.072668075561523,-12.471105575561523,-2.7679805755615234,-0.06485547125339508,4.0,5
3525,-12.372472763061523,-12.32275676727295,-9.027302742004395,-0.5613927245140076,-0.8454846739768982,2.0,4
3526,-15.103378295898438,-11.462753295898438,-2.6658780574798584,-0.072128064930439,-10.447128295898438,3.0,4
3527,-1.8786044120788574,-0.17547936737537384,-4.816104412078857,-10.5036039352417,-14.4020414352417,3.0,2
3528,-15.445550918579102,-11.248106956481934,-4.3020853996276855,-0.0137323634698987,-10.123106956481934,4.0,4
3529,-1.7915103435516357,-0.24463535845279694,-2.9946353435516357,-8.400885581970215,-12.377448081970215,3.0,2
3530,-0.0454111322760582,-3.1277971267700195,-7.701661109924316,-10.94029712677002,-10.849387168884277,2.0,1
3531,-0.004460623487830162,-5.530028820037842,-9.805596351623535,-12.44764232635498,-10.518664360046387,3.0,1
3532,-12.702048301696777,-13.873923301696777,-11.6011962890625,-2.396651029586792,-0.09551500529050827,5.0,5
3533,-11.400555610656738,-8.822430610656738,-2.78549861907959,-0.07243059575557709,-5.711634635925293,3.0,4
3534,-12.914327621459961,-13.141600608825684,-10.51375961303711,-1.9200105667114258,-0.15864664316177368,2.0,5
3535,-10.710058212280273,-13.154661178588867,-8.803808212280273,-1.2569334506988525,-0.3350585103034973,1.0,5
3536,-10.701083183288574,-3.9432709217071533,-1.0838960409164429,-0.4432710111141205,-8.787020683288574,4.0,4
3537,-13.445631980895996,-14.015944480895996,-12.792933464050293,-0.6253190636634827,-0.7659440636634827,5.0,4
3538,-12.460319519042969,-13.76713752746582,-11.927648544311523,-4.612308025360107,-0.010036124847829342,5.0,5
3539,-7.376262187957764,-0.4160361588001251,-1.0836501121520996,-6.680240154266357,-9.92100715637207,3.0,2
3540,-14.820942878723145,-11.198783874511719,-1.5155447721481323,-0.2499198019504547,-9.374919891357422,4.0,4
3541,-8.111653327941895,-0.4411988854408264,-1.0377907752990723,-6.179834842681885,-9.498017311096191,2.0,2
3542,-16.575603485107422,-11.866796493530273,-3.7886714935302734,-0.023046495392918587,-12.64804744720459,4.0,4
3543,-0.3597956597805023,-1.212067723274231,-5.459225654602051,-9.692180633544922,-12.56860065460205,4.0,1
3544,-13.13355541229248,-13.156991958618164,-12.835259437561035,-2.571054220199585,-0.07957827299833298,4.0,5
3545,-8.069396018981934,-1.094963788986206,-0.41314584016799927,-5.654623985290527,-10.839282035827637,4.0,3
3546,-13.753910064697266,-7.761722087860107,-0.3398471176624298,-1.2460970878601074,-10.464847564697266,3.0,3
3547,-14.87460708618164,-13.638811111450195,-8.269493103027344,-0.016653217375278473,-4.121767044067383,3.0,4
3548,-14.211698532104492,-11.363686561584473,-4.289823532104492,-0.014255590736865997,-8.934709548950195,5.0,4
3549,-12.108732223510742,-7.0071702003479,-0.6634201407432556,-0.7259201407432556,-9.163419723510742,3.0,3
3550,-14.727973937988281,-13.73365592956543,-10.317462921142578,-0.28905320167541504,-1.382803201675415,5.0,4
3551,-14.167072296142578,-9.905708312988281,-1.9085497856140137,-0.16139167547225952,-7.688378810882568,2.0,4
3552,-14.606928825378418,-15.984768867492676,-14.685053825378418,-7.852667331695557,-0.000393432448618114,5.0,5
3553,-13.631457328796387,-10.537707328796387,-3.334582567214966,-0.03770752251148224,-9.068957328796387,3.0,4
3554,-13.300676345825195,-8.222550392150879,-0.6657326221466064,-0.7225525379180908,-10.296414375305176,1.0,3
3555,-3.122701644897461,-0.06872377544641495,-3.8045196533203125,-9.855655670166016,-13.967870712280273,1.0,2
3556,-15.044692039489746,-15.137022018432617,-13.134181022644043,-4.043272495269775,-0.01770278997719288,5.0,5
3557,-11.307900428771973,-3.7865941524505615,-0.06500226259231567,-3.218412160873413,-8.699945449829102,1.0,3
3558,-14.075235366821289,-15.387735366821289,-13.629922866821289,-5.317422866821289,-0.0049230074509978294,3.0,5
3559,-13.255827903747559,-14.342474937438965,-12.254406929016113,-3.7316808700561523,-0.024292897433042526,4.0,5
3560,-14.6434965133667,-15.1591215133667,-12.8466215133667,-2.651309013366699,-0.07318396121263504,3.0,5
3561,-14.93060302734375,-15.86810302734375,-13.44622802734375,-3.727477550506592,-0.024352582171559334,2.0,5
3562,-12.975091934204102,-13.372818946838379,-11.27764892578125,-2.9111719131469727,-0.0560578890144825,1.0,5
3563,-13.27137279510498,-13.328191757202148,-10.771373748779297,-1.5242148637771606,-0.24580487608909607,5.0,5
3564,-12.439759254455566,-13.533509254455566,-11.992316246032715,-5.628680229187012,-0.0036800061352550983,5.0,5
3565,-4.6518683433532715,-0.19874338805675507,-1.7768683433532715,-6.4956183433532715,-11.87843132019043,1.0,2
3566,-13.859691619873047,-13.312816619873047,-8.289379119873047,-0.36750438809394836,-1.180004358291626,4.0,4
3567,-16.990354537963867,-15.136662483215332,-8.545754432678223,-0.0002983363519888371,-9.281548500061035,4.0,4
3568,-15.94857120513916,-15.51888370513916,-11.01888370513916,-0.05013332888484001,-3.018883228302002,5.0,4
3569,-16.178428649902344,-13.623740196228027,-5.053427696228027,-0.006552756763994694,-8.959677696228027,5.0,4
3570,-13.999835968017578,-14.023273468017578,-10.054523468017578,-0.7576484084129333,-0.6326484084129333,5.0,5
3571,-14.419198036193848,-14.191926002502441,-10.924880027770996,-0.05840379744768143,-2.870903730392456,5.0,4
3572,-14.705138206481934,-15.673888206481934,-13.072325706481934,-3.2129504680633545,-0.041075412184000015,5.0,5
3573,-7.7987260818481445,-0.4081009328365326,-1.095600962638855,-8.001851081848145,-13.689351081848145,1.0,2
3574,-13.15756893157959,-13.576602935791016,-11.339386940002441,-2.3195011615753174,-0.10359131544828415,4.0,5
3575,-14.682891845703125,-10.542266845703125,-1.9201080799102783,-0.15874408185482025,-9.7326078414917,3.0,4
3576,-16.68886947631836,-17.228641510009766,-15.659040451049805,-6.5965399742126465,-0.0013690156629309058,5.0,5
3577,-11.771662712097168,-2.971946954727173,-0.06001487001776695,-4.960582733154297,-11.67223072052002,5.0,3
3578,-15.822718620300293,-10.275843620300293,-1.6508439779281616,-0.21334399282932281,-11.518742561340332,4.0,4
3579,-14.922218322753906,-12.305030822753906,-4.9300312995910645,-0.008156088180840015,-7.0862812995910645,5.0,4
3580,-12.763647079467773,-12.799158096313477,-11.283533096313477,-4.205408573150635,-0.015068394131958485,4.0,5
3581,-11.89911937713623,-11.460198402404785,-8.678948402404785,-3.745711088180542,-0.024119174107909203,3.0,5
3582,-9.606010437011719,-0.8091351985931396,-0.5903851985931396,-7.465385437011719,-13.356010437011719,2.0,3
3583,-6.728619575500488,-0.431744784116745,-1.0567448139190674,-6.306744575500488,-11.611432075500488,1.0,2
3584,-13.079991340637207,-12.91663932800293,-8.42800235748291,-0.14675408601760864,-1.9933440685272217,2.0,4
3585,-0.019503489136695862,-3.957003593444824,-8.753878593444824,-12.285128593444824,-11.917941093444824,1.0,1
3586,-12.663326263427734,-14.005656242370605,-12.507076263427734,-4.964463233947754,-0.007077148649841547,4.0,5
3587,-13.544364929199219,-8.828455924987793,-1.1295920610427856,-0.3909560739994049,-8.885273933410645,3.0,4
3588,-15.119392395019531,-16.49723243713379,-15.254335403442383,-9.63643741607666,-7.319182623177767e-05,4.0,5
3589,-12.52219009399414,-7.436964511871338,-1.0733284950256348,-0.4199184775352478,-8.360258102416992,4.0,4
3590,-8.70000171661377,-0.28522801399230957,-1.3946030139923096,-9.807955741882324,-13.36335277557373,3.0,2
3591,-12.302180290222168,-13.716242790222168,-10.419367790222168,-1.7787429094314575,-0.18499287962913513,2.0,5
3592,-16.180477142333984,-16.484455108642578,-14.914141654968262,-9.475932121276855,-7.950943836476654e-05,5.0,5
3593,-14.268572807312012,-9.963885307312012,-1.96388578414917,-0.15138573944568634,-10.151385307312012,3.0,4
3594,-13.150102615356445,-13.462602615356445,-10.282915115356445,-0.9547901749610901,-0.4860401749610901,4.0,5
3595,-13.038538932800293,-13.241663932800293,-9.733851432800293,-1.9369765520095825,-0.15572653710842133,4.0,5
3596,-14.091226577758789,-15.802873611450195,-14.425032615661621,-8.125317573547363,-0.00031716562807559967,5.0,5
3597,-14.47928524017334,-15.94803524017334,-14.08084774017334,-5.90897274017334,-0.00272260676138103,4.0,5
3598,-12.337434768676758,-13.005047798156738,-11.527775764465332,-3.8289122581481934,-0.02209429256618023,4.0,5
3599,-13.420989990234375,-14.311614990234375,-12.420989990234375,-3.803802728652954,-0.022552791982889175,3.0,5
3600,-16.172649383544922,-17.103046417236328,-15.391400337219238,-5.62577486038208,-0.003615036141127348,5.0,5
3601,-12.112170219421387,-12.240011215209961,-10.279784202575684,-2.0056357383728027,-0.144841730594635,4.0,5
3602,-0.032799944281578064,-3.4390499591827393,-8.79842472076416,-12.43123722076416,-13.72029972076416,1.0,1
3603,-13.525511741638184,-14.572386741638184,-12.634886741638184,-3.681762218475342,-0.025512181222438812,2.0,5
3604,-14.217630386352539,-15.282971382141113,-14.068482398986816,-5.395185947418213,-0.004561139270663261,3.0,5
3605,-13.635262489318848,-13.205574989318848,-9.658699989318848,-0.3305746018886566,-1.268074631690979,2.0,4
3606,-6.295500755310059,-0.4830009937286377,-0.9673759937286377,-6.779875755310059,-12.061125755310059,3.0,2
3607,-13.657369613647461,-14.508932113647461,-11.485494613647461,-1.094869613647461,-0.40736961364746094,4.0,5
3608,-14.186515808105469,-15.209953308105469,-13.334953308105469,-4.9912028312683105,-0.006827833596616983,4.0,5
3609,-14.279169082641602,-9.435419082641602,-1.0263291597366333,-0.443941205739975,-10.103032112121582,4.0,4
3610,-15.112056732177734,-13.080806732177734,-6.408931732177734,-0.002681828336790204,-6.987056732177734,4.0,4
3611,-14.553994178771973,-11.968056678771973,-4.233681678771973,-0.01493146549910307,-8.499306678771973,3.0,4
3612,-15.224721908569336,-16.311370849609375,-14.869608879089355,-8.157960891723633,-0.0002899941464420408,5.0,5
3613,-14.081930160522461,-13.073407173156738,-7.263749599456787,-0.13306757807731628,-2.0890326499938965,3.0,4
3614,-13.190047264099121,-14.248285293579102,-12.742603302001953,-4.809366226196289,-0.008228094317018986,5.0,5
3615,-13.778892517089844,-12.031733512878418,-6.172358989715576,-0.007585176266729832,-5.334290981292725,3.0,4
3616,-12.628680229187012,-13.757941246032715,-12.458226203918457,-7.159931182861328,-0.000839238753542304,5.0,5
3617,-11.862727165222168,-13.01329517364502,-11.301648139953613,-4.724943161010742,-0.009035060182213783,5.0,5
3618,-14.603718757629395,-11.19462776184082,-3.538379192352295,-0.02985524944961071,-10.157695770263672,2.0,4
3619,-15.59933090209961,-13.887683868408203,-5.971489906311035,-0.002740082796663046,-8.66041088104248,3.0,4
3620,-15.727678298950195,-15.798700332641602,-13.099837303161621,-0.011768556199967861,-4.449268341064453,4.0,4
3621,-14.246540069580078,-14.452506065368652,-8.226653099060059,-0.13290351629257202,-2.086028575897217,3.0,4
3622,-15.954298973083496,-16.47276496887207,-14.526741981506348,-5.521060466766357,-0.004014291800558567,4.0,5
3623,-15.280009269714355,-16.23171615600586,-14.378021240234375,-5.805577754974365,-0.003020726377144456,4.0,5
3624,-15.552178382873535,-16.191383361816406,-14.643087387084961,-6.873201847076416,-0.0010417040903121233,5.0,5
3625,-13.21020221710205,-13.927532196044922,-11.953100204467773,-2.8977019786834717,-0.05679395794868469,4.0,5
3626,-17.488508224487305,-14.313791275024414,-6.688790321350098,-0.0012903229799121618,-10.126290321350098,3.0,4
3627,-14.284608840942383,-6.976371765136719,-0.034608807414770126,-3.409608840942383,-10.745546340942383,3.0,3
3628,-10.419210433959961,-1.5058590173721313,-0.2842670977115631,-3.673471212387085,-9.165658950805664,4.0,3
3629,-11.071465492248535,-3.2305567264556885,-0.06294462829828262,-3.8555567264556885,-8.365499496459961,2.0,3
3630,-14.484130859375,-4.765380859375,-0.015381052158772945,-4.999755859375,-12.827880859375,4.0,3
3631,-14.260826110839844,-14.448326110839844,-11.159263610839844,-0.799889087677002,-0.596764087677002,4.0,5
3632,-13.373851776123047,-14.403681755065918,-12.805669784545898,-4.922146797180176,-0.007374683395028114,5.0,5
3633,-13.494988441467285,-9.392716407775879,-0.18248827755451202,-1.7918633222579956,-10.291863441467285,3.0,3
3634,-15.511428833007812,-12.378616333007812,-3.9723663330078125,-0.01924123242497444,-9.284866333007812,3.0,4
3635,-13.824223518371582,-13.980473518371582,-9.886723518371582,-1.0742237567901611,-0.4179737865924835,3.0,5
3636,-14.003253936767578,-7.3981404304504395,-0.06859466433525085,-2.7248446941375732,-9.60268497467041,3.0,3
3637,-15.057350158691406,-13.190162658691406,-6.5651631355285645,-0.00266304356046021,-6.8307881355285645,4.0,4
3638,-11.993903160095215,-7.512369632720947,-0.6799843907356262,-0.7083924412727356,-8.989642143249512,2.0,3
3639,-14.930304527282715,-11.555304527282715,-3.469367027282715,-0.03186691552400589,-8.656867027282715,4.0,4
3640,-13.132623672485352,-12.921686172485352,-9.163873672485352,-0.898248553276062,-0.523248553276062,4.0,5
3641,-11.349417686462402,-8.359360694885254,-3.8849294185638428,-0.07526952773332596,-2.9658944606781006,3.0,4
3642,-14.774032592773438,-11.762669563293457,-4.866363525390625,-0.008407673798501492,-8.218635559082031,4.0,4
3643,-14.330798149108887,-13.080798149108887,-8.975685119628906,-0.18307094275951385,-1.7896039485931396,5.0,4
3644,-13.56004524230957,-12.892431259155273,-8.453510284423828,-0.0586245059967041,-2.871124505996704,4.0,4
3645,-13.702447891235352,-8.14847183227539,-0.4496074616909027,-1.0177894830703735,-8.061822891235352,1.0,3
3646,-13.099536895751953,-12.268570899963379,-7.26146936416626,-0.017151130363345146,-4.122265338897705,1.0,4
3647,-14.788228988647461,-13.95016098022461,-10.924592971801758,-0.72572922706604,-0.6618082523345947,4.0,5
3648,-9.381068229675293,-1.668000340461731,-0.21913640201091766,-4.835614204406738,-9.254647254943848,2.0,3
3649,-12.729494094848633,-13.198244094848633,-11.05335807800293,-1.4581880569458008,-0.26500606536865234,3.0,5
3650,-13.89861011505127,-9.140087127685547,-0.7594048976898193,-0.6315648555755615,-10.091792106628418,4.0,4
3651,-14.964740753173828,-14.683490753173828,-11.292865753173828,-0.29286542534828186,-1.3709903955459595,5.0,4
3652,-11.843470573425293,-3.3562543392181396,-0.04659619182348251,-4.5636420249938965,-8.637504577636719,5.0,3
3653,-12.543354988098145,-4.1058549880981445,-0.04335521534085274,-3.6527302265167236,-10.941792488098145,4.0,3
3654,-16.144458770751953,-12.933521270751953,-4.464770793914795,-0.011646022088825703,-9.917896270751953,2.0,4
3655,-12.67313003540039,-12.715743064880371,-10.620573043823242,-2.1546638011932373,-0.12341386079788208,5.0,5
3656,-12.936094284057617,-8.139219284057617,-0.6860944628715515,-0.7017194628715515,-8.404844284057617,4.0,3
3657,-13.140554428100586,-14.021236419677734,-11.961577415466309,-2.2811808586120605,-0.10788487643003464,4.0,5
3658,-1.497292399406433,-0.2785423994064331,-3.9504175186157227,-9.301980018615723,-12.739480018615723,5.0,2
3659,-10.288934707641602,-9.472173690795898,-5.310242176055908,-0.32444795966148376,-1.3045600652694702,1.0,4
3660,-5.8082075119018555,-0.29258236289024353,-1.386332392692566,-7.3238325119018555,-12.511332511901855,2.0,2
3661,-12.922589302062988,-14.044748306274414,-11.871453285217285,-3.100147247314453,-0.04616919159889221,2.0,5
3662,-15.09066390991211,-16.08498191833496,-14.23128890991211,-5.218506336212158,-0.005436279810965061,3.0,5
3663,-16.118623733520508,-17.020612716674805,-14.840215682983398,-6.147034168243408,-0.002146442187950015,4.0,5
3664,-13.065958023071289,-13.264822006225586,-10.402606010437012,-0.4594253599643707,-0.9991973638534546,4.0,4
3665,-13.260597229003906,-13.026222229003906,-9.361449241638184,-0.22792726755142212,-1.5915632247924805,3.0,4
3666,-10.914411544799805,-3.390974283218384,-0.10972420871257782,-2.656599283218384,-10.594099044799805,1.0,3
3667,-14.17332935333252,-14.00145435333252,-10.17332935333252,-1.063954472541809,-0.42332950234413147,4.0,5
3668,-9.38057804107666,-2.065236806869507,-0.16182869672775269,-3.7981908321380615,-9.622055053710938,3.0,3
3669,-15.005486488342285,-16.56017303466797,-14.849236488342285,-5.208611488342285,-0.00548643060028553,4.0,5
3670,-15.960819244384766,-11.007694244384766,-1.382693886756897,-0.28894391655921936,-10.992069244384766,4.0,4
3671,-15.767547607421875,-17.045957565307617,-15.618399620056152,-7.607036590576172,-0.0005016260547563434,3.0,5
3672,-15.61745548248291,-8.81276798248291,-0.18776831030845642,-1.7658933401107788,-11.82839298248291,4.0,3
3673,-12.602472305297852,-5.216109275817871,-0.008721238933503628,-5.741677284240723,-10.539971351623535,1.0,3
3674,-1.5078736543655396,-0.27349868416786194,-4.02349853515625,-11.451055526733398,-13.34381103515625,1.0,2
3675,-13.586505889892578,-15.414630889892578,-13.219318389892578,-7.480682373046875,-0.0005684667266905308,1.0,5
3676,-13.005753517150879,-6.748650550842285,-0.15774254500865936,-1.9333105087280273,-10.662003517150879,5.0,3
3677,-12.32323169708252,-4.6279191970825195,-0.17479418218135834,-1.8935441970825195,-10.57323169708252,3.0,3
3678,-13.70235824584961,-13.325937271118164,-8.70235824584961,-0.09440423548221588,-2.4097442626953125,2.0,4
3679,-13.61638355255127,-12.685985565185547,-7.693088054656982,-0.07945198565721512,-2.5794520378112793,2.0,4
3680,-14.507156372070312,-13.193235397338867,-7.411985397338867,-0.025623267516493797,-3.704599380493164,3.0,4
3681,-7.915183232398704e-05,-10.093829154968262,-13.796954154968262,-16.843828201293945,-10.828204154968262,1.0,1
3682,-14.048368453979492,-12.07464599609375,-10.28558349609375,-7.211902266135439e-05,-11.02280044555664,2.0,4
3683,-11.643570899963379,-12.268570899963379,-10.79840087890625,-3.483059883117676,-0.03135594725608826,4.0,5
3684,-12.072998046875,-8.274703979492188,-0.7917479872703552,-0.6042479872703552,-10.980669021606445,4.0,4
3685,-13.695115089416504,-7.554490089416504,-0.210740327835083,-1.663865327835083,-10.710740089416504,3.0,3
3686,-14.47331428527832,-12.939223289489746,-6.298598289489746,-0.020190313458442688,-4.011666297912598,3.0,4
3687,-13.454048156738281,-15.032173156738281,-12.860298156738281,-3.7274861335754395,-0.024361073970794678,4.0,5
3688,-13.637948989868164,-9.802721977233887,-1.7771536111831665,-0.18624551594257355,-8.893630981445312,2.0,4
3689,-16.257640838623047,-12.601390838623047,-4.882640838623047,-0.007640661206096411,-10.492015838623047,3.0,4
3690,-6.903305530548096,-0.13768033683300018,-2.0595552921295166,-9.168930053710938,-14.192367553710938,4.0,2
3691,-0.16844305396080017,-1.8729890584945679,-6.816169261932373,-11.191169738769531,-12.399975776672363,4.0,1
3692,-9.313679695129395,-0.7668043971061707,-0.6261793971061707,-7.157429218292236,-12.860554695129395,4.0,3
3693,-6.533381462097168,-0.5248572826385498,-0.9225852489471436,-4.6754255294799805,-10.39417552947998,2.0,2
3694,-13.145326614379883,-11.256122589111328,-5.240498065948486,-0.013225920498371124,-4.85697603225708,2.0,4
3695,-15.158185005187988,-11.783185005187988,-4.080060005187988,-0.017559777945280075,-9.970685005187988,4.0,4
3696,-4.752816200256348,-0.3494061231613159,-1.286906123161316,-4.5994062423706055,-10.536906242370605,1.0,2
3697,-8.319498062133789,-1.2030224800109863,-0.40756654739379883,-3.380577564239502,-8.935264587402344,3.0,3
3698,-14.968491554260254,-12.02815055847168,-3.7042880058288574,-0.025309961289167404,-9.613377571105957,1.0,4
3699,-15.024439811706543,-12.133814811706543,-4.836940288543701,-0.00881506409496069,-9.915064811706543,4.0,4
3700,-14.519585609436035,-13.935778617858887,-10.998278617858887,-2.1545281410217285,-0.12327823787927628,4.0,5
3701,-16.14055061340332,-12.85148811340332,-4.89836311340332,-0.007737900596112013,-9.16398811340332,3.0,4
3702,-14.482986450195312,-15.747191429138184,-13.779861450195312,-4.767077445983887,-0.008555189706385136,4.0,5
3703,-14.280940055847168,-15.616168022155762,-13.812191009521484,-5.2326459884643555,-0.005372253712266684,4.0,5
3704,-14.050837516784668,-14.74686050415039,-12.268167495727539,-2.9783949851989746,-0.05225887522101402,4.0,5
3705,-13.784662246704102,-13.898298263549805,-12.229264259338379,-3.607105016708374,-0.0275610089302063,3.0,5
3706,-14.929618835449219,-14.796806335449219,-10.921806335449219,-0.2811816930770874,-1.4061816930770874,3.0,4
3707,-14.615955352783203,-14.584705352783203,-12.717517852783203,-4.248767852783203,-0.014392964541912079,5.0,5
3708,-14.750277519226074,-13.471868515014648,-9.892322540283203,-0.432096391916275,-1.0485724210739136,4.0,4
3709,-14.986750602722168,-11.52794361114502,-3.5662968158721924,-0.029364779591560364,-7.823397636413574,2.0,4
3710,-15.207481384277344,-12.487310409545898,-6.564013957977295,-0.0015160269103944302,-9.490152359008789,3.0,4
3711,-13.795126914978027,-13.773819923400879,-10.826376914978027,-0.3150135576725006,-1.3093315362930298,3.0,4
3712,-13.642193794250488,-5.3609442710876465,-0.03423840552568436,-3.542762279510498,-11.674863815307617,2.0,3
3713,-13.77855110168457,-11.51292610168457,-5.504403591156006,-0.007245336659252644,-6.129403591156006,2.0,4
3714,-14.013701438903809,-10.263700485229492,-2.579042434692383,-0.07904231548309326,-9.65290641784668,2.0,4
3715,-8.880697714630514e-05,-9.531338691711426,-13.789151191711426,-16.640714645385742,-12.078213691711426,1.0,1
3716,-14.103568077087402,-13.024023056030273,-8.876296043395996,-0.15470604598522186,-1.9444780349731445,4.0,4
3717,-15.1488676071167,-12.0004301071167,-4.156680107116699,-0.016054878011345863,-8.5941801071167,3.0,4
3718,-14.4878511428833,-14.2300386428833,-10.0581636428833,-0.542538583278656,-0.870663583278656,5.0,4
3719,-13.201860427856445,-8.670610427856445,-1.7018604278564453,-0.20186039805412292,-8.795610427856445,4.0,4
3720,-13.786179542541504,-13.07595157623291,-9.773395538330078,-0.08589661866426468,-2.50066876411438,4.0,4
3721,-13.893940925598145,-14.540247917175293,-12.601327896118164,-2.5658156871795654,-0.08002161979675293,4.0,5
3722,-12.686335563659668,-14.00735855102539,-12.615313529968262,-6.4505414962768555,-0.001677297754213214,5.0,5
3723,-12.315353393554688,-1.3232143828645349e-05,-12.130694389343262,-15.887796401977539,-16.12217140197754,5.0,2
3724,-0.010609414428472519,-4.5574846267700195,-9.71373462677002,-13.31529712677002,-14.09654712677002,3.0,1
3725,-11.561017990112305,-0.014142762869596481,-4.279767990112305,-8.607892990112305,-12.975080490112305,3.0,2
3726,-0.33778631687164307,-1.2610822916030884,-5.763922214508057,-9.006819725036621,-12.319319725036621,1.0,1
3727,-10.749370574951172,-1.7436898946762085,-0.195393905043602,-5.976644039154053,-10.10022258758545,2.0,3
3728,-13.599501609802246,-14.451774597167969,-12.448933601379395,-3.9262068271636963,-0.019956868141889572,3.0,5
3729,-0.052939631044864655,-2.9748146533966064,-7.615439414978027,-12.021689414978027,-13.138876914978027,3.0,1
3730,-14.771760940551758,-16.084260940551758,-14.287385940551758,-4.279573440551758,-0.013948576524853706,5.0,5
3731,-12.808286666870117,-14.143513679504395,-12.090956687927246,-4.079594135284424,-0.017093945294618607,2.0,5
3732,-11.474038124084473,-13.036538124084473,-10.208413124084473,-3.8802881240844727,-0.02091320976614952,4.0,5
3733,-11.15360164642334,-0.36453932523727417,-1.192664384841919,-6.19266414642334,-11.89578914642334,5.0,2
3734,-7.856268882751465,-0.6261547207832336,-0.768200695514679,-6.847746849060059,-10.51891040802002,5.0,2
3735,-12.936087608337402,-8.4638240878121e-06,-12.139212608337402,-15.295462608337402,-15.592337608337402,5.0,2
3736,-15.196488380432129,-16.102737426757812,-14.055863380432129,-4.094925403594971,-0.01680057682096958,4.0,5
3737,-17.422582626342773,-15.485082626342773,-9.453832626342773,-0.0007076143519952893,-7.391332626342773,4.0,4
3738,-12.316184043884277,-13.948996543884277,-12.323996543884277,-5.613059043884277,-0.003684044349938631,5.0,5
3739,-15.624181747436523,-14.256994247436523,-10.131994247436523,-0.006994405761361122,-4.975744247436523,4.0,4
3740,-14.315961837768555,-14.800336837768555,-12.253461837768555,-2.2378368377685547,-0.11283693462610245,4.0,5
3741,-8.460031509399414,-0.3776451349258423,-1.1588951349258423,-7.707190990447998,-10.996963500976562,3.0,2
3742,-13.899402618408203,-12.755936622619629,-9.304231643676758,-0.02866360917687416,-3.579801559448242,5.0,4
3743,-12.77366828918457,-3.7111690044403076,-0.03219110518693924,-4.9327592849731445,-12.14866828918457,2.0,3
3744,-16.852312088012695,-13.313249588012695,-7.266374588012695,-0.0007495454628951848,-9.953874588012695,3.0,4
3745,-14.695116996765137,-14.038866996765137,-8.632616996765137,-0.07011739909648895,-2.695117473602295,2.0,4
3746,-14.162569046020508,-15.217256546020508,-12.623506546020508,-1.8969441652297974,-0.16256913542747498,4.0,5
3747,-14.39700698852539,-14.62356948852539,-12.02200698852539,-0.4126318097114563,-1.0845067501068115,3.0,4
3748,-13.542545318603516,-9.387715339660645,-1.0922613143920898,-0.41044336557388306,-7.4033403396606445,1.0,4
3749,-10.466230392456055,-0.04719734936952591,-3.1011734008789062,-7.021629333496094,-9.468360900878906,4.0,2
3750,-10.57629680633545,-1.2723195552825928,-0.39163750410079956,-3.1473195552825928,-7.661523342132568,5.0,3
3751,-6.051013946533203,-0.2555597722530365,-1.5055598020553589,-6.761240005493164,-9.933115005493164,4.0,2
3752,-16.514034271240234,-13.91247272491455,-5.099972248077393,-0.00622228067368269,-10.36559772491455,4.0,4
3753,-14.96011734008789,-8.85074234008789,-0.42886728048324585,-1.0538673400878906,-11.10074234008789,3.0,3
3754,-13.116464614868164,-8.178964614868164,-1.0852141380310059,-0.41333919763565063,-9.507089614868164,5.0,4
3755,-12.745513916015625,-13.384718894958496,-11.062275886535645,-2.724208354949951,-0.06795823574066162,4.0,5
3756,-9.268485069274902,-10.221610069274902,-7.299735069274902,-2.0184853076934814,-0.14348530769348145,3.0,5
3757,-10.993853569030762,-10.509478569030762,-6.415728569030762,-0.4469783306121826,-1.0251033306121826,4.0,4
3758,-14.911486625671387,-16.216175079345703,-14.184924125671387,-5.255236625671387,-0.005236718337982893,5.0,5
3759,-15.062089920043945,-10.671464920043945,-2.8120903968811035,-0.06209029629826546,-9.905839920043945,4.0,4
3760,-13.843512535095215,-9.663825035095215,-2.5075745582580566,-0.08569957315921783,-9.929450035095215,2.0,4
3761,-14.243668556213379,-9.918384552001953,-1.637134313583374,-0.2166803479194641,-10.685429573059082,1.0,4
3762,-14.363720893859863,-15.355908393859863,-13.199658393859863,-2.7387208938598633,-0.0668458491563797,4.0,5
3763,-9.661550521850586,-0.9271758198738098,-0.5053008198738098,-6.974050998687744,-12.403738021850586,2.0,3
3764,-13.020195960998535,-13.829854965209961,-12.09689998626709,-2.657979965209961,-0.07275398075580597,3.0,5
3765,-13.064260482788086,-13.682157516479492,-11.62960147857666,-2.3966476917266846,-0.09551164507865906,2.0,5
3766,-13.861401557922363,-14.41537857055664,-12.334412574768066,-2.8173670768737793,-0.06168510764837265,4.0,5
3767,-17.393577575683594,-14.737327575683594,-5.846702575683594,-0.0029525042045861483,-10.284202575683594,4.0,4
3768,-14.879339218139648,-11.512151718139648,-3.6059019565582275,-0.027777034789323807,-8.605901718139648,3.0,4
3769,-15.882878303527832,-13.887139320373535,-7.487991809844971,-0.002195925684645772,-6.436855792999268,4.0,4
3770,-12.194230079650879,-12.393094062805176,-9.957014083862305,-1.4911049604415894,-0.25530898571014404,4.0,5
3771,-15.252656936645508,-13.447969436645508,-7.70578145980835,-0.0026566232554614544,-6.12765645980835,3.0,4
3772,-15.828176498413086,-11.820363998413086,-3.773488998413086,-0.023488955572247505,-8.539113998413086,5.0,4
3773,-14.406866073608398,-8.188116073608398,-0.7662412524223328,-0.6256162524223328,-10.938116073608398,4.0,4
3774,-14.134801864624023,-14.94446086883545,-13.033949851989746,-4.17741584777832,-0.015483997762203217,4.0,5
3775,-13.509346008300781,-13.303380012512207,-9.922698974609375,-0.33463138341903687,-1.257927417755127,3.0,4
3776,-12.581604957580566,-12.22649097442627,-8.107172966003418,-0.06739985942840576,-2.737855911254883,5.0,4
3777,-11.543194770812988,-2.651149272918701,-0.08012735843658447,-5.051717281341553,-11.734956741333008,4.0,3
3778,-13.07204818725586,-9.584832191467285,-2.7524471282958984,-0.06778714805841446,-7.6388092041015625,5.0,4
3779,-13.433403968811035,-12.831841468811035,-7.777153968811035,-0.04277903959155083,-3.183403968811035,3.0,4
3780,-11.46175479888916,-13.27425479888916,-10.33675479888916,-3.24300479888916,-0.039879776537418365,5.0,5
3781,-11.582357406616211,-12.949544906616211,-9.488607406616211,-2.00423264503479,-0.14485760033130646,1.0,5
3782,-13.775877952575684,-15.854002952575684,-14.072752952575684,-6.018065929412842,-0.0024409282486885786,4.0,5
3783,-11.79331111907959,-7.432516574859619,-1.2819485664367676,-0.33024266362190247,-8.583084106445312,4.0,4
3784,-14.07152271270752,-9.61839771270752,-1.436581015586853,-0.27180710434913635,-9.47635269165039,4.0,4
3785,-14.490340232849121,-9.513777732849121,-4.299290180206299,-0.013777279295027256,-10.576277732849121,2.0,4
3786,-15.704361915588379,-15.719986915588379,-11.344986915588379,-0.0012365083675831556,-6.714304447174072,3.0,4
3787,-0.053971245884895325,-2.9516992568969727,-8.23578929901123,-11.78692626953125,-13.455960273742676,4.0,1
3788,-9.66025447845459,-1.9571295976638794,-0.160254567861557,-5.00400447845459,-10.62119197845459,3.0,3
3789,-13.444380760192871,-13.863414764404297,-11.413130760192871,-1.100630521774292,-0.40460842847824097,4.0,5
3790,-14.887307167053223,-14.645830154418945,-11.875944137573242,-0.28503429889678955,-1.3944092988967896,5.0,4
3791,-10.95042610168457,-4.2529826164245605,-0.04843856021761894,-3.414914608001709,-10.005824089050293,5.0,3
3792,-16.048904418945312,-14.236404418945312,-6.3301544189453125,-0.0020293849520385265,-8.548904418945312,4.0,4
3793,-14.691670417785645,-14.324482917785645,-9.191670417785645,-0.20729531347751617,-1.676045298576355,4.0,4
3794,-17.454757690429688,-14.657882690429688,-6.4860076904296875,-0.001632668194361031,-9.251632690429688,4.0,4
3795,-13.652862548828125,-14.215362548828125,-10.824737548828125,-1.3247379064559937,-0.30911287665367126,3.0,5
3796,-15.682243347167969,-16.88536834716797,-15.018180847167969,-5.971305847167969,-0.0025557968765497208,5.0,5
3797,-15.179483413696289,-16.41385841369629,-14.234170913696289,-4.882607936859131,-0.0076081277802586555,4.0,5
3798,-13.128554344177246,-14.087361335754395,-12.269179344177246,-3.263498544692993,-0.039066608995199203,4.0,5
3799,-15.306340217590332,-16.431339263916016,-14.689152717590332,-6.407902717590332,-0.0016525434330105782,5.0,5
3800,-11.500532150268555,-12.23206615447998,-11.095703125,-4.724965572357178,-0.009055497124791145,5.0,5
3801,-15.063932418823242,-14.630693435668945,-13.11790943145752,-1.2993727978027891e-05,-12.159103393554688,3.0,4
3802,-15.723014831542969,-17.292617797851562,-16.355117797851562,-13.08096981048584,-3.3378546504536644e-06,5.0,5
3803,-12.944151878356934,-14.030799865722656,-12.454094886779785,-4.527958869934082,-0.010912974365055561,3.0,5
3804,-15.478846549987793,-13.980267524719238,-8.767199516296387,-0.0029958863742649555,-5.94049596786499,4.0,4
3805,-16.227191925048828,-11.555316925048828,-1.9771922826766968,-0.14906729757785797,-11.852191925048828,4.0,4
3806,-13.219573020935059,-14.888607025146484,-13.255084991455078,-6.124402046203613,-0.002243860624730587,5.0,5
3807,-4.257500648498535,-0.1381826549768448,-2.1694326400756836,-7.3682966232299805,-12.510340690612793,2.0,2
3808,-15.363692283630371,-13.36795425415039,-7.586703300476074,-0.0014771036803722382,-7.373635292053223,4.0,4
3809,-12.5183687210083,-13.107857704162598,-10.998482704162598,-2.3195059299468994,-0.10359787195920944,4.0,5
3810,-15.229802131652832,-16.01105308532715,-13.401677131652832,-4.511052131652832,-0.011052222922444344,4.0,5
3811,-12.94189167022705,-7.684079170227051,-0.4809541702270508,-0.9653291702270508,-7.980954170227051,4.0,3
3812,-11.857325553894043,-2.169825315475464,-0.12295033782720566,-6.513575553894043,-12.794825553894043,1.0,3
3813,-14.227213859558105,-6.3990888595581055,-0.039714012295007706,-3.2897140979766846,-12.469401359558105,4.0,3
3814,-14.043797492980957,-12.28243350982666,-7.49550199508667,-0.009706089273095131,-4.711410045623779,5.0,4
3815,-13.516043663024902,-9.086356163024902,-0.008231050334870815,-4.820731163024902,-11.453543663024902,4.0,3
3816,-1.3166227340698242,-0.32230478525161743,-4.910372734069824,-10.585088729858398,-13.010514259338379,2.0,2
3817,-12.241540908813477,-3.974497079849243,-0.03983716666698456,-3.903473138809204,-10.309722900390625,2.0,3
3818,-10.217432975769043,-1.850955843925476,-0.17481979727745056,-5.757205963134766,-9.53703498840332,2.0,3
3819,-11.539681434631348,-12.732863426208496,-10.580875396728516,-2.924623966217041,-0.05530605465173721,2.0,5
3820,-14.618368148803711,-14.907430648803711,-11.524618148803711,-1.4777426719665527,-0.2589927315711975,4.0,5
3821,-16.48528289794922,-14.704033851623535,-7.594658374786377,-0.0009084388730116189,-7.875908374786377,4.0,4
3822,-12.173799514770508,-12.63544750213623,-11.115561485290527,-2.7774932384490967,-0.06442524492740631,4.0,5
3823,-13.98015308380127,-10.54265308380127,-4.1483970562694594e-05,-11.68327808380127,-13.88640308380127,4.0,3
3824,-11.324294090270996,-12.07713508605957,-10.798726081848145,-4.598442554473877,-0.010374663397669792,2.0,5
3825,-12.9669828414917,-5.239710807800293,-0.05505076423287392,-3.0380048751831055,-8.204197883605957,4.0,3
3826,-14.881003379821777,-14.753162384033203,-12.047196388244629,-3.723332166671753,-0.02446821890771389,4.0,5
3827,-9.869338035583496,-3.0795657634735107,-0.36649778485298157,-1.3480308055877686,-7.035531044006348,4.0,3
3828,-16.041996002197266,-13.768559455871582,-5.924808979034424,-0.0029341999907046556,-8.737309455871582,4.0,4
3829,-12.095242500305176,-12.784163475036621,-12.215981483459473,-10.447515487670898,-7.354942499659956e-05,4.0,5
3830,-13.741328239440918,-14.962919235229492,-13.435930252075195,-5.204395771026611,-0.005533852614462376,5.0,5
3831,-13.04439640045166,-14.230475425720215,-12.589850425720215,-5.38814640045166,-0.0046243867836892605,5.0,5
3832,-11.993919372558594,-12.363237380981445,-9.891646385192871,-1.4257371425628662,-0.27516916394233704,3.0,5
3833,-16.618980407714844,-12.056480407714844,-2.665855884552002,-0.07210588455200195,-11.134605407714844,4.0,4
3834,-14.25168228149414,-15.22824478149414,-12.89230728149414,-3.6969943046569824,-0.025119325146079063,5.0,5
3835,-10.887508392333984,-4.239780426025391,-0.33353254199028015,-1.3136446475982666,-8.785235404968262,5.0,3
3836,-12.794404029846191,-13.653779029846191,-11.771677017211914,-2.3966782093048096,-0.0955423042178154,3.0,5
3837,-13.955676078796387,-14.27527904510498,-11.363347053527832,-0.6247113943099976,-0.7667573690414429,4.0,4
3838,-14.680902481079102,-15.469255447387695,-13.558743476867676,-2.7533459663391113,-0.06584585458040237,3.0,5
3839,-13.274893760681152,-13.317506790161133,-9.191086769104004,-0.21381482481956482,-1.6484729051589966,2.0,4
3840,-14.223519325256348,-9.76329231262207,-1.524656057357788,-0.2462461292743683,-8.46357536315918,5.0,4
3841,-14.966411590576172,-13.751922607421875,-9.732036590576172,-0.016127020120620728,-4.149651050567627,4.0,4
3842,-12.362143516540527,-13.356461524963379,-12.070950508117676,-5.501348495483398,-0.004190474282950163,5.0,5
3843,-13.736973762512207,-13.495495796203613,-10.519643783569336,-0.1929410994052887,-1.7412351369857788,4.0,4
3844,-12.15146541595459,-12.371635437011719,-10.191238403320312,-2.435556173324585,-0.09180625528097153,3.0,5
3845,-14.388368606567383,-5.517632007598877,-0.007687034551054239,-5.617062091827393,-12.304561614990234,4.0,3
3846,-12.669715881347656,-13.209488868713379,-10.993579864501953,-2.911193370819092,-0.056079305708408356,5.0,5
3847,-12.980863571166992,-12.785551071166992,-8.410551071166992,-0.2074260115623474,-1.6761760711669922,3.0,4
3848,-13.363391876220703,-13.089954376220703,-8.761829376220703,-0.41807934641838074,-1.0743293762207031,4.0,4
3849,-14.887089729309082,-15.410527229309082,-12.621464729309082,-2.168339252471924,-0.1214643195271492,4.0,5
3850,-15.15248966217041,-13.66030216217041,-7.988426685333252,-0.004051810130476952,-5.613426685333252,4.0,4
3851,-12.782463073730469,-12.427349090576172,-9.281042098999023,-0.11911041289567947,-2.192974328994751,5.0,4
3852,-0.11158820986747742,-2.2522132396698,-7.845963001251221,-11.994400978088379,-13.994400978088379,2.0,1
3853,-16.707387924194336,-18.71733283996582,-17.47443389892578,-13.901989936828613,-1.311301275563892e-06,5.0,5
3854,-13.305509567260742,-7.5881805419921875,-0.315452516078949,-1.3097724914550781,-10.031362533569336,5.0,3
3855,-12.752699851989746,-6.339348316192627,-0.09644930064678192,-2.408949375152588,-8.92457389831543,3.0,3
3856,-15.260213851928711,-13.971151351928711,-7.580525875091553,-0.0024010895285755396,-6.299275875091553,3.0,4
3857,-13.446525573730469,-12.984878540039062,-9.959310531616211,-0.8399930000305176,-0.5658440589904785,4.0,5
3858,-15.340434074401855,-11.856059074401855,-2.5357468128204346,-0.08262192457914352,-10.207621574401855,4.0,4
3859,-12.707924842834473,-8.794572830200195,-1.7065050601959229,-0.2008231282234192,-9.050253868103027,1.0,4
3860,-0.011224105022847652,-4.508382320404053,-9.320881843566895,-12.461506843566895,-11.227131843566895,1.0,1
3861,-7.664324760437012,-0.6898925304412842,-0.7183005809783936,-4.581936836242676,-9.870999336242676,5.0,2
3862,-10.48592758178711,-3.6535418033599854,-0.032802827656269073,-5.064053058624268,-10.88436508178711,1.0,3
3863,-13.716676712036133,-14.5547456741333,-12.7578706741333,-4.121507167816162,-0.01639314368367195,3.0,5
3864,-12.881939888000488,-14.514752388000488,-12.311627388000488,-4.97568941116333,-0.0069394768215715885,5.0,5
3865,-6.954754829406738,-1.3610045909881592,-0.32975465059280396,-3.751629590988159,-10.009442329406738,1.0,3
3866,-12.315078735351562,-13.635391235351562,-11.893203735351562,-5.971329212188721,-0.0025789830833673477,3.0,5
3867,-7.323216915130615,-1.1825917959213257,-0.3857167661190033,-4.354466915130615,-10.909153938293457,5.0,3
3868,-12.167983055114746,-13.199233055114746,-9.152358055114746,-0.8086082935333252,-0.5898582935333252,4.0,5
3869,-11.919236183166504,-13.309861183166504,-10.364548683166504,-2.223923444747925,-0.114548459649086,4.0,5
3870,-13.715739250183105,-9.163183212280273,-3.2256827354431152,-0.041022781282663345,-9.212898254394531,5.0,4
3871,-13.21695613861084,-6.107580661773682,-0.13883082568645477,-2.0607059001922607,-10.73258113861084,3.0,3
3872,-14.544891357421875,-8.716766357421875,-0.5761417150497437,-0.8261417150497437,-10.669891357421875,4.0,3
3873,-0.00031704644788987935,-8.234691619873047,-12.250316619873047,-15.359691619873047,-11.469066619873047,1.0,1
3874,-10.882967948913574,-2.8126559257507324,-0.07828089594841003,-4.187655925750732,-10.234530448913574,4.0,3
3875,-12.821951866149902,-13.006610870361328,-10.265132904052734,-0.8617242574691772,-0.5492242574691772,4.0,5
3876,-13.451421737670898,-6.086365699768066,-0.14886577427387238,-1.9954558610916138,-10.049432754516602,4.0,3
3877,-15.707374572753906,-16.637773513793945,-14.791181564331055,-5.8707275390625,-0.0028284089639782906,4.0,5
3878,-12.732409477233887,-5.06195592880249,-0.033545833081007004,-3.627295732498169,-10.757977485656738,5.0,3
3879,-14.824920654296875,-14.192108154296875,-9.903045654296875,-0.02804575487971306,-3.590545654296875,3.0,4
3880,-15.264908790588379,-12.502124786376953,-7.3174662590026855,-0.0021261009387671947,-6.554681301116943,3.0,4
3881,-13.293421745300293,-14.543421745300293,-12.254359245300293,-2.449671983718872,-0.09029704332351685,5.0,5
3882,-13.453190803527832,-9.731600761413574,-2.5156922340393066,-0.0867142453789711,-8.06966781616211,3.0,4
3883,-14.18371868133545,-9.673776626586914,-0.15957054495811462,-1.918094515800476,-9.097070693969727,1.0,3
3884,-5.7164506912231445,-0.7022468447685242,-0.6908828616142273,-9.29599666595459,-12.487757682800293,1.0,3
3885,-14.926509857177734,-16.354066848754883,-13.640997886657715,-7.916565895080566,-0.00037281715776771307,5.0,5
3886,-14.942748069763184,-8.429963111877441,-0.013770577497780323,-4.310645580291748,-11.07627010345459,2.0,3
3887,-12.466114044189453,-8.432023048400879,-1.1592966318130493,-0.37804660201072693,-8.162137031555176,4.0,4
3888,-13.379222869873047,-12.68320083618164,-8.031211853027344,-0.09087217599153519,-2.448826313018799,5.0,4
3889,-14.769499778747559,-13.590522766113281,-8.434272766113281,-0.010976411402225494,-4.556432247161865,4.0,4
3890,-13.525670051574707,-11.56544303894043,-4.591012001037598,-0.017147967591881752,-4.988738059997559,3.0,4
3891,-13.518457412719727,-13.624992370605469,-10.897719383239746,-0.25851425528526306,-1.480106234550476,5.0,4
3892,-13.746981620788574,-14.004794120788574,-10.231356620788574,-0.26260629296302795,-1.4657312631607056,5.0,4
3893,-13.189035415649414,-14.048410415649414,-12.350967407226562,-3.8566503524780273,-0.021422307938337326,4.0,5
3894,-14.180206298828125,-13.50549030303955,-9.180207252502441,-0.018275564536452293,-4.0239577293396,5.0,4
3895,-14.125452041625977,-11.178008079528809,-3.9407920837402344,-0.020337972790002823,-9.608406066894531,3.0,4
3896,-14.719273567199707,-12.965011596679688,-6.409613609313965,-0.003365331096574664,-6.39540958404541,2.0,4
3897,-14.150527954101562,-15.713027954101562,-13.963027954101562,-6.173965930938721,-0.002090889262035489,4.0,5
3898,-13.763607025146484,-6.904232025146484,-0.10735724121332169,-2.2948572635650635,-11.482357025146484,2.0,3
3899,-13.215641021728516,-13.123311042785645,-9.913084030151367,-0.23978957533836365,-1.5466076135635376,4.0,4
3900,-15.299064636230469,-15.760712623596191,-13.51639461517334,-3.3743486404418945,-0.03485969826579094,3.0,5
3901,-14.351692199707031,-16.25012969970703,-14.601692199707031,-8.968879699707031,-0.00012981049076188356,5.0,5
3902,-12.049184799194336,-7.716797828674316,-1.0548675060272217,-0.42986756563186646,-8.995207786560059,1.0,4
3903,-14.841967582702637,-8.357592582702637,-0.3263421952724457,-1.279467225074768,-11.701342582702637,2.0,3
3904,-13.522750854492188,-13.79263687133789,-10.681841850280762,-0.5255930423736572,-0.8949110507965088,4.0,4
3905,-14.104957580566406,-15.106377601623535,-13.508366584777832,-4.978537082672119,-0.006946934852749109,5.0,5
3906,-14.334911346435547,-7.913036823272705,-0.16303682327270508,-1.897411823272705,-9.944286346435547,4.0,3
3907,-14.41660213470459,-10.410920143127441,-1.788761854171753,-0.18364791572093964,-9.899556159973145,3.0,4
3908,-14.157435417175293,-13.482719421386719,-9.406015396118164,-0.016811011359095573,-4.1077189445495605,4.0,4
3909,-15.046173095703125,-11.460235595703125,-3.819610118865967,-0.022735176607966423,-9.788360595703125,4.0,4
3910,-14.405863761901855,-7.509557723999023,-0.08057959377765656,-2.566375494003296,-11.060693740844727,3.0,3
3911,-14.283642768859863,-8.168585777282715,-0.21404148638248444,-1.6486995220184326,-10.625972747802734,3.0,3
3912,-14.560351371765137,-15.810351371765137,-14.122851371765137,-5.177539348602295,-0.005664132069796324,4.0,5
3913,-15.198270797729492,-11.945430755615234,-3.607362985610962,-0.02781691774725914,-9.573270797729492,4.0,4
3914,-16.210172653198242,-13.603636741638184,-5.940285682678223,-0.002785732736811042,-9.207329750061035,3.0,4
3915,-16.785297393798828,-13.707173347473145,-5.535297870635986,-0.004048010800033808,-10.066548347473145,3.0,4
3916,-14.56531047821045,-15.89343547821045,-14.34656047821045,-5.877810955047607,-0.002810815814882517,4.0,5
3917,-12.766436576843262,-5.844561576843262,-0.17268653213977814,-1.8601865768432617,-10.766436576843262,3.0,3
3918,-13.270092964172363,-6.918530464172363,-0.19978067278862,-1.7154057025909424,-9.606030464172363,4.0,3
3919,-14.796783447265625,-11.849340438842773,-3.7598519325256348,-0.024055983871221542,-9.839398384094238,3.0,4
3920,-14.568719863891602,-15.33576488494873,-11.136900901794434,-1.1369012594223022,-0.38690122961997986,4.0,5
3921,-14.518620491027832,-10.392200469970703,-1.4419156312942505,-0.2700406610965729,-9.410665512084961,3.0,4
3922,-15.5543851852417,-12.01745319366455,-3.565748453140259,-0.028816508129239082,-10.170862197875977,4.0,4
3923,-13.412774085998535,-13.668456077575684,-10.500843048095703,-0.8133426308631897,-0.5860705971717834,3.0,5
3924,-13.41927433013916,-14.24313735961914,-12.218990325927734,-2.737455368041992,-0.06700126826763153,3.0,5
3925,-14.780328750610352,-9.772516250610352,-1.2568910121917725,-0.3350159525871277,-10.256891250610352,3.0,4
3926,-14.023735046386719,-8.157258987426758,-0.2311229705810547,-1.5805549621582031,-9.77657699584961,4.0,3
3927,-18.261470794677734,-14.67340087890625,-6.610901355743408,-0.0015262633096426725,-9.75152587890625,4.0,4
3928,-16.265466690063477,-15.994868278503418,-14.299555778503418,-5.924556255340576,-0.0026811149436980486,5.0,5
3929,-12.308259963989258,-8.245760917663574,-1.2287147045135498,-0.34803274273872375,-8.430419921875,2.0,4
3930,-13.05182933807373,-13.705238342285156,-11.034784317016602,-1.4041035175323486,-0.2819436192512512,3.0,5
3931,-13.390466690063477,-13.6177396774292,-10.528250694274902,-0.42881906032562256,-1.0538190603256226,4.0,4
3932,-13.730348587036133,-13.701939582824707,-10.441995620727539,-0.29995104670524597,-1.3510870933532715,1.0,4
3933,-14.869233131408691,-8.002045631408691,-0.15829573571681976,-1.923920750617981,-11.283295631408691,3.0,3
3934,-16.36922836303711,-13.056729316711426,-4.048916339874268,-0.017666365951299667,-10.455166816711426,5.0,4
3935,-13.503664016723633,-13.503664016723633,-9.824687004089355,-0.26502758264541626,-1.45820951461792,5.0,4
3936,-15.031187057495117,-12.36783504486084,-4.640562057495117,-0.009881744161248207,-9.20022201538086,3.0,4
3937,-14.38254165649414,-7.450722694396973,-0.10697481036186218,-2.2944748401641846,-11.058677673339844,3.0,3
3938,-13.0064058303833,-14.4126558303833,-11.8814058303833,-2.709530830383301,-0.06890571862459183,4.0,5
3939,-14.2741117477417,-15.7897367477417,-13.9225492477417,-4.774111747741699,-0.008486516773700714,5.0,5
3940,-13.655986785888672,-8.712804794311523,-0.658828854560852,-0.7298508882522583,-9.25257682800293,3.0,3
3941,-13.078495025634766,-13.75321102142334,-11.146677017211914,-1.8000861406326294,-0.18076808750629425,3.0,5
3942,-13.632352828979492,-13.334057807922363,-9.605364799499512,-0.04570499807596207,-3.113887071609497,3.0,4
3943,-14.211854934692383,-14.500917434692383,-11.789979934692383,-0.7743552327156067,-0.6181052327156067,4.0,5
3944,-15.239799499511719,-12.100594520568848,-3.6488912105560303,-0.026731140911579132,-9.742639541625977,4.0,4
3945,-14.700196266174316,-12.235708236694336,-5.275481224060059,-0.005595378577709198,-8.045367240905762,3.0,4
3946,-13.1043701171875,-8.814598083496094,-1.1015299558639526,-0.4055079519748688,-9.183916091918945,3.0,4
3947,-13.483268737792969,-13.07133674621582,-10.429291725158691,-0.08838285505771637,-2.4747469425201416,4.0,4
3948,-10.0808744430542,-3.688829183578491,-0.12348730117082596,-2.410419225692749,-6.930305480957031,1.0,3
3949,-1.1525814533233643,-0.38695642352104187,-5.293206214904785,-11.199456214904785,-14.722893714904785,3.0,2
3950,-15.222517013549805,-12.211153030395508,-4.682744026184082,-0.009449752978980541,-9.199790000915527,3.0,4
3951,-12.598840713500977,-12.662760734558105,-9.772135734558105,-0.567590594291687,-0.8374766111373901,4.0,4
3952,-14.030774116516113,-12.525092124938965,-6.466853618621826,-0.01799144223332405,-4.123103618621826,3.0,4
3953,-12.715618133544922,-3.1701650619506836,-0.045165155082941055,-6.153119087219238,-10.6914701461792,3.0,3
3954,-14.449883460998535,-11.147326469421387,-3.77516770362854,-0.025167685002088547,-9.684257507324219,4.0,4
3955,-14.576027870178223,-10.708840370178223,-2.9744656085968018,-0.052590545266866684,-9.786965370178223,4.0,4
3956,-13.953780174255371,-13.442416191101074,-10.289007186889648,-0.07593955099582672,-2.618553638458252,3.0,4
3957,-14.570965766906738,-9.992840766906738,-1.7272158861160278,-0.19596587121486664,-9.633465766906738,4.0,4
3958,-13.52323055267334,-8.99198055267334,-1.5388554334640503,-0.2419804185628891,-9.13260555267334,3.0,4
3959,-13.956844329833984,-14.80201530456543,-13.132981300354004,-4.205425262451172,-0.015083542093634605,5.0,5
3960,-15.840555191040039,-11.668680191040039,-2.85617995262146,-0.05930498614907265,-10.418680191040039,4.0,4
3961,-16.222881317138672,-14.312369346618652,-7.345040798187256,-0.001290561049245298,-7.501290798187256,4.0,4
3962,-12.929876327514648,-13.234563827514648,-10.484563827514648,-1.2345638275146484,-0.34393879771232605,3.0,5
3963,-13.980024337768555,-15.215819358825684,-13.632012367248535,-5.91184139251709,-0.0027514954563230276,3.0,5
3964,-13.803967475891113,-6.751410961151123,-0.0042511336505413055,-5.7997050285339355,-11.396296501159668,3.0,3
3965,-13.834696769714355,-13.02503776550293,-8.1954927444458,-0.013674863614141941,-4.331856727600098,3.0,4
3966,-14.224102020263672,-13.925806999206543,-9.2098970413208,-0.09057898819446564,-2.4485349655151367,4.0,4
3967,-13.916980743408203,-14.889991760253906,-13.157037734985352,-4.037720680236816,-0.01783289946615696,4.0,5
3968,-13.709746360778809,-12.104632377624512,-6.99099588394165,-0.002359703416004777,-7.189859867095947,5.0,4
3969,-13.19825267791748,-13.475240707397461,-11.124388694763184,-0.5988214612007141,-0.797685444355011,2.0,4
3970,-14.945991516113281,-12.765593528747559,-6.167581081390381,-0.0028092702850699425,-8.127809524536133,3.0,4
3971,-17.866783142089844,-15.487521171569824,-8.84689712524414,-0.0003054867556784302,-9.45343017578125,4.0,4
3972,-14.302677154541016,-12.853814125061035,-7.818302154541016,-0.005802098195999861,-5.289894104003906,3.0,4
3973,-12.612692832946777,-4.118374347686768,-0.027464400976896286,-4.530306339263916,-11.55445384979248,3.0,3
3974,-14.075748443603516,-6.341374397277832,-0.02035023644566536,-3.997624158859253,-12.05870246887207,5.0,3
3975,-12.488635063171387,-12.737214088439941,-9.775567054748535,-0.42897674441337585,-1.0539767742156982,4.0,4
3976,-1.99567711353302,-0.1632910966873169,-4.225790977478027,-10.198801040649414,-12.815278053283691,1.0,2
3977,-0.0018966082716360688,-6.351328372955322,-10.697919845581055,-13.098487854003906,-12.026044845581055,2.0,1
3978,-11.674399375915527,-12.270280838012695,-8.349825859069824,-0.04016748443245888,-3.2503936290740967,3.0,4
3979,-8.153101921081543,-1.479096531867981,-0.2717105448246002,-4.646710395812988,-9.239039421081543,3.0,3
3980,-13.836455345153809,-9.930205345153809,-1.8478198051452637,-0.17168189585208893,-9.972819328308105,3.0,4
3981,-13.048784255981445,-4.199352264404297,-0.023216212168335915,-4.838558197021484,-11.656739234924316,3.0,3
3982,-13.98292064666748,-7.065308094024658,-0.07667206972837448,-2.619286060333252,-10.70167064666748,3.0,3
3983,-12.164347648620605,-12.902984619140625,-10.637359619140625,-1.148723840713501,-0.38167786598205566,4.0,5
3984,-12.886568069458008,-5.04565954208374,-0.031455643475055695,-3.7104318141937256,-11.03997802734375,3.0,3
3985,-11.965813636779785,-1.9018946886062622,-0.16893872618675232,-5.095074653625488,-11.360699653625488,2.0,3
3986,-14.872233390808105,-14.090983390808105,-8.394960403442383,-0.014278389513492584,-4.275642395019531,3.0,4
3987,-10.603221893310547,-13.52438735961914,-10.165721893310547,-4.753079891204834,-0.00876200757920742,4.0,5
3988,-14.239585876464844,-13.060608863830566,-7.890154838562012,-0.006632694508880377,-5.091858863830566,3.0,4
3989,-13.119391441345215,-6.819675922393799,-0.11513010412454605,-2.2316081523895264,-9.447516441345215,4.0,3
3990,-14.409934997558594,-10.290616989135742,-1.6258454322814941,-0.21959541738033295,-9.253684997558594,3.0,4
3991,-14.174612998962402,-15.440237998962402,-13.283987998962402,-4.557425498962402,-0.010550673119723797,5.0,5
3992,-17.855281829833984,-15.88795280456543,-11.086816787719727,-0.00016830935783218592,-8.797042846679688,1.0,4
3993,-15.181041717529297,-13.554621696472168,-7.148372173309326,-0.0034860337618738413,-5.940986156463623,4.0,4
3994,-12.83649730682373,-12.708656311035156,-8.937349319458008,-0.3862130343914032,-1.1390550136566162,4.0,4
3995,-13.57271671295166,-13.906523704528809,-10.717602729797363,-0.7744219303131104,-0.6181719303131104,5.0,5
3996,-13.55601978302002,-8.279031753540039,-0.40971383452415466,-1.0915318727493286,-9.88414478302002,4.0,3
3997,-14.21651840209961,-9.365667343139648,-0.6724848747253418,-0.7150988578796387,-9.777599334716797,4.0,3
3998,-13.166895866394043,-13.526270866394043,-9.963770866394043,-1.963770866394043,-0.15127086639404297,3.0,5
3999,-12.795248985290527,-13.683032989501953,-12.227066993713379,-5.529624938964844,-0.004057034384459257,5.0,5
4000,-13.771183013916016,-8.728569030761719,-0.47572922706604004,-0.9728872776031494,-9.25413703918457,4.0,3
4001,-11.37837028503418,-3.6226885318756104,-0.0431443527340889,-4.176666259765625,-9.716438293457031,3.0,3
4002,-15.031403541564941,-13.703278541564941,-7.368050575256348,-0.010096312500536442,-4.669186592102051,3.0,4
4003,-16.518287658691406,-13.85422420501709,-6.03391170501709,-0.002661735750734806,-8.83078670501709,3.0,4
4004,-16.352312088012695,-13.399186134338379,-4.774186134338379,-0.008561218157410622,-9.649186134338379,3.0,4
4005,-15.28514575958252,-12.153043746948242,-3.8291797637939453,-0.022361746057868004,-9.383157730102539,3.0,4
4006,-13.683211326599121,-13.775540351867676,-10.757075309753418,-0.2030976265668869,-1.694575548171997,3.0,4
4007,-13.148542404174805,-13.56757640838623,-11.138599395751953,-0.7976900339126587,-0.5988260507583618,4.0,5
4008,-15.528549194335938,-12.341049194335938,-5.3176116943359375,-0.005111838690936565,-8.739486694335938,3.0,4
4009,-15.06425952911377,-7.876760005950928,-0.06425991654396057,-2.7830100059509277,-12.58769702911377,4.0,3
4010,-14.561507225036621,-13.354121208190918,-8.006109237670898,-0.00895153358578682,-4.7674736976623535,3.0,4
4011,-14.936200141906738,-16.326824188232422,-14.209637641906738,-5.037762641906738,-0.006512607913464308,5.0,5
4012,-15.774930000305176,-10.634305000305176,-1.2905550003051758,-0.32180503010749817,-11.368680000305176,3.0,4
4013,-14.075170516967773,-8.173181533813477,-0.30386367440223694,-1.340795636177063,-10.247045516967773,3.0,3
4014,-15.16097640991211,-11.375465393066406,-2.383988380432129,-0.09705638885498047,-10.09705638885498,3.0,4
4015,-14.744447708129883,-15.611635208129883,-13.900697708129883,-4.603822708129883,-0.010072591714560986,3.0,5
4016,-14.17411994934082,-9.507926940917969,-0.9994046092033386,-0.4596325755119324,-9.32326889038086,3.0,4
4017,-13.971487045288086,-10.190237045288086,-2.018362283706665,-0.14336229860782623,-9.174612045288086,5.0,4
4018,-12.899985313415527,-14.007939338684082,-11.323280334472656,-2.104529857635498,-0.1300978809595108,1.0,5
4019,-13.37514877319336,-13.822591781616211,-10.87514877319336,-0.7899224758148193,-0.6052625179290771,5.0,5
4020,-13.595900535583496,-9.746468544006348,-1.6498781442642212,-0.215218186378479,-8.666922569274902,5.0,4
4021,-16.414196014404297,-14.446866035461426,-8.196866989135742,-0.0008431693422608078,-7.742321014404297,3.0,4
4022,-13.13267993927002,-13.516202926635742,-10.80313491821289,-1.0446114540100098,-0.43381741642951965,4.0,5
4023,-15.555838584899902,-14.251151084899902,-9.266776084899902,-0.0011510183103382587,-7.032401084899902,4.0,4
4024,-11.782320976257324,-3.4939682483673096,-0.04226412996649742,-4.516695976257324,-10.354763984680176,3.0,3
4025,-9.358606338500977,-0.4949694871902466,-0.9495154619216919,-5.7506513595581055,-8.989287376403809,4.0,2
4026,-13.65092945098877,-14.467690467834473,-12.194963455200195,-2.7773501873016357,-0.06428227573633194,4.0,5
4027,-13.240484237670898,-13.510371208190918,-10.75468921661377,-1.2376439571380615,-0.3427579998970032,4.0,5
4028,-13.374059677124023,-7.756162166595459,-0.49764007329940796,-0.9379801154136658,-9.73059368133545,3.0,3
4029,-15.233511924743652,-13.046011924743652,-5.247715950012207,-0.00624005077406764,-7.0658979415893555,3.0,4
4030,-15.509594917297363,-11.816412925720215,-3.222663164138794,-0.04084518924355507,-10.055048942565918,3.0,4
4031,-12.607954025268555,-13.950284004211426,-12.963068008422852,-6.620738983154297,-0.0014210374793037772,4.0,5
4032,-15.125960350036621,-12.902949333190918,-5.360336780548096,-0.005222606472671032,-9.195562362670898,1.0,4
4033,-15.988561630249023,-13.836573600769043,-6.975778102874756,-0.0013460394693538547,-8.538277626037598,3.0,4
4034,-12.946296691894531,-13.251694679260254,-10.197717666625977,-0.7516947984695435,-0.6380587816238403,2.0,5
4035,-12.641464233398438,-13.330384254455566,-11.377259254455566,-2.179816484451294,-0.12015846371650696,4.0,5
4036,-14.40162467956543,-10.3533296585083,-1.6601486206054688,-0.21128466725349426,-9.543670654296875,3.0,4
4037,-3.480276107788086,-0.07118608057498932,-3.281412124633789,-8.113798141479492,-12.715360641479492,2.0,2
4038,-13.898776054382324,-9.836276054382324,-1.824912428855896,-0.17718641459941864,-8.606162071228027,3.0,4
4039,-12.120707511901855,-12.894855499267578,-10.68604850769043,-2.0425827503204346,-0.1391747146844864,3.0,5
4040,-0.00603673979640007,-5.148082733154297,-9.863990783691406,-12.754616737365723,-11.314985275268555,3.0,1
4041,-15.90977954864502,-11.55040454864502,-2.2379047870635986,-0.1129048764705658,-10.78477954864502,3.0,4
4042,-15.176520347595215,-13.450668334960938,-6.582769870758057,-0.0060658883303403854,-5.3753838539123535,3.0,4
4043,-14.028063774108887,-15.128915786743164,-13.232609748840332,-4.191415786743164,-0.01527974009513855,5.0,5
4044,-15.293643951416016,-13.063529968261719,-6.181428909301758,-0.002451155101880431,-9.022336959838867,2.0,4
4045,-14.323322296142578,-9.522186279296875,-0.7295727729797363,-0.6585507392883301,-10.076164245605469,4.0,4
4046,-13.598997116088867,-13.634509086608887,-10.459793090820312,-0.27513429522514343,-1.4257023334503174,4.0,4
4047,-14.148836135864258,-15.148836135864258,-12.851961135864258,-3.469148635864258,-0.03164853900671005,4.0,5
4048,-14.17151927947998,-9.107600212097168,-0.41441813111305237,-1.0820320844650269,-10.045099258422852,5.0,3
4049,-15.157596588134766,-9.298221588134766,-0.5169718861579895,-0.9075968861579895,-10.423221588134766,3.0,3
4050,-12.63012981414795,-13.915641784667969,-11.61450481414795,-3.1272897720336914,-0.04490384832024574,5.0,5
4051,-11.54533576965332,-11.886244773864746,-9.5566987991333,-1.2683463096618652,-0.3308463394641876,5.0,5
4052,-14.462383270263672,-11.47232723236084,-4.135679721832275,-0.016361480578780174,-9.050451278686523,4.0,4
4053,-15.091852188110352,-9.255914688110352,-0.6777898669242859,-0.7090398669242859,-11.005914688110352,4.0,3
4054,-13.88544750213623,-13.672379493713379,-9.865561485290527,-0.05022187530994415,-3.0189719200134277,3.0,4
4055,-12.593945503234863,-13.601758003234863,-11.226758003234863,-3.7580084800720215,-0.023633450269699097,4.0,5
4056,-14.273246765136719,-8.982054710388184,-0.672394335269928,-0.7150083184242249,-10.075803756713867,3.0,3
4057,-13.365431785583496,-13.21628475189209,-9.643841743469238,-0.06997813284397125,-2.6978201866149902,4.0,4
4058,-12.912120819091797,-13.013683319091797,-9.568370819091797,-0.7089961767196655,-0.6777461767196655,4.0,5
4059,-14.598921775817871,-11.900057792663574,-4.641534805297852,-0.010854722931981087,-8.320512771606445,5.0,4
4060,-13.66766357421875,-12.879310607910156,-8.113685607910156,-0.017095819115638733,-4.108004093170166,2.0,4
4061,-13.50658130645752,-13.542093276977539,-9.799195289611816,-0.3815823197364807,-1.1486282348632812,4.0,4
4062,-13.185717582702637,-13.84622859954834,-11.154467582702637,-1.2681050300598145,-0.33060500025749207,2.0,5
4063,-14.092824935913086,-12.58004093170166,-7.033166408538818,-0.0019163592951372266,-7.6865763664245605,3.0,4
4064,-14.341691017150879,-14.326066017150879,-10.849503517150879,-0.13075391948223114,-2.099503993988037,4.0,4
4065,-13.977741241455078,-14.751178741455078,-12.071491241455078,-1.4777414798736572,-0.25899145007133484,5.0,5
4066,-14.213167190551758,-14.424104690551758,-11.736604690551758,-0.8616045117378235,-0.5491045117378235,3.0,5
4067,-12.896306037902832,-13.102272033691406,-10.815340042114258,-0.744318425655365,-0.6448864340782166,4.0,5
4068,-13.208508491516113,-9.834928512573242,-2.675837755203247,-0.07640770822763443,-9.29515552520752,4.0,4
4069,-11.30090618133545,-2.0821566581726074,-0.13613469898700714,-5.959996700286865,-11.634713172912598,3.0,3
4070,-14.416481971740723,-11.859663963317871,-6.128129005432129,-0.005971093196421862,-8.44347095489502,5.0,4
4071,-12.975663185119629,-5.141855716705322,-0.028219841420650482,-3.820833921432495,-10.823675155639648,3.0,3
4072,-14.607921600341797,-9.046842575073242,-0.4388889670372009,-1.0354790687561035,-10.836614608764648,3.0,3
4073,-13.084081649780273,-12.709081649780273,-8.732519149780273,-0.1387689858675003,-2.0450189113616943,5.0,4
4074,-13.37142562866211,-14.124266624450684,-11.943868637084961,-2.7109134197235107,-0.0688694417476654,3.0,5
4075,-12.842296600341797,-13.559626579284668,-11.251387596130371,-1.9687174558639526,-0.150535449385643,5.0,5
4076,-14.913396835327148,-13.99010181427002,-8.301180839538574,-0.019930925220251083,-3.9403867721557617,3.0,4
4077,-13.487621307373047,-14.609780311584473,-12.606939315795898,-3.3455770015716553,-0.035917140543460846,5.0,5
4078,-13.083503723144531,-13.974128723144531,-11.567878723144531,-2.7241287231445312,-0.06787870824337006,4.0,5
4079,-15.651581764221191,-12.356127738952637,-4.941354274749756,-0.008115294389426708,-9.476865768432617,5.0,4
4080,-10.17685604095459,-2.1086740493774414,-0.13424204289913177,-5.48935604095459,-10.83736801147461,1.0,3
4081,-14.067499160766602,-8.960965156555176,-0.6655111312866211,-0.7223291397094727,-9.841647148132324,2.0,3
4082,-13.4913330078125,-12.035367012023926,-7.34076452255249,-0.09644659608602524,-2.406104564666748,4.0,4
4083,-15.030394554138184,-12.047439575195312,-4.163917064666748,-0.01618918962776661,-8.794599533081055,3.0,4
4084,-13.90234088897705,-11.1111478805542,-5.883876323699951,-0.003194232005625963,-8.19921588897705,3.0,4
4085,-14.351304054260254,-10.437952041625977,-2.043065071105957,-0.13965700566768646,-9.898179054260254,3.0,4
4086,-14.778044700622559,-15.801482200622559,-13.715544700622559,-3.9108569622039795,-0.020231904461979866,4.0,5
4087,-15.167433738708496,-10.761183738708496,-1.714308261871338,-0.19868329167366028,-10.167433738708496,3.0,4
4088,-14.229135513305664,-7.221323490142822,-0.1119484230875969,-2.2525734901428223,-10.658823013305664,1.0,3
4089,-15.001129150390625,-12.131811141967773,-6.989765644073486,-0.0011298231547698379,-8.580676078796387,5.0,4
4090,-12.911787986755371,-13.160367965698242,-10.532526969909668,-1.1007080078125,-0.40468597412109375,5.0,5
4091,-13.532793045043945,-4.377963542938232,-0.017167771235108376,-5.414895534515381,-11.899270057678223,5.0,3
4092,-0.007913191802799702,-4.8658671379089355,-9.581777572631836,-12.649958610534668,-12.912742614746094,4.0,1
4093,-15.293463706970215,-12.807668685913086,-6.280679702758789,-0.0022715735249221325,-8.951135635375977,5.0,4
4094,-16.66453742980957,-14.734850883483887,-8.031725883483887,-0.00047565114800818264,-8.906725883483887,3.0,4
4095,-11.347040176391602,-3.9251649379730225,-0.04732481390237808,-3.6552789211273193,-7.704993724822998,5.0,3
4096,-14.581035614013672,-8.835297584533691,-0.4972292184829712,-0.937569260597229,-10.724501609802246,5.0,3
4097,-14.806489944458008,-13.86188793182373,-8.293705940246582,-0.012455533258616924,-4.415865421295166,4.0,4
4098,-14.17780876159668,-15.91999626159668,-14.06843376159668,-5.13093376159668,-0.005933883599936962,5.0,5
4099,-12.837438583374023,-12.958176612854004,-8.810449600219727,-0.44397324323654175,-1.0263593196868896,5.0,4
4100,-14.692203521728516,-6.942203044891357,-0.020328160375356674,-3.960669994354248,-9.535953521728516,4.0,3
4101,-13.021932601928711,-13.483580589294434,-10.656875610351562,-0.86994469165802,-0.5432406663894653,3.0,5
4102,-13.447227478027344,-13.673789978027344,-11.119102478027344,-2.900352716445923,-0.05660269781947136,5.0,5
4103,-14.421279907226562,-8.022132873535156,-0.15281498432159424,-1.956792950630188,-10.564745903015137,3.0,3
4104,-17.4029483795166,-12.411471366882324,-5.26516580581665,-0.005221064668148756,-10.848971366882324,3.0,4
4105,-15.745160102844238,-13.088910102844238,-5.063342094421387,-0.006524214521050453,-9.466750144958496,3.0,4
4106,-13.496641159057617,-14.398630142211914,-12.758005142211914,-3.7594263553619385,-0.023630306124687195,4.0,5
4107,-14.798686027526855,-9.699254989624023,-0.537322998046875,-0.8782329559326172,-10.381072998046875,3.0,3
4108,-14.557609558105469,-13.534882545471191,-8.16556453704834,-0.026360709220170975,-3.662724733352661,2.0,4
4109,-14.825596809387207,-14.086960792541504,-8.788665771484375,-0.038665857166051865,-3.277301788330078,4.0,4
4110,-14.051921844482422,-15.01072883605957,-13.022092819213867,-4.037718772888184,-0.017832782119512558,5.0,5
4111,-13.230834007263184,-7.402709007263184,-0.34020882844924927,-1.2464587688446045,-9.418334007263184,4.0,3
4112,-15.41529369354248,-13.2633056640625,-6.082907199859619,-0.0033631925471127033,-6.892567157745361,3.0,4
4113,-13.205016136169434,-13.254732131958008,-9.13541316986084,-0.3428012430667877,-1.2376872301101685,3.0,4
4114,-13.229135513305664,-12.362658500671387,-8.832828521728516,-0.06862515956163406,-2.7248752117156982,5.0,4
4115,-4.372331619262695,-0.1677858829498291,-1.9717638492584229,-5.973182678222656,-10.848182678222656,4.0,2
4116,-10.586204528808594,-4.58478307723999,-0.081943079829216,-2.6955790519714355,-8.377397537231445,2.0,3
4117,-13.435941696166992,-14.701566696166992,-12.201566696166992,-2.607816457748413,-0.07656639814376831,3.0,5
4118,-14.506918907165527,-14.585043907165527,-10.866293907165527,-0.3819184899330139,-1.1475434303283691,3.0,4
4119,-14.604013442993164,-9.119638442993164,-0.6040133237838745,-0.7915133237838745,-10.072763442993164,3.0,3
4120,-13.815299034118652,-6.971549034118652,-0.11217403411865234,-2.2527990341186523,-10.705924034118652,2.0,3
4121,-13.484572410583496,-13.789970397949219,-11.041390419006348,-1.1976416110992432,-0.3595736026763916,5.0,5
4122,-13.709805488586426,-14.100430488586426,-11.069180488586426,-0.5691805481910706,-0.8348055481910706,2.0,4
4123,-13.117107391357422,-8.25915241241455,-0.8869947195053101,-0.5318807363510132,-9.608585357666016,5.0,4
4124,-12.409017562866211,-3.9218013286590576,-0.02975539304316044,-4.674643516540527,-8.920380592346191,2.0,3
4125,-12.16161060333252,-6.8491106033325195,-0.4570664167404175,-1.0110424757003784,-7.437178611755371,2.0,3
4126,-15.846494674682617,-13.948057174682617,-7.533994674682617,-0.0027448381297290325,-6.174619674682617,4.0,4
4127,-15.420339584350586,-10.014089584350586,-1.201589584350586,-0.3578396141529083,-10.685964584350586,4.0,4
4128,-12.422123908996582,-6.221839904785156,-0.07127177715301514,-2.71331787109375,-8.892294883728027,2.0,3
4129,-15.302848815917969,-12.880973815917969,-5.459100246429443,-0.0045541380532085896,-9.109667778015137,2.0,4
4130,-13.936250686645508,-14.518636703491211,-12.068352699279785,-1.7061365842819214,-0.20045462250709534,4.0,5
4131,-13.64306926727295,-13.046479225158691,-9.530854225158691,-0.04221818968653679,-3.1956262588500977,3.0,4
4132,-14.678738594055176,-12.356295585632324,-5.488398551940918,-0.0054444605484604836,-6.7952165603637695,2.0,4
4133,-14.090980529785156,-12.912003517150879,-7.365128517150879,-0.03558242321014404,-3.373650550842285,4.0,4
4134,-13.668952941894531,-12.759861946105957,-7.9658284187316895,-0.025488242506980896,-3.7044641971588135,5.0,4
4135,-12.333136558532715,-12.468079566955566,-8.810409545898438,-0.1882515251636505,-1.7649555206298828,4.0,4
4136,-14.799118041992188,-13.144289016723633,-6.936902046203613,-0.0050840857438743114,-5.516448020935059,3.0,4
4137,-15.497304916381836,-12.066906929016113,-3.3595216274261475,-0.03565754368901253,-10.177701950073242,3.0,4
4138,-15.966631889343262,-12.505694389343262,-3.865069627761841,-0.021319622173905373,-9.661944389343262,3.0,4
4139,-14.220531463623047,-9.83842945098877,-1.415135383605957,-0.27877137064933777,-9.36967945098877,2.0,4
4140,-10.7063627243042,-1.8143175840377808,-0.1807955503463745,-6.03306770324707,-11.551532745361328,3.0,3
4141,-13.003144264221191,-13.393769264221191,-10.353997230529785,-0.6380885243415833,-0.7517245411872864,4.0,4
4142,-16.586702346801758,-13.518521308898926,-5.9830098152160645,-0.0028956886380910873,-9.64352035522461,3.0,4
4143,-15.23366928100586,-12.314635276794434,-4.331681251525879,-0.013499168679118156,-9.118613243103027,4.0,4
4144,-15.126680374145508,-11.213327407836914,-2.079805612564087,-0.13378362357616425,-10.275827407836914,3.0,4
4145,-13.4496431350708,-13.56328010559082,-9.64282512664795,-0.2962343990802765,-1.3615763187408447,3.0,4
4146,-0.07115931808948517,-2.684795379638672,-7.869453430175781,-11.67627239227295,-13.799851417541504,4.0,1
4147,-15.1873140335083,-12.680212020874023,-6.067995548248291,-0.002655553398653865,-8.795269966125488,4.0,4
4148,-13.96862506866455,-14.181693077087402,-11.198738098144531,-0.9288517832756042,-0.5027157664299011,3.0,5
4149,-15.868276596069336,-13.893845558166504,-6.8910040855407715,-0.0017998700495809317,-7.217710018157959,3.0,4
4150,-14.130533218383789,-14.862068176269531,-12.454397201538086,-2.5396246910095215,-0.08223869651556015,4.0,5
4151,-14.7149019241333,-13.784504890441895,-8.578539848327637,-0.027401886880397797,-3.621151924133301,4.0,4
4152,-12.041572570800781,-1.3455506563186646,-0.3086186647415161,-5.280208587646484,-11.160890579223633,3.0,3
4153,-14.651941299438477,-13.053930282592773,-6.839442253112793,-0.007056078873574734,-5.134896278381348,4.0,4
4154,-13.51032829284668,-13.410896301269531,-10.690725326538086,-0.36402133107185364,-1.1878852844238281,3.0,4
4155,-13.211514472961426,-11.954412460327148,-6.343616485595703,-0.0652085691690445,-2.792480707168579,1.0,4
4156,-14.033622741699219,-13.294986724853516,-8.642998695373535,-0.12027114629745483,-2.179931163787842,3.0,4
4157,-16.009193420410156,-13.047548294067383,-4.965160846710205,-0.00777504313737154,-9.723685264587402,3.0,4
4158,-13.063754081726074,-14.136197090148926,-12.595004081726074,-5.9543776512146,-0.002673862734809518,4.0,5
4159,-14.557997703552246,-9.01822566986084,-0.23981526494026184,-1.546633243560791,-10.3534517288208,3.0,3
4160,-15.534180641174316,-13.268555641174316,-6.748669147491455,-0.0015112657565623522,-9.120829582214355,5.0,4
4161,-15.071419715881348,-11.98193073272705,-4.275965213775635,-0.014601279981434345,-9.275965690612793,1.0,4
4162,-12.117146492004395,-14.169702529907227,-12.664021492004395,-7.358623504638672,-0.0006694936309941113,5.0,5
4163,-13.17972183227539,-12.639948844909668,-8.776312828063965,-0.026313219219446182,-3.66267728805542,2.0,4
4164,-15.31798267364502,-11.80235767364502,-3.2228119373321533,-0.040993832051754,-9.799515724182129,3.0,4
4165,-16.596120834350586,-15.01799488067627,-8.42424488067627,-0.002369931200519204,-6.1586198806762695,3.0,4
4166,-13.42566204071045,-13.75378704071045,-10.94909954071045,-2.058474063873291,-0.1365991234779358,2.0,5
4167,-13.775125503540039,-14.775125503540039,-12.626688003540039,-3.69700026512146,-0.025125371292233467,4.0,5
4168,-14.92613697052002,-8.65269947052002,-0.38707423210144043,-1.1370742321014404,-11.40269947052002,4.0,3
4169,-12.895126342773438,-13.143705368041992,-10.153648376464844,-0.707626223564148,-0.6792162656784058,4.0,5
4170,-13.263434410095215,-13.625650405883789,-11.395536422729492,-0.869968831539154,-0.5432648062705994,4.0,5
4171,-13.051656723022461,-12.710747718811035,-8.705066680908203,-0.39540717005729675,-1.1198391914367676,5.0,4
4172,-15.158411026000977,-12.828866004943848,-6.380003452301025,-0.0021614301949739456,-8.141365051269531,3.0,4
4173,-13.581441879272461,-8.432294845581055,-0.6055903434753418,-0.790250301361084,-9.582862854003906,3.0,3
4174,-15.457938194274902,-14.848563194274902,-10.567313194274902,-0.05168814957141876,-2.9891881942749023,4.0,4
4175,-11.71976375579834,-5.107548713684082,-0.12175291776657104,-2.224026918411255,-8.857548713684082,4.0,3
4176,-14.496604919433594,-11.543479919433594,-2.7387924194335938,-0.06691743433475494,-9.879417419433594,2.0,4
4177,-14.154571533203125,-13.154571533203125,-6.724883556365967,-0.006133661139756441,-5.318633556365967,4.0,4
4178,-12.565231323242188,-13.438811302185059,-11.649038314819336,-2.7640953063964844,-0.06523123383522034,5.0,5
4179,-14.112239837646484,-8.075307846069336,-0.20598991215229034,-1.683263897895813,-10.617921829223633,5.0,3
4180,-16.888063430786133,-13.895875930786133,-5.270875930786133,-0.005250830203294754,-9.770875930786133,5.0,4
4181,-13.070425987243652,-13.212471961975098,-10.5136079788208,-1.1101984977722168,-0.39997246861457825,4.0,5
4182,-13.767895698547363,-14.577554702758789,-12.695451736450195,-3.703974485397339,-0.024998532608151436,3.0,5
4183,-13.582916259765625,-9.172405242919922,-0.8059288859367371,-0.5928589701652527,-9.300246238708496,2.0,4
4184,-15.445939064025879,-14.394803047180176,-8.805315017700195,-0.012700742110610008,-4.38770055770874,4.0,4
4185,-15.308571815490723,-12.332718849182129,-4.598343372344971,-0.01027543842792511,-9.271639823913574,3.0,4
4186,-13.447494506835938,-13.823915481567383,-10.54976749420166,-0.5923815369606018,-0.8054495453834534,5.0,4
4187,-14.961844444274902,-9.727470397949219,-0.7075845003128052,-0.679174542427063,-10.75019645690918,3.0,4
4188,-14.152518272399902,-13.683768272399902,-9.067291259765625,-0.03320155665278435,-3.4280874729156494,4.0,4
4189,-15.152766227722168,-11.495096206665039,-3.1002113819122314,-0.046233389526605606,-9.833165168762207,4.0,4
4190,-13.2130126953125,-14.008467674255371,-11.444546699523926,-2.2684106826782227,-0.10932066291570663,2.0,5
4191,-2.169238567352295,-0.2317385971546173,-2.387988567352295,-7.216113567352295,-11.458301544189453,4.0,2
4192,-14.179932594299316,-12.581921577453613,-7.887319564819336,-0.0037973453290760517,-5.813455581665039,3.0,4
4193,-15.548781394958496,-15.98912239074707,-13.60275936126709,-3.7163965702056885,-0.02463373914361,5.0,5
4194,-12.970691680908203,-14.440861701965332,-13.048816680908203,-6.266145706176758,-0.0019414640264585614,3.0,5
4195,-13.362212181091309,-12.254258155822754,-8.113632202148438,-0.13067787885665894,-2.105109930038452,4.0,4
4196,-15.584124565124512,-10.185687065124512,-0.7169369459152222,-0.6700619459152222,-11.013812065124512,3.0,4
4197,-15.974879264831543,-13.446470260620117,-6.479140758514404,-0.0018687656847760081,-8.936527252197266,3.0,4
4198,-14.571961402893066,-15.829773902893066,-13.915711402893066,-4.665711879730225,-0.009461797773838043,4.0,5
4199,-14.514914512634277,-10.012073516845703,-1.2478688955307007,-0.3387788236141205,-10.154119491577148,3.0,4
4200,-15.213691711425781,-12.031872749328613,-4.233577728271484,-0.014827759005129337,-8.977895736694336,1.0,4
4201,-14.268622398376465,-12.059815406799316,-5.035667419433594,-0.007259301375597715,-8.373735427856445,3.0,4
4202,-13.019875526428223,-13.872147560119629,-11.840897560119629,-1.9687395095825195,-0.1505575031042099,5.0,5
4203,-14.589327812194824,-13.339327812194824,-7.593588352203369,-0.008362515829503536,-4.866316318511963,5.0,4
4204,-14.908966064453125,-12.465784072875977,-4.823740005493164,-0.008398216217756271,-9.511238098144531,3.0,4
4205,-14.821990013122559,-12.698410987854004,-5.233922004699707,-0.006650102324783802,-6.696990013122559,3.0,4
4206,-13.860716819763184,-15.117818832397461,-13.683159828186035,-5.4871368408203125,-0.004182995297014713,4.0,5
4207,-12.534013748168945,-3.3365702629089355,-0.0411161407828331,-5.3678202629089355,-10.112137794494629,4.0,3
4208,-15.465129852294922,-9.168254852294922,-0.3870053291320801,-1.13700532913208,-11.215129852294922,2.0,3
4209,-12.992133140563965,-9.746395111083984,-2.3458263874053955,-0.10150836408138275,-8.325940132141113,4.0,4
4210,-14.718376159667969,-11.069938659667969,-2.9449384212493896,-0.05431341379880905,-8.585563659667969,3.0,4
4211,-12.487322807312012,-6.643572807312012,-0.6123225688934326,-0.7841975688934326,-9.792010307312012,4.0,3
4212,-14.061001777648926,-13.178189277648926,-7.021939277648926,-0.006314327474683523,-5.225064277648926,3.0,4
4213,-15.473502159118652,-12.332877159118652,-3.9110026359558105,-0.020377568900585175,-8.973502159118652,4.0,4
4214,-12.147839546203613,-14.467442512512207,-11.319714546203613,-2.6790897846221924,-0.07113578170537949,5.0,5
4215,-13.520495414733887,-13.848620414733887,-9.450182914733887,-0.10643287003040314,-2.2939329147338867,3.0,4
4216,-13.797394752502441,-8.15818977355957,-0.24625936150550842,-1.5246673822402954,-9.32296371459961,2.0,3
4217,-14.416549682617188,-10.602628707885742,-1.8242201805114746,-0.17649409174919128,-9.508879661560059,4.0,4
4218,-14.040285110473633,-13.010455131530762,-9.608467102050781,-0.020399412140250206,-3.9408533573150635,5.0,4
4219,-13.846120834350586,-7.887314796447754,-0.18845060467720032,-1.7651546001434326,-9.407200813293457,4.0,3
4220,-15.712529182434082,-12.587529182434082,-4.121619701385498,-0.01650782860815525,-9.647188186645508,2.0,4
4221,-15.63680648803711,-16.96493148803711,-15.32430648803711,-4.572885990142822,-0.010385753586888313,2.0,5
4222,-14.464123725891113,-13.249635696411133,-9.932873725891113,-0.046511195600032806,-3.0990662574768066,2.0,4
4223,-14.149045944213867,-13.396204948425293,-9.305296897888184,-0.01552320085465908,-4.191661357879639,2.0,4
4224,-14.874860763549805,-12.786792755126953,-6.238497257232666,-0.002702990546822548,-8.056678771972656,3.0,4
4225,-12.984663963317871,-12.711226463317871,-8.429976463317871,-1.1799767017364502,-0.3674766421318054,2.0,5
4226,-13.7694091796875,-16.25662612915039,-13.4334716796875,-5.5819091796875,-0.0037842821329832077,4.0,5
4227,-13.897013664245605,-9.777695655822754,-1.1981511116027832,-0.36008304357528687,-9.365763664245605,3.0,4
4228,-6.1076741218566895,-0.13892430067062378,-2.0607993602752686,-8.982674598693848,-14.131112098693848,3.0,2
4229,-14.579936981201172,-13.500391006469727,-9.16090202331543,-0.013176274485886097,-4.359766483306885,4.0,4
4230,-15.109728813171387,-16.004615783691406,-14.02308177947998,-4.9037628173828125,-0.007455856539309025,4.0,5
4231,-14.021795272827148,-10.310857772827148,-2.8421072959899902,-0.06085740402340889,-9.529607772827148,3.0,4
4232,-14.365047454833984,-8.342321395874023,-0.132093146443367,-2.0923211574554443,-10.544025421142578,3.0,3
4233,-13.731350898742676,-12.950100898742676,-9.114872932434082,-0.06657887995243073,-2.751236915588379,4.0,4
4234,-14.368965148925781,-15.158027648925781,-12.837715148925781,-2.665839672088623,-0.07208968698978424,3.0,5
4235,-15.860662460327148,-14.01407241821289,-8.33935546875,-0.0012890134239569306,-7.245604991912842,4.0,4
4236,-14.18657398223877,-13.10702896118164,-8.036006927490234,-0.038847047835588455,-3.2774829864501953,3.0,4
4237,-13.00375747680664,-13.699780464172363,-11.412848472595215,-2.79068922996521,-0.06341711431741714,3.0,5
4238,-13.941225051879883,-15.07758903503418,-13.35883903503418,-5.034976005554199,-0.006566021125763655,4.0,5
4239,-13.311773300170898,-13.105807304382324,-9.725125312805176,-0.3075135350227356,-1.3302395343780518,4.0,4
4240,-10.856976509094238,-2.973454475402832,-0.0615224689245224,-4.777430534362793,-10.295896530151367,5.0,3
4241,-12.342620849609375,-9.0897798538208,-2.1153488159179688,-0.14091674983501434,-8.862507820129395,4.0,4
4242,-12.773542404174805,-13.284906387329102,-11.573258399963379,-3.1002485752105713,-0.04627072438597679,4.0,5
4243,-12.834095001220703,-9.829833030700684,-3.0400612354278564,-0.057107239961624146,-6.464776515960693,4.0,4
4244,-13.109354972839355,-13.272706985473633,-10.630661964416504,-0.9289573431015015,-0.5028213262557983,4.0,5
4245,-14.681188583374023,-12.1101655960083,-5.263574123382568,-0.00789426825940609,-9.41130256652832,4.0,4
4246,-13.29727554321289,-15.33633804321289,-14.02383804321289,-7.844150543212891,-0.0004003438516519964,4.0,5
4247,-14.269428253173828,-11.911474227905273,-5.576246738433838,-0.00806468352675438,-8.914314270019531,3.0,4
4248,-14.003907203674316,-4.8135666847229,-0.012430691160261631,-5.46697473526001,-12.704191207885742,3.0,3
4249,-13.481302261352539,-8.53812026977539,-0.7824399471282959,-0.6119840145111084,-10.015393257141113,3.0,4
4250,-12.901997566223145,-13.36364459991455,-10.892054557800293,-2.1420538425445557,-0.12500976026058197,4.0,5
4251,-12.285439491271973,-12.867826461791992,-10.105042457580566,-0.9289052486419678,-0.5027692317962646,4.0,5
4252,-13.989482879638672,-15.098857879638672,-12.794170379638672,-2.622295379638672,-0.0754203274846077,3.0,5
4253,-13.790618896484375,-9.407806396484375,-1.0640567541122437,-0.42343175411224365,-9.985931396484375,2.0,4
4254,-13.264718055725098,-13.491280555725098,-9.788155555725098,-0.42878085374832153,-1.0537807941436768,4.0,4
4255,-15.092438697814941,-11.420563697814941,-2.6847684383392334,-0.07113233953714371,-9.772836685180664,4.0,4
4256,-12.431418418884277,-12.069202423095703,-9.086248397827148,-0.10897532850503922,-2.282271385192871,1.0,4
4257,-13.284486770629883,-10.543009757995605,-3.596987009048462,-0.03164703771471977,-8.298690795898438,4.0,4
4258,-12.519940376281738,-12.754315376281738,-10.247212409973145,-0.5739172101020813,-0.8295992016792297,5.0,4
4259,-14.019510269165039,-13.792237281799316,-10.17007827758789,-0.25530537962913513,-1.4911013841629028,4.0,4
4260,-15.080808639526367,-11.117740631103516,-2.1546735763549805,-0.12342355400323868,-10.237059593200684,3.0,4
4261,-12.17262077331543,-13.26637077331543,-10.979438781738281,-2.513530731201172,-0.08455264568328857,3.0,5
4262,-15.649558067321777,-13.672995567321777,-7.969870090484619,-0.0011201781453564763,-7.438620090484619,4.0,4
4263,-13.102690696716309,-12.953542709350586,-8.244736671447754,-0.07712288200855255,-2.6055328845977783,3.0,4
4264,-14.807343482971191,-12.371264457702637,-5.119843006134033,-0.00620699767023325,-8.912457466125488,3.0,4
4265,-15.102434158325195,-13.156411170959473,-6.721752166748047,-0.0030019478872418404,-6.395048141479492,4.0,4
4266,-14.14385986328125,-15.23760986328125,-13.63604736328125,-5.737610340118408,-0.003235227195546031,2.0,5
4267,-13.443893432617188,-13.081677436828613,-9.537643432617188,-0.3188933730125427,-1.2990074157714844,3.0,4
4268,-13.41392993927002,-14.209383964538574,-11.92955493927002,-2.192340135574341,-0.11847621947526932,3.0,5
4269,-13.828015327453613,-14.403299331665039,-12.024038314819336,-2.29392409324646,-0.10642408579587936,4.0,5
4270,-12.790776252746582,-13.664355278015137,-11.654412269592285,-3.8845274448394775,-0.020889626815915108,2.0,5
4271,-13.572701454162598,-13.861763954162598,-10.174263954162598,-0.330514132976532,-1.2680141925811768,5.0,4
4272,-15.028582572937012,-12.507275581359863,-5.234549522399902,-0.007275751791894436,-8.515799522399902,4.0,4
4273,-13.626179695129395,-15.040242195129395,-13.516804695129395,-6.751179218292236,-0.0011793570592999458,3.0,5
4274,-15.891327857971191,-13.156952857971191,-7.703827381134033,-0.0007026110542938113,-8.313202857971191,3.0,4
4275,-13.271734237670898,-11.815768241882324,-7.21349573135376,-0.011789998970925808,-4.685085773468018,1.0,4
4276,-12.191553115844727,-12.631893157958984,-9.876212120056152,-2.09212064743042,-0.13189277052879333,4.0,5
4277,-11.951099395751953,-12.171270370483398,-9.57183837890625,-0.2962706387042999,-1.3616125583648682,5.0,4
4278,-13.826595306396484,-14.330856323242188,-10.368497848510742,-2.2569921016693115,-0.11068502813577652,3.0,5
4279,-12.081530570983887,-7.15965461730957,-0.6539745926856995,-0.7392006516456604,-7.165336608886719,4.0,3
4280,-14.393957138061523,-17.616968154907227,-14.675207138061523,-5.706457138061523,-0.0033320642542093992,4.0,5
4281,-13.421722412109375,-15.661069869995117,-13.50908088684082,-1.382660150527954,-0.2889101505279541,4.0,5
4282,-12.592589378356934,-5.855374813079834,-0.014464757405221462,-4.467589855194092,-11.428526878356934,4.0,3
4283,-12.351594924926758,-13.630003929138184,-12.124321937561035,-4.865799903869629,-0.007845776155591011,4.0,5
4284,-12.980535507202148,-14.159512519836426,-10.503262519836426,-3.0188870429992676,-0.05013706907629967,2.0,5
4285,-13.074331283569336,-5.808707237243652,-0.050183214247226715,-3.0814332962036133,-10.393933296203613,5.0,3
4286,-13.056857109069824,-12.830294609069824,-9.166232109069824,-0.22873198986053467,-1.5881069898605347,4.0,4
4287,-10.074432373046875,-0.820171058177948,-0.6071030497550964,-4.233521938323975,-9.280397415161133,4.0,3
4288,-13.155385971069336,-8.368453979492188,-0.9820902347564697,-0.47072815895080566,-8.879817962646484,2.0,4
4289,-9.843389511108398,-1.7467987537384033,-0.198502779006958,-5.184298515319824,-10.922934532165527,3.0,3
4290,-12.216254234313965,-14.069947242736816,-12.819947242736816,-8.082731246948242,-0.00034505134681239724,4.0,5
4291,-14.195709228515625,-9.922271728515625,-2.031646728515625,-0.14102163910865784,-10.547271728515625,5.0,4
4292,-11.778535842895508,-12.098137855529785,-9.42768383026123,-0.805525541305542,-0.5924575328826904,3.0,5
4293,-13.84844970703125,-16.078561782836914,-14.352710723876953,-7.7475972175598145,-0.0004372832481749356,4.0,5
4294,-16.492963790893555,-12.101628303527832,-4.17194128036499,-0.01569114811718464,-11.04552173614502,5.0,4
4295,-10.728677749633789,-0.7925999760627747,-0.6079400181770325,-5.892030239105225,-11.005666732788086,5.0,3
4296,-12.101527214050293,-12.537606239318848,-10.537606239318848,-2.3657314777374268,-0.09868732839822769,3.0,5
4297,-16.537429809570312,-10.516122817993164,-1.625497579574585,-0.21924754977226257,-11.942258834838867,4.0,4
4298,-12.208983421325684,-13.473187446594238,-11.92489242553711,-4.936254978179932,-0.007278947159647942,4.0,5
4299,-13.049500465393066,-14.33359146118164,-9.627625465393066,-1.9188202619552612,-0.15887537598609924,4.0,5
4300,-12.453487396240234,-5.4577484130859375,-0.10263612866401672,-2.3753621578216553,-8.582748413085938,4.0,3
4301,-14.94515609741211,-15.641179084777832,-13.688054084777832,-5.690893650054932,-0.003393844934180379,5.0,5
4302,-12.150845527648926,-2.846158027648926,-0.06490808725357056,-5.346158027648926,-12.291470527648926,1.0,3
4303,-8.49496078491211,-0.8543360233306885,-0.5574610233306885,-6.463710784912109,-12.12777328491211,5.0,3
4304,-9.100704193115234,-0.4984300136566162,-0.9359300136566162,-8.646158218383789,-12.287492752075195,3.0,2
4305,-11.694873809814453,-6.794306755065918,-0.743170976638794,-0.6579430103302002,-7.3426008224487305,4.0,4
4306,-10.588639259338379,-2.151139259338379,-0.1355142444372177,-4.573014259338379,-10.877701759338379,4.0,3
4307,-12.900489807128906,-4.434582233428955,-0.014126072637736797,-6.139126300811768,-12.12350082397461,3.0,3
4308,-11.704665184020996,-6.974552631378174,-0.7671664357185364,-0.6393244862556458,-6.653528690338135,3.0,4
4309,-14.108099937438965,-9.740912437438965,-1.8971621990203857,-0.16278715431690216,-9.615912437438965,2.0,4
4310,-11.345057487487793,-2.485682964324951,-0.0950578823685646,-4.907557964324951,-13.093637466430664,4.0,3
4311,-10.109172821044922,-1.9983785152435303,-0.15178659558296204,-5.265422821044922,-10.705763816833496,4.0,3
4312,-11.886346817016602,-12.276970863342285,-10.441033363342285,-2.3863461017608643,-0.09657410532236099,2.0,5
4313,-12.661543846130371,-5.871772289276123,-0.13313624262809753,-2.1075682640075684,-9.735407829284668,4.0,3
4314,-0.04582240432500839,-3.118265390396118,-7.946390628814697,-10.743265151977539,-8.883890151977539,1.0,1
4315,-14.550323486328125,-7.06452751159668,-0.40827760100364685,-1.0957776308059692,-10.34577751159668,5.0,3
4316,-8.542972564697266,-0.31427982449531555,-1.3142797946929932,-7.111155033111572,-12.478342056274414,3.0,2
4317,-14.829669952392578,-11.995863914489746,-5.078250885009766,-0.007226755376905203,-7.166318893432617,5.0,4
4318,-15.174124717712402,-13.830374717712402,-9.213187217712402,-0.010061852633953094,-4.619436740875244,4.0,4
4319,-15.07449722290039,-16.45233726501465,-14.676770210266113,-5.068814754486084,-0.006314919795840979,5.0,5
4320,-13.629881858825684,-9.624199867248535,-1.896926760673523,-0.16397278010845184,-7.885562896728516,2.0,4
4321,-13.479085922241211,-15.322835922241211,-13.705648422241211,-5.986898899078369,-0.0025236920919269323,3.0,5
4322,-10.12398624420166,-4.495437145233154,-0.05367404222488403,-3.1942989826202393,-10.14742374420166,3.0,3
4323,-14.497557640075684,-11.261763572692871,-1.6381828784942627,-0.2163078635931015,-10.356932640075684,5.0,4
4324,-11.372020721435547,-13.076565742492676,-11.535372734069824,-4.795316696166992,-0.00838462170213461,2.0,5
4325,-11.842267990112305,-4.819542407989502,-0.014143233187496662,-5.123518466949463,-11.881330490112305,5.0,3
4326,-11.194989204406738,-5.963455677032471,-0.09697774052619934,-2.4123196601867676,-9.883910179138184,4.0,3
4327,-3.799450635910034,-0.04945066198706627,-3.657404661178589,-9.935813903808594,-13.969903945922852,5.0,2
4328,-11.46809196472168,-10.360848426818848,-4.700336933135986,-0.05545075982809067,-3.109428644180298,3.0,4
4329,-13.402626991271973,-12.486433029174805,-8.111433029174805,-0.014842910692095757,-4.361433029174805,5.0,4
4330,-11.642555236816406,-0.05164547264575958,-3.0132944583892822,-6.763294219970703,-10.582895278930664,3.0,2
4331,-11.032347679138184,-2.374678611755371,-0.10195071250200272,-5.584904670715332,-9.339165687561035,3.0,3
4332,-15.36410903930664,-16.862688064575195,-14.77462100982666,-6.273199558258057,-0.00189268181566149,3.0,5
4333,-13.85582447052002,-10.564630508422852,-5.808948516845703,-0.04190455377101898,-3.2833805084228516,5.0,4
4334,-9.633949279785156,-2.3470187187194824,-0.15951861441135406,-2.9720187187194824,-7.908807277679443,3.0,3
4335,-2.4342451095581055,-0.12174521386623383,-3.6217451095581055,-8.512370109558105,-12.848307609558105,2.0,2
4336,-5.891823768615723,-0.508301854133606,-0.9344378709793091,-5.863415718078613,-10.891823768615723,4.0,2
4337,-8.39765739440918,-0.8664075136184692,-0.5539075136184692,-5.38203239440918,-11.55390739440918,5.0,3
4338,-14.36812973022461,-10.902220726013184,-2.6067662239074707,-0.0783562883734703,-9.794266700744629,4.0,4
4339,-11.275344848632812,-4.996936321258545,-0.13898219168186188,-2.099210262298584,-8.54807186126709,5.0,3
4340,-6.379883766174316,-0.11567956209182739,-2.2321555614471436,-8.439541816711426,-12.117098808288574,3.0,2
4341,-12.579504013061523,-5.576662540435791,-0.15052662789821625,-1.997118592262268,-9.355072975158691,4.0,3
4342,-12.724998474121094,-13.918180465698242,-12.83153247833252,-5.345738410949707,-0.00482834130525589,4.0,5
4343,-12.294797897338867,-13.544797897338867,-11.364398956298828,-2.884286403656006,-0.05758237838745117,3.0,5
4344,-12.291025161743164,-13.697275161743164,-12.106366157531738,-5.5154571533203125,-0.004093126393854618,3.0,5
4345,-13.727873802185059,-10.891936302185059,-3.759124279022217,-0.02474922686815262,-8.743498802185059,2.0,4
4346,-12.715373039245605,-8.55273151397705,-2.3737552165985107,-0.09818529337644577,-9.738810539245605,4.0,4
4347,-12.198389053344727,-12.326229095458984,-9.1231050491333,-0.23106034100055695,-1.580492377281189,4.0,4
4348,-16.64958381652832,-14.852710723876953,-10.470608711242676,-0.00043752157944254577,-8.00043773651123,4.0,4
4349,-13.662603378295898,-11.318853378295898,-4.756353855133057,-0.012035960331559181,-7.625671863555908,4.0,4
4350,-11.58523178100586,-12.69460678100586,-11.564635276794434,-0.4367940127849579,-1.0390679836273193,5.0,4
4351,-12.658154487609863,-12.381165504455566,-8.638267517089844,-0.20076929032802582,-1.7064493894577026,4.0,4
4352,-15.072732925415039,-10.893045425415039,-2.768045663833618,-0.06492071598768234,-10.049295425415039,3.0,4
4353,-13.086124420166016,-4.492374420166016,-0.03924933075904846,-3.6017494201660156,-11.500186920166016,4.0,3
4354,-0.01234273798763752,-4.429956912994385,-9.089046478271484,-10.671432495117188,-10.538619995117188,1.0,1
4355,-14.948935508728027,-14.956037521362305,-10.434730529785156,-0.15348094701766968,-1.9503560066223145,3.0,4
4356,-11.957789421081543,-13.420857429504395,-12.135345458984375,-5.388186931610107,-0.004663068801164627,3.0,5
4357,-15.668781280517578,-11.876167297363281,-2.593496561050415,-0.07787162065505981,-9.687246322631836,4.0,4
4358,-15.309818267822266,-11.653568267822266,-4.356692790985107,-0.012942949309945107,-10.606693267822266,4.0,4
4359,-8.767234802246094,-0.9831451177597046,-0.4717811346054077,-6.338257312774658,-11.182007789611816,4.0,3
4360,-11.6477632522583,-3.504691630951129e-05,-11.122194290161133,-12.986540794372559,-14.545490264892578,4.0,2
4361,-13.664053916931152,-10.915473937988281,-4.615757465362549,-0.013485643081367016,-7.2435994148254395,5.0,4
4362,-12.302480697631836,-3.372793197631836,-0.04466811940073967,-4.669668197631836,-11.818105697631836,2.0,3
4363,-0.6417897343635559,-0.7554276585578918,-5.6275858879089355,-10.435824394226074,-12.344914436340332,5.0,1
4364,-0.24844121932983398,-1.5268511772155762,-5.972873210906982,-9.921735763549805,-12.080827713012695,3.0,1
4365,-10.231706619262695,-1.780003547668457,-0.18909364938735962,-5.64363956451416,-9.971053123474121,5.0,3
4366,-12.435906410217285,-12.577951431274414,-9.914599418640137,-0.2555082440376282,-1.4913041591644287,5.0,4
4367,-10.985512733459473,-10.353410720825195,-6.624717712402344,-0.019603556022047997,-4.19573974609375,5.0,4
4368,-12.113481521606445,-14.002686500549316,-12.369163513183594,-5.515470504760742,-0.0041066608391702175,3.0,5
4369,-13.841599464416504,-15.298986434936523,-12.8842134475708,-0.45097488164901733,-1.013474941253662,4.0,4
4370,-13.314233779907227,-7.077018737792969,-0.032983701676130295,-3.4548587799072266,-12.74463176727295,4.0,3
4371,-14.02792739868164,-14.884462356567383,-10.38730239868164,-0.012302820570766926,-4.408609867095947,5.0,4
4372,-14.019214630126953,-9.919782638549805,-0.4567148685455322,-1.0035898685455322,-12.078874588012695,3.0,3
4373,-12.89698314666748,-8.820279121398926,-0.7094831466674805,-0.6782331466674805,-11.306074142456055,5.0,4
4374,-12.302881240844727,-10.77589225769043,-6.40089225769043,-0.037256378680467606,-3.4037344455718994,4.0,4
4375,-11.336967468261719,-12.636683464050293,-9.873899459838867,-2.4875364303588867,-0.08696845918893814,5.0,5
4376,-4.479944705963135,-0.3322167694568634,-1.312330722808838,-6.2128987312316895,-10.744149208068848,3.0,2
4377,-14.114340782165527,-7.301840782165527,-0.27059075236320496,-1.4424657821655273,-10.364340782165527,5.0,3
4378,-11.05298137664795,-12.295879364013672,-9.859800338745117,-2.2177541255950928,-0.1154821440577507,4.0,5
4379,-15.247152328491211,-16.014196395874023,-13.151981353759766,-2.0312423706054688,-0.1406172662973404,5.0,5
4380,-14.480449676513672,-15.567097663879395,-13.123915672302246,-2.550051212310791,-0.0813012421131134,2.0,5
4381,-15.876168251037598,-10.925885200500488,-3.3264529705047607,-0.036679092794656754,-10.0366792678833,3.0,4
4382,-15.385049819946289,-17.402095794677734,-14.609480857849121,-9.171980857849121,-0.00010609064338495955,4.0,5
4383,-12.050119400024414,-13.065744400024414,-11.332789421081543,-4.457789897918701,-0.011767731979489326,5.0,5
4384,-14.555243492126465,-14.526834487915039,-10.685924530029297,-0.35779935121536255,-1.2015492916107178,4.0,4
4385,-14.443450927734375,-15.856803894042969,-12.7531099319458,-3.987485408782959,-0.01873534917831421,5.0,5
4386,-16.38129425048828,-14.087260246276855,-6.392657279968262,-0.002032478107139468,-8.080157279968262,4.0,4
4387,-10.578865051269531,-3.327444314956665,-0.04619423300027847,-4.719490051269531,-8.827444076538086,2.0,3
4388,-11.91199779510498,-12.06824779510498,-8.86512279510498,-0.17194201052188873,-1.8480780124664307,4.0,4
4389,-11.788509368896484,-5.559816360473633,-0.24731658399105072,-1.5399305820465088,-7.703281402587891,4.0,3
4390,-13.512130737304688,-13.449630737304688,-10.426193237304688,-0.2699431777000427,-1.4418182373046875,4.0,4
4391,-14.52623462677002,-15.733620643615723,-14.121404647827148,-7.32452917098999,-0.0006653240998275578,4.0,5
4392,-13.864046096801758,-9.034500122070312,-0.09699970483779907,-2.3867735862731934,-9.097000122070312,3.0,3
4393,-11.929274559020996,-12.192058563232422,-9.940637588500977,-0.6863769292831421,-0.7005809545516968,5.0,4
4394,-13.82709789276123,-12.958489418029785,-10.177239418029785,-1.8597692251205444,-0.1694273054599762,2.0,5
4395,-12.088839530944824,-13.424066543579102,-11.25787353515625,-2.6712265014648438,-0.07179460674524307,5.0,5
4396,-14.020625114440918,-15.434687614440918,-13.872187614440918,-5.30187463760376,-0.0049997540190815926,4.0,5
4397,-14.656615257263184,-13.094115257263184,-7.959172248840332,-0.004628183785825968,-5.544400215148926,5.0,4
4398,-16.146841049194336,-13.334342002868652,-6.473546981811523,-0.0019549084827303886,-9.048830032348633,4.0,4
4399,-0.0007115454645827413,-7.42542839050293,-9.485086441040039,-14.18679141998291,-10.844461441040039,1.0,1
4400,-11.006357192993164,-12.369994163513184,-10.047550201416016,-3.0731186866760254,-0.047550708055496216,4.0,5
4401,-11.821556091308594,-13.384056091308594,-11.800250053405762,-4.570136547088623,-0.010476591996848583,4.0,5
4402,-11.916015625,-13.478515625,-11.674538612365723,-3.9401633739471436,-0.019709456712007523,5.0,5
4403,-16.08443832397461,-14.635575294494629,-9.529041290283203,-0.0006316096987575293,-7.797506809234619,4.0,4
4404,-14.006808280944824,-14.454252243041992,-10.444308280944824,-0.7411834001541138,-0.6474334001541138,3.0,5
4405,-11.267457962036133,-13.248991966247559,-11.991888999938965,-5.770297527313232,-0.003253644797950983,5.0,5
4406,-10.908935546875,-12.521151542663574,-10.624844551086426,-3.032515287399292,-0.049561161547899246,4.0,5
4407,-15.585761070251465,-17.055931091308594,-15.337181091308594,-7.545989513397217,-0.0005334384622983634,5.0,5
4408,-11.149422645568848,-1.4306724071502686,-0.27442243695259094,-7.102547645568848,-13.172860145568848,2.0,3
4409,-12.47704792022705,-12.157445907592773,-8.790968894958496,-0.6517636179924011,-0.7369915843009949,5.0,4
4410,-12.216127395629883,-12.656468391418457,-10.426355361938477,-1.1294792890548706,-0.3908432424068451,4.0,5
4411,-9.610671043395996,-1.149733304977417,-0.6326891779899597,-1.884108304977417,-10.74632453918457,5.0,3
4412,-11.781000137329102,-12.491228103637695,-9.344921112060547,-0.7369674444198608,-0.6517394781112671,4.0,5
4413,-13.553777694702148,-5.1503682136535645,-1.5012211799621582,-0.2597431540489197,-10.549515724182129,5.0,4
4414,-11.795185089111328,-1.6943317651748657,-0.20995675027370453,-5.178706645965576,-11.514644622802734,4.0,3
4415,-13.95727252960205,-15.44164752960205,-13.54321002960205,-5.488523006439209,-0.0041479747742414474,5.0,5
4416,-11.172918319702148,-11.037975311279297,-7.401612281799316,-0.3277493715286255,-1.2794533967971802,3.0,4
4417,-11.306390762329102,-12.93281078338623,-10.816333770751953,-1.8958792686462402,-0.16292521357536316,4.0,5
4418,-11.957513809204102,-5.103820323944092,-0.16063837707042694,-1.9504122734069824,-9.777115821838379,4.0,3
4419,-0.00024923557066358626,-8.378090858459473,-11.265873908996582,-15.88519287109375,-13.218998908996582,4.0,1
4420,-11.793130874633789,-5.10989236831665,-0.18091453611850739,-1.8428465127944946,-7.41955041885376,1.0,3
4421,-12.854023933410645,-10.384564399719238,-0.7993364930152893,-0.5976324677467346,-8.658711433410645,5.0,4
4422,-0.005135203246027231,-5.2863850593566895,-9.958260536193848,-13.247323036193848,-13.239511489868164,1.0,1
4423,-12.740116119384766,-5.44182014465332,-0.4744912385940552,-0.985855221748352,-9.267105102539062,5.0,3
4424,-13.580707550048828,-13.432270050048828,-10.924457550048828,-0.018207203596830368,-4.01820707321167,2.0,4
4425,-11.76075553894043,-12.399959564208984,-11.810471534729004,-3.0405843257904053,-0.04910830035805702,4.0,5
4426,-14.668082237243652,-15.879019737243652,-14.019644737243652,-5.5196452140808105,-0.00402010977268219,4.0,5
4427,-9.750005722045898,-1.8125053644180298,-0.18750536441802979,-4.87500524520874,-10.710943222045898,4.0,3
4428,-1.8134665489196777,-0.2978415787220001,-2.3603415489196777,-9.418581008911133,-11.282217025756836,2.0,2
4429,-14.753287315368652,-15.237662315368652,-11.643912315368652,-0.05016201362013817,-3.0189120769500732,5.0,4
4430,-13.188474655151367,-7.496004581451416,-0.0869126170873642,-2.4931626319885254,-12.481799125671387,4.0,3
4431,-11.618236541748047,-3.3938064575195312,-0.0401114821434021,-5.165111541748047,-12.598350524902344,4.0,3
4432,-10.021663665771484,-2.0145621299743652,-0.14666318893432617,-5.818538188934326,-12.376777648925781,1.0,3
4433,-15.636187553405762,-12.889739036560059,-2.7533745765686035,-0.06587465107440948,-11.739171028137207,4.0,4
4434,-0.006771119311451912,-5.020977020263672,-9.609045028686523,-12.670124053955078,-11.576374053955078,1.0,1
4435,-14.73373794555664,-15.742259979248047,-13.355896949768066,-4.847373962402344,-0.007885043509304523,4.0,5
4436,-13.824590682983398,-15.457403182983398,-13.769903182983398,-5.457403182983398,-0.004277959931641817,3.0,5
4437,-14.608792304992676,-13.159928321838379,-8.230952262878418,-0.0065199509263038635,-5.191177845001221,4.0,4
4438,-0.011626698076725006,-4.486056804656982,-9.145148277282715,-11.758784294128418,-11.261625289916992,1.0,1
4439,-11.34074592590332,-12.86063289642334,-10.40324592590332,-3.0594966411590576,-0.04813266173005104,4.0,5
4440,-11.513251304626465,-2.341376304626465,-0.10700126737356186,-5.247626304626465,-11.966376304626465,2.0,3
4441,-15.10151481628418,-13.027650833129883,-7.11855936050415,-0.002083513652905822,-8.1839017868042,4.0,4
4442,-0.00031680811662226915,-8.082704544067383,-12.642362594604492,-14.305004119873047,-12.875316619873047,1.0,1
4443,-13.450398445129395,-16.29911994934082,-13.884347915649414,-3.3332107067108154,-0.03633566573262215,4.0,5
4444,-11.473167419433594,-13.071178436279297,-11.160667419433594,-3.731691837310791,-0.02430383302271366,3.0,5
4445,-12.54732608795166,-13.186531066894531,-10.153860092163086,-0.8214749693870544,-0.5799970030784607,5.0,5
4446,-12.223820686340332,-12.770695686340332,-9.922683715820312,-0.434048593044281,-1.0448427200317383,2.0,4
4447,-14.04262924194336,-15.37856674194336,-11.08169174194336,-0.22231628000736237,-1.6129412651062012,5.0,4
4448,-13.068157196044922,-14.879947662353516,-11.325969696044922,-1.0134693384170532,-0.4509693384170532,4.0,5
4449,-13.856427192687988,-12.926030158996582,-8.799610137939453,-0.17745047807693481,-1.8223364353179932,4.0,4
4450,-0.0005131834768690169,-7.641138076782227,-12.031763076782227,-14.828638076782227,-12.016138076782227,1.0,1
4451,-4.674305438995361,-0.11464732140302658,-2.330557346343994,-6.36748743057251,-11.461236953735352,4.0,2
4452,-7.488133907318115,-0.5279061198234558,-0.8972241282463074,-6.280745983123779,-11.486713409423828,3.0,2
4453,-11.113773345947266,-3.3580923080444336,-0.0768423080444336,-3.2444543838500977,-9.949000358581543,4.0,3
4454,-12.626394271850586,-13.684633255004883,-11.838042259216309,-4.373553276062012,-0.01275912206619978,4.0,5
4455,-11.03844165802002,-3.5668509006500244,-0.07253281772136688,-3.183328866958618,-9.504350662231445,4.0,3
4456,-13.22447395324707,-15.44748592376709,-11.96666145324707,-2.0994741916656494,-0.1307242214679718,2.0,5
4457,-13.839827537536621,-15.196362495422363,-11.261702537536621,-0.4179527461528778,-1.0742027759552002,5.0,4
4458,-11.602326393127441,-12.674769401550293,-10.41624641418457,-2.319655656814575,-0.10374757647514343,4.0,5
4459,-16.972997665405273,-12.600837707519531,-4.960212707519531,-0.007087683770805597,-12.342315673828125,5.0,4
4460,-16.137971878051758,-13.715387344360352,-8.863824844360352,-0.02007441595196724,-3.9263243675231934,4.0,4
4461,-8.079912185668945,-0.8071843981742859,-0.5941163897514343,-6.503208160400391,-11.744685173034668,4.0,3
4462,-13.368586540222168,-14.892024040222168,-12.688899040222168,-3.227961778640747,-0.040461745113134384,4.0,5
4463,-13.157092094421387,-11.992319107055664,-5.600273132324219,-0.017886998131871223,-4.2792510986328125,3.0,4
4464,-11.535892486572266,-12.60123348236084,-10.435040473937988,-1.1878821849822998,-0.36401817202568054,3.0,5
4465,-13.231176376342773,-14.848363876342773,-14.17648983001709,-3.9108633995056152,-0.020238446071743965,4.0,5
4466,-13.059894561767578,-7.534326553344727,-1.1280763149261475,-0.39228034019470215,-9.906486511230469,4.0,4
4467,-11.714323043823242,-12.772562026977539,-10.606369018554688,-2.9785282611846924,-0.05239225924015045,4.0,5
4468,-12.637762069702148,-13.66759204864502,-11.79259204864502,-0.2826481759548187,-1.4019681215286255,2.0,4
4469,-13.590319633483887,-10.69259262084961,-3.760774850845337,-0.024978766217827797,-6.972421646118164,5.0,4
4470,-13.559576034545898,-14.440258026123047,-11.784008026123047,-1.9686665534973145,-0.1504845917224884,5.0,5
4471,-15.255475997924805,-16.64042091369629,-15.077919006347656,-6.718544960021973,-0.0012142435880377889,5.0,5
4472,-12.566468238830566,-14.192889213562012,-12.800843238830566,-4.654537677764893,-0.0096515454351902,3.0,5
4473,-15.705221176147461,-10.384908676147461,-1.5880335569381714,-0.22865857183933258,-10.791158676147461,4.0,4
4474,-0.11876928806304932,-2.221043109893799,-5.729565143585205,-9.209678649902344,-10.381553649902344,4.0,1
4475,-12.428244590759277,-13.820290565490723,-11.923983573913574,-3.8984155654907227,-0.020575417205691338,5.0,5
4476,-12.853527069091797,-6.291027069091797,-1.7313690185546875,-0.19727705419063568,-9.962902069091797,4.0,4
4477,-15.457395553588867,-10.949583053588867,-4.429697513580322,-0.012083425186574459,-10.230833053588867,2.0,4
4478,-13.308829307556152,-9.743488311767578,-3.2093985080718994,-0.041784629225730896,-8.692352294921875,4.0,4
4479,-12.701166152954102,-13.169916152954102,-10.69122314453125,-1.557700276374817,-0.23667821288108826,4.0,5
4480,-14.569111824035645,-12.481043815612793,-6.579054355621338,-0.0023504269775003195,-8.397236824035645,2.0,4
4481,-10.426047325134277,-4.839400291442871,-0.0510474368929863,-3.1760473251342773,-10.051047325134277,4.0,3
4482,-17.13273811340332,-15.002056121826172,-7.422510147094727,-0.0006349454633891582,-11.394102096557617,4.0,4
4483,-15.248014450073242,-13.27358341217041,-4.9454569816589355,-0.007957187481224537,-9.530685424804688,4.0,4
4484,-12.944221496582031,-12.88740348815918,-9.662971496582031,-0.5862672924995422,-0.8135393261909485,3.0,4
4485,-12.09794807434082,-12.275505065917969,-9.903346061706543,-0.4147093594074249,-1.0823233127593994,3.0,4
4486,-13.080536842346191,-13.279400825500488,-10.339059829711914,-0.6515604853630066,-0.7367865443229675,4.0,4
4487,-15.525829315185547,-11.875261306762695,-2.900829315185547,-0.05707942694425583,-11.065603256225586,2.0,4
4488,-13.200555801391602,-10.288623809814453,-3.612487554550171,-0.032941482961177826,-8.14373779296875,4.0,4
4489,-7.781592845916748,-1.7588647603988647,-0.22477471828460693,-3.562842845916748,-8.378182411193848,5.0,3
4490,-15.387202262878418,-16.722429275512695,-13.76007080078125,-6.096008777618408,-0.0022586092818528414,5.0,5
4491,-15.534440994262695,-16.01029396057129,-14.341259002685547,-3.9108614921569824,-0.020236460492014885,4.0,5
4492,-14.462089538574219,-14.717771530151367,-10.898168563842773,-0.5231688618659973,-0.8981688618659973,2.0,4
4493,-16.300310134887695,-12.095765113830566,-2.127014636993408,-0.12701456248760223,-10.18951416015625,5.0,4
4494,-13.213509559631348,-7.6737380027771,-1.835669755935669,-0.1751568466424942,-8.175156593322754,2.0,4
4495,-9.140777587890625,-1.0725955963134766,-0.44759559631347656,-3.987367630004883,-10.284242630004883,5.0,3
4496,-14.976140975952148,-11.858242988586426,-5.508811950683594,-0.0059699080884456635,-6.349720001220703,3.0,4
4497,-14.311056137084961,-15.73861312866211,-14.112192153930664,-4.619294166564941,-0.009919279254972935,5.0,5
4498,-15.10468864440918,-12.50312614440918,-5.90937614440918,-0.003126378171145916,-9.22187614440918,3.0,4
4499,-5.60711145401001,-0.3514295518398285,-1.2321115732192993,-6.999157428741455,-10.746315956115723,4.0,2
4500,-13.25498104095459,-14.48935604095459,-12.51279354095459,-3.575294017791748,-0.028418924659490585,3.0,5
4501,-13.699775695800781,-13.371650695800781,-10.027900695800781,-1.3247756958007812,-0.30915066599845886,5.0,5
4502,-15.009808540344238,-14.791058540344238,-11.376996040344238,-0.08012119680643082,-2.5644962787628174,4.0,4
4503,-10.383769035339355,-2.6991097927093506,-0.1706998646259308,-2.41501784324646,-8.524393081665039,4.0,3
4504,-13.043601989746094,-14.457664489746094,-12.176414489746094,-2.8561019897460938,-0.05922701582312584,3.0,5
4505,-13.79974365234375,-10.490084648132324,-4.069629669189453,-0.021335609257221222,-9.140653610229492,5.0,4
4506,-15.519485473632812,-14.113235473632812,-9.233975410461426,-0.0010190776083618402,-8.083407402038574,4.0,4
4507,-11.979702949523926,-12.860384941101074,-10.090498924255371,-2.4484541416168213,-0.09050004184246063,5.0,5
4508,-11.270012855529785,-12.733080863952637,-11.08535385131836,-5.162057876586914,-0.005807905923575163,3.0,5
4509,-12.744439125061035,-14.171996116638184,-12.460348129272461,-5.841031074523926,-0.0029632013756781816,4.0,5
4510,-13.4534912109375,-6.664429187774658,-0.11755412817001343,-2.211304187774658,-10.0863037109375,3.0,3
4511,-13.292211532592773,-13.550024032592773,-10.018774032592773,-0.3625237047672272,-1.1906486749649048,5.0,4
4512,-14.983637809753418,-8.710200309753418,-0.3820756673812866,-1.1477006673812866,-11.272700309753418,3.0,3
4513,-14.734930992126465,-16.45368003845215,-14.859930992126465,-7.500555992126465,-0.0005559567362070084,5.0,5
4514,-4.237636089324951,-0.2035461664199829,-1.7802501916885376,-6.8370680809021,-11.325705528259277,4.0,2
4515,-11.656920433044434,-11.877090454101562,-8.595840454101562,-1.2378859519958496,-0.34299996495246887,4.0,5
4516,-12.179242134094238,-13.024413108825684,-10.701970100402832,-2.6977076530456543,-0.06986764073371887,4.0,5
4517,-11.859206199645996,-5.06730318069458,-0.007643263787031174,-6.644007205963135,-13.149689674377441,5.0,3
4518,-12.859536170959473,-9.031411170959473,-2.6407864093780518,-0.0782862976193428,-8.281411170959473,4.0,4
4519,-10.421175003051758,-11.607254028320312,-9.156970024108887,-2.409810781478882,-0.09447082877159119,5.0,5
4520,-12.393499374389648,-13.4659423828125,-13.011397361755371,-12.073897361755371,-3.313963316031732e-05,3.0,5
4521,-11.663928985595703,-13.837224006652832,-11.98353099822998,-4.710803985595703,-0.009100032970309258,3.0,5
4522,-11.14215087890625,-4.366583347320557,-0.48874127864837646,-0.9859012365341187,-8.84101390838623,2.0,3
4523,-11.123088836669922,-2.8134286403656006,-0.07195247709751129,-4.6884284019470215,-8.68842887878418,2.0,3
4524,-14.127520561218262,-13.932208061218262,-12.362606048583984,-0.11970791965723038,-2.1822078227996826,3.0,4
4525,-15.319151878356934,-16.945573806762695,-15.120288848876953,-6.945573329925537,-0.0009701313101686537,4.0,5
4526,-15.100107192993164,-16.43533706665039,-14.652664184570312,-5.654086589813232,-0.0035165634471923113,4.0,5
4527,-11.6477689743042,-4.23184028477408e-05,-10.838109970092773,-13.039813995361328,-13.774188995361328,5.0,2
4528,-12.488958358764648,-12.311402320861816,-8.199186325073242,-0.088390052318573,-2.4747540950775146,3.0,4
4529,-11.363848686218262,-0.4185357987880707,-1.074785828590393,-7.4185357093811035,-12.504473686218262,3.0,2
4530,-12.783493995666504,-10.908493995666504,-5.4397454261779785,-0.0420173779129982,-3.30906343460083,2.0,4
4531,-14.416350364685059,-13.8197603225708,-10.375157356262207,-0.21322494745254517,-1.6507248878479004,5.0,4
4532,-10.451424598693848,-1.779550552368164,-0.18864063918590546,-5.771026611328125,-10.263214111328125,3.0,3
4533,-12.191161155700684,-12.581786155700684,-9.378661155700684,-0.37297895550727844,-1.1684348583221436,3.0,4
4534,-0.0016920547932386398,-6.400840759277344,-10.53436279296875,-13.744589805603027,-13.915044784545898,3.0,1
4535,-12.27730941772461,-12.412252426147461,-9.493218421936035,-0.20344598591327667,-1.6949220895767212,4.0,4
4536,-8.159391403198242,-0.19916537404060364,-1.7190513610839844,-6.889505386352539,-11.520187377929688,3.0,2
4537,-10.411906242370605,-12.438895225524902,-10.27270221710205,-1.1391798257827759,-0.38633787631988525,5.0,5
4538,-12.740897178649902,-14.787772178649902,-12.779959678649902,-5.037772178649902,-0.006522319745272398,4.0,5
4539,-16.432003021240234,-12.767940521240234,-6.080440521240234,-0.002315698890015483,-10.752315521240234,4.0,4
4540,-14.052238464355469,-9.805079460144043,-1.637466311454773,-0.21701231598854065,-9.449966430664062,2.0,4
4541,-15.491203308105469,-11.569328308105469,-3.288078784942627,-0.038078710436820984,-10.725578308105469,5.0,4
4542,-11.82552433013916,-6.690580368041992,-1.6053543090820312,-0.22751231491565704,-6.875240325927734,1.0,4
4543,-13.916427612304688,-14.896541595458984,-12.552791595458984,-3.6181321144104004,-0.027222206816077232,5.0,5
4544,-12.957130432128906,-12.424460411071777,-9.9173583984375,-0.13042689859867096,-2.1048569679260254,3.0,4
4545,-11.001474380493164,-0.8310195207595825,-0.5753375291824341,-6.313973426818848,-11.54124641418457,4.0,3
4546,-12.710026741027832,-13.675935745239258,-11.38900375366211,-2.9515042304992676,-0.053778089582920074,4.0,5
4547,-14.25439453125,-13.51575756072998,-10.40638256072998,-0.00013243274588603526,-9.29700756072998,4.0,4
4548,-13.414183616638184,-13.742308616638184,-10.617308616638184,-0.3673083186149597,-1.1798083782196045,5.0,4
4549,-12.604726791381836,-13.797908782958984,-12.022340774536133,-4.4016032218933105,-0.012397252954542637,4.0,5
4550,-11.956430435180664,-13.099896430969238,-10.408135414123535,-2.964954376220703,-0.053022388368844986,4.0,5
4551,-12.458277702331543,-12.564811706542969,-10.292084693908691,-0.33469995856285095,-1.2579940557479858,3.0,4
4552,-12.580252647399902,-14.235082626342773,-12.50922966003418,-4.696730613708496,-0.00923043955117464,5.0,5
4553,-13.089391708374023,-5.355016708374023,-0.011266658082604408,-5.042516708374023,-11.737829208374023,2.0,3
4554,-14.777130126953125,-12.49730110168457,-5.75724458694458,-0.004404367879033089,-6.879404544830322,5.0,4
4555,-16.888614654541016,-14.303386688232422,-5.053386211395264,-0.006511068437248468,-9.709635734558105,3.0,4
4556,-14.221542358398438,-11.87069034576416,-6.380633354187012,-0.0027934599202126265,-7.644837379455566,4.0,4
4557,-12.028403282165527,-10.842323303222656,-6.5596537590026855,-0.21022197604179382,-1.6732900142669678,1.0,4
4558,-11.775659561157227,-12.720261573791504,-11.960318565368652,-10.589579582214355,-9.023735765367746e-05,3.0,5
4559,-11.17066764831543,-3.9519171714782715,-0.20191729068756104,-1.811292290687561,-9.85035514831543,4.0,3
4560,-13.813040733337402,-9.104233741760254,-2.428097724914551,-0.0928698256611824,-8.639744758605957,5.0,4
4561,-13.378520011901855,-14.514883995056152,-12.5049409866333,-3.9680094718933105,-0.019145572558045387,4.0,5
4562,-13.77652645111084,-12.412890434265137,-7.221128463745117,-0.005220234859734774,-5.544992446899414,4.0,4
4563,-12.752228736877441,-14.158478736877441,-12.198251724243164,-4.037741184234619,-0.017855146899819374,4.0,5
4564,-12.201247215270996,-6.4199981689453125,-0.5393160581588745,-0.8802241086959839,-8.73533821105957,5.0,3
4565,-13.89301586151123,-16.553525924682617,-14.820572853088379,-6.042164325714111,-0.002390386536717415,3.0,5
4566,-13.456194877624512,-16.095401763916016,-14.14937686920166,-5.79000186920166,-0.0030699288472533226,5.0,5
4567,-12.824539184570312,-15.073119163513184,-12.423971176147461,-4.42681360244751,-0.012039493769407272,3.0,5
4568,-12.634965896606445,-13.146329879760742,-9.872182846069336,-0.7670693397521973,-0.625023365020752,4.0,5
4569,-15.177837371826172,-13.57911491394043,-9.50880241394043,-0.024427037686109543,-3.728972911834717,2.0,4
4570,-11.54622745513916,-12.568954467773438,-9.997931480407715,-1.2479311227798462,-0.3388410806655884,3.0,5
4571,-14.475619316101074,-14.805874824523926,-12.946499824523926,-4.094937801361084,-0.016812769696116447,3.0,5
4572,-15.305316925048828,-13.805316925048828,-8.586566925048828,-0.008442072197794914,-4.805316925048828,5.0,4
4573,-7.977921962738037,-1.1313319206237793,-0.4779219627380371,-2.868546962738037,-9.016984939575195,4.0,3
4574,-11.790214538574219,-14.03453254699707,-12.74191951751709,-7.812942028045654,-0.00044216870446689427,4.0,5
4575,-14.105055809020996,-15.745680809020996,-13.884885787963867,-5.887727737426758,-0.0027829986065626144,2.0,5
4576,-12.680267333984375,-12.97856330871582,-10.116347312927246,-0.5140747427940369,-0.9118027091026306,5.0,4
4577,-13.625247955322266,-10.35110092163086,-3.334055185317993,-0.03860117122530937,-8.71757698059082,2.0,4
4578,-12.477288246154785,-13.130697250366211,-10.161947250366211,-1.823879361152649,-0.17615139484405518,3.0,5
4579,-11.647537231445312,-12.911742210388184,-10.795265197753906,-2.592139959335327,-0.07793602347373962,4.0,5
4580,-12.471762657165527,-7.055569648742676,-0.018637418746948242,-4.044207572937012,-10.315512657165527,3.0,3
4581,-15.046284675598145,-13.331795692443848,-9.066170692443848,-0.22242049872875214,-1.6130454540252686,2.0,4
4582,-10.740358352661133,-1.1395056247711182,-0.38950562477111816,-5.952005386352539,-12.053567886352539,3.0,3
4583,-13.484697341918945,-12.561402320861816,-8.271628379821777,-0.01878846436738968,-4.010266304016113,3.0,4
4584,-11.81006908416748,-12.364046096801758,-10.162342071533203,-3.9123427867889404,-0.02029685489833355,4.0,5
4585,-12.548741340637207,-13.812946319580078,-11.852718353271484,-5.105559825897217,-0.0061278557404875755,4.0,5
4586,-11.604125022888184,-1.1296930313110352,-0.48906800150871277,-2.754693031311035,-11.369750022888184,3.0,3
4587,-11.947609901428223,-13.431984901428223,-11.216075897216797,-2.870906352996826,-0.058406271040439606,3.0,5
4588,-13.6907377243042,-15.5579252243042,-13.6829252243042,-5.737613201141357,-0.003238197648897767,5.0,5
4589,-15.433436393737793,-17.10247039794922,-15.298493385314941,-5.79991340637207,-0.0030381970573216677,3.0,5
4590,-12.085216522216797,-12.6676025390625,-9.748568534851074,-1.6945915222167969,-0.2031135857105255,5.0,5
4591,-10.470739364624023,-12.132671356201172,-10.413921356201172,-4.725001335144043,-0.009091409854590893,3.0,5
4592,-10.838630676269531,-3.573005437850952,-0.06448335945606232,-3.3741414546966553,-9.751983642578125,4.0,3
4593,-0.007638176903128624,-4.936615943908691,-9.524683952331543,-12.166728973388672,-11.009057998657227,1.0,1
4594,-13.630843162536621,-16.667774200439453,-13.919905662536621,-5.146467685699463,-0.005842868238687515,5.0,5
4595,-13.433558464050293,-15.484695434570312,-12.019495964050293,-1.074183702468872,-0.41793376207351685,2.0,5
4596,-13.93762493133545,-15.251545906066895,-10.73449993133545,-0.12512516975402832,-2.1407501697540283,5.0,4
4597,-11.794828414916992,-6.217414855957031,-0.02139115333557129,-3.9588911533355713,-9.974515914916992,4.0,3
4598,-13.065803527832031,-13.297338485717773,-7.393928527832031,-0.15103136003017426,-1.9720534086227417,4.0,4
4599,-12.286438941955566,-11.063427925109863,-3.1458139419555664,-0.047802917659282684,-5.927063941955566,2.0,4
4600,-6.6156005859375,-1.822988510131836,-0.17810064554214478,-8.300260543823242,-12.1937255859375,4.0,3
4601,-11.379305839538574,-2.644930601119995,-0.08243049681186676,-4.816805362701416,-12.747203826904297,4.0,3
4602,-9.306373596191406,-0.16574813425540924,-1.9143290519714355,-5.259498119354248,-12.7666015625,5.0,2
4603,-13.044608116149902,-13.325858116149902,-11.62060260772705,-0.09929565340280533,-2.3592405319213867,3.0,4
4604,-13.159982681274414,-14.331857681274414,-12.669925689697266,-5.034982681274414,-0.006574784871190786,4.0,5
4605,-12.40793514251709,-12.670719146728516,-10.270151138305664,-0.49742552638053894,-0.9377655982971191,2.0,4
4606,-13.166572570800781,-13.319271087646484,-13.180777549743652,-3.202083110809326,-0.04157217964529991,5.0,5
4607,-13.975494384765625,-11.057880401611328,-5.120380401611328,-0.01242633443325758,-5.182880401611328,4.0,4
4608,-15.360509872436523,-13.196447372436523,-7.126134872436523,-0.001135062426328659,-8.235509872436523,5.0,4
4609,-9.581183433532715,-1.737433671951294,-0.20618373155593872,-4.581183910369873,-10.690558433532715,4.0,3
4610,-3.7029037475585938,-0.12335769832134247,-2.396085739135742,-8.248357772827148,-12.658868789672852,4.0,2
4611,-13.899188995361328,-12.891376495361328,-11.811120986938477,-0.039813682436943054,-3.2457807064056396,2.0,4
4612,-10.454935073852539,-1.0529464483261108,-0.7674354314804077,-1.6779464483261108,-10.028799057006836,5.0,3
4613,-15.577668190002441,-15.357497215270996,-10.3930082321167,-0.3305085599422455,-1.2680085897445679,4.0,4
4614,-17.940425872802734,-16.960311889648438,-9.578207969665527,-8.308542601298541e-05,-11.515707969665527,5.0,4
4615,-11.386154174804688,-12.96996021270752,-11.102063179016113,-3.005472183227539,-0.050926223397254944,3.0,5
4616,-14.419333457946777,-16.223310470581055,-14.639504432678223,-5.3951849937438965,-0.004560189787298441,4.0,5
4617,-14.553655624389648,-15.3917236328125,-13.474109649658203,-5.988314628601074,-0.002518697874620557,2.0,5
4618,-14.100811004638672,-14.960185050964355,-12.659049034118652,-4.9601850509643555,-0.007059867028146982,5.0,5
4619,-12.813549041748047,-12.330594062805176,-9.972640037536621,-0.14309370517730713,-2.0180935859680176,4.0,4
4620,-11.173480033874512,-11.762968063354492,-9.071207046508789,-0.9035934805870056,-0.5200714468955994,5.0,5
4621,-13.279766082763672,-13.315277099609375,-9.529765129089355,-0.26840269565582275,-1.4473787546157837,4.0,4
4622,-8.169629096984863,-0.03894725814461708,-3.273322343826294,-10.288947105407715,-15.499884605407715,4.0,2
4623,-12.112834930419922,-13.02902889251709,-10.017664909362793,-1.5801646709442139,-0.23073263466358185,3.0,5
4624,-12.335524559020996,-12.534388542175293,-9.736093521118164,-0.1906394064426422,-1.7531393766403198,5.0,4
4625,-12.761520385742188,-14.366633415222168,-12.79703140258789,-5.162088871002197,-0.005839075893163681,5.0,5
4626,-10.6067533493042,-3.1351637840270996,-0.04709375277161598,-6.000218868255615,-13.00732135772705,4.0,3
4627,-12.20692253112793,-12.625956535339355,-9.827661514282227,-1.361751914024353,-0.2964118421077728,3.0,5
4628,-11.415416717529297,-4.149791240692139,-0.4566093981266022,-1.0503593683242798,-7.28473424911499,3.0,3
4629,-13.134864807128906,-14.259864807128906,-11.666114807128906,-1.587990164756775,-0.22861513495445251,4.0,5
4630,-15.710265159606934,-11.436827659606934,-2.4212026596069336,-0.09307774156332016,-10.952452659606934,4.0,4
4631,-11.661648750305176,-7.521022319793701,-1.2284103631973267,-0.3619323670864105,-7.08920431137085,3.0,4
4632,-13.68813419342041,-15.68032169342041,-14.34438419342041,-7.375633716583252,-0.0006338732782751322,4.0,5
4633,-12.476361274719238,-13.81869125366211,-11.908180236816406,-3.6624414920806885,-0.026077480986714363,4.0,5
4634,-12.23068618774414,-4.716482162475586,-0.07159609347581863,-2.8130741119384766,-10.575857162475586,4.0,3
4635,-12.703285217285156,-12.177717208862305,-9.407831192016602,-0.06124095246195793,-2.8311269283294678,3.0,4
4636,-13.413154602050781,-10.373382568359375,-4.023950576782227,-0.018268657848238945,-9.180200576782227,5.0,4
4637,-0.017044490203261375,-4.1647725105285645,-8.014202117919922,-10.990055084228516,-7.400566577911377,1.0,1
4638,-12.658924102783203,-13.028242111206055,-10.371992111206055,-0.386197566986084,-1.1390376091003418,5.0,4
4639,-11.75502872467041,-12.564687728881836,-10.327472686767578,-1.1584384441375732,-0.37718838453292847,3.0,5
4640,-10.801121711730957,-4.441037654876709,-0.02768462337553501,-4.168309688568115,-11.113621711730957,4.0,3
4641,-14.309895515441895,-15.58830451965332,-13.272964477539062,-4.5939860343933105,-0.010179271921515465,4.0,5
4642,-12.47199535369873,-12.699268341064453,-8.95637035369873,-0.7745522260665894,-0.6183022260665894,4.0,5
4643,-13.605352401733398,-13.995977401733398,-10.519414901733398,-0.2850402891635895,-1.394415259361267,3.0,4
4644,-13.45620346069336,-10.650806427001953,-4.784327983856201,-0.011601952835917473,-5.794270992279053,4.0,4
4645,-14.563013076782227,-16.246252059936523,-13.210740089416504,-4.882615566253662,-0.007615344598889351,4.0,5
4646,-14.86724853515625,-15.811850547790527,-12.941822052001953,-4.418385028839111,-0.012135010212659836,4.0,5
4647,-13.518381118774414,-13.70304012298584,-10.883438110351562,-0.14480170607566833,-2.0055975914001465,3.0,4
4648,-10.713007926940918,-2.971531391143799,-0.10221335291862488,-3.085167407989502,-9.92465591430664,3.0,3
4649,-11.61005687713623,-12.810340881347656,-10.28193187713623,-1.2478408813476562,-0.3387508690357208,4.0,5
4650,-7.957333087921143,-0.7840390801429749,-0.6135850548744202,-6.423243045806885,-10.08801555633545,5.0,3
4651,-14.1149320602417,-14.903284072875977,-12.758398056030273,-3.283966302871704,-0.038227420300245285,4.0,5
4652,-15.172245979309082,-10.242558479309082,-1.336308240890503,-0.30505821108818054,-10.273808479309082,4.0,4
4653,-0.04079163074493408,-3.236813545227051,-7.725449562072754,-10.303574562072754,-10.474028587341309,1.0,1
4654,-12.923551559448242,-12.497415542602539,-7.7246880531311035,-0.13946188986301422,-2.042870044708252,4.0,4
4655,-2.990511417388916,-0.10698937624692917,-2.9763073921203613,-8.544488906860352,-12.649601936340332,4.0,2
4656,-15.24920654296875,-14.71440601348877,-9.828042984008789,-0.00701890978962183,-4.97576904296875,5.0,4
4657,-12.476162910461426,-12.613946914672852,-12.32701587677002,-2.9420719146728516,-0.054288800805807114,4.0,5
4658,-15.75289535522461,-11.782724380493164,-4.495791912078857,-0.011417053639888763,-12.27988338470459,4.0,4
4659,-17.06999969482422,-11.895283699035645,-5.38676118850708,-0.004658441059291363,-12.091307640075684,3.0,4
4660,-12.38602066040039,-14.069258689880371,-12.861872673034668,-3.878917694091797,-0.02096364088356495,5.0,5
4661,-12.724289894104004,-12.745595932006836,-8.633379936218262,-0.3308250308036804,-1.2683250904083252,4.0,4
4662,-10.76378059387207,-4.158666610717773,-0.1387806087732315,-2.184236526489258,-7.101848602294922,5.0,3
4663,-13.599244117736816,-13.357767105102539,-9.920267105102539,-0.602085530757904,-0.7938465476036072,5.0,4
4664,-14.731818199157715,-15.754545211791992,-13.410795211791992,-6.379546165466309,-0.0017044316045939922,5.0,5
4665,-0.004148449748754501,-5.604999542236328,-9.511249542236328,-12.565937042236328,-8.698749542236328,1.0,1
4666,-13.784765243530273,-11.426811218261719,-2.982208013534546,-0.06317497044801712,-4.591583251953125,4.0,4
4667,-16.66204261779785,-12.112324714660645,-5.846700191497803,-0.0029500082600861788,-10.018574714660645,4.0,4
4668,-15.677934646606445,-10.977649688720703,-3.7276499271392822,-0.02452486753463745,-9.212024688720703,5.0,4
4669,-14.727899551391602,-9.001337051391602,-0.9075871706008911,-0.5169621706008911,-10.376337051391602,4.0,4
4670,-12.079480171203613,-12.534026145935059,-9.721526145935059,-0.7442527413368225,-0.6448207497596741,4.0,5
4671,-13.045140266418457,-15.12397575378418,-11.756077766418457,-5.109772205352783,-0.006077500060200691,4.0,5
4672,-11.285307884216309,-4.567269325256348,-0.01187034323811531,-6.58431339263916,-11.254057884216309,5.0,3
4673,-13.330093383789062,-10.533218383789062,-4.095717906951904,-0.01759304478764534,-7.908217906951904,5.0,4
4674,-14.035459518432617,-10.887022018432617,-3.621397018432617,-0.02764693647623062,-7.605772018432617,1.0,4
4675,-11.392172813415527,-0.0001282609737245366,-9.27569580078125,-12.28705883026123,-12.458223342895508,3.0,2
4676,-11.921234130859375,-3.2564613819122314,-0.04623543843626976,-5.017825603485107,-11.821802139282227,1.0,3
4677,-13.60633659362793,-14.515427589416504,-12.5267915725708,-3.6347460746765137,-0.026792073622345924,1.0,5
4678,-13.947093963623047,-10.67294692993164,-2.4485158920288086,-0.0905599370598793,-10.175786972045898,3.0,4
4679,-13.177873611450195,-12.730430603027344,-8.071338653564453,-0.08838503807783127,-2.4747490882873535,4.0,4
4680,-16.822526931762695,-17.689002990722656,-16.3466739654541,-9.429060935974121,-8.296622399939224e-05,2.0,5
4681,-13.901670455932617,-13.482636451721191,-9.278090476989746,-0.030932441353797913,-3.496842384338379,5.0,4
4682,-13.130596160888672,-9.465824127197266,-2.4629828929901123,-0.09082482010126114,-7.9715046882629395,1.0,4
4683,-14.796257972717285,-12.693985939025879,-6.365860939025879,-0.002224829513579607,-7.800520896911621,5.0,4
4684,-15.26404094696045,-13.2114839553833,-7.345006942749023,-0.001256867777556181,-8.026824951171875,3.0,4
4685,-13.8833589553833,-15.2114839553833,-12.8989839553833,-3.7427334785461426,-0.02398359589278698,5.0,5
4686,-14.13415241241455,-12.060288429260254,-4.965117931365967,-0.007731986232101917,-7.308867931365967,4.0,4
4687,-12.766589164733887,-14.208351135253906,-12.276533126831055,-4.527953624725342,-0.010909437201917171,5.0,5
4688,-14.907378196716309,-10.660219192504883,-1.043741226196289,-0.4343661963939667,-9.309366226196289,1.0,4
4689,-14.33657169342041,-11.296798706054688,-4.5141282081604,-0.011288346722722054,-9.031174659729004,5.0,4
4690,-13.9835844039917,-8.7882719039917,-1.0538970232009888,-0.42889702320098877,-10.4445219039917,5.0,4
4691,-10.280019760131836,-11.084707260131836,-7.014394283294678,-0.8268942832946777,-0.5768942832946777,5.0,5
4692,-10.280019760131836,-11.084707260131836,-7.014394283294678,-0.8268942832946777,-0.5768942832946777,5.0,5
4693,-13.787365913391113,-14.599865913391113,-11.451428413391113,-1.7014286518096924,-0.2014286369085312,5.0,5
4694,-13.277935028076172,-13.527935028076172,-9.262310028076172,-0.3091849684715271,-1.3248100280761719,4.0,4
4695,-12.133565902709961,-7.383565902709961,-1.0554407835006714,-0.4304407835006714,-9.524190902709961,2.0,4
4696,-12.7044095993042,-8.8450345993042,-2.4075350761413574,-0.09503500908613205,-8.3762845993042,5.0,4
4697,-15.637907981872559,-17.157794952392578,-15.524271011352539,-9.011487007141113,-0.0001232548092957586,4.0,5
4698,-14.879469871520996,-15.63231086730957,-13.437708854675293,-5.795662879943848,-0.0030490122735500336,4.0,5
4699,-12.868064880371094,-14.331132888793945,-12.875166893005371,-5.147894382476807,-0.0058484384790062904,5.0,5
4700,-12.130949020385742,-6.008791446685791,-0.2275412678718567,-1.6053812503814697,-9.304244041442871,4.0,3
4701,-14.283852577209473,-12.924477577209473,-8.096352577209473,-0.002602525521069765,-6.080727577209473,5.0,4
4702,-1.7730276584625244,-0.19490264356136322,-4.929277420043945,-10.765214920043945,-14.632402420043945,2.0,2
4703,-17.314998626708984,-14.36755657196045,-6.867556095123291,-0.0010781434830278158,-10.376078605651855,5.0,4
4704,-13.016487121582031,-13.989498138427734,-11.951146125793457,-3.414214611053467,-0.03353257477283478,5.0,5
4705,-14.531338691711426,-16.38290023803711,-14.726651191711426,-9.356623649597168,-8.868777513271198e-05,5.0,5
4706,-12.026202201843262,-12.16824722290039,-7.2662577629089355,-1.3727928400039673,-0.2932468354701996,4.0,5
4707,-12.777318000793457,-13.152318000793457,-9.433568000793457,-2.172205924987793,-0.12106791883707047,4.0,5
4708,-14.436614036560059,-15.189455032348633,-10.543148040771484,-3.1653082370758057,-0.04314834997057915,5.0,5
4709,-2.899336338043213,-0.10246140509843826,-3.164961338043213,-9.336836814880371,-13.524336814880371,5.0,2
4710,-15.353072166442871,-15.009322166442871,-9.454634666442871,-9.035655966727063e-05,-12.376509666442871,5.0,4
4711,-14.249275207519531,-15.233650207519531,-12.452400207519531,-2.421149730682373,-0.093024842441082,5.0,5
4712,-7.664794921875,-0.6491701006889343,-0.7429201006889343,-6.633544921875,-11.953857421875,1.0,2
4713,-15.142407417297363,-15.177919387817383,-10.577066421508789,-0.014566152356564999,-4.240418910980225,5.0,4
4714,-14.30554485321045,-11.10241985321045,-4.767191410064697,-0.008669476956129074,-9.554123878479004,3.0,4
4715,-16.3583927154541,-13.950723648071289,-5.753279209136963,-0.0032794286962598562,-11.365496635437012,4.0,4
4716,-16.388031005859375,-13.540018081665039,-4.156495094299316,-0.015870213508605957,-12.027234077453613,2.0,4
4717,-12.872821807861328,-13.071685791015625,-10.337310791015625,-0.2520838677883148,-1.5020838975906372,5.0,4
4718,-16.091169357299805,-13.263044357299805,-5.270856857299805,-0.0052320933900773525,-10.427106857299805,4.0,4
4719,-11.371355056762695,-3.004167318344116,-0.06666743010282516,-4.207292556762695,-11.504167556762695,5.0,3
4720,-12.967024803161621,-13.974837303161621,-11.279524803161621,-2.1545250415802,-0.12327507883310318,4.0,5
4721,-13.574275016784668,-14.746149063110352,-13.31859302520752,-6.322855472564697,-0.001831522211432457,5.0,5
4722,-11.352580070495605,-5.301444053649902,-0.4861041307449341,-0.9690581560134888,-8.611103057861328,4.0,3
4723,-13.428173065185547,-5.004876613616943,-0.019082652404904366,-4.4082865715026855,-12.156866073608398,3.0,3
4724,-15.564116477966309,-17.005876541137695,-15.599627494812012,-8.554173469543457,-0.0001954841281985864,3.0,5
4725,-14.829049110412598,-13.216833114624023,-8.60035514831543,-0.006607351824641228,-5.077629566192627,5.0,4
4726,-11.593683242797852,-12.559592247009277,-10.904763221740723,-4.093684673309326,-0.016980616375803947,4.0,5
4727,-12.718704223632812,-5.749954700469971,-0.437454491853714,-1.0468294620513916,-10.492141723632812,3.0,3
4728,-13.39380931854248,-14.7574462890625,-13.0386962890625,-5.119662284851074,-0.006026193965226412,4.0,5
4729,-14.123991012573242,-15.139616012573242,-13.217741012573242,-4.2333664894104,-0.014616318047046661,4.0,5
4730,-6.612522125244141,-0.6593973636627197,-0.7375223636627197,-5.753147125244141,-11.37814712524414,2.0,2
4731,-11.915501594543457,-2.743626356124878,-0.07175144553184509,-5.321751594543457,-11.860814094543457,1.0,3
4732,-13.244976997375488,-13.84867000579834,-11.994976997375488,-3.898385763168335,-0.020545754581689835,3.0,5
4733,-13.658674240112305,-9.385236740112305,-1.650862216949463,-0.2133621871471405,-9.510236740112305,5.0,4
4734,-12.49965763092041,-10.96059513092041,-6.116844654083252,-0.023094840347766876,-3.882469892501831,4.0,4
4735,-0.03595658391714096,-3.364081621170044,-7.489081382751465,-10.614081382751465,-9.379706382751465,5.0,1
4736,-0.03595658391714096,-3.364081621170044,-7.489081382751465,-10.614081382751465,-9.379706382751465,4.0,1
4737,-13.415690422058105,-8.181315422058105,-0.2779053747653961,-1.4185303449630737,-9.152905464172363,1.0,3
4738,-12.249747276306152,-6.827872276306152,-0.35912221670150757,-1.2028722763061523,-8.843497276306152,1.0,3
4739,-11.27964973449707,-4.2249627113342285,-0.22496256232261658,-1.678087592124939,-9.80308723449707,5.0,3
4740,-14.473188400268555,-10.871625900268555,-2.7388131618499756,-0.06693816930055618,-9.645063400268555,1.0,4
4741,-13.865351676940918,-9.685664176940918,-2.045039176940918,-0.13878922164440155,-9.779414176940918,5.0,4
4742,-12.073474884033203,-6.753162860870361,-0.612537682056427,-0.784412682056427,-9.292224884033203,4.0,3
4743,-13.059245109558105,-11.918620109558105,-7.1529951095581055,-0.012370290234684944,-4.4654951095581055,5.0,4
4744,-13.059245109558105,-11.918620109558105,-7.1529951095581055,-0.012370290234684944,-4.4654951095581055,5.0,4
4745,-10.820840835571289,-2.8591926097869873,-0.13192066550254822,-2.717146635055542,-8.990584373474121,3.0,3
4746,-8.440423965454102,-1.5185489654541016,-0.31542399525642395,-2.9716739654541016,-10.377923965454102,1.0,3
4747,-10.786116600036621,-10.43100357055664,-8.24350357055664,-1.3713438510894775,-0.2932189106941223,3.0,5
4748,-13.771048545837402,-11.221332550048828,-5.347754001617432,-0.006845830008387566,-8.629003524780273,1.0,4
4749,-13.453439712524414,-15.320627212524414,-13.109689712524414,-8.081281661987305,-0.0003143055073451251,1.0,5
4750,-14.641377449035645,-16.02419090270996,-13.992939949035645,-7.196776390075684,-0.0007525234250351787,5.0,5
4751,-13.135163307189941,-14.491697311401367,-13.049936294555664,-5.7985148429870605,-0.003060896648094058,2.0,5
4752,-13.013291358947754,-14.09993839263916,-12.69368839263916,-3.304485321044922,-0.03743932023644447,1.0,5
4753,-13.5557222366333,-14.514528274536133,-12.689244270324707,-4.457709789276123,-0.01168796792626381,5.0,5
4754,-11.72409439086914,-1.8661401271820068,-0.1757981926202774,-5.0479583740234375,-11.077787399291992,3.0,3
4755,-13.947880744934082,-13.736943244934082,-9.572880744934082,-0.11975572258234024,-2.182255744934082,1.0,4
4756,-14.62701416015625,-15.61920166015625,-13.42388916015625,-3.212951421737671,-0.04107644036412239,4.0,5
4757,-14.389730453491211,-15.11416244506836,-11.516860961914062,-3.2320618629455566,-0.0402989387512207,5.0,5
4758,-16.505502700805664,-11.160331726074219,-3.0040812492370605,-0.0509563572704792,-12.322263717651367,4.0,4
4759,-16.00035858154297,-17.569961547851562,-14.570671081542969,-7.939279556274414,-0.0003583981015253812,5.0,5
4760,-15.162445068359375,-16.561594009399414,-15.041707038879395,-7.584320545196533,-0.0005134217790327966,4.0,5
4761,-13.702136993408203,-14.454977989196777,-12.679409980773926,-4.7248663902282715,-0.008956259116530418,4.0,5
4762,-11.276531219482422,-1.3859062194824219,-0.30778127908706665,-4.214031219482422,-11.323406219482422,5.0,3
4763,-14.982914924621582,-11.678227424621582,-3.8344779014587402,-0.021977797150611877,-9.475102424621582,5.0,4
4764,-15.518461227416992,-13.018461227416992,-5.955960750579834,-0.00283577898517251,-8.518461227416992,5.0,4
4765,-13.496479034423828,-10.512104034423828,-3.1683542728424072,-0.043354298919439316,-8.355854034423828,5.0,4
4766,-9.761922836303711,-10.488485336303711,-6.324422359466553,-0.7931723594665527,-0.6056723594665527,4.0,5
4767,-12.882522583007812,-11.155960083007812,-4.452834606170654,-0.015334799885749817,-5.640334606170654,5.0,4
4768,-12.882522583007812,-11.155960083007812,-4.452834606170654,-0.015334799885749817,-5.640334606170654,5.0,4
4769,-13.674857139587402,-9.596732139587402,-1.752982258796692,-0.1904822587966919,-9.971732139587402,5.0,4
4770,-12.501886367797852,-11.587823867797852,-7.08782434463501,-0.05657419562339783,-2.9159491062164307,5.0,4
4771,-12.5582275390625,-11.6676025390625,-7.167603015899658,-0.058227915316820145,-2.886353015899658,4.0,4
4772,-12.119937896728516,-11.073062896728516,-5.307437896728516,-0.05743797868490219,-2.9793128967285156,4.0,4
4773,-14.202362060546875,-10.459464073181152,-3.4282138347625732,-0.033327702432870865,-9.763442039489746,5.0,4
4774,-15.854655265808105,-13.625961303710938,-8.610336303710938,-0.0009611992281861603,-7.175678253173828,5.0,4
4775,-12.572443962097168,-13.291193962097168,-10.095881462097168,-2.392756462097168,-0.09588148444890976,5.0,5
4776,-14.406834602355957,-11.336522102355957,-4.141209602355957,-0.016209833323955536,-9.172459602355957,1.0,4
4777,-12.47905445098877,-13.721952438354492,-11.484736442565918,-2.777350902557373,-0.06428283452987671,5.0,5
4778,-0.008546561934053898,-4.774171352386475,-9.774171829223633,-13.399171829223633,-13.172609329223633,1.0,1
4779,-13.927574157714844,-9.068199157714844,-1.4900742769241333,-0.2556992769241333,-10.130699157714844,1.0,4
4780,-0.02601499669253826,-3.682265043258667,-7.713514804840088,-11.455702781677246,-10.229140281677246,1.0,1
4781,-15.922268867492676,-14.312893867492676,-7.859768867492676,-0.0003939091111533344,-13.345564842224121,5.0,4
4782,-13.515094757080078,-11.718219757080078,-5.788532257080078,-0.00728214206174016,-5.491657257080078,5.0,4
4783,-13.859349250793457,-11.031224250793457,-4.218724250793457,-0.015599139034748077,-7.265599250793457,5.0,4
4784,-12.86558723449707,-11.41246223449707,-6.66246223449707,-0.0218371469527483,-3.8968372344970703,4.0,4
4785,-9.855457305908203,-0.19636648893356323,-1.7304584980010986,-6.929322242736816,-11.361139297485352,2.0,2
4786,-0.00042429505265317857,-7.888209342956543,-10.4691743850708,-13.8207368850708,-11.7504243850708,3.0,1
4787,-10.416743278503418,-0.12555088102817535,-2.142595052719116,-7.526118755340576,-10.371288299560547,4.0,2
4788,-9.571578025817871,-1.8158974647521973,-0.22498749196529388,-3.2548165321350098,-9.481378555297852,2.0,3
4789,-13.750791549682617,-9.508604049682617,-1.977353572845459,-0.14922863245010376,-9.774229049682617,5.0,4
4790,-12.76749324798584,-5.40030574798584,-0.11905591189861298,-2.228430986404419,-11.25186824798584,4.0,3
4791,-13.646286010742188,-8.771286010742188,-0.005660812836140394,-5.2087860107421875,-11.427536010742188,5.0,3
4792,-13.646286010742188,-8.771286010742188,-0.005660812836140394,-5.2087860107421875,-11.427536010742188,5.0,3
4793,-14.714213371276855,-15.722736358642578,-11.565065383911133,-5.971315383911133,-0.002565547125414014,5.0,5
4794,-15.720283508300781,-16.000112533569336,-14.562612533569336,-9.108068466186523,-0.00011264643399044871,5.0,5
4795,-15.016268730163574,-16.42251968383789,-14.485018730163574,-7.351497173309326,-0.0006439996068365872,5.0,5
4796,-12.095226287841797,-12.477328300476074,-10.242953300476074,-4.950341701507568,-0.007159648463129997,4.0,5
4797,-14.037765502929688,-10.584640502929688,-3.3033909797668457,-0.037765953689813614,-8.350265502929688,1.0,4
4798,-0.0013175864005461335,-6.641942501068115,-11.860692977905273,-15.095067977905273,-13.220067977905273,1.0,1
4799,-14.421130180358887,-11.61573314666748,-3.7180051803588867,-0.024823304265737534,-9.598687171936035,3.0,4
4800,-11.40938949584961,-0.21407729387283325,-1.6515772342681885,-6.964077472686768,-12.01095199584961,1.0,2
4801,-14.341064453125,-11.020751953125,-3.575439929962158,-0.028564907610416412,-9.184814453125,5.0,4
4802,-15.828185081481934,-12.570372581481934,-4.867247104644775,-0.007872269488871098,-8.914122581481934,4.0,4
4803,-12.556398391723633,-11.767335891723633,-7.322022914886475,-0.05639799311757088,-2.9157729148864746,5.0,4
4804,-10.694182395935059,-11.312079429626465,-7.143045425415039,-0.5805454850196838,-0.8220234513282776,5.0,4
4805,-12.470147132873535,-13.059635162353516,-10.197420120239258,-1.3195788860321045,-0.31105688214302063,5.0,5
4806,-12.445417404174805,-12.78632640838623,-10.328940391540527,-0.7976912260055542,-0.5988272428512573,1.0,5
4807,-8.771075248718262,-1.2852792739868164,-0.3335752487182617,-5.006871223449707,-8.85985279083252,3.0,3
4808,-15.36720085144043,-17.12501335144043,-15.64063835144043,-11.25001335144043,-1.3708974620385561e-05,4.0,5
4809,-10.680888175964355,-3.8996381759643555,-0.1808880716562271,-1.930888056755066,-9.290263175964355,5.0,3
4810,-11.419365882873535,-8.981865882873535,-3.708428144454956,-0.05217820405960083,-3.645928144454956,5.0,4
4811,-11.809212684631348,-12.098275184631348,-7.535775661468506,-0.16077552735805511,-1.9107755422592163,5.0,4
4812,-13.902481079101562,-14.818674087524414,-12.77322006225586,-4.570096492767334,-0.010436482727527618,5.0,5
4813,-16.062891006469727,-17.220561981201172,-15.700674057006836,-5.737605094909668,-0.0032302364706993103,5.0,5
4814,-5.627531051635742,-0.08775900304317474,-2.5309410095214844,-7.131792068481445,-12.147417068481445,4.0,2
4815,-15.280278205871582,-15.670903205871582,-11.919482231140137,-3.560107469558716,-0.028857508674263954,3.0,5
4816,-16.02336311340332,-17.42961311340332,-14.416117668151855,-6.189555644989014,-0.002055557444691658,3.0,5
4817,-12.690479278564453,-13.770025253295898,-11.440479278564453,-2.605252981185913,-0.07684307545423508,5.0,5
4818,-14.99204158782959,-11.82442855834961,-5.091473579406738,-0.006247514393180609,-9.977837562561035,5.0,4
4819,-11.265146255493164,-13.334749221801758,-9.765146255493164,-2.631624221801758,-0.07480614632368088,4.0,5
4820,-13.810441017150879,-14.705327987670898,-12.837430000305176,-5.628623962402344,-0.003624063218012452,3.0,5
4821,-14.831841468811035,-12.708261489868164,-6.380136013031006,-0.0022960747592151165,-8.212522506713867,5.0,4
4822,-15.006903648376465,-15.227784156799316,-14.374801635742188,-6.71144962310791,-0.0012215065071359277,1.0,5
4823,-12.481881141662598,-13.625347137451172,-11.792960166931152,-1.9151196479797363,-0.1594395488500595,3.0,5
4824,-13.048589706420898,-14.561373710632324,-12.75029468536377,-4.738930702209473,-0.008818727917969227,1.0,5
4825,-12.669567108154297,-13.841442108154297,-12.307352066040039,-4.3314995765686035,-0.013317795470356941,5.0,5
4826,-14.81317138671875,-10.61785888671875,-1.97723388671875,-0.14910888671875,-10.49285888671875,4.0,4
4827,-14.172296524047852,-15.016046524047852,-12.797296524047852,-2.7972965240478516,-0.06292156875133514,3.0,5
4828,-14.728474617004395,-12.342111587524414,-5.303759574890137,-0.005463430192321539,-7.860577583312988,3.0,4
4829,-0.00014327930693980306,-8.975996017456055,-11.578268051147461,-14.718893051147461,-13.047018051147461,1.0,1
4830,-15.3594331741333,-12.149206161499023,-4.485854148864746,-0.011422239243984222,-9.798354148864746,4.0,4
4831,-13.634960174560547,-14.40910816192627,-12.200301170349121,-2.8039939403533936,-0.06251783668994904,4.0,5
4832,-15.980521202087402,-12.592737197875977,-3.138190746307373,-0.044440776109695435,-9.685066223144531,4.0,4
4833,-13.979853630065918,-15.151728630065918,-12.979853630065918,-3.182978391647339,-0.04235337674617767,5.0,5
4834,-10.867213249206543,-11.914088249206543,-8.648463249206543,-2.085963010787964,-0.13283796608448029,3.0,5
4835,-15.035611152648926,-14.488736152648926,-10.105923652648926,-0.01217387430369854,-4.418423652648926,4.0,4
4836,-15.051100730895996,-16.009906768798828,-13.943145751953125,-4.3692827224731445,-0.012747587636113167,2.0,5
4837,-12.4854154586792,-6.016664981842041,-0.25104013085365295,-1.5166651010513306,-9.7354154586792,5.0,3
4838,-10.251363754272461,-11.016988754272461,-6.907613754272461,-0.7669886350631714,-0.6263636350631714,4.0,5
4839,-10.288825035095215,-11.093512535095215,-7.023200035095215,-0.8356999158859253,-0.5700749158859253,5.0,5
4840,-10.288825035095215,-11.093512535095215,-7.023200035095215,-0.8356999158859253,-0.5700749158859253,5.0,5
4841,-13.5264892578125,-9.0343017578125,-1.8311772346496582,-0.17492718994617462,-9.4093017578125,5.0,4
4842,-11.98019790649414,-11.38644790649414,-5.511447429656982,-0.04269760102033615,-3.2770726680755615,5.0,4
4843,-13.062511444091797,-15.156261444091797,-13.523448944091797,-11.812511444091797,-1.156323378381785e-05,4.0,5
4844,-5.372664451599121,-0.15959645807743073,-1.9493703842163086,-7.744824409484863,-12.148232460021973,1.0,2
4845,-15.194901466369629,-15.656549453735352,-13.3341064453125,-4.910811424255371,-0.007401426322758198,5.0,5
4846,-13.179227828979492,-13.150818824768066,-9.947693824768066,-0.16076314449310303,-1.9079211950302124,3.0,4
4847,-16.768659591674805,-13.753033638000488,-5.815533638000488,-0.0030336808413267136,-10.190533638000488,3.0,4
4848,-13.037153244018555,-13.498800277709961,-11.19056224822998,-2.383744716644287,-0.09681262820959091,2.0,5
4849,-12.89667797088623,-14.30292797088623,-12.747529983520508,-5.11968994140625,-0.006054157856851816,5.0,5
4850,-14.427175521850586,-8.145925521850586,-0.3178004324436188,-1.3021754026412964,-11.255300521850586,4.0,3
4851,-15.23568344116211,-16.33724594116211,-14.57162094116211,-6.641933441162109,-0.0013083001831546426,5.0,5
4852,-13.602816581726074,-15.243441581726074,-13.610629081726074,-6.688753604888916,-0.0012537722941488028,4.0,5
4853,-13.013764381408691,-12.829105377197266,-10.151548385620117,-0.549275279045105,-0.861775279045105,5.0,4
4854,-9.878787994384766,-7.183475017547607,-3.3241002559661865,-0.058475200086832047,-3.9178502559661865,5.0,4
4855,-14.189034461975098,-11.040596961975098,-3.4390342235565186,-0.03278413787484169,-9.064034461975098,5.0,4
4856,-9.854963302612305,-4.753401279449463,-1.2846510410308838,-0.3471510708332062,-4.862776279449463,4.0,4
4857,-13.317829132080078,-9.489704132080078,-2.364704132080078,-0.09907909482717514,-8.989704132080078,5.0,4
4858,-12.862567901611328,-8.104755401611328,-0.24538001418113708,-1.5266300439834595,-11.089130401611328,1.0,3
4859,-9.274044036865234,-1.0552935600280762,-0.43029356002807617,-6.508418560028076,-12.625606536865234,2.0,3
4860,-14.488985061645508,-11.356172561645508,-4.067110061645508,-0.020235057920217514,-5.848360061645508,2.0,4
4861,-12.412691116333008,-12.299055099487305,-9.408430099487305,-1.3828608989715576,-0.28911086916923523,5.0,5
4862,-12.821892738342285,-14.100301742553711,-12.765073776245117,-6.096039295196533,-0.0022895331494510174,2.0,5
4863,-14.25080680847168,-15.57111930847168,-13.68049430847168,-4.7586188316345215,-0.008618894964456558,3.0,5
4864,-4.681056976318359,-0.16543185710906982,-1.9466818571090698,-7.712306976318359,-12.85293197631836,1.0,2
4865,-13.63735580444336,-9.63735580444336,-2.168605327606201,-0.12173033505678177,-9.07485580444336,5.0,4
4866,-10.418615341186523,-11.206966400146484,-6.768046855926514,-0.503842830657959,-0.9299788475036621,5.0,4
4867,-10.85097599029541,-11.341032028198242,-6.916316986083984,-0.42483893036842346,-1.0640448331832886,4.0,4
4868,-12.73005199432373,-12.37493896484375,-9.093688011169434,-0.5141440629959106,-0.9118701219558716,3.0,4
4869,-14.177468299865723,-10.958718299865723,-3.5602807998657227,-0.029030874371528625,-8.919655799865723,5.0,4
4870,-14.339609146118164,-9.738046646118164,-0.003671692218631506,-5.628671646118164,-12.113046646118164,5.0,3
4871,-14.441225051879883,-9.784975051879883,-0.0037250195164233446,-5.613100051879883,-12.128725051879883,5.0,3
4872,-13.71467399597168,-12.727458000183105,-9.069787979125977,-0.035696882754564285,-3.359560966491699,5.0,4
4873,-13.445535659790039,-14.610308647155762,-13.353206634521484,-7.0037736892700195,-0.0009336879593320191,5.0,5
4874,-10.958841323852539,-11.888528823852539,-8.255716323852539,-1.4900912046432495,-0.2557161748409271,4.0,5
4875,-12.9929838180542,-13.6101713180542,-10.6257963180542,-2.57892107963562,-0.07892114669084549,5.0,5
4876,-11.92706298828125,-12.63018798828125,-10.726778984069824,-2.104621171951294,-0.13018925487995148,1.0,5
4877,-13.177621841430664,-14.008587837219238,-12.247223854064941,-4.079611301422119,-0.0171115230768919,4.0,5
4878,-10.174899101257324,-0.4518890380859375,-1.020071029663086,-5.863821029663086,-10.466093063354492,4.0,2
4879,-14.549083709716797,-11.74368667602539,-4.584597110748291,-0.010733019560575485,-9.357322692871094,5.0,4
4880,-15.281261444091797,-17.093761444091797,-15.382823944091797,-11.421886444091797,-1.168244216387393e-05,3.0,5
4881,-1.4237505197525024,-0.31437548995018005,-3.548750400543213,-8.689375877380371,-12.134688377380371,1.0,2
4882,-0.007418820634484291,-4.913668632507324,-10.460543632507324,-13.515231132507324,-13.304293632507324,5.0,1
4883,-14.467737197875977,-6.123987197875977,-0.045862141996622086,-3.1552371978759766,-12.264612197875977,2.0,3
4884,-12.953974723815918,-7.180537223815918,-0.4461623430252075,-1.0242873430252075,-10.235224723815918,2.0,3
4885,-14.652002334594727,-16.470184326171875,-15.305411338806152,-11.562514305114746,-1.4781842764932662e-05,4.0,5
4886,-10.773107528686523,-12.460607528686523,-8.132482528686523,-0.8057787418365479,-0.5927107334136963,3.0,5
4887,-12.583717346191406,-14.247779846191406,-12.575904846191406,-7.404029846191406,-0.000621959799900651,4.0,5
4888,-14.169051170349121,-15.816779136657715,-14.744336128234863,-11.377859115600586,-1.728519782773219e-05,3.0,5
4889,-13.954997062683105,-15.798747062683105,-15.12971305847168,-6.283121585845947,-0.0018717404454946518,5.0,5
4890,-12.09986686706543,-12.94361686706543,-12.125435829162598,-0.24049220979213715,-1.5430492162704468,5.0,4
4891,-13.290480613708496,-14.188918113708496,-12.873578071594238,-4.0809645652771,-0.017043551430106163,5.0,5
4892,-14.545737266540527,-15.902271270751953,-13.686362266540527,-4.58834981918335,-0.010225054807960987,4.0,5
4893,-16.02410125732422,-14.031913757324219,-7.938163757324219,-0.0006635371246375144,-8.125663757324219,5.0,4
4894,-15.201702117919922,-11.170452117919922,-2.8267018795013428,-0.061076898127794266,-10.842327117919922,5.0,4
4895,-13.02547836303711,-14.282581329345703,-12.123490333557129,-3.5794572830200195,-0.028319386765360832,2.0,5
4896,-12.991108894348145,-9.58201789855957,-2.593381643295288,-0.07917767763137817,-9.013836860656738,5.0,4
4897,-13.566651344299316,-14.106424331665039,-11.933128356933594,-0.5993217825889587,-0.7967666983604431,5.0,4
4898,-0.009205399081110954,-4.710909366607666,-9.029091835021973,-11.054659843444824,-12.303239822387695,1.0,1
4899,-11.066444396972656,-11.932921409606934,-7.881784439086914,-1.084909439086914,-0.41303446888923645,3.0,5
4900,-14.0225830078125,-14.924571990966797,-12.9288330078125,-1.4330939054489136,-0.27258291840553284,3.0,5
4901,-14.08829402923584,-14.95548152923584,-12.29923152923584,-2.767981767654419,-0.06485670059919357,3.0,5
4902,-0.002522978698834777,-6.0678629875183105,-10.172977447509766,-13.155932426452637,-10.495420455932617,1.0,1
4903,-11.83423137664795,-12.32641887664795,-8.95141887664795,-0.935793936252594,-0.498293936252594,5.0,5
4904,-13.90021800994873,-14.36896800994873,-11.71271800994873,-2.6658430099487305,-0.07209290564060211,3.0,5
4905,-14.554593086242676,-11.351468086242676,-6.3372626304626465,-0.0020366418175399303,-8.411127090454102,5.0,4
4906,-12.442193984985352,-10.809381484985352,-4.653131484985352,-0.012506275437772274,-5.856256484985352,5.0,4
4907,-8.997448921203613,-4.8880743980407715,-1.2005741596221924,-0.37244921922683716,-6.1380743980407715,5.0,4
4908,-13.161749839782715,-12.33078384399414,-9.234192848205566,-1.6347609758377075,-0.21714702248573303,5.0,5
4909,-14.380842208862305,-10.560529708862305,-2.435529947280884,-0.0917799323797226,-10.138654708862305,5.0,4
4910,-12.276803016662598,-11.393990516662598,-6.9096150398254395,-0.065865159034729,-2.7689900398254395,4.0,4
4911,-12.36365032196045,-11.48865032196045,-6.988650798797607,-0.06677571684122086,-2.7542757987976074,5.0,4
4912,-12.36365032196045,-11.48865032196045,-6.988650798797607,-0.06677571684122086,-2.7542757987976074,5.0,4
4913,-14.131512641906738,-15.670575141906738,-14.076825141906738,-5.0377631187438965,-0.006513081956654787,5.0,5
4914,-0.0062234653159976006,-5.099973678588867,-9.381223678588867,-13.068723678588867,-12.053098678588867,5.0,1
4915,-12.643428802490234,-13.48859977722168,-11.173258781433105,-1.393429160118103,-0.2854751646518707,5.0,5
4916,-12.453936576843262,-13.235186576843262,-10.492999076843262,-3.242999315261841,-0.039874278008937836,3.0,5
4917,-13.181971549987793,-4.90782356262207,-0.04986945912241936,-3.1890735626220703,-11.122312545776367,1.0,3
4918,-13.950418472290039,-11.247293472290039,-4.450418949127197,-0.012918825261294842,-6.778543949127197,1.0,4
4919,-10.855802536010742,-1.0390403270721436,-0.6782463192939758,-1.9765403270721436,-9.289040565490723,3.0,3
4920,-16.143552780151367,-13.416990280151367,-5.893552303314209,-0.0029274248518049717,-8.893552780151367,5.0,4
4921,-12.814038276672363,-13.254378318786621,-10.548413276672363,-0.49159538745880127,-0.9461413621902466,5.0,4
4922,-13.58474063873291,-12.540706634521484,-7.121673583984375,-0.019399670884013176,-3.996673583984375,4.0,4
4923,-13.105755805969238,-13.332318305969238,-8.965130805969238,-0.3870055675506592,-1.1370055675506592,1.0,4
4924,-13.016284942626953,-14.479352951049805,-12.519125938415527,-4.429637432098389,-0.012023475021123886,3.0,5
4925,-12.219822883605957,-13.368260383605957,-10.555760383605957,-2.9151358604431152,-0.055760741233825684,3.0,5
4926,-15.146895408630371,-12.490645408630371,-5.303145408630371,-0.006270496640354395,-6.693770408630371,1.0,4
4927,-7.206686496734619,-0.6129363179206848,-0.7848113179206848,-6.659811496734619,-11.995748519897461,3.0,2
4928,-8.542624473571777,-1.1832494735717773,-0.37074941396713257,-5.714499473571777,-12.480124473571777,2.0,3
4929,-13.382481575012207,-9.454925537109375,-1.9691308736801147,-0.15094883739948273,-9.057198524475098,5.0,4
4930,-0.10173774510622025,-2.3673627376556396,-5.898612976074219,-9.570487976074219,-10.023612976074219,1.0,1
4931,-13.831133842468262,-14.213946342468262,-11.284258842468262,-0.5967592000961304,-0.7998842000961304,3.0,4
4932,-9.742502212524414,-2.398751974105835,-0.11181987076997757,-4.216933727264404,-9.827730178833008,1.0,3
4933,-12.973596572875977,-13.030415534973145,-10.551722526550293,-0.22501757740974426,-1.6028594970703125,5.0,4
4934,-13.18869686126709,-13.65744686126709,-10.93869686126709,-0.5168218612670898,-0.9074468612670898,4.0,4
4935,-13.797779083251953,-14.188404083251953,-11.086841583251953,-0.7743417620658875,-0.6180917620658875,4.0,5
4936,-14.394388198852539,-15.175638198852539,-12.574075698852539,-2.058450698852539,-0.1365756243467331,4.0,5
4937,-13.560731887817383,-8.232606887817383,-0.7013569474220276,-0.6857319474220276,-10.279481887817383,5.0,4
4938,-10.863612174987793,-2.293300151824951,-0.199550062417984,-2.527675151824951,-10.043299674987793,5.0,3
4939,-11.616242408752441,-13.608429908752441,-10.553742408752441,-2.2099926471710205,-0.11624261736869812,4.0,5
4940,-11.616242408752441,-13.608429908752441,-10.553742408752441,-2.2099926471710205,-0.11624261736869812,4.0,5
4941,-14.263643264770508,-10.662080764770508,-2.521456241607666,-0.08395621925592422,-9.974580764770508,1.0,4
4942,-12.485422134399414,-11.571359634399414,-7.086984634399414,-0.05573447048664093,-2.930734395980835,5.0,4
4943,-12.5738525390625,-11.6676025390625,-7.167603015899658,-0.058227915316820145,-2.886353015899658,5.0,4
4944,-12.5738525390625,-11.6676025390625,-7.167603015899658,-0.058227915316820145,-2.886353015899658,5.0,4
4945,-14.121359825134277,-9.412552833557129,-1.6142586469650269,-0.22221271693706512,-9.867098808288574,3.0,4
4946,-17.012834548950195,-14.476612091064453,-10.563970565795898,-4.935142715112306e-05,-10.937549591064453,1.0,4
4947,-12.114203453063965,-13.270453453063965,-9.223578453063965,-0.8798285722732544,-0.5360785722732544,5.0,5
4948,-13.609487533569336,-8.382925033569336,-0.6329250335693359,-0.7579250335693359,-10.195425033569336,1.0,3
4949,-12.34775447845459,-13.48411750793457,-10.685822486877441,-2.4613914489746094,-0.08923137933015823,5.0,5
4950,-14.489395141601562,-6.3956451416015625,-0.00501991854980588,-5.703884124755859,-13.587407112121582,1.0,3
4951,-12.617520332336426,-13.121782302856445,-10.714111328125,-1.2680890560150146,-0.3305889964103699,3.0,5
4952,-12.357951164245605,-13.053974151611328,-10.987213134765625,-1.0724400281906128,-0.4190319776535034,1.0,5
4953,-14.529834747314453,-10.654834747314453,-2.6079602241516113,-0.07671015709638596,-9.623584747314453,5.0,4
4954,-14.561604499816895,-13.405354499816895,-7.8506669998168945,-0.0069169835187494755,-5.0381669998168945,5.0,4
4955,-11.12986946105957,-12.57518196105957,-8.78611946105957,-1.223618984222412,-0.3486190438270569,5.0,5
4956,-14.230637550354004,-13.449387550354004,-8.996262550354004,-0.01188801322132349,-4.449388027191162,5.0,4
4957,-11.200996398925781,-11.591621398925781,-8.402700424194336,-0.43395090103149414,-1.0447468757629395,4.0,4
4958,-12.260130882263184,-5.789961338043213,-0.179165318608284,-1.8268933296203613,-10.633710861206055,2.0,3
4959,-10.137541770935059,-11.124757766723633,-7.950041770935059,-1.5579979419708252,-0.23697397112846375,3.0,5
4960,-11.768401145935059,-13.096526145935059,-10.944537162780762,-3.3593108654022217,-0.0354468934237957,5.0,5
4961,-12.071255683898926,-13.264437675476074,-11.645118713378906,-5.430630683898926,-0.004494565073400736,5.0,5
4962,-12.003567695617676,-14.284817695617676,-13.097317695617676,-12.402005195617676,-1.811964830267243e-05,5.0,5
4963,-12.632943153381348,-13.91845417022705,-12.050557136535645,-3.4141931533813477,-0.03351113200187683,5.0,5
4964,-13.77196979522705,-13.274810791015625,-9.737878799438477,-0.13560616970062256,-2.0674262046813965,4.0,4
4965,-15.087981224060059,-16.032583236694336,-13.89479923248291,-3.4842875003814697,-0.031162414699792862,3.0,5
4966,-14.867862701416016,-15.606498718261719,-13.731498718261719,-3.438884973526001,-0.03263496235013008,3.0,5
4967,-11.563566207885742,-10.107600212097168,-6.627486228942871,-0.33629322052001953,-1.2581682205200195,3.0,4
4968,-14.659431457519531,-11.569942474365234,-4.922216415405273,-0.0074423677287995815,-9.396648406982422,2.0,4
4969,-2.101548910140991,-0.5532548427581787,-1.1995599269866943,-6.746435165405273,-10.793310165405273,5.0,2
4970,-0.006279144436120987,-5.084403991699219,-9.896903991699219,-13.357841491699219,-11.631278991699219,1.0,1
4971,-6.371827602386475,-0.07495259493589401,-2.6530776023864746,-9.621827125549316,-14.699952125549316,4.0,2
4972,-0.017156990244984627,-4.079657077789307,-9.345281600952148,-12.954656600952148,-13.595281600952148,5.0,1
4973,-14.986701965332031,-11.947639465332031,-4.033576965332031,-0.01795186661183834,-9.799201965332031,5.0,4
4974,-14.324041366577148,-9.722478866577148,-0.0037292949855327606,-5.613104343414307,-12.105291366577148,5.0,3
4975,-14.448980331420898,-9.800542831420898,-0.003667535027489066,-5.62866735458374,-12.144292831420898,4.0,3
4976,-15.111559867858887,-15.857298851013184,-11.806161880493164,-0.9936620593070984,-0.4624120593070984,3.0,5
4977,-0.5242109298706055,-0.9929609298706055,-3.2898359298706055,-8.586710929870605,-11.719523429870605,2.0,1
4978,-15.241756439208984,-15.568462371826172,-11.496017456054688,-0.8085179328918457,-0.5897679328918457,3.0,5
4979,-14.730241775512695,-16.683366775512695,-13.726690292358398,-8.991605758666992,-0.0001280225842492655,5.0,5
4980,-17.91387939453125,-14.795980453491211,-5.348536968231201,-0.0047868178226053715,-10.911036491394043,5.0,4
4981,-12.99152946472168,-13.879313468933105,-11.642097473144531,-1.4148262739181519,-0.278462290763855,5.0,5
4982,-15.137101173400879,-12.047613143920898,-4.703863620758057,-0.009260558523237705,-9.368635177612305,3.0,4
4983,-13.890795707702637,-10.261534690856934,-3.9263062477111816,-0.020056305453181267,-9.579716682434082,3.0,4
4984,-12.017523765563965,-4.347070217132568,-0.057297952473163605,-3.153887987136841,-10.618376731872559,3.0,3
4985,-15.198836326599121,-15.127813339233398,-13.252813339233398,-4.00281286239624,-0.01843801699578762,4.0,5
4986,-16.092334747314453,-17.054691314697266,-15.625004768371582,-12.421879768371582,-4.6491513785440475e-06,3.0,5
4987,-13.70103931427002,-13.29478931427002,-11.25572681427002,-4.672895011026412e-05,-10.58385181427002,5.0,4
4988,-13.516457557678223,-13.344582557678223,-9.860207557678223,-0.31333231925964355,-1.3133323192596436,4.0,4
4989,-14.548781394958496,-10.649633407592773,-2.3967936038970947,-0.09565769135951996,-10.024633407592773,5.0,4
4990,-13.822996139526367,-6.651121616363525,-0.04174655303359032,-3.2292466163635254,-12.666746139526367,5.0,3
4991,-13.939451217651367,-9.603513717651367,-2.0722639560699463,-0.1347639113664627,-9.947263717651367,5.0,4
4992,-13.13929557800293,-6.6705451011657715,-0.2174203246831894,-1.6392953395843506,-11.26429557800293,5.0,3
4993,-11.26417350769043,-13.00636100769043,-9.73292350769043,-1.5141737461090088,-0.24854879081249237,4.0,5
4994,-11.26417350769043,-13.00636100769043,-9.73292350769043,-1.5141737461090088,-0.24854879081249237,4.0,5
4995,-12.50581169128418,-8.44331169128418,-1.818312168121338,-0.1776871383190155,-8.33393669128418,5.0,4
4996,-16.306386947631836,-13.681386947631836,-6.517324447631836,-0.0016994333127513528,-8.501699447631836,5.0,4
4997,-11.163432121276855,-11.311869621276855,-6.936870098114014,-0.3587450385093689,-1.2024950981140137,5.0,4
4998,-11.163432121276855,-11.311869621276855,-6.936870098114014,-0.3587450385093689,-1.2024950981140137,5.0,4
4999,-13.900467872619629,-11.1021728515625,-3.3464903831481934,-0.036832381039857864,-7.2101263999938965,5.0,4
5000,-11.26798152923584,-7.64298152923584,-1.0804816484451294,-0.4228125810623169,-6.78360652923584,4.0,4
5001,-10.693344116210938,-10.679140090942383,-8.186243057250977,-2.831129312515259,-0.06124331057071686,1.0,5
5002,-15.709314346313477,-16.76755142211914,-13.274654388427734,-4.712154865264893,-0.009029743261635303,3.0,5
5003,-13.118318557739258,-14.290193557739258,-12.08138656616211,-3.1680352687835693,-0.04303530976176262,2.0,5
5004,-10.305022239685059,-3.0109879970550537,-0.08485209196805954,-3.4513299465179443,-8.507436752319336,5.0,3
5005,-12.618895530700684,-13.471168518066406,-11.191338539123535,-2.52656626701355,-0.08338432759046555,3.0,5
5006,-12.661994934082031,-12.846653938293457,-9.899210929870605,-0.311143159866333,-1.319667100906372,1.0,4
5007,-14.096800804138184,-8.024356842041016,-0.20191407203674316,-1.7019140720367432,-9.264413833618164,5.0,3
5008,-11.92019271850586,-10.92800521850586,-4.928005218505859,-0.05300509184598923,-3.1155049800872803,1.0,4
5009,-15.338699340820312,-13.612136840820312,-6.6277618408203125,-0.0027617192827165127,-6.5496368408203125,5.0,4
5010,-0.0036757304333150387,-5.613050937652588,-11.25367546081543,-14.55836296081543,-13.92555046081543,1.0,1
5011,-14.540279388427734,-15.891841888427734,-13.766841888427734,-4.712154865264893,-0.00902986153960228,5.0,5
5012,-12.735132217407227,-12.555444717407227,-8.641382217407227,-0.26638174057006836,-1.4538817405700684,4.0,4
5013,-13.4843168258667,-13.4530668258667,-10.5780668258667,-0.2811918556690216,-1.4061918258666992,3.0,4
5014,-14.294818878173828,-14.216693878173828,-9.990131378173828,-0.13075654208660126,-2.0995066165924072,3.0,4
5015,-11.884724617004395,-5.1972246170043945,-0.21284981071949005,-1.6815998554229736,-10.251912117004395,5.0,3
5016,-12.779820442199707,-11.576695442199707,-6.951695442199707,-0.029820537194609642,-3.561070442199707,5.0,4
5017,-13.760784149169922,-10.877971649169922,-4.034221649169922,-0.018596699461340904,-7.331096649169922,5.0,4
5018,-12.85777473449707,-11.39683723449707,-6.66246223449707,-0.021837379783391953,-3.8968374729156494,4.0,4
5019,-15.03714656829834,-15.70902156829834,-13.26370906829834,-3.849646806716919,-0.021521717309951782,3.0,5
5020,-12.648507118225098,-14.289132118225098,-12.718819618225098,-9.687569618225098,-6.97350042173639e-05,5.0,5
5021,-12.048531532287598,-12.056344032287598,-7.954781532287598,-0.392281711101532,-1.1266567707061768,5.0,4
5022,-14.671889305114746,-16.640640258789062,-14.976576805114746,-11.218764305114746,-1.4662635294371285e-05,4.0,5
5023,-13.184359550476074,-10.329245567321777,-3.3406102657318115,-0.04515421763062477,-8.596290588378906,5.0,4
5024,-14.987728118896484,-15.103494644165039,-14.526080131530762,-6.251932144165039,-0.0019320646533742547,1.0,5
5025,-15.165116310119629,-15.162275314331055,-14.511707305908203,-5.1153998374938965,-0.006025008857250214,1.0,5
5026,-12.214458465576172,-12.81815242767334,-10.460197448730469,-0.5028120279312134,-0.9289480447769165,3.0,4
5027,-14.802806854248047,-15.951244354248047,-13.794994354248047,-5.130932331085205,-0.005932224448770285,3.0,5
5028,-12.84657096862793,-13.187479972839355,-10.602252960205078,-0.5028209686279297,-0.9289588928222656,3.0,4
5029,-14.807969093322754,-16.323593139648438,-14.214219093322754,-5.722031116485596,-0.00328132975846529,3.0,5
5030,-14.971930503845215,-16.19849395751953,-14.229743003845215,-5.753180980682373,-0.0031809229403734207,3.0,5
5031,-14.199639320373535,-13.24793529510498,-8.759298324584961,-0.009298589080572128,-4.711004734039307,4.0,4
5032,-0.003161315806210041,-5.784411430358887,-10.237536430358887,-13.315661430358887,-10.534411430358887,1.0,1
5033,-0.014102800749242306,-4.279727935791016,-8.904727935791016,-12.529727935791016,-12.326602935791016,5.0,1
5034,-13.044769287109375,-13.044769287109375,-10.132837295532227,-0.28908872604370117,-1.3828387260437012,1.0,4
5035,-13.371042251586914,-5.771609783172607,-0.020188912749290466,-4.082688808441162,-12.390928268432617,4.0,3
5036,-0.254899799823761,-1.5333077907562256,-4.703762054443359,-9.43813705444336,-13.443819046020508,1.0,1
5037,-16.65338706970215,-13.514180183410645,-5.877816677093506,-0.0028165215626358986,-11.568158149719238,2.0,4
5038,-16.72368812561035,-13.548970222473145,-5.068856716156006,-0.006356497760862112,-10.053231239318848,3.0,4
5039,-16.262588500976562,-17.37764549255371,-15.502646446228027,-5.208611011505127,-0.0054861935786902905,4.0,5
5040,-0.045498162508010864,-3.142090082168579,-6.934702396392822,-9.239389419555664,-10.286264419555664,1.0,1
5041,-2.9569153785705566,-0.20123350620269775,-2.076233386993408,-5.4285054206848145,-9.959755897521973,3.0,2
5042,-15.62325668334961,-17.02950668334961,-14.041580200195312,-5.9868927001953125,-0.0025177467614412308,4.0,5
5043,-14.45177936553955,-11.127915382385254,-5.332460403442383,-0.005756348837167025,-7.072517395019531,3.0,4
5044,-12.7238130569458,-13.668415069580078,-11.956767082214355,-4.037734031677246,-0.01784788817167282,3.0,5
5045,-13.30704402923584,-13.690567016601562,-11.410737037658691,-1.9078962802886963,-0.16073817014694214,4.0,5
5046,-15.697342872619629,-16.75558090209961,-13.321632385253906,-6.634843826293945,-0.0013199674431234598,4.0,5
5047,-13.912134170532227,-13.819804191589355,-8.967531204223633,-2.605316400527954,-0.07690633088350296,4.0,5
5048,-15.015010833740234,-15.100238800048828,-11.696828842163086,-3.225238561630249,-0.04057862609624863,4.0,5
5049,-15.346089363098145,-16.276487350463867,-12.597509384155273,-5.587566375732422,-0.0037595797330141068,4.0,5
5050,-16.465681076049805,-17.744089126586914,-16.110567092895508,-6.735566139221191,-0.001191263902001083,5.0,5
5051,-12.371407508850098,-4.5020904541015625,-0.18390831351280212,-1.8529413938522339,-9.462316513061523,4.0,3
5052,-16.031295776367188,-13.545500755310059,-6.670500755310059,-0.001465795561671257,-10.501465797424316,3.0,4
5053,-14.102581977844238,-13.747467994689941,-10.09689998626709,-0.11110392212867737,-2.2559919357299805,4.0,4
5054,-12.497319221496582,-8.137944221496582,-1.419193983078003,-0.27856892347335815,-9.622319221496582,1.0,4
5055,-0.014958007261157036,-4.218082904815674,-9.171208381652832,-13.022770881652832,-12.155583381652832,5.0,1
5056,-12.101982116699219,-7.086357116699219,-0.5707318782806396,-0.8363568782806396,-10.203544616699219,3.0,3
5057,-13.752176284790039,-6.770641803741455,-0.06041400507092476,-2.8572890758514404,-10.69322681427002,1.0,3
5058,-11.944306373596191,-14.357659339904785,-11.053681373596191,-4.513908863067627,-0.01106884703040123,4.0,5
5059,-10.778722763061523,-0.9207674860954285,-0.50883549451828,-7.483267307281494,-13.484687805175781,4.0,3
5060,-12.039546012878418,-14.08713150024414,-10.437983512878418,-2.964972496032715,-0.05304059013724327,3.0,5
5061,-12.746431350708008,-13.328818321228027,-11.191034317016602,-1.4041019678115845,-0.2819438874721527,3.0,5
5062,-12.426653861999512,-13.399664878845215,-11.112733840942383,-2.6184158325195312,-0.07580187171697617,4.0,5
5063,-0.0016797969583421946,-6.40792989730835,-11.251679420471191,-14.243866920471191,-13.618866920471191,5.0,1
5064,-13.195453643798828,-2.982384204864502,-0.054827235639095306,-5.9298272132873535,-11.507952690124512,5.0,3
5065,-10.971720695495605,-3.5640501976013184,-0.06973212212324142,-3.2515501976013184,-9.018595695495605,2.0,3
5066,-14.789403915405273,-11.133153915405273,-3.0784661769866943,-0.04721611365675926,-9.765966415405273,5.0,4
5067,-0.003987576812505722,-5.535237789154053,-10.957112312316895,-13.957112312316895,-13.261799812316895,1.0,1
5068,-0.04734289273619652,-3.0785927772521973,-8.516093254089355,-12.344218254089355,-13.969218254089355,1.0,1
5069,-13.028546333312988,-13.483091354370117,-12.197580337524414,-5.841046333312988,-0.002978177275508642,4.0,5
5070,-14.864089012145996,-11.362668991088867,-3.209259510040283,-0.04164741933345795,-8.720623016357422,3.0,4
5071,-15.814563751220703,-12.213001251220703,-4.634876251220703,-0.009876196272671223,-9.681751251220703,4.0,4
5072,-12.688225746154785,-13.703850746154785,-12.169759750366211,-5.6711812019348145,-0.0035671668592840433,4.0,5
5073,-15.025003433227539,-12.659947395324707,-7.176993370056152,-0.0036973466631025076,-6.239493370056152,5.0,4
5074,-14.126553535461426,-14.337491035461426,-11.595303535461426,-0.7828031778335571,-0.6109281778335571,4.0,5
5075,-14.74069595336914,-14.55319595336914,-11.57663345336914,-0.24850834906101227,-1.514133334159851,5.0,4
5076,-13.95678997039795,-14.993721008300781,-13.814743995666504,-7.145709991455078,-0.0008238735608756542,3.0,5
5077,-14.240824699401855,-14.468096733093262,-12.422642707824707,-2.884291410446167,-0.05758541449904442,4.0,5
5078,-5.965424537658691,-0.32479968667030334,-1.293549656867981,-7.684174537658691,-12.770112037658691,3.0,2
5079,-14.584915161132812,-14.334915161132812,-11.241165161132812,-0.33491525053977966,-1.256790280342102,3.0,4
5080,-13.769177436828613,-14.685370445251465,-12.60440444946289,-3.9680402278900146,-0.019178200513124466,3.0,5
5081,-12.471960067749023,-14.034460067749023,-12.976221084594727,-8.167983055114746,-0.0003691230376716703,5.0,5
5082,-13.427608489990234,-13.860847473144531,-12.447495460510254,-4.4858479499816895,-0.011416111141443253,4.0,5
5083,-13.745884895324707,-14.972447395324707,-12.870884895324707,-3.620885133743286,-0.027135081589221954,3.0,5
5084,-10.359740257263184,-13.101217269897461,-11.57422924041748,-5.416558742523193,-0.004626522306352854,4.0,5
5085,-12.909591674804688,-13.563000679016113,-11.901068687438965,-3.2362964153289795,-0.04027432203292847,5.0,5
5086,-12.922504425048828,-11.8429594039917,-8.242107391357422,-0.08869937807321548,-2.4750614166259766,4.0,4
5087,-12.87552547454834,-13.145411491394043,-10.56728744506836,-0.6383107900619507,-0.7519468069076538,4.0,4
5088,-12.82872200012207,-14.007699966430664,-12.494915962219238,-6.237814426422119,-0.0020183208398520947,5.0,5
5089,-13.42703628540039,-12.986695289611816,-10.06766128540039,-0.5932300090789795,-0.806298017501831,5.0,4
5090,-9.1973876953125,-2.080909490585327,-0.24852341413497925,-2.3564774990081787,-8.090852737426758,3.0,3
5091,-15.86810302734375,-11.89935302734375,-2.680602788925171,-0.07122781872749329,-9.93060302734375,4.0,4
5092,-13.278461456298828,-14.173347473144531,-12.532722473144531,-5.458858966827393,-0.004313213750720024,3.0,5
5093,-13.12803840637207,-14.292811393737793,-12.801334381103516,-5.812697410583496,-0.00303914793767035,5.0,5
5094,-14.747989654541016,-11.523558616638184,-3.4837863445281982,-0.03208040073513985,-9.336058616638184,5.0,4
5095,-15.497275352478027,-15.981650352478027,-13.794150352478027,-3.3332126140594482,-0.03633750602602959,4.0,5
5096,-11.526310920715332,-12.996480941772461,-11.29903793334961,-3.8984713554382324,-0.020629368722438812,4.0,5
5097,-13.637755393981934,-14.859346389770508,-13.339460372924805,-6.606505393981934,-0.0013912770664319396,5.0,5
5098,-14.181862831115723,-4.3771748542785645,-0.017799992114305496,-5.2834248542785645,-12.267800331115723,4.0,3
5099,-16.197444915771484,-14.416193962097168,-8.002131462097168,-0.002131691901013255,-6.392756462097168,4.0,4
5100,-14.311134338378906,-15.84522533416748,-14.552611351013184,-10.113691329956055,-5.495397272170521e-05,5.0,5
5101,-12.444252967834473,-11.975502967834473,-9.113286972045898,-1.2581745386123657,-0.3348785638809204,4.0,5
5102,-13.970852851867676,-13.075965881347656,-9.155511856079102,-0.021989692002534866,-3.8430116176605225,2.0,4
5103,-10.897485733032227,-4.389672756195068,-0.2646729350090027,-1.5146729946136475,-8.842798233032227,3.0,3
5104,-11.560232162475586,-12.163925170898438,-9.81307315826416,-2.9522786140441895,-0.05455060303211212,3.0,5
5105,-13.169631958007812,-14.171051979064941,-12.892642974853516,-6.266223907470703,-0.002017844934016466,4.0,5
5106,-15.965678215026855,-10.129740715026855,-0.582865834236145,-0.817240834236145,-11.598490715026855,3.0,3
5107,-14.600279808044434,-15.189767837524414,-13.265052795410156,-3.648575782775879,-0.026415742933750153,4.0,5
5108,-13.014420509338379,-13.213284492492676,-10.393682479858398,-0.16640928387641907,-1.8851592540740967,4.0,4
5109,-13.047805786132812,-13.985305786132812,-12.571953773498535,-4.837578296661377,-0.008034292608499527,4.0,5
5110,-7.612277984619141,-0.6804601550102234,-0.7230741381645203,-4.852334976196289,-10.438272476196289,5.0,2
5111,-15.013815879821777,-11.214099884033203,-2.4356918334960938,-0.09194175153970718,-9.395917892456055,4.0,4
5112,-12.692161560058594,-13.153809547424316,-11.030229568481445,-1.9322192668914795,-0.1566513180732727,4.0,5
5113,-13.281438827514648,-14.843938827514648,-13.487404823303223,-8.750188827514648,-0.00018869050836656243,5.0,5
5114,-14.342312812805176,-9.619300842285156,-0.9119148254394531,-0.5141887664794922,-9.931800842285156,2.0,4
5115,-13.37816047668457,-14.067081451416016,-12.760262489318848,-5.402308940887451,-0.00458107516169548,4.0,5
5116,-12.21927261352539,-15.03177261352539,-13.56302261352539,-7.625522136688232,-0.0005222387262620032,3.0,5
5117,-13.048763275146484,-14.178024291992188,-12.558706283569336,-4.724898815155029,-0.008990875445306301,5.0,5
5118,-17.305126190185547,-15.875439643859863,-11.547314643859863,-0.00043930893298238516,-7.812939167022705,3.0,4
5119,-12.508771896362305,-13.836896896362305,-12.45905590057373,-6.578374862670898,-0.0016709902556613088,5.0,5
5120,-12.856112480163574,-14.134521484375,-12.827703475952148,-7.089067459106445,-0.0009996660519391298,5.0,5
5121,-14.513513565063477,-14.677576065063477,-12.060388565063477,-0.7010137438774109,-0.6853887438774109,4.0,5
5122,-13.855382919311523,-14.644445419311523,-12.488195419311523,-2.1131956577301025,-0.1288207620382309,5.0,5
5123,-10.442009925842285,-13.176384925842285,-11.777236938476562,-6.493146896362305,-0.0016690860502421856,5.0,5
5124,-14.023184776306152,-14.463525772094727,-12.4038667678833,-2.9649477005004883,-0.05301572009921074,5.0,5
5125,-13.6738920211792,-4.134829044342041,-0.025454076007008553,-4.697329044342041,-12.2129545211792,2.0,3
5126,-14.559738159179688,-13.814000129699707,-10.41201114654541,-0.05689689517021179,-2.8978068828582764,5.0,4
5127,-12.672216415405273,-13.709148406982422,-11.599773406982422,-3.1409671306610107,-0.044375091791152954,4.0,5
5128,-13.902624130249023,-12.72364616394043,-8.788987159729004,-0.02478271909058094,-3.732168674468994,5.0,4
5129,-11.859037399291992,-6.305060863494873,-0.2965388298034668,-1.376084804534912,-6.397389888763428,4.0,3
5130,-16.836833953857422,-14.774333953857422,-8.000896453857422,-0.000896052282769233,-7.657145977020264,4.0,4
5131,-13.211251258850098,-14.084830284118652,-12.87744426727295,-6.989660739898682,-0.0010246747406199574,3.0,5
5132,-12.67164421081543,-13.552326202392578,-12.430166244506836,-6.819371223449707,-0.00118900160305202,5.0,5
5133,-13.272553443908691,-14.089314460754395,-12.207212448120117,-3.0594863891601562,-0.04812232404947281,4.0,5
5134,-13.985967636108398,-15.079717636108398,-13.801308631896973,-6.464661598205566,-0.0015936305280774832,5.0,5
5135,-11.024923324584961,-13.709582328796387,-12.132877349853516,-6.209582328796387,-0.002196520334109664,5.0,5
5136,-12.870311737060547,-13.885936737060547,-12.621731758117676,-7.04644775390625,-0.0009939497103914618,5.0,5
5137,-14.4828462600708,-14.5062837600708,-12.0062837600708,-1.990659236907959,-0.1469091922044754,3.0,5
5138,-14.309040069580078,-15.160602569580078,-12.980915069580078,-2.73872709274292,-0.06685209274291992,4.0,5
5139,-14.658222198486328,-15.048847198486328,-12.775409698486328,-2.5644726753234863,-0.08009765297174454,4.0,5
5140,-12.751172065734863,-13.156001091003418,-11.103445053100586,-2.9784457683563232,-0.0523078627884388,4.0,5
5141,-14.44187068939209,-7.457495212554932,-0.2856203019618988,-1.3949953317642212,-10.36374568939209,5.0,3
5142,-15.620550155639648,-14.292425155639648,-8.815862655639648,-0.0033629550598561764,-5.815863132476807,4.0,4
5143,-12.444084167480469,-13.019368171691895,-11.32902717590332,-4.851754188537598,-0.008004373870790005,3.0,5
5144,-13.542485237121582,-13.897598266601562,-11.837939262390137,-2.924588680267334,-0.05527063459157944,5.0,5
5145,-13.31003475189209,-8.643841743469238,-1.1012299060821533,-0.4052059054374695,-8.444977760314941,3.0,4
5146,-13.291055679321289,-14.322305679321289,-13.056680679321289,-4.048868656158447,-0.017618577927350998,4.0,5
5147,-14.247174263000488,-16.22160530090332,-15.085243225097656,-12.045470237731934,-1.597391747054644e-05,5.0,5
5148,-12.593124389648438,-13.843124389648438,-12.66414737701416,-7.443977355957031,-0.0007951673469506204,5.0,5
5149,-13.75715446472168,-14.424768447875977,-12.75573444366455,-4.261415481567383,-0.014257471077144146,3.0,5
5150,-13.362339973449707,-13.74586296081543,-12.1975679397583,-4.612341403961182,-0.010067281313240528,5.0,5
5151,-11.095724105834961,-13.474985122680664,-12.224985122680664,-6.308792591094971,-0.0019747773185372353,4.0,5
5152,-14.445889472961426,-15.594326972961426,-14.141201972961426,-7.469326496124268,-0.0005765683017671108,5.0,5
5153,-17.190202713012695,-13.837929725646973,-6.67883825302124,-0.001281393808312714,-10.93878173828125,3.0,4
5154,-15.309986114501953,-16.052173614501953,-14.044361114501953,-4.341236591339111,-0.013111447915434837,3.0,5
5155,-12.619478225708008,-12.669193267822266,-8.542774200439453,-0.03425003960728645,-4.878000259399414,5.0,4
5156,-13.2092924118042,-13.884008407592773,-12.491962432861328,-5.1055989265441895,-0.006168730556964874,5.0,5
5157,-13.290324211120605,-14.014756202697754,-12.310211181640625,-3.304530143737793,-0.037484217435121536,4.0,5
5158,-13.712618827819824,-14.231083869934082,-12.554947853088379,-3.222562074661255,-0.04074401780962944,4.0,5
5159,-11.2799654006958,-13.708942413330078,-12.345306396484375,-6.8907599449157715,-0.0015561387408524752,4.0,5
5160,-13.610016822814941,-14.5972318649292,-13.04893684387207,-6.209447860717773,-0.0020617435220628977,5.0,5
5161,-13.396317481994629,-14.388504981994629,-11.755692481994629,-1.8572547435760498,-0.16975469887256622,2.0,5
5162,-14.087346076965332,-14.95382308959961,-13.604392051696777,-5.656948089599609,-0.0035399647895246744,5.0,5
5163,-11.308134078979492,-14.042509078979492,-12.65756607055664,-7.060975074768066,-0.0013171101454645395,4.0,5
5164,-13.672350883483887,-14.141100883483887,-12.209282875061035,-3.168090343475342,-0.043090347200632095,5.0,5
5165,-11.58211898803711,-1.003994345664978,-0.457119345664978,-7.660244464874268,-13.96493148803711,1.0,3
5166,-13.748604774475098,-8.420479774475098,-1.701729416847229,-0.2017294466495514,-9.732979774475098,3.0,4
5167,-13.169562339782715,-14.540301322937012,-13.063028335571289,-6.266153812408447,-0.0019499113550409675,4.0,5
5168,-12.522262573242188,-13.637319564819336,-12.522262573242188,-7.131638526916504,-0.0009563163621351123,5.0,5
5169,-14.807696342468262,-14.760821342468262,-11.081133842468262,-0.7998837828636169,-0.5967587828636169,4.0,5
5170,-17.68920135498047,-14.907952308654785,-6.439201831817627,-0.0017019324004650116,-9.611077308654785,4.0,4
5171,-12.41808032989502,-13.859841346740723,-12.347057342529297,-5.756148815155029,-0.0033085390459746122,5.0,5
5172,-13.611016273498535,-14.193403244018555,-12.247380256652832,-3.7317559719085693,-0.02437003329396248,5.0,5
5173,-14.653327941894531,-9.004890441894531,-0.8173902034759521,-0.5830152034759521,-9.786140441894531,1.0,4
5174,-14.064248085021973,-13.552885055541992,-10.015953063964844,-0.04436289146542549,-3.1409528255462646,4.0,4
5175,-13.403837203979492,-13.077132225036621,-9.89531421661377,-0.17940586805343628,-1.8129279613494873,3.0,4
5176,-13.45954418182373,-13.978009223937988,-11.80471420288086,-2.671191692352295,-0.0717596560716629,5.0,5
5177,-13.490433692932129,-14.030206680297852,-12.219127655029297,-2.8441286087036133,-0.060036759823560715,4.0,5
5178,-13.700678825378418,-12.763178825378418,-9.588461875915527,-0.043007563799619675,-3.182213544845581,3.0,4
5179,-11.294792175292969,-13.510701179504395,-12.019224166870117,-6.166952133178711,-0.0021779644303023815,4.0,5
5180,-13.623261451721191,-14.717011451721191,-13.445704460144043,-6.833488941192627,-0.0011029120068997145,5.0,5
5181,-13.41746711730957,-14.376274108886719,-12.970024108886719,-6.705820083618164,-0.0012741313548758626,5.0,5
5182,-14.586224555969238,-15.500287055969238,-13.851849555969238,-4.820599555969238,-0.008099685423076153,4.0,5
5183,-12.366156578063965,-13.70848560333252,-12.330644607543945,-7.032350540161133,-0.00110041128937155,4.0,5
5184,-14.034955978393555,-13.658535957336426,-10.341774940490723,-0.14291124045848846,-2.017911195755005,5.0,4
5185,-14.89387035369873,-12.060063362121582,-5.121142387390137,-0.00750637985765934,-6.783074378967285,1.0,4
5186,-11.853066444396973,-0.01712886616587639,-4.110878944396973,-7.470253944396973,-11.939003944396973,4.0,2
5187,-14.886539459228516,-12.848187446594238,-6.598188400268555,-0.007278591860085726,-5.191938400268555,3.0,4
5188,-14.588930130004883,-13.147168159484863,-10.398588180541992,-0.029269736260175705,-3.63722562789917,5.0,4
5189,-13.091766357421875,-13.652846336364746,-12.104551315307617,-4.682676315307617,-0.00938031543046236,4.0,5
5190,-15.512508392333984,-16.137508392333984,-14.364070892333984,-5.364071369171143,-0.004696173127740622,3.0,5
5191,-13.332823753356934,-13.893903732299805,-12.35981273651123,-6.322881698608398,-0.0018578189192339778,4.0,5
5192,-12.588086128234863,-12.843768119812012,-10.840927124023438,-2.154849052429199,-0.1235990822315216,4.0,5
5193,-15.438385009765625,-15.938385009765625,-13.680572509765625,-3.454009771347046,-0.032134655863046646,4.0,5
5194,-12.82375431060791,-13.867788314819336,-12.04250431060791,-3.2498905658721924,-0.03966451808810234,4.0,5
5195,-14.292106628417969,-13.617390632629395,-9.874492645263672,-0.016538549214601517,-4.249492645263672,5.0,4
5196,-13.426116943359375,-13.248559951782227,-11.061059951782227,-2.332366704940796,-0.10225274413824081,5.0,5
5197,-13.33027458190918,-13.003569602966309,-10.254990577697754,-0.19817301630973816,-1.7180590629577637,3.0,4
5198,-13.411067962646484,-14.384078979492188,-12.793169975280762,-4.135499954223633,-0.016181915998458862,4.0,5
5199,-12.266294479370117,-14.735044479370117,-13.149106979370117,-7.360044002532959,-0.0006691362359561026,4.0,5
5200,-15.479121208190918,-13.263212203979492,-7.602701663970947,-0.00326980440877378,-5.99758768081665,5.0,4
5201,-14.874083518981934,-11.969254493713379,-4.824367523193359,-0.009027263149619102,-7.736299514770508,4.0,4
5202,-15.020134925842285,-15.473259925842285,-13.496697425842285,-4.402947425842285,-0.012322485446929932,3.0,5
5203,-13.019941329956055,-14.248634338378906,-12.799771308898926,-6.62079381942749,-0.0014757943572476506,4.0,5
5204,-13.15494441986084,-14.440455436706543,-12.799830436706543,-6.507216453552246,-0.001536380616016686,5.0,5
5205,-14.036454200744629,-14.576226234436035,-12.864579200744629,-4.668557167053223,-0.009465104900300503,4.0,5
5206,-14.443665504455566,-15.104177474975586,-13.392529487609863,-4.443665027618408,-0.011847135610878468,4.0,5
5207,-13.359766006469727,-15.028800010681152,-13.558629989624023,-7.926527500152588,-0.0003916450368706137,4.0,5
5208,-13.83277702331543,-14.429368019104004,-12.3626070022583,-3.427948474884033,-0.03306236118078232,5.0,5
5209,-13.684921264648438,-12.463330268859863,-7.953387260437012,-0.1692969799041748,-1.8638980388641357,3.0,4
5210,-11.673234939575195,-4.626359939575195,-0.2201099842786789,-1.6732349395751953,-9.610734939575195,4.0,3
5211,-14.668551445007324,-12.74383544921875,-6.998097896575928,-0.009461797773838043,-4.7821879386901855,4.0,4
5212,-11.864909172058105,-3.2711594104766846,-0.06803452223539352,-3.5836594104766846,-11.044596672058105,3.0,3
5213,-13.586472511291504,-3.352097272872925,-0.03959737718105316,-5.570847511291504,-12.852097511291504,3.0,3
5214,-14.070206642150879,-14.062394142150879,-10.835831642150879,-0.28895649313926697,-1.3827065229415894,4.0,4
5215,-14.293808937072754,-6.778184413909912,-0.012559369206428528,-4.481309413909912,-11.887558937072754,4.0,3
5216,-13.48653507232666,-14.104433059692383,-12.463808059692383,-3.8984673023223877,-0.020627150312066078,5.0,5
5217,-14.63368034362793,-14.79774284362793,-12.39930534362793,-1.8836804628372192,-0.16493050754070282,5.0,5
5218,-12.856078147888184,-13.324828147888184,-11.513749122619629,-4.837612152099609,-0.008068113587796688,4.0,5
5219,-12.814000129699707,-14.184738159179688,-13.069682121276855,-6.563998699188232,-0.001500672078691423,5.0,5
5220,-16.688112258911133,-14.422487258911133,-8.172487258911133,-0.0006123098428361118,-8.438112258911133,3.0,4
5221,-15.191489219665527,-15.480551719665527,-13.441489219665527,-3.3633644580841064,-0.03523954004049301,2.0,5
5222,-12.621403694152832,-14.169699668884277,-13.11146068572998,-7.699528217315674,-0.000666277133859694,5.0,5
5223,-14.30980396270752,-14.20042896270752,-11.68480396270752,-2.6223039627075195,-0.07542894780635834,4.0,5
5224,-13.858362197875977,-8.202112197875977,-0.655237078666687,-0.733362078666687,-9.545862197875977,5.0,3
5225,-15.57994556427002,-12.53307056427002,-5.274548530578613,-0.0060815284959971905,-9.881081581115723,4.0,4
5226,-11.571621894836426,-13.382701873779297,-12.040371894836426,-6.379859924316406,-0.0020199865102767944,5.0,5
5227,-13.619925498962402,-13.144073486328125,-10.040380477905273,-0.9636755585670471,-0.48072153329849243,4.0,5
5228,-11.485692977905273,-0.13413071632385254,-2.1099836826324463,-5.462255477905273,-10.993505477905273,4.0,2
5229,-12.572026252746582,-13.189923286437988,-11.137367248535156,-2.167196273803711,-0.12174226343631744,4.0,5
5230,-15.89765453338623,-13.937427520751953,-8.397655487060547,-0.0027694464661180973,-6.94879150390625,5.0,4
5231,-14.57221794128418,-15.33784294128418,-13.54878044128418,-6.2675299644470215,-0.0019050560658797622,5.0,5
5232,-14.57221794128418,-15.33784294128418,-13.54878044128418,-6.2675299644470215,-0.0019050560658797622,5.0,5
5233,-14.800336837768555,-14.690961837768555,-11.839399337768555,-0.964399516582489,-0.480024516582489,3.0,5
5234,-13.825787544250488,-14.408173561096191,-12.518969535827637,-2.9380035400390625,-0.054481517523527145,1.0,5
5235,-12.189066886901855,-13.815486907958984,-12.288498878479004,-6.5072479248046875,-0.001568041043356061,4.0,5
5236,-13.806061744689941,-14.345834732055664,-12.534754753112793,-3.898392677307129,-0.02055077627301216,4.0,5
5237,-12.56887149810791,-5.658360004425049,-0.10438397526741028,-2.3487019538879395,-9.891315460205078,2.0,3
5238,-15.041971206665039,-14.471658706665039,-10.635721206665039,-0.02634584717452526,-3.651345729827881,4.0,4
5239,-12.473312377929688,-12.785812377929688,-10.136665344238281,-0.9818358421325684,-0.4704718589782715,5.0,5
5240,-12.784791946411133,-14.361496925354004,-13.004962921142578,-7.358656883239746,-0.0007028493564575911,5.0,5
5241,-15.152520179748535,-12.567293167114258,-6.139736652374268,-0.0033728161361068487,-6.79740571975708,4.0,4
5242,-15.296213150024414,-16.022775650024414,-14.327463150024414,-4.944650650024414,-0.00715077156201005,4.0,5
5243,-13.274323463439941,-15.021482467651367,-13.72176742553711,-8.991653442382812,-0.0001778444420779124,4.0,5
5244,-13.127357482910156,-13.773664474487305,-12.495255470275879,-6.0961079597473145,-0.002358038444072008,4.0,5
5245,-16.838653564453125,-15.034677505493164,-9.068769454956055,-0.002006661845371127,-6.283256530761719,3.0,4
5246,-14.643097877502441,-14.924347877502441,-12.447785377502441,-3.0337226390838623,-0.049347635358572006,4.0,5
5247,-9.67136001586914,-10.821928024291992,-9.50090503692627,-4.6571550369262695,-0.012269025668501854,5.0,5
5248,-0.0004366874636616558,-7.937936782836914,-11.641061782836914,-14.750436782836914,-9.906686782836914,1.0,1
5249,-12.974098205566406,-11.29085922241211,-6.461314678192139,-0.012450706213712692,-4.769551753997803,2.0,4
5250,-13.33777141571045,-14.459930419921875,-12.705669403076172,-5.006806373596191,-0.00680652167648077,5.0,5
5251,-14.305169105529785,-15.484856605529785,-13.922356605529785,-7.656731605529785,-0.0004814896092284471,4.0,5
5252,-14.367568016052246,-11.180068016052246,-3.484755277633667,-0.031630173325538635,-7.922255039215088,5.0,4
5253,-14.733813285827637,-14.374438285827637,-11.015063285827637,-1.9369386434555054,-0.15568868815898895,3.0,5
5254,-10.867844581604004,-13.43176555633545,-12.210174560546875,-7.1746625900268555,-0.0013685394078493118,4.0,5
5255,-0.0004948345012962818,-8.92094898223877,-12.472084999084473,-14.017539024353027,-9.142539024353027,1.0,1
5256,-13.872176170349121,-13.11223316192627,-9.426153182983398,-0.06535932421684265,-2.764221429824829,3.0,4
5257,-13.479656219482422,-13.151531219482422,-9.299968719482422,-0.7999686002731323,-0.5968436002731323,3.0,5
5258,-14.742130279541016,-13.46372127532959,-8.641278266906738,-0.03332401439547539,-3.4282100200653076,4.0,4
5259,-14.29820728302002,-15.54820728302002,-14.03258228302002,-6.626331806182861,-0.0013319915160536766,5.0,5
5260,-15.580289840698242,-11.475176811218262,-3.506427049636841,-0.03057408332824707,-9.780573844909668,3.0,4
5261,-17.23360252380371,-14.05888557434082,-3.9111576080322266,-0.020532557740807533,-10.333032608032227,4.0,4
5262,-13.342120170593262,-14.371950149536133,-12.511154174804688,-3.690131425857544,-0.02535947412252426,5.0,5
5263,-0.00016664070426486433,-8.890791893005371,-13.070479393005371,-15.781416893005371,-11.484541893005371,1.0,1
5264,-14.31706714630127,-12.889510154724121,-8.038658142089844,-0.013089916668832302,-4.388090133666992,3.0,4
5265,-13.12256908416748,-13.307228088378906,-11.034501075744629,-0.8782514333724976,-0.5373433828353882,4.0,5
5266,-10.8392915725708,-13.367700576782227,-12.046677589416504,-7.273950099945068,-0.0012222208315506577,4.0,5
5267,-13.898050308227539,-12.839811325073242,-8.883846282958984,-0.03441475331783295,-3.4150967597961426,5.0,4
5268,-11.567334175109863,-2.8244380950927734,-0.06875604391098022,-4.955118179321289,-10.82869815826416,3.0,3
5269,-15.950139045715332,-16.61065101623535,-14.70724105834961,-2.60780930519104,-0.07655932754278183,2.0,5
5270,-13.424104690551758,-14.283479690551758,-13.168423652648926,-7.202513217926025,-0.0008093419019132853,4.0,5
5271,-13.372252464294434,-12.725945472717285,-9.927650451660156,-0.041287507861852646,-3.237309455871582,4.0,4
5272,-14.768417358398438,-14.916854858398438,-12.276229858398438,-1.9637300968170166,-0.1512300819158554,4.0,5
5273,-15.574589729309082,-16.1761531829834,-14.293339729309082,-5.457402229309082,-0.0042772479355335236,5.0,5
5274,-13.047881126403809,-13.907255172729492,-12.785096168518066,-7.03225564956665,-0.00100740697234869,5.0,5
5275,-12.945050239562988,-13.364084243774414,-11.929425239562988,-3.981982707977295,-0.018914805725216866,3.0,5
5276,-16.418724060058594,-12.98122501373291,-4.40310001373291,-0.012474841438233852,-9.69997501373291,4.0,4
5277,-13.45742130279541,-13.798330307006836,-11.568216323852539,-1.3196362257003784,-0.3111141622066498,4.0,5
5278,-11.666417121887207,-13.250224113464355,-11.687724113464355,-4.024372100830078,-0.018690304830670357,5.0,5
5279,-13.76855754852295,-12.816852569580078,-9.272819519042969,-0.06827382743358612,-2.7245237827301025,5.0,4
5280,-17.13605499267578,-14.380373001098633,-6.876110553741455,-0.001110771088860929,-9.516736030578613,4.0,4
5281,-13.597556114196777,-14.245993614196777,-11.714743614196777,-1.3709933757781982,-0.29286834597587585,3.0,5
5282,-14.023214340209961,-13.980600357055664,-10.550203323364258,-0.2092939168214798,-1.672361969947815,4.0,4
5283,-13.240135192871094,-14.170533180236816,-12.714567184448242,-6.549795150756836,-0.0014993627555668354,5.0,5
5284,-13.8357515335083,-13.409615516662598,-10.483479499816895,-0.15677423775196075,-1.932342290878296,5.0,4
5285,-15.194530487060547,-15.874217987060547,-13.717967987060547,-4.217967987060547,-0.01484314538538456,4.0,5
5286,-11.322709083557129,-13.389470100402832,-12.132368087768555,-6.663619518280029,-0.0016872945707291365,5.0,5
5287,-12.544878005981445,-13.375843048095703,-12.083230018615723,-6.167037010192871,-0.0022651508916169405,4.0,5
5288,-15.30040168762207,-13.04258918762207,-6.019151210784912,-0.0035263041500002146,-6.894151210784912,4.0,4
5289,-13.536105155944824,-13.176730155944824,-9.098605155944824,-0.8798548579216003,-0.5361048579216003,4.0,5
5290,-11.833163261413574,-14.134300231933594,-13.005038261413574,-7.600210666656494,-0.0007784912013448775,5.0,5
5291,-15.222829818725586,-14.808767318725586,-11.886892318725586,-1.136892318725586,-0.3868923783302307,4.0,5
5292,-8.642298698425293,-0.7161628603935242,-0.6735507845878601,-6.667868614196777,-11.724685668945312,4.0,3
5293,-14.282552719116211,-13.44448471069336,-8.99135971069336,-0.8237456679344177,-0.5780066847801208,3.0,5
5294,-12.219076156616211,-13.327031135559082,-11.892372131347656,-5.841236114501953,-0.003168208058923483,4.0,5
5295,-12.514348030090332,-14.339632034301758,-13.352416038513184,-9.460371017456055,-0.0001429217227268964,5.0,5
5296,-15.898540496826172,-16.976665496826172,-15.711040496826172,-9.187602996826172,-0.00010322991875000298,3.0,5
5297,-15.535569190979004,-16.105880737304688,-14.137131690979004,-4.418381214141846,-0.012131242081522942,4.0,5
5298,-10.483370780944824,-14.07712173461914,-12.883939743041992,-8.239052772521973,-0.0004166688595432788,5.0,5
5299,-12.96595573425293,-13.534137725830078,-11.588114738464355,-3.4418087005615234,-0.03271676227450371,5.0,5
5300,-14.051809310913086,-12.574536323547363,-7.85152530670166,-0.03902510926127434,-3.277661085128784,5.0,4
5301,-15.216758728027344,-14.396446228027344,-11.310508728027344,-0.1386340856552124,-2.044884204864502,4.0,4
5302,-11.919255256652832,-13.914993286132812,-12.530050277709961,-6.649368762969971,-0.001642665360122919,4.0,5
5303,-13.264143943786621,-13.349371910095215,-11.325223922729492,-3.249941110610962,-0.039713211357593536,5.0,5
5304,-14.010851860046387,-11.340397834777832,-5.587557315826416,-0.005171137861907482,-7.732443332672119,3.0,4
5305,-13.436491966247559,-7.43507194519043,-1.2134802341461182,-0.3541052043437958,-7.994729995727539,3.0,4
5306,-12.274791717529297,-13.063143730163574,-11.969393730163574,-6.337292194366455,-0.0020641228184103966,5.0,5
5307,-13.308809280395508,-13.195173263549805,-10.006253242492676,-1.6255711317062378,-0.2193210870027542,4.0,5
5308,-12.137140274047852,-4.402766227722168,-0.04197005555033684,-3.55049204826355,-9.828901290893555,3.0,3
5309,-12.226090431213379,-13.483192443847656,-11.18915843963623,-2.4746716022491455,-0.08830766379833221,5.0,5
5310,-13.355683326721191,-14.477842330932617,-12.922444343566895,-5.713637351989746,-0.003411427838727832,4.0,5
5311,-15.689553260803223,-11.267678260803223,-2.5645530223846436,-0.08017808198928833,-10.314553260803223,4.0,4
5312,-15.246743202209473,-15.537936210632324,-13.19418716430664,-5.0123677253723145,-0.006685745436698198,3.0,5
5313,-11.29332160949707,-13.992185592651367,-12.791901588439941,-7.372868061065674,-0.000707971747033298,5.0,5
5314,-13.09460163116455,-14.380112648010254,-12.917044639587402,-5.289204120635986,-0.005113855004310608,5.0,5
5315,-14.12214183807373,-8.44245433807373,-0.8174545168876648,-0.5830795168876648,-10.31745433807373,3.0,4
5316,-16.704057693481445,-14.914994239807129,-8.735306739807129,-0.0009320206008851528,-7.282182216644287,3.0,4
5317,-13.257705688476562,-14.252023696899414,-12.28469467163086,-4.44378662109375,-0.011968468315899372,4.0,5
5318,-16.198108673095703,-13.377796173095703,-6.393421173095703,-0.002796194050461054,-6.846546173095703,5.0,4
5319,-14.917901039123535,-14.300713539123535,-10.636651039123535,-0.5897761583328247,-0.8085261583328247,4.0,4
5320,-13.544753074645996,-12.976571083068848,-9.76634407043457,-0.06463948637247086,-2.777709484100342,4.0,4
5321,-12.976141929626465,-13.132391929626465,-10.497448921203613,-2.230404853820801,-0.11392700672149658,5.0,5
5322,-13.44580078125,-14.589266777038574,-13.026766777038574,-6.762562274932861,-0.0012000747956335545,5.0,5
5323,-14.999649047851562,-14.57351303100586,-10.631752014160156,-1.8107285499572754,-0.17862564325332642,5.0,5
5324,-14.884875297546387,-15.080187797546387,-12.689562797546387,-2.017688035964966,-0.14268800616264343,4.0,5
5325,-13.53872013092041,-13.837015151977539,-11.450651168823242,-1.4151411056518555,-0.2787770628929138,5.0,5
5326,-14.507781028747559,-11.078093528747559,-3.2734055519104004,-0.039030611515045166,-8.007781028747559,5.0,4
5327,-12.806998252868652,-7.838248252868652,-0.9944983720779419,-0.4632483720779419,-8.556998252868652,3.0,4
5328,-14.06860637664795,-10.34204387664795,-2.43579363822937,-0.09204363077878952,-8.31079387664795,3.0,4
5329,-11.978126525878906,-11.94971752166748,-9.833240509033203,-1.7650585174560547,-0.1883545219898224,5.0,5
5330,-0.00014876213390380144,-9.09389877319336,-13.32827377319336,-16.00796127319336,-11.07827377319336,1.0,1
5331,-15.363171577453613,-14.535046577453613,-10.456921577453613,-0.28504639863967896,-1.3944213390350342,4.0,4
5332,-13.931164741516113,-13.682585716247559,-10.529176712036133,-0.23088130354881287,-1.5803133249282837,4.0,4
5333,-12.005887985229492,-13.703330993652344,-12.297080993652344,-5.883729457855225,-0.00304758595302701,5.0,5
5334,-13.75738525390625,-13.899431228637695,-12.351136207580566,-4.247442245483398,-0.01448825653642416,4.0,5
5335,-15.084031105041504,-10.482468605041504,-2.0449681282043457,-0.13871824741363525,-9.513718605041504,5.0,4
5336,-12.780007362365723,-12.581143379211426,-10.031428337097168,-2.3325655460357666,-0.1024516150355339,4.0,5
5337,-13.019287109375,-14.219571113586426,-13.012184143066406,-7.159911155700684,-0.000821014866232872,5.0,5
5338,-16.361072540283203,-14.56419849395752,-8.89232349395752,-0.001698243198916316,-6.486073017120361,3.0,4
5339,-15.282755851745605,-16.04056739807129,-14.673380851745605,-6.5015058517456055,-0.001505790394730866,4.0,5
5340,-12.721942901611328,-13.694953918457031,-12.196374893188477,-6.408022403717041,-0.001772262854501605,4.0,5
5341,-12.716928482055664,-11.888803482055664,-9.834115982055664,-0.000310730334604159,-8.380990982055664,5.0,4
5342,-13.056668281555176,-4.455105781555176,-0.033230844885110855,-3.861355781555176,-10.955105781555176,4.0,3
5343,-15.099552154541016,-9.451114654541016,-0.6854898929595947,-0.7011148929595947,-10.388614654541016,4.0,3
5344,-15.069099426269531,-13.208304405212402,-8.428474426269531,-0.0051807439886033535,-6.425634860992432,5.0,4
5345,-14.089308738708496,-11.32652473449707,-4.657490253448486,-0.012604101561009884,-6.362036228179932,3.0,4
5346,-15.318306922912598,-14.599556922912598,-10.779244422912598,-0.3261195421218872,-1.2792445421218872,5.0,4
5347,-13.857490539550781,-13.935615539550781,-11.229649543762207,-2.1671504974365234,-0.12169444561004639,4.0,5
5348,-13.140570640563965,-14.284036636352539,-12.84227466583252,-6.634889125823975,-0.0013652060879394412,4.0,5
5349,-15.858245849609375,-12.498870849609375,-5.037932872772217,-0.006682903505861759,-9.600433349609375,4.0,4
5350,-14.088827133178711,-14.456014633178711,-11.932577133178711,-1.5263276100158691,-0.24507759511470795,4.0,5
5351,-12.877992630004883,-13.737367630004883,-12.153560638427734,-4.781403064727783,-0.00867503136396408,4.0,5
5352,-13.796002388000488,-13.590036392211914,-10.557366371154785,-0.1880495548248291,-1.7647535800933838,4.0,4
5353,-16.86787986755371,-14.281943321228027,-7.672567844390869,-0.000692961853928864,-8.719443321228027,4.0,4
5354,-12.348612785339355,-12.391226768493652,-9.635544776916504,-0.7150906920433044,-0.6724767088890076,5.0,5
5355,-16.98601531982422,-14.032889366149902,-6.470389366149902,-0.001639452064409852,-9.423514366149902,4.0,4
5356,-15.683433532714844,-11.339683532714844,-3.620933771133423,-0.027183691039681435,-10.480308532714844,3.0,4
5357,-13.18221664428711,-13.189318656921387,-9.97909164428711,-0.7745469212532043,-0.6182969212532043,4.0,5
5358,-13.490544319152832,-13.710715293884277,-12.119806289672852,-3.4692368507385254,-0.031736887991428375,4.0,5
5359,-13.314129829406738,-12.966117858886719,-9.890833854675293,-0.20333510637283325,-1.6948130130767822,2.0,4
5360,-14.099491119384766,-14.013553619384766,-10.708866119384766,-2.0994913578033447,-0.13074126839637756,4.0,5
5361,-11.451183319091797,-14.000899314880371,-12.488115310668945,-6.110274791717529,-0.002318910090252757,5.0,5
5362,-13.84329891204834,-13.37454891204834,-11.201253890991211,-2.1671626567840576,-0.12170859426259995,4.0,5
5363,-14.73022747039795,-11.68335247039795,-3.636477470397949,-0.027102362364530563,-8.38647747039795,4.0,4
5364,-14.37064266204834,-11.67533016204834,-4.60501766204834,-0.011267483234405518,-6.96439266204834,3.0,4
5365,-11.464508056640625,-13.737235069274902,-12.380701065063477,-6.919053554534912,-0.0014396075857803226,5.0,5
5366,-13.397043228149414,-13.183974266052246,-9.90982723236084,-0.22232744097709656,-1.6143734455108643,2.0,4
5367,-13.3759765625,-4.4853515625,-0.03222665935754776,-3.8916015625,-10.9384765625,3.0,3
5368,-11.114770889282227,-2.6616458892822266,-0.09914592653512955,-3.7085208892822266,-10.919458389282227,4.0,3
5369,-12.705777168273926,-12.79810619354248,-10.262595176696777,-1.4912889003753662,-0.2554929256439209,5.0,5
5370,-13.892274856567383,-14.079774856567383,-11.611024856567383,-0.9547747373580933,-0.48602473735809326,4.0,5
5371,-13.158912658691406,-12.746980667114258,-9.820844650268555,-0.30379927158355713,-1.3407312631607056,4.0,4
5372,-14.890542030334473,-15.656167030334473,-14.038979530334473,-4.867104530334473,-0.007729383651167154,4.0,5
5373,-11.519511222839355,-13.493942260742188,-11.832011222839355,-5.020931720733643,-0.00672754505649209,5.0,5
5374,-12.806852340698242,-14.149181365966797,-12.806852340698242,-6.563955783843994,-0.0014556775568053126,4.0,5
5375,-14.424734115600586,-15.838086128234863,-14.758541107177734,-11.264223098754883,-1.9430925021879375e-05,4.0,5
5376,-13.229427337646484,-14.50783634185791,-13.037665367126465,-5.3174967765808105,-0.004996669944375753,5.0,5
5377,-13.367441177368164,-14.589032173156738,-13.296418190002441,-6.989600658416748,-0.0009646529797464609,4.0,5
5378,-12.993935585021973,-14.165810585021973,-12.84478759765625,-5.572059631347656,-0.0038796409498900175,3.0,5
5379,-15.07689094543457,-15.18626594543457,-13.10814094543457,-3.8190784454345703,-0.022203544154763222,1.0,5
5380,-12.870816230773926,-12.600930213928223,-10.157748222351074,-0.9389979839324951,-0.4986579716205597,5.0,5
5381,-13.071368217468262,-14.34267520904541,-13.042959213256836,-5.770232200622559,-0.003186270361766219,4.0,5
5382,-13.114094734191895,-14.115514755249023,-12.162389755249023,-3.4692084789276123,-0.031708478927612305,3.0,5
5383,-13.844429016113281,-14.797554016113281,-13.172554016113281,-4.7741169929504395,-0.008491836488246918,4.0,5
5384,-11.890093803405762,-13.232423782348633,-11.83327579498291,-4.851741790771484,-0.007991601713001728,5.0,5
5385,-14.899757385253906,-13.429586410522461,-9.395496368408203,-0.006292056757956743,-5.460835933685303,5.0,4
5386,-15.859736442565918,-12.031611442565918,-3.99183988571167,-0.018826954066753387,-9.612576484680176,5.0,4
5387,-13.221588134765625,-13.768463134765625,-11.8650541305542,-1.6946005821228027,-0.20312263071537018,4.0,5
5388,-14.16501522064209,-15.16501522064209,-13.63376522064209,-6.96970272064209,-0.0009525052737444639,5.0,5
5389,-12.649067878723145,-12.769806861877441,-10.44736385345459,-1.6831594705581665,-0.20588551461696625,5.0,5
5390,-14.908824920654297,-15.440074920654297,-13.791637420654297,-4.572887420654297,-0.010387641377747059,3.0,5
5391,-15.11811351776123,-13.846806526184082,-9.578340530395508,-0.004476407542824745,-5.459022521972656,3.0,4
5392,-12.33087158203125,-13.843655586242676,-12.37348461151123,-6.762688636779785,-0.0013263961300253868,5.0,5
5393,-12.889050483703613,-13.528255462646484,-12.136209487915039,-4.387631416320801,-0.012631647288799286,4.0,5
5394,-17.00038719177246,-14.758198738098145,-8.344136238098145,-0.0003864018653985113,-9.172261238098145,4.0,4
5395,-13.996726036071777,-14.728260040283203,-13.492464065551758,-5.260931015014648,-0.0052490513771772385,5.0,5
5396,-11.621171951293945,-13.858386993408203,-12.594182968139648,-6.4933295249938965,-0.001853654277510941,5.0,5
5397,-13.596107482910156,-13.44696044921875,-10.279346466064453,-0.2651422619819641,-1.4583241939544678,4.0,4
5398,-10.673309326171875,-1.8608096837997437,-0.17330971360206604,-5.642059803009033,-12.212371826171875,3.0,3
5399,-13.397491455078125,-13.077888488769531,-10.002605438232422,-0.15885575115680695,-1.9202197790145874,4.0,4
5400,-12.37088680267334,-12.33537483215332,-9.430545806884766,-0.38225024938583374,-1.1492962837219238,4.0,4
5401,-13.9569091796875,-14.887307167053223,-13.459750175476074,-6.989580154418945,-0.0009440494468435645,5.0,5
5402,-15.635387420654297,-13.980557441711426,-9.151013374328613,-0.0032857260666787624,-5.883967876434326,3.0,4
5403,-14.06074047088623,-12.448524475097656,-9.12466049194336,-0.019548380747437477,-3.982616424560547,3.0,4
5404,-12.078364372253418,-15.023676872253418,-13.508051872253418,-8.484614372253418,-0.00023910524032544345,4.0,5
5405,-13.260787010192871,-14.148571014404297,-12.976696014404297,-7.159934997558594,-0.0008447177824564278,5.0,5
5406,-12.896120071411133,-13.91884708404541,-12.31373405456543,-3.9401540756225586,-0.01969999074935913,4.0,5
5407,-15.288979530334473,-15.992104530334473,-14.203042030334473,-4.867104530334473,-0.007729620207101107,4.0,5
5408,-12.686314582824707,-14.106768608093262,-12.686314582824707,-6.436315059661865,-0.0016551617300137877,5.0,5
5409,-13.343327522277832,-12.995316505432129,-9.891623497009277,-1.425715684890747,-0.2751457095146179,2.0,5
5410,-13.775968551635742,-12.426536560058594,-7.930798530578613,-0.10409461706876755,-2.320002555847168,4.0,4
5411,-13.666186332702637,-13.438913345336914,-10.313913345336914,-0.5553926825523376,-0.8536867499351501,3.0,4
5412,-12.945995330810547,-13.677529335021973,-11.681791305541992,-3.9403135776519775,-0.019859524443745613,5.0,5
5413,-15.279901504516602,-13.404901504516602,-8.15632152557373,-0.0029138748068362474,-6.096663951873779,5.0,4
5414,-15.237157821655273,-12.893407821655273,-6.502782821655273,-0.0027829986065626144,-6.690282821655273,3.0,4
5415,-13.765233993530273,-14.553586959838867,-13.0123929977417,-3.814950942993164,-0.022336916998028755,3.0,5
5416,-11.406905174255371,-13.494973182678223,-12.230768203735352,-7.628495216369629,-0.0006551980040967464,5.0,5
5417,-12.529685020446777,-13.843605995178223,-12.47996997833252,-6.805253982543945,-0.0012760362587869167,4.0,5
5418,-13.528221130371094,-12.832198143005371,-9.252653121948242,-0.033903930336236954,-3.414585828781128,3.0,4
5419,-15.771842002868652,-16.256216049194336,-14.099967002868652,-3.3030917644500732,-0.037466760724782944,4.0,5
5420,-11.50631332397461,-14.198074340820312,-12.884154319763184,-8.040404319763184,-0.0006323245470412076,5.0,5
5421,-13.708311080932617,-14.787856101989746,-13.445527076721191,-7.046380519866943,-0.0009245174005627632,4.0,5
5422,-17.54999351501465,-13.596869468688965,-3.9874942302703857,-0.018744124099612236,-11.018744468688965,4.0,4
5423,-13.958273887634277,-14.689807891845703,-13.127307891845703,-3.759411334991455,-0.023615287616848946,4.0,5
5424,-13.210946083068848,-14.49645709991455,-13.104411125183105,-7.34446907043457,-0.0007191693875938654,4.0,5
5425,-13.43282413482666,-14.029415130615234,-12.758108139038086,-6.039358615875244,-0.0024266578257083893,5.0,5
5426,-13.309148788452148,-13.373068809509277,-10.802045822143555,-0.4753429889678955,-0.9725010395050049,3.0,4
5427,-14.276249885559082,-14.604374885559082,-11.752812385559082,-1.8309377431869507,-0.17468777298927307,3.0,5
5428,-10.838972091674805,-13.878745079040527,-12.33755111694336,-7.145791053771973,-0.0009049849468283355,5.0,5
5429,-13.377252578735352,-13.881513595581055,-12.219581604003906,-4.542025566101074,-0.010775475762784481,5.0,5
5430,-15.225176811218262,-13.865801811218262,-9.311114311218262,-0.02986462041735649,-3.529864549636841,3.0,4
5431,-14.534896850585938,-14.745834350585938,-12.277084350585938,-2.8708341121673584,-0.058334190398454666,5.0,5
5432,-11.8816499710083,-13.252388000488281,-11.277956008911133,-4.303524494171143,-0.013752469792962074,5.0,5
5433,-13.178303718566895,-14.044780731201172,-12.617223739624023,-5.656996726989746,-0.003588904393836856,4.0,5
5434,-13.189643859863281,-13.239359855651855,-10.718052864074707,-1.158394694328308,-0.3771446645259857,5.0,5
5435,-14.10209846496582,-14.80522346496582,-12.844996452331543,-3.249826669692993,-0.039598751813173294,4.0,5
5436,-12.33116626739502,-14.071223258972168,-12.11099624633789,-4.753041744232178,-0.008723719976842403,5.0,5
5437,-13.85340690612793,-14.378974914550781,-12.646020889282227,-4.513917446136475,-0.011077453382313251,5.0,5
5438,-12.811546325683594,-13.145353317260742,-10.624046325683594,-1.1780242919921875,-0.3683643937110901,3.0,5
5439,-13.389463424682617,-13.30423641204834,-10.932077407836914,-0.44912296533584595,-1.0173048973083496,3.0,4
5440,-12.24423885345459,-7.9899773597717285,-0.7314552068710327,-0.6604331731796265,-7.57804536819458,5.0,4
5441,-12.768378257751465,-13.606447219848633,-11.766958236694336,-2.9246277809143066,-0.05530977621674538,4.0,5
5442,-13.784843444824219,-10.355155944824219,-4.4225667807040736e-05,-12.112968444824219,-14.034843444824219,4.0,3
5443,-13.277502059936523,-14.016138076782227,-12.340002059936523,-3.717844247817993,-0.024662233889102936,4.0,5
5444,-11.918907165527344,-13.346464157104492,-12.089362144470215,-6.876293659210205,-0.001293656532652676,5.0,5
5445,-13.480780601501465,-14.567428588867188,-13.409757614135742,-7.42964506149292,-0.0006668727728538215,4.0,5
5446,-14.681389808654785,-14.962639808654785,-12.743889808654785,-2.4782650470733643,-0.08764008432626724,4.0,5
5447,-14.851399421691895,-14.945149421691895,-12.452961921691895,-2.0857744216918945,-0.13264954090118408,4.0,5
5448,-12.827291488647461,-14.475018501281738,-13.253427505493164,-7.685246467590332,-0.0005865760613232851,5.0,5
5449,-13.303647994995117,-14.35478401184082,-13.019556999206543,-6.8760905265808105,-0.0010905277449637651,5.0,5
5450,-13.246296882629395,-5.308796405792236,-0.09004650264978409,-2.5119214057922363,-10.199421882629395,3.0,3
5451,-14.288997650146484,-14.871383666992188,-12.91115665435791,-3.8983726501464844,-0.020532675087451935,4.0,5
5452,-13.31091594696045,-14.674551963806152,-13.296710968017578,-6.720005989074707,-0.0012579393805935979,5.0,5
5453,-14.149116516113281,-14.891304016113281,-13.250679016113281,-4.774116516113281,-0.00849148165434599,5.0,5
5454,-14.02738094329834,-12.763175964355469,-8.494710922241211,-0.057210929691791534,-2.8981189727783203,4.0,4
5455,-17.188831329345703,-14.743518829345703,-6.829456329345703,-0.0013311582151800394,-8.845081329345703,4.0,4
5456,-11.521403312683105,-13.843846321105957,-12.451800346374512,-6.7770843505859375,-0.0015161458868533373,5.0,5
5457,-13.425773620605469,-14.2283296585083,-12.800773620605469,-6.025204658508301,-0.0024785057175904512,5.0,5
5458,-13.719528198242188,-13.435437202453613,-10.473790168762207,-0.2891307771205902,-1.3828808069229126,3.0,4
5459,-13.088692665100098,-13.450907707214355,-11.70374870300293,-3.6071572303771973,-0.027613192796707153,4.0,5
5460,-13.532081604003906,-14.907081604003906,-13.407081604003906,-7.1102070808410645,-0.0008319730986841023,5.0,5
5461,-15.640628814697266,-17.632816314697266,-16.093753814697266,-12.531253814697266,-4.0531076592742465e-06,5.0,5
5462,-9.671564102172852,-10.312189102172852,-6.796564102172852,-1.5153142213821411,-0.2496892213821411,4.0,5
5463,-14.276098251342773,-13.471410751342773,-7.799535274505615,-0.018285280093550682,-4.033910274505615,4.0,4
5464,-13.402434349060059,-14.847746849060059,-12.332121849060059,-3.0039968490600586,-0.05087195709347725,5.0,5
5465,-13.52994155883789,-15.582497596740723,-14.368009567260742,-9.431929588317871,-0.00011193125828867778,4.0,5
5466,-13.958313941955566,-13.239563941955566,-8.622376441955566,-0.02862630784511566,-3.5755012035369873,5.0,4
5467,-12.94849967956543,-14.63599967956543,-12.38599967956543,-5.753187656402588,-0.0031874587293714285,5.0,5
5468,-12.681755065917969,-14.556755065917969,-12.650505065917969,-6.189568042755127,-0.0020678106229752302,5.0,5
5469,-13.446352005004883,-15.266664505004883,-13.446352005004883,-6.876039505004883,-0.001039322349242866,5.0,5
5470,-12.440123558044434,-4.315124034881592,-0.0651240199804306,-3.002624034881592,-11.252623558044434,4.0,3
5471,-13.813993453979492,-12.587430953979492,-7.751493453979492,-0.04836859554052353,-3.0639936923980713,5.0,4
5472,-15.851018905639648,-15.265081405639648,-11.155706405639648,-0.030706344172358513,-3.4994564056396484,5.0,4
5473,-12.774123191833496,-7.2982707023620605,-0.02980376034975052,-3.5624747276306152,-8.998554229736328,1.0,3
5474,-14.207998275756836,-12.817373275756836,-7.012685775756836,-0.012685911729931831,-4.450185775756836,4.0,4
5475,-14.485071182250977,-15.133508682250977,-12.211633682250977,-2.6803841590881348,-0.07100909948348999,1.0,5
5476,-13.660839080810547,-11.395214080810547,-5.184277057647705,-0.012401962652802467,-5.012402057647705,2.0,4
5477,-9.165877342224121,-10.064314842224121,-6.658064842224121,-0.9861898422241211,-0.4691457748413086,4.0,5
5478,-16.397546768188477,-12.799535751342773,-6.018285274505615,-0.0026604279410094023,-9.955785751342773,5.0,4
5479,-13.387327194213867,-14.910764694213867,-12.652952194213867,-4.402951717376709,-0.012326723895967007,5.0,5
5480,-14.451504707336426,-15.190140724182129,-12.721390724182129,-5.940140724182129,-0.0026406915858387947,5.0,5
5481,-12.97400951385498,-13.96619701385498,-11.23963451385498,-3.8802592754364014,-0.020884256809949875,5.0,5
5482,-12.832710266113281,-13.720494270324707,-11.937823295593262,-4.345494747161865,-0.013108505867421627,3.0,5
5483,-11.29178524017334,-4.801018238067627,-0.01834731362760067,-4.612097263336182,-11.60428524017334,3.0,3
5484,-13.644173622131348,-16.691049575805664,-13.550423622131348,-5.644174098968506,-0.003548873821273446,5.0,5
5485,-10.121723175048828,-2.07484769821167,-0.1529727429151535,-4.12172269821167,-11.676410675048828,2.0,3
5486,-13.869206428527832,-10.488525390625,-5.772615432739258,-0.005571432411670685,-6.048183441162109,4.0,4
5487,-12.672643661499023,-13.664831161499023,-11.133581161499023,-2.1960813999176025,-0.11795637756586075,1.0,5
5488,-14.185457229614258,-11.415571212768555,-4.192559242248535,-0.016423163935542107,-7.1471052169799805,3.0,4
5489,-9.908476829528809,-8.236601829528809,-4.502226829528809,-1.0959769487380981,-0.42410197854042053,4.0,5
5490,-12.862955093383789,-12.011392593383789,-6.753580570220947,-0.034830570220947266,-3.4098305702209473,4.0,4
5491,-9.42097282409668,-1.514723300933838,-0.2647232711315155,-4.374098300933838,-10.91316032409668,2.0,3
5492,-14.05026626586914,-9.83151626586914,-2.871290445327759,-0.0587904267013073,-8.382652282714844,4.0,4
5493,-12.070333480834961,-10.414083480834961,-5.164083003997803,-0.1484581083059311,-2.0234580039978027,1.0,4
5494,-13.235174179077148,-10.337447166442871,-3.8175604343414307,-0.024948420003056526,-6.19256067276001,4.0,4
5495,-13.267848014831543,-13.635035514831543,-10.392848014831543,-0.8615981340408325,-0.5490981340408325,4.0,5
5496,-13.440051078796387,-12.140335083007812,-7.495449066162109,-0.05226702243089676,-2.9926071166992188,4.0,4
5497,-13.76588249206543,-15.75025749206543,-14.38306999206543,-8.28150749206543,-0.00025733973598107696,3.0,5
5498,-10.217561721801758,-2.4284987449645996,-0.13162380456924438,-3.3503737449645996,-10.428499221801758,5.0,3
5499,-14.078131675720215,-16.3281307220459,-14.867194175720215,-12.218756675720215,-6.318072337307967e-06,5.0,5
5500,-14.88305950164795,-11.76587200164795,-4.187746524810791,-0.015871739014983177,-9.29712200164795,2.0,4
5501,-0.017422839999198914,-4.064297676086426,-9.314297676086426,-12.954922676086426,-13.783047676086426,5.0,1
5502,-12.331658363342285,-12.675408363342285,-9.628533363342285,-2.237908124923706,-0.11290806531906128,3.0,5
5503,-2.1272647380828857,-0.22243577241897583,-2.5377776622772217,-6.752264976501465,-12.715333938598633,1.0,2
5504,-10.781999588012695,-13.344499588012695,-12.264954566955566,-7.236545562744141,-0.0007494263118132949,4.0,5
5505,-9.648979187011719,-1.2398887872695923,-0.34500280022621155,-6.083638668060303,-12.234206199645996,1.0,3
5506,-12.068394660949707,-3.630894422531128,-0.05276934430003166,-3.693394422531128,-11.701207160949707,2.0,3
5507,-15.01612663269043,-14.365558624267578,-8.023229598999023,-0.0005012686015106738,-8.84425163269043,5.0,4
5508,-13.158662796020508,-13.410794258117676,-7.70056676864624,-0.010225054807960987,-4.63522481918335,4.0,4
5509,-11.710613250732422,-8.65379524230957,-2.3469772338867188,-0.10123831778764725,-10.319988250732422,5.0,4
5510,-7.240506172180176,-1.4620978832244873,-0.31152990460395813,-3.3498809337615967,-9.638943672180176,5.0,3
5511,-12.503413200378418,-9.745600700378418,-3.667475700378418,-0.026850679889321327,-7.245600700378418,5.0,4
5512,-11.779278755187988,-3.4980287551879883,-0.04490373283624649,-4.294903755187988,-12.544903755187988,5.0,3
5513,-13.521516799926758,-8.435579299926758,-0.8262047171592712,-0.5762047171592712,-11.466829299926758,5.0,4
5514,-14.193042755126953,-13.397587776184082,-8.319462776184082,-0.038212504237890244,-3.2910544872283936,5.0,4
5515,-13.261542320251465,-12.501599311828613,-9.085406303405762,-0.15074698626995087,-1.9689289331436157,5.0,4
5516,-12.548694610595703,-4.548695087432861,-0.04869508743286133,-3.2986950874328613,-11.939319610595703,5.0,3
5517,-12.750418663024902,-5.555105686187744,-0.07073090970516205,-2.7426059246063232,-11.859793663024902,5.0,3
5518,-12.591296195983887,-12.719137191772461,-10.268853187561035,-0.6381710767745972,-0.7518070936203003,4.0,4
5519,-12.74091911315918,-14.211089134216309,-11.824726104736328,-3.373020648956299,-0.034952715039253235,5.0,5
5520,-9.911697387695312,-12.169509887695312,-10.958573341369629,-3.3648223876953125,-0.0352783203125,5.0,5
5521,-11.831270217895508,-14.604707717895508,-11.800020217895508,-5.768770217895508,-0.003145035356283188,4.0,5
5522,-13.801907539367676,-12.91412353515625,-8.304747581481934,-0.009293746203184128,-4.796225547790527,5.0,4
5523,-13.687718391418457,-15.250218391418457,-13.80135440826416,-6.43629789352417,-0.0016396900173276663,5.0,5
5524,-11.985196113586426,-14.274258613586426,-12.172696113586426,-7.125820636749268,-0.0008206575294025242,4.0,5
5525,-11.850141525268555,-13.584516525268555,-10.404829025268555,-2.826704263687134,-0.06107936426997185,5.0,5
5526,-14.050938606262207,-10.347813606262207,-2.7540640830993652,-0.06656404584646225,-9.863438606262207,5.0,4
5527,-13.867005348205566,-15.140442848205566,-12.999817848205566,-3.7732553482055664,-0.02325546368956566,5.0,5
5528,-12.633650779724121,-13.926264762878418,-9.190468788146973,-5.8580827713012695,-0.0029690254013985395,5.0,5
5529,-13.909590721130371,-16.23203468322754,-12.125499725341797,-7.616977214813232,-0.0004993622424080968,5.0,5
5530,-14.465787887573242,-13.684537887573242,-9.739225387573242,-0.05172550678253174,-2.989225387573242,4.0,4
5531,-12.486490249633789,-13.173990249633789,-8.767740249633789,-0.377115398645401,-1.1583653688430786,5.0,4
5532,-11.490899085998535,-12.975274085998535,-8.944024085998535,-1.115898609161377,-0.39714866876602173,5.0,5
5533,-13.399121284484863,-14.461621284484863,-10.938183784484863,-2.4069337844848633,-0.09443384408950806,5.0,5
5534,-0.001379491644911468,-6.705923557281494,-9.507060050964355,-12.569560050964355,-10.100810050964355,1.0,1
5535,-11.496829986572266,-7.699244976043701,-1.747541069984436,-0.19214215874671936,-9.160892486572266,1.0,4
5536,-14.770750045776367,-13.005125045776367,-6.372312068939209,-0.012937300838530064,-4.497312068939209,4.0,4
5537,-12.876397132873535,-15.321709632873535,-13.368584632873535,-6.579522132873535,-0.0013972291490063071,5.0,5
5538,-13.344139099121094,-7.8597636222839355,-0.29726383090019226,-1.3597638607025146,-11.195701599121094,5.0,3
5539,-13.706042289733887,-10.073229789733887,-1.9638547897338867,-0.15135478973388672,-10.182604789733887,5.0,4
5540,-11.919951438903809,-12.765121459960938,-10.343246459960938,-1.110292673110962,-0.4000646770000458,5.0,5
5541,-14.564830780029297,-16.158580780029297,-14.463268280029297,-6.064830780029297,-0.0023308033123612404,5.0,5
5542,-12.578495979309082,-15.461308479309082,-13.000370979309082,-7.922245979309082,-0.00037079135654494166,3.0,5
5543,-14.525522232055664,-13.002084732055664,-7.345834732055664,-0.002084703417494893,-7.002084732055664,5.0,4
5544,-0.001328420010395348,-6.641953468322754,-11.048203468322754,-14.774765968322754,-12.548203468322754,1.0,1
5545,-14.160231590270996,-12.543044090270996,-7.738356590270996,-0.09773144125938416,-2.378981351852417,5.0,4
5546,-12.366524696350098,-12.319649696350098,-7.014962673187256,-0.07746251672506332,-2.6087124347686768,5.0,4
5547,-13.399385452270508,-7.69625997543335,-0.19626010954380035,-1.7275100946426392,-11.485322952270508,5.0,3
5548,-14.20378303527832,-9.71940803527832,-1.4537832736968994,-0.26628321409225464,-10.76628303527832,4.0,4
5549,-12.906828880310059,-13.972169876098633,-12.097169876098633,-3.773306131362915,-0.02330612577497959,5.0,5
5550,-14.278115272521973,-9.879677772521973,-2.535928249359131,-0.08280322700738907,-10.817177772521973,3.0,4
5551,-14.3143949508667,-15.4628324508667,-13.0409574508667,-2.90033221244812,-0.056582193821668625,5.0,5
5552,-13.906231880187988,-11.515606880187988,-4.976544380187988,-0.007794205565005541,-8.398419380187988,5.0,4
5553,-15.829776763916016,-17.541425704956055,-15.751651763916016,-8.379493713378906,-0.0002307625545654446,5.0,5
5554,-13.449740409851074,-7.8531494140625,-0.4099694788455963,-1.0917874574661255,-8.9625244140625,4.0,3
5555,-13.732625007629395,-14.427937507629395,-13.307199478149414,-3.3072001934051514,-0.03731231018900871,4.0,5
5556,-15.9987211227417,-17.51860809326172,-15.97741413116455,-8.875141143798828,-0.0001408954558428377,4.0,5
5557,-13.670454025268555,-10.123579025268555,-3.5454535484313965,-0.029828637838363647,-8.920454025268555,2.0,4
5558,-11.495460510253906,-13.581398010253906,-10.573585510253906,-4.511085510253906,-0.01108570583164692,5.0,5
5559,-15.514580726623535,-13.069268226623535,-5.022393703460693,-0.006768514402210712,-9.131768226623535,5.0,4
5560,-14.414386749267578,-10.109699249267578,-2.2659497261047363,-0.10969963669776917,-10.078449249267578,3.0,4
5561,-12.73476505279541,-12.322833061218262,-9.034481048583984,-0.3555046021938324,-1.207776665687561,4.0,4
5562,-13.781454086303711,-12.140829086303711,-7.484579563140869,-0.07832939177751541,-2.59395432472229,5.0,4
5563,-15.563952445983887,-10.454577445983887,-1.0639528036117554,-0.42332780361175537,-11.392077445983887,2.0,4
5564,-14.169173240661621,-12.15923023223877,-7.4220147132873535,-0.007240957580506802,-5.049854755401611,5.0,4
5565,-14.7562894821167,-13.2562894821167,-7.990664958953857,-0.006289806216955185,-5.131289958953857,4.0,4
5566,-11.21037483215332,-10.860233306884766,-4.78068733215332,-0.7679044604301453,-0.6400625109672546,4.0,5
5567,-15.217012405395508,-12.22695541381836,-4.528092384338379,-0.011046327650547028,-9.542296409606934,4.0,4
5568,-15.069140434265137,-12.444140434265137,-5.209765434265137,-0.006640391889959574,-6.787890434265137,5.0,4
5569,-14.58254337310791,-11.07473087310791,-3.60598087310791,-0.027855873107910156,-8.60598087310791,2.0,4
5570,-12.15709400177002,-15.50084400177002,-12.53990650177002,-7.0945940017700195,-0.0008440031087957323,5.0,5
5571,-10.591453552246094,-2.9508283138275146,-0.12270331382751465,-2.7633283138275146,-10.044578552246094,3.0,3
5572,-15.135823249816895,-11.643635749816895,-3.6514480113983154,-0.026448018848896027,-9.260823249816895,3.0,4
5573,-4.3577470779418945,-0.5608718395233154,-0.9046218395233154,-4.4514970779418945,-9.310872077941895,1.0,2
5574,-7.516849040985107,-2.4316229820251465,-0.31514498591423035,-1.749803066253662,-5.0679850578308105,5.0,3
5575,-13.273211479187012,-11.171648979187012,-5.49196195602417,-0.023211786523461342,-3.976336717605591,4.0,4
5576,-14.967024803161621,-11.732649803161621,-3.545149803161621,-0.02952486276626587,-8.451399803161621,5.0,4
5577,-13.37759017944336,-14.023897171020508,-12.191511154174805,-2.092078924179077,-0.1318509727716446,5.0,5
5578,-13.414800643920898,-8.867925643920898,-1.727300763130188,-0.1960507333278656,-9.227300643920898,3.0,4
5579,-14.998461723327637,-14.779711723327637,-10.623461723327637,-0.07658693939447403,-2.607836961746216,1.0,4
5580,-15.66889476776123,-16.890487670898438,-15.256962776184082,-6.66321325302124,-0.001281036646105349,5.0,5
5581,-11.199487686157227,-11.590112686157227,-7.980737209320068,-0.8088623285293579,-0.5901123285293579,1.0,5
5582,-12.668937683105469,-14.174619674682617,-12.711551666259766,-5.204449653625488,-0.005585776641964912,5.0,5
5583,-13.044136047363281,-8.364448547363281,-1.4425733089447021,-0.27069833874702454,-10.176948547363281,5.0,4
5584,-9.696784973144531,-1.4467852115631104,-0.27491018176078796,-5.306159973144531,-12.009284973144531,4.0,3
5585,-11.118572235107422,-5.267009735107422,-0.5951349139213562,-0.8138849139213562,-8.860759735107422,5.0,3
5586,-14.228238105773926,-15.368863105773926,-13.228238105773926,-2.3219878673553467,-0.10323797166347504,5.0,5
5587,-12.600299835205078,-13.168481826782227,-10.58325481414795,-0.7821195125579834,-0.6116635799407959,1.0,5
5588,-12.839685440063477,-13.542810440063477,-10.714685440063477,-1.1053104400634766,-0.4021853804588318,2.0,5
5589,-14.461421012878418,-15.078608512878418,-13.078608512878418,-1.7270457744598389,-0.19579583406448364,5.0,5
5590,-15.114397048950195,-12.411272048950195,-5.380022048950195,-0.005022171884775162,-7.895647048950195,4.0,4
5591,-13.159887313842773,-13.124375343322754,-9.424091339111328,-0.23375163972377777,-1.5689796209335327,5.0,4
5592,-15.218755722045898,-17.3671932220459,-16.0625057220459,-12.265630722045898,-5.602820692729438e-06,5.0,5
5593,-12.78173828125,-12.61767578125,-7.90673828125,-0.18798841536045074,-1.7661134004592896,4.0,4
5594,-14.015077590942383,-15.335390090942383,-13.405702590942383,-4.929140090942383,-0.007265100721269846,5.0,5
5595,-14.246966361999512,-14.687307357788086,-12.563728332519531,-5.511170864105225,-0.004068075679242611,5.0,5
5596,-15.412005424499512,-11.099505424499512,-2.5213804244995117,-0.08388036489486694,-9.646380424499512,4.0,4
5597,-13.26335334777832,-8.60710334777832,-1.575853705406189,-0.23210369050502777,-9.34147834777832,5.0,4
5598,-14.056171417236328,-15.114409446716309,-13.310432434082031,-4.851626873016357,-0.007876764051616192,5.0,5
5599,-11.767720222473145,-12.960902214050293,-11.199539184570312,-5.077380180358887,-0.006358156446367502,3.0,5
5600,-12.726990699768066,-12.820740699768066,-9.078553199768066,-0.7660536170005798,-0.6254286170005798,5.0,5
5601,-11.633070945739746,-12.144434928894043,-9.80778694152832,-3.37312912940979,-0.035061031579971313,5.0,5
5602,-15.319307327270508,-12.209932327270508,-4.248995304107666,-0.01462007686495781,-8.530244827270508,4.0,4
5603,-13.363576889038086,-8.910451889038086,-2.1135764122009277,-0.12920153141021729,-8.347951889038086,5.0,4
5604,-12.436623573303223,-12.827248573303223,-9.256936073303223,-1.053810715675354,-0.4288107454776764,5.0,5
5605,-0.5573714375495911,-0.8854964375495911,-4.229246616363525,-8.635496139526367,-10.854246139526367,1.0,1
5606,-12.369022369384766,-11.298709869384766,-6.033084869384766,-0.1580846756696701,-1.9393346309661865,5.0,4
5607,-13.630288124084473,-13.395913124084473,-9.638100624084473,-0.21622547507286072,-1.638100504875183,5.0,4
5608,-13.038690567016602,-5.241815567016602,-0.10119070112705231,-2.3980658054351807,-10.257440567016602,4.0,3
5609,-14.603081703186035,-11.564019203186035,-3.728081703186035,-0.024956675246357918,-7.462456703186035,5.0,4
5610,-14.045228958129883,-7.428041458129883,-0.05304126814007759,-2.9749162197113037,-12.029603958129883,5.0,3
5611,-13.503806114196777,-13.620993614196777,-10.058493614196777,-2.0584940910339355,-0.1366189867258072,4.0,5
5612,-12.18757152557373,-13.863707542419434,-12.443252563476562,-4.950355529785156,-0.007173614576458931,5.0,5
5613,-11.997174263000488,-12.036236763000488,-8.161236763000488,-0.5831115245819092,-0.8174865245819092,5.0,4
5614,-15.51231861114502,-13.14513111114502,-5.5045061111450195,-0.00450595747679472,-7.8013811111450195,3.0,4
5615,-14.753239631652832,-15.800114631652832,-13.690739631652832,-4.511051654815674,-0.01105186901986599,5.0,5
5616,-15.706791877746582,-11.886479377746582,-2.8708548545837402,-0.05835477262735367,-10.886479377746582,5.0,4
5617,-15.633095741271973,-11.812783241271973,-3.7580955028533936,-0.02372041530907154,-9.336220741271973,5.0,4
5618,-13.818778038024902,-9.217215538024902,-1.701590657234192,-0.20159070193767548,-10.639090538024902,4.0,4
5619,-6.8930253982543945,-0.8930251598358154,-0.5492751598358154,-4.4086503982543945,-11.080525398254395,4.0,3
5620,-0.07247039675712585,-2.6662204265594482,-7.884970188140869,-11.752158164978027,-13.502158164978027,4.0,1
5621,-8.868978500366211,-10.005342483520508,-8.229774475097656,-4.0110249519348145,-0.019546976312994957,4.0,5
5622,-11.654705047607422,-12.334392547607422,-8.014080047607422,-0.7172053456306458,-0.6703303456306458,5.0,5
5623,-14.603767395019531,-10.595954895019531,-2.3928298950195312,-0.09595480561256409,-9.736579895019531,5.0,4
5624,-14.587197303771973,-13.579384803771973,-7.9778218269348145,-0.024697009474039078,-3.7278220653533936,5.0,4
5625,-0.04819980263710022,-3.0638248920440674,-8.016949653625488,-12.126324653625488,-12.915387153625488,1.0,1
5626,-13.732322692871094,-12.966697692871094,-7.8338847160339355,-0.06825990974903107,-2.7245099544525146,3.0,4
5627,-10.802526473999023,-3.5681512355804443,-0.11502619087696075,-2.5212762355804443,-10.146276473999023,5.0,3
5628,-12.801974296569824,-7.773566722869873,-1.6798166036605835,-0.20822463929653168,-8.161349296569824,5.0,4
5629,-10.500564575195312,-11.539627075195312,-7.344314098358154,-0.8443142175674438,-0.5630642175674438,5.0,5
5630,-12.124296188354492,-6.561796188354492,-0.17117111384868622,-1.8586710691452026,-11.280546188354492,4.0,3
5631,-13.141525268554688,-9.211837768554688,-2.4930880069732666,-0.08683808147907257,-7.914963245391846,5.0,4
5632,-11.037731170654297,-5.326793670654297,-0.3580436408519745,-1.2174186706542969,-9.404918670654297,4.0,3
5633,-11.724907875061035,-3.342095375061035,-0.07647043466567993,-3.263970375061035,-12.248345375061035,4.0,3
5634,-11.980545043945312,-5.886794567108154,-0.5586696863174438,-0.8555446863174438,-9.402420043945312,5.0,3
5635,-14.273918151855469,-13.312980651855469,-9.453605651855469,-0.03173065185546875,-3.4692306518554688,5.0,4
5636,-10.699951171875,-12.035888671875,-8.465576171875,-1.324951171875,-0.3093261122703552,4.0,5
5637,-13.55396842956543,-8.35084342956543,-0.7414684295654297,-0.6477184295654297,-9.53834342956543,5.0,4
5638,-12.853677749633789,-7.564615249633789,-1.06461501121521,-0.42399004101753235,-9.252115249633789,4.0,4
5639,-13.660591125488281,-9.426216125488281,-2.0043411254882812,-0.14496609568595886,-9.363716125488281,5.0,4
5640,-13.363627433776855,-9.004252433776855,-1.9105021953582764,-0.1605021357536316,-9.066752433776855,5.0,4
5641,-14.533952713012695,-13.448015213012695,-10.104265213012695,-0.041765306144952774,-3.1980152130126953,5.0,4
5642,-8.805932998657227,-0.8996831178665161,-0.5246831178665161,-6.571557998657227,-12.305932998657227,5.0,3
5643,-13.991960525512695,-11.023210525512695,-3.2732107639312744,-0.03883569315075874,-9.304460525512695,5.0,4
5644,-13.051199913024902,-10.33813190460205,-3.9034743309020996,-0.025632331147789955,-8.661995887756348,4.0,4
5645,-15.670082092285156,-14.888832092285156,-9.888832092285156,-0.04508231580257416,-3.1232073307037354,5.0,4
5646,-12.447796821594238,-12.518109321594238,-8.893109321594238,-1.2681094408035278,-0.3306094706058502,5.0,5
5647,-11.307686805725098,-0.9483122229576111,-0.5264372229576111,-3.823312282562256,-10.940499305725098,4.0,3
5648,-0.0008734225411899388,-7.063373565673828,-11.828998565673828,-14.946186065673828,-12.938373565673828,1.0,1
5649,-15.248988151550293,-14.467738151550293,-11.092738151550293,-0.030237805098295212,-3.514612913131714,5.0,4
5650,-14.949312210083008,-9.777437210083008,-1.4180625677108765,-0.27743759751319885,-10.824312210083008,4.0,4
5651,-12.281192779541016,-13.953067779541016,-11.062442779541016,-4.171817779541016,-0.015567801892757416,5.0,5
5652,-11.16430377960205,-12.39086627960205,-9.77367877960205,-3.258053779602051,-0.039303891360759735,5.0,5
5653,-10.543302536010742,-11.504240036010742,-7.9651780128479,-1.0745527744293213,-0.4183028042316437,1.0,5
5654,-12.806819915771484,-6.361507415771484,-0.62713223695755,-0.76775723695755,-9.533382415771484,5.0,3
5655,-13.156444549560547,-13.898632049560547,-11.117382049560547,-3.758007049560547,-0.023632053285837173,5.0,5
5656,-11.854010581970215,-12.822760581970215,-8.244635581970215,-0.21338550746440887,-1.6508854627609253,4.0,4
5657,-12.678126335144043,-13.896876335144043,-11.021876335144043,-3.834376573562622,-0.021876567974686623,5.0,5
5658,-12.926271438598633,-12.520021438598633,-8.848146438598633,-1.441896677017212,-0.2700216472148895,3.0,5
5659,-0.0067938524298369884,-5.006793975830078,-9.694293975830078,-13.350543975830078,-12.053668975830078,5.0,1
5660,-13.880370140075684,-9.106932640075684,-1.6381829977035522,-0.21630795300006866,-10.341307640075684,5.0,4
5661,-13.240394592285156,-8.045082092285156,-1.0138319730758667,-0.4513319730758667,-10.341957092285156,5.0,4
5662,-14.52288818359375,-15.39007568359375,-13.13226318359375,-4.202576160430908,-0.015076027251780033,4.0,5
5663,-8.880419731140137,-9.005419731140137,-5.333544731140137,-0.6304195523262024,-0.7710445523262024,5.0,4
5664,-13.303720474243164,-14.342782974243164,-11.506845474243164,-2.209969997406006,-0.11622001230716705,5.0,5
5665,-13.829061508178711,-12.742413520812988,-8.86457347869873,-0.015141431242227554,-4.233891487121582,5.0,4
5666,-14.158148765563965,-6.705023765563965,-0.09564858675003052,-2.4081485271453857,-11.955023765563965,5.0,3
5667,-14.29033088684082,-9.47001838684082,-1.0950182676315308,-0.4075182378292084,-9.89189338684082,4.0,4
5668,-13.489433288574219,-13.801933288574219,-11.557615280151367,-0.7976727485656738,-0.598808765411377,4.0,5
5669,-15.598443984985352,-12.4166259765625,-4.73906946182251,-0.00895732268691063,-10.065773010253906,5.0,4
5670,-14.857809066772461,-15.529684066772461,-13.021871566772461,-2.607809066772461,-0.07655911147594452,5.0,5
5671,-13.739583015441895,-9.880208015441895,-2.3645830154418945,-0.09895806014537811,-8.786458015441895,5.0,4
5672,-11.926502227783203,-13.528064727783203,-11.012439727783203,-3.1530649662017822,-0.04368996247649193,5.0,5
5673,-12.954549789428711,-13.153413772583008,-9.31818675994873,-0.5255729556083679,-0.8948909640312195,4.0,4
5674,-9.6803617477417,-1.8834871053695679,-0.1803620606660843,-4.352237224578857,-10.7506742477417,3.0,3
5675,-12.832640647888184,-7.902953147888184,-1.1373283863067627,-0.3873283565044403,-9.801390647888184,3.0,4
5676,-10.668642044067383,-10.574892044067383,-6.309266567230225,-0.5123916864395142,-0.9186416864395142,5.0,4
5677,-11.902584075927734,-13.160396575927734,-10.636959075927734,-3.6057088375091553,-0.027583854272961617,1.0,5
5678,-16.023618698120117,-16.662822723388672,-14.837539672851562,-5.029301166534424,-0.006573363672941923,5.0,5
5679,-15.727564811706543,-16.90654182434082,-15.365348815917969,-6.373871326446533,-0.0017114529618993402,5.0,5
5680,-14.438952445983887,-15.944634437561035,-14.829577445983887,-10.752873420715332,-3.1470757676288486e-05,4.0,5
5681,-16.962247848510742,-15.024747848510742,-9.016935348510742,-0.0013099670177325606,-6.766934871673584,3.0,4
5682,-14.085894584655762,-13.226519584655762,-7.8714070320129395,-0.044702887535095215,-3.1412930488586426,5.0,4
5683,-13.665631294250488,-13.712506294250488,-9.775006294250488,-1.2125065326690674,-0.35313156247138977,4.0,5
5684,-13.14413833618164,-13.286182403564453,-10.225103378295898,-0.33874082565307617,-1.247830867767334,5.0,4
5685,-13.972030639648438,-14.932968139648438,-12.667343139648438,-3.6360933780670166,-0.026718489825725555,3.0,5
5686,-13.370869636535645,-12.667744636535645,-7.1208696365356445,-0.027119534090161324,-3.6521196365356445,4.0,4
5687,-14.211008071899414,-14.968820571899414,-12.101633071899414,-1.804757833480835,-0.17975789308547974,4.0,5
5688,-14.000114440917969,-14.532785415649414,-12.075399398803711,-1.350968360900879,-0.29983046650886536,5.0,5
5689,-13.009450912475586,-13.456893920898438,-11.141552925109863,-1.425645112991333,-0.27507707476615906,4.0,5
5690,-13.955679893493652,-3.2759926319122314,-0.05724256485700607,-4.025992393493652,-11.940054893493652,5.0,3
5691,-0.14145295321941376,-2.0320780277252197,-7.094577789306641,-11.99301528930664,-14.03989028930664,5.0,1
5692,-16.14933967590332,-13.54777717590332,-7.23527717590332,-0.0009023646707646549,-8.78215217590332,3.0,4
5693,-15.421266555786133,-12.257204055786133,-4.218141555786133,-0.015016607940196991,-8.921266555786133,4.0,4
5694,-13.13955020904541,-7.29580020904541,-0.7176753282546997,-0.6708003282546997,-9.18642520904541,3.0,4
5695,-13.032604217529297,-6.727916717529297,-0.3685414791107178,-1.1810414791107178,-10.196666717529297,4.0,3
5696,-15.350617408752441,-16.629026412963867,-14.611981391906738,-5.954311847686768,-0.0026058547664433718,5.0,5
5697,-14.667318344116211,-15.175130844116211,-13.073568344116211,-1.8704428672790527,-0.16731788218021393,1.0,5
5698,-3.0781311988830566,-0.12500618398189545,-2.6406311988830566,-8.890630722045898,-13.273443222045898,4.0,2
5699,-14.215337753295898,-9.379400253295898,-1.4419001340866089,-0.2700251042842865,-9.770025253295898,4.0,4
5700,-16.456323623657227,-13.956324577331543,-6.878199100494385,-0.003199222730472684,-6.143824100494385,4.0,4
5701,-10.872170448303223,-2.6832501888275146,-0.0980222150683403,-3.691772222518921,-10.3323974609375,2.0,3
5702,-13.21438217163086,-8.35500717163086,-1.5268816947937012,-0.24563172459602356,-8.57375717163086,5.0,4
5703,-10.41364860534668,-3.523023843765259,-0.17927394807338715,-2.007398843765259,-8.91364860534668,1.0,3
5704,-12.482011795043945,-12.31155776977539,-9.428034782409668,-0.35132938623428345,-1.2178072929382324,2.0,4
5705,-12.988984107971191,-5.268813610076904,-0.024495437741279602,-3.9619953632354736,-11.469807624816895,5.0,3
5706,-15.199166297912598,-12.980416297912598,-5.660103797912598,-0.0038538724184036255,-8.128853797912598,5.0,4
5707,-12.337403297424316,-4.532716274261475,-0.04834111034870148,-3.3139660358428955,-10.110840797424316,5.0,3
5708,-14.303787231445312,-14.631912231445312,-11.163162231445312,-0.38191238045692444,-1.147537350654602,5.0,4
5709,-9.195549964904785,-0.7424246072769165,-0.6486746072769165,-6.726799488067627,-13.156487464904785,2.0,3
5710,-15.252175331115723,-12.901323318481445,-5.713822841644287,-0.0035969815216958523,-8.710983276367188,3.0,4
5711,-13.71951961517334,-13.00076961517334,-11.35233211517334,-6.031808152329177e-05,-10.10233211517334,3.0,4
5712,-15.992403030395508,-15.949790000915527,-13.115983009338379,-0.3304714858531952,-1.2679715156555176,3.0,4
5713,-8.855112075805664,-1.0568175315856934,-0.44602155685424805,-4.417611598968506,-10.089487075805664,3.0,3
5714,-13.79631233215332,-1.262221336364746,-0.3403463363647461,-5.215346336364746,-11.535658836364746,4.0,3
5715,-13.797589302062988,-13.676851272583008,-10.942476272583008,-0.28906702995300293,-1.382817029953003,1.0,4
5716,-14.517882347106934,-15.627257347106934,-13.197569847106934,-4.603819847106934,-0.010069641284644604,4.0,5
5717,-14.13848876953125,-13.83380126953125,-10.23223876953125,-0.45098885893821716,-1.0134888887405396,3.0,4
5718,-14.368128776550293,-15.665003776550293,-13.555628776550293,-4.743128776550293,-0.008753972128033638,5.0,5
