sample_id,s2_lp1,s2_lp2,s2_lp3,s2_lp4,s2_lp5,gt_score,parsed_score,gt_score_continuous
0,-11.512925464970229,-11.512925464970229,-11.512925464970229,-11.512925464970229,-11.512925464970229,3,-1,0.5833333333333334
1,-10.717317581176758,-9.631380081176758,-4.8032546043396,-0.037629686295986176,-3.5532546043395996,1,4,0.0
2,-11.512925464970229,-11.512925464970229,-11.512925464970229,-11.512925464970229,-11.512925464970229,1,-1,0.0
3,-12.519715309143066,-11.972840309143066,-7.847840785980225,-0.019715769216418266,-3.9572157859802246,3,4,0.6071428571428571
4,-10.787792205810547,-8.178417205810547,-1.7565425634384155,-0.19404253363609314,-5.678417682647705,5,4,0.875
5,-6.947263717651367,-7.916013717651367,-4.009763717651367,-2.119138479232788,-0.15038858354091644,5,5,0.8928571428571429
6,-12.351593017578125,-15.281280517578125,-12.445343017578125,-10.906280517578125,-3.0517112463712692e-05,5,5,0.95
7,-10.620706558227539,-10.503519058227539,-7.316019535064697,-1.8316444158554077,-0.1753944456577301,4,5,0.78125
8,-8.100140571594238,-9.100140571594238,-6.725140571594238,-5.350140571594238,-0.006390375085175037,1,5,0.0
9,-1.311301275563892e-06,-16.390626907348633,-16.460939407348633,-18.125001907348633,-14.414063453674316,5,1,0.875
10,-5.714754581451416,-7.839754581451416,-3.230379343032837,-2.324129343032837,-0.15225444734096527,4,5,0.75
11,-13.627251625061035,-12.931939125061035,-7.971002101898193,-0.0022520674392580986,-6.267877101898193,4,4,0.6666666666666666
12,-4.495772838592529,-0.01139784324914217,-8.667648315429688,-13.144210815429688,-15.269210815429688,2,2,0.1875
13,-10.9518461227417,-6.686221122741699,-0.07684605568647385,-2.623721122741699,-8.7330961227417,3,3,0.5714285714285714
14,-10.47900676727295,-9.01806926727295,-3.5024447441101074,-0.03369464352726936,-5.861819744110107,4,4,0.6666666666666666
15,-11.276900291442871,-9.276900291442871,-2.94096302986145,-0.06596303731203079,-4.519088268280029,5,4,0.9166666666666666
16,-12.732342720031738,-11.982342720031738,-7.138592720031738,-0.029217638075351715,-3.5760927200317383,5,4,0.9166666666666666
17,-11.512925464970229,-11.512925464970229,-11.512925464970229,-11.512925464970229,-11.512925464970229,1,-1,0.0
18,-10.700255393981934,-7.754942893981934,-2.0049426555633545,-0.14556773006916046,-7.989317893981934,1,4,0.0
19,-8.417618751525879,-8.651993751525879,-5.948868751525879,-3.745743751525879,-0.0269936453551054,3,5,0.59375
20,-11.512925464970229,-11.512925464970229,-11.512925464970229,-11.512925464970229,-11.512925464970229,2,-1,0.25
21,-11.01736831665039,-9.61893081665039,-3.7908055782318115,-0.040805477648973465,-4.056430339813232,1,4,0.0
22,-10.127650260925293,-8.244837760925293,-2.744838237762451,-0.07296311855316162,-5.151088237762451,2,4,0.35
23,-11.209894180297852,-7.069269180297852,-0.10051938146352768,-2.3661444187164307,-6.991144180297852,5,3,0.90625
24,-11.53193473815918,-10.71162223815918,-7.32880973815918,-0.14130961894989014,-2.0319347381591797,5,4,0.875
25,-11.512925464970229,-11.512925464970229,-11.512925464970229,-11.512925464970229,-11.512925464970229,4,-1,0.75
26,-9.273486137390137,-9.476611137390137,-4.062549114227295,-0.9531739950180054,-0.5156739950180054,3,5,0.5
27,-13.726570129394531,-15.343757629394531,-13.085945129394531,-12.765632629394531,-7.748573807475623e-06,2,5,0.35
28,-11.512925464970229,-11.512925464970229,-11.512925464970229,-11.512925464970229,-11.512925464970229,5,-1,0.875
29,-10.706701278686523,-7.417639255523682,-0.058264244347810745,-2.8863892555236816,-8.558263778686523,5,3,0.8928571428571429
30,-13.07032585144043,-14.92970085144043,-13.27345085144043,-11.92188835144043,-1.3470558769768104e-05,5,5,0.95
31,-10.914536476135254,-9.297348976135254,-2.594224452972412,-0.07859941571950912,-7.172349452972412,1,4,0.0
32,-9.144765853881836,-7.746327877044678,-2.6838278770446777,-0.09007798880338669,-4.058827877044678,5,4,1.0
33,-11.512925464970229,-11.512925464970229,-11.512925464970229,-11.512925464970229,-11.512925464970229,4,-1,0.78125
34,-5.333068370819092,-0.004943292122334242,-9.223692893981934,-13.739317893981934,-15.848692893981934,3,2,0.4375
35,-9.304557800292969,-0.023307407274842262,-3.8045573234558105,-7.3045573234558105,-13.179557800292969,4,2,0.65
36,-11.467315673828125,-6.553252696990967,-0.006377819459885359,-5.318877696990967,-10.842315673828125,4,3,0.6458333333333334
37,-13.124443054199219,-12.468193054199219,-8.054130554199219,-0.007255869451910257,-4.976006031036377,1,4,0.0
38,-6.5425615310668945,-7.2222490310668945,-1.9800615310668945,-1.4644365310668945,-0.46443653106689453,1,5,0.0
39,-11.512925464970229,-11.512925464970229,-11.512925464970229,-11.512925464970229,-11.512925464970229,3,-1,0.625
40,-10.857110023498535,-9.021172523498535,-3.622734546661377,-0.02898455411195755,-6.372734546661377,4,4,0.8125
41,-16.054723739624023,-11.421911239624023,-3.611976353568025e-05,-10.625036239624023,-15.335973739624023,5,3,0.9285714285714286
42,-13.43290901184082,-13.03447151184082,-8.92509651184082,-0.0032214433886110783,-5.78447151184082,5,4,0.875
43,-11.512925464970229,-11.512925464970229,-11.512925464970229,-11.512925464970229,-11.512925464970229,3,-1,0.6
44,-11.614212036132812,-11.145462036132812,-7.6767120361328125,-0.06733711808919907,-2.7392120361328125,2,4,0.1666666666666666
45,-9.69028091430664,-0.8543437719345093,-0.5574687719345093,-6.369968891143799,-14.04184341430664,3,3,0.6071428571428571
46,-11.512925464970229,-11.512925464970229,-11.512925464970229,-11.512925464970229,-11.512925464970229,4,-1,0.75
47,-8.461520195007324,-8.883395195007324,-6.805270671844482,-4.977145671844482,-0.008395615965127945,5,5,0.875
48,-8.936017990112305,-9.061017990112305,-5.857893466949463,-2.311018228530884,-0.10789332538843155,3,5,0.46875
49,-16.586767196655273,-10.688329696655273,-0.0008294717408716679,-7.125829696655273,-14.719579696655273,4,3,0.75
50,-10.568878173828125,-8.975128173828125,-2.928253173828125,-0.06887823343276978,-4.350128173828125,1,4,0.0
51,-11.512925464970229,-11.512925464970229,-11.512925464970229,-11.512925464970229,-11.512925464970229,2,-1,0.2142857142857142
52,-12.54688549041748,-15.77344799041748,-13.10157299041748,-13.22657299041748,-1.0251946150674485e-05,3,5,0.55
53,-11.610383987426758,-7.211946487426758,-0.05569658800959587,-2.930696487426758,-9.672883987426758,3,3,0.5
54,-12.94253158569336,-11.85659408569336,-6.520657062530518,-0.0050318981520831585,-5.645657062530518,3,4,0.5833333333333334
55,-12.131704330444336,-11.186391830444336,-6.662954330444336,-0.00670409994199872,-5.225454330444336,5,4,0.875
56,-12.242215156555176,-10.437527656555176,-3.312527894973755,-0.04690278694033623,-4.671902656555176,2,4,0.2083333333333333
57,-15.945331573486328,-15.218769073486328,-10.953144073486328,-1.9550132492440753e-05,-13.351581573486328,1,4,0.0
58,-0.03143034502863884,-3.484555244445801,-8.2658052444458,-11.5470552444458,-12.4533052444458,2,1,0.3214285714285714
59,-18.304691314697266,-13.859378814697266,-3.814689989667386e-06,-14.835941314697266,-17.265628814697266,4,3,0.75
60,-7.478872776031494,-8.510123252868652,-6.291372776031494,-4.900747776031494,-0.010122864507138729,1,5,0.0
61,-12.6289701461792,-9.0430326461792,-0.05865778401494026,-2.8711578845977783,-8.4649076461792,1,3,0.0
62,-13.376628875732422,-12.157878875732422,-6.970378398895264,-0.0016285026213154197,-7.298503398895264,1,4,0.0
63,-11.512925464970229,-11.512925464970229,-11.512925464970229,-11.512925464970229,-11.512925464970229,4,-1,0.65
64,-13.69832706451416,-13.05770206451416,-8.50301456451416,-0.003015021560713649,-5.878015041351318,5,4,0.875
65,-0.005910774692893028,-5.146535873413086,-9.693410873413086,-12.240285873413086,-12.466848373413086,2,1,0.25
66,-9.113483428955078,-7.38692045211792,-1.94942045211792,-0.16817045211791992,-4.44942045211792,1,4,0.0
67,-5.960938453674316,-6.148438453674316,-1.9296884536743164,-0.9453134536743164,-0.7734384536743164,1,5,0.0
68,-11.512925464970229,-11.512925464970229,-11.512925464970229,-11.512925464970229,-11.512925464970229,4,-1,0.65
69,-11.681583404541016,-9.423770904541016,-2.6581456661224365,-0.08002062886953354,-5.001895427703857,5,4,0.875
70,-11.967877388000488,-11.374127388000488,-7.9600653648376465,-0.022565146908164024,-3.8194401264190674,4,4,0.75
71,-11.512925464970229,-11.512925464970229,-11.512925464970229,-11.512925464970229,-11.512925464970229,1,-1,0.0
72,-11.512925464970229,-11.512925464970229,-11.512925464970229,-11.512925464970229,-11.512925464970229,1,-1,0.0
73,-11.512925464970229,-11.512925464970229,-11.512925464970229,-11.512925464970229,-11.512925464970229,1,-1,0.0
74,-16.63309097290039,-15.570590019226074,-8.203402519226074,-0.0002779574424494058,-12.828402519226074,5,4,0.8928571428571429
75,-12.145248413085938,-11.262435913085938,-6.3483734130859375,-0.0046235560439527035,-5.8639984130859375,5,4,0.875
76,-13.61870002746582,-10.47026252746582,-0.0015128131490200758,-6.5171380043029785,-12.60307502746582,1,3,0.0
77,-10.031044960021973,-2.5935451984405518,-0.07792014628648758,-8.765419960021973,-12.999794960021973,2,3,0.25
78,-11.512925464970229,-11.512925464970229,-11.512925464970229,-11.512925464970229,-11.512925464970229,1,-1,0.0
79,-8.740589141845703,-8.771839141845703,-5.881214141845703,-3.990589141845703,-0.021839246153831482,4,5,0.8
80,-12.09394645690918,-7.24238395690918,-0.02363414876163006,-3.789259195327759,-10.91425895690918,2,3,0.3333333333333333
81,-11.512925464970229,-11.512925464970229,-11.512925464970229,-11.512925464970229,-11.512925464970229,1,-1,0.0
82,-7.525681018829346,-8.103805541992188,-3.7131810188293457,-2.1663060188293457,-0.15068095922470093,3,5,0.5357142857142857
83,-11.512925464970229,-11.512925464970229,-11.512925464970229,-11.512925464970229,-11.512925464970229,1,-1,0.0
84,-7.1759843826293945,-8.332234382629395,-4.9728593826293945,-3.1759841442108154,-0.050984226167201996,3,5,0.5625
85,-10.56525707244873,-12.27619457244873,-9.36213207244873,-5.940257549285889,-0.002757439622655511,4,5,0.75
86,-11.976593017578125,-14.265655517578125,-12.101593017578125,-11.171905517578125,-3.0636318115284666e-05,1,5,0.0
87,-12.770891189575195,-12.044328689575195,-6.458391189575195,-0.020891377702355385,-3.9583914279937744,1,4,0.0
88,-8.442445755004883,-6.598695278167725,-1.7705703973770142,-0.19244538247585297,-5.739320278167725,2,4,0.25
89,-15.104870796203613,-11.331433296203613,-0.1673712283372879,-1.8704962730407715,-9.878308296203613,4,3,0.65
90,-11.512925464970229,-11.512925464970229,-11.512925464970229,-11.512925464970229,-11.512925464970229,1,-1,0.0
91,-0.014740603044629097,-4.233490467071533,-9.030365943908691,-12.022553443908691,-13.155365943908691,1,1,0.0
92,-6.049652576446533,-0.0027777680661529303,-7.815277576446533,-11.627778053283691,-14.159028053283691,2,2,0.3214285714285714
93,-6.848243713378906,-10.496681213378906,-6.504493713378906,-6.301368713378906,-0.004493496846407652,3,5,0.375
94,-11.265793800354004,-13.453293800354004,-10.547043800354004,-8.984543800354004,-0.0001691436773398891,4,5,0.71875
95,-11.512925464970229,-11.512925464970229,-11.512925464970229,-11.512925464970229,-11.512925464970229,5,-1,0.875
96,-11.99517822265625,-11.04205322265625,-7.159241199493408,-0.8623660802841187,-0.5498660802841187,1,5,0.0
97,-13.010207176208496,-11.072707176208496,-6.096144199371338,-0.002394429873675108,-9.049269676208496,1,4,0.0
98,-7.018102169036865,-8.299352645874023,-4.236852169036865,-2.7837274074554443,-0.08060235530138016,5,5,0.875
99,-6.141765117645264,-7.407390117645264,-3.8761401176452637,-2.2198901176452637,-0.14176501333713531,1,5,0.0
100,-12.070414543151855,-13.859477043151855,-11.507914543151855,-9.562602043151855,-0.00010227633902104571,3,5,0.625
101,-1.0728830375228426e-06,-16.437501907348633,-16.468751907348633,-17.406251907348633,-15.093750953674316,1,1,0.0
102,-14.242293357849121,-13.445418357849121,-9.687605857849121,-0.0001062098381225951,-10.140730857849121,1,4,0.0
103,-13.664071083068848,-15.453133583068848,-12.460946083068848,-12.945321083068848,-8.821448318485636e-06,4,5,0.8571428571428571
104,-12.49067497253418,-9.61567497253418,-2.5219249725341797,-0.08442490547895432,-7.45942497253418,4,4,0.8
105,-11.512925464970229,-11.512925464970229,-11.512925464970229,-11.512925464970229,-11.512925464970229,4,-1,0.71875
106,-8.236024856567383,-8.017274856567383,-3.579775094985962,-1.376650094985962,-0.3297750651836395,3,5,0.625
107,-11.512925464970229,-11.512925464970229,-11.512925464970229,-11.512925464970229,-11.512925464970229,3,-1,0.5
108,-14.429698944091797,-15.289073944091797,-12.984386444091797,-11.765636444091797,-1.168244216387393e-05,1,5,0.0
109,-11.512925464970229,-11.512925464970229,-11.512925464970229,-11.512925464970229,-11.512925464970229,4,-1,0.75
110,-11.512925464970229,-11.512925464970229,-11.512925464970229,-11.512925464970229,-11.512925464970229,3,-1,0.5625
111,-13.072087287902832,-11.462712287902832,-5.79083776473999,-0.009587552398443222,-5.04083776473999,3,4,0.53125
112,-12.334197998046875,-9.560760498046875,-1.857635498046875,-0.1701354831457138,-8.029510498046875,2,4,0.1666666666666666
113,-11.25790786743164,-10.48447036743164,-5.554782867431641,-0.03915797546505928,-3.3672828674316406,5,4,0.9285714285714286
114,-9.624735832214355,-7.476297855377197,-2.4450480937957764,-0.11692298203706741,-3.7731730937957764,1,4,0.0
115,-10.134482383728027,-5.665732383728027,-0.02510746754705906,-3.8532323837280273,-9.501669883728027,3,3,0.625
116,-9.586509704589844,-9.164634704589844,-5.352135181427002,-0.11776014417409897,-2.242760181427002,3,4,0.59375
117,-18.9453125,-14.984375953674316,-7.152555099310121e-07,-14.937500953674316,-19.9140625,3,3,0.5
118,-10.511641502380371,-7.074141502380371,-0.011641662567853928,-4.542891502380371,-9.847579002380371,5,3,0.9
119,-11.512925464970229,-11.512925464970229,-11.512925464970229,-11.512925464970229,-11.512925464970229,2,-1,0.2083333333333333
120,-11.512925464970229,-11.512925464970229,-11.512925464970229,-11.512925464970229,-11.512925464970229,4,-1,0.75
121,-8.440333366394043,-9.440333366394043,-7.643458366394043,-6.190333366394043,-0.0028335205279290676,3,5,0.5714285714285714
122,-6.709371566772461,-6.803121566772461,-4.037496566772461,-1.94374680519104,-0.17812179028987885,3,5,0.40625
123,-11.544462203979492,-11.833524703979492,-7.067899703979492,-3.349149703979492,-0.03664978966116905,4,5,0.65
124,-11.512925464970229,-11.512925464970229,-11.512925464970229,-11.512925464970229,-11.512925464970229,4,-1,0.7142857142857143
125,-12.449493408203125,-10.277618408203125,-4.222930908203125,-0.019805997610092163,-5.316680908203125,2,4,0.2916666666666667
126,-14.12500286102295,-14.27344036102295,-3.2186455882765586e-06,-14.55469036102295,-15.80469036102295,3,3,0.5833333333333334
127,-10.747798919677734,-8.083736419677734,-1.1696741580963135,-0.37279921770095825,-7.857174396514893,3,4,0.5833333333333334
128,-0.004984571132808924,-18.48154640197754,-17.00498390197754,-17.27842140197754,-17.79795265197754,3,1,0.625
129,-0.3687838912010193,-1.181283950805664,-6.525033950805664,-9.759408950805664,-11.478158950805664,1,1,0.0
130,-15.406927108764648,-13.492864608764648,-8.719427108764648,-0.0006768796010874212,-7.578802108764648,1,4,0.0
131,-11.512925464970229,-11.512925464970229,-11.512925464970229,-11.512925464970229,-11.512925464970229,2,-1,0.2916666666666667
132,-12.978719711303711,-11.213094711303711,-5.963094711303711,-0.009969559498131275,-4.916219711303711,5,4,0.875
133,-11.512925464970229,-11.512925464970229,-11.512925464970229,-11.512925464970229,-11.512925464970229,1,-1,0.0
134,-0.005869059823453426,-5.146493911743164,-10.505868911743164,-13.287118911743164,-13.826181411743164,2,1,0.25
135,-14.210952758789062,-16.179702758789062,-13.281265258789062,-11.453140258789062,-1.490105023549404e-05,5,5,0.9
136,-11.512925464970229,-11.512925464970229,-11.512925464970229,-11.512925464970229,-11.512925464970229,4,-1,0.7142857142857143
137,-11.85635757446289,-9.52042007446289,-2.3797945976257324,-0.098544642329216,-6.739169597625732,3,4,0.6071428571428571
138,-10.599493026733398,-9.146368026733398,-2.6385555267333984,-0.07605545222759247,-6.419805526733398,4,4,0.75
139,-11.512925464970229,-11.512925464970229,-11.512925464970229,-11.512925464970229,-11.512925464970229,3,-1,0.6071428571428571
140,-11.512925464970229,-11.512925464970229,-11.512925464970229,-11.512925464970229,-11.512925464970229,4,-1,0.84375
141,-7.254477500915527,-8.012290000915527,-3.9419775009155273,-1.957602620124817,-0.1763525903224945,5,5,0.875
142,-11.512925464970229,-11.512925464970229,-11.512925464970229,-11.512925464970229,-11.512925464970229,5,-1,0.9166666666666666
143,-5.7228288650512695,-0.004078761208802462,-7.1447038650512695,-11.81657886505127,-14.72282886505127,3,2,0.5714285714285714
144,-10.45708179473877,-11.05083179473877,-7.863331317901611,-2.3789565563201904,-0.09770646691322327,4,5,0.7
145,-11.512925464970229,-11.512925464970229,-11.512925464970229,-11.512925464970229,-11.512925464970229,4,-1,0.7916666666666666
146,-4.341283321380615,-5.700658321380615,-2.1381583213806152,-1.3569084405899048,-0.4975334405899048,5,5,0.9
147,-12.84284496307373,-12.18659496307373,-8.16315746307373,-0.006907748989760876,-5.022532939910889,1,4,0.0
148,-8.922581672668457,-9.133519172668457,-5.352269172668457,-2.383519172668457,-0.10226920992136002,4,5,0.6875
149,-7.906294822692871,-7.468794822692871,-1.710982084274292,-1.117232084274292,-0.710982084274292,3,5,0.625
150,-17.125,-17.2421875,-15.609375953674316,-14.546875953674316,-9.536738616588991e-07,5,5,0.9285714285714286
151,-17.773441314697266,-14.414067268371582,-4.6491513785440475e-06,-12.632817268371582,-16.718753814697266,5,3,0.875
152,-9.694204330444336,-9.139516830444336,-3.912954330444336,-0.3973292112350464,-1.1785792112350464,4,4,0.6875
153,-14.375472068786621,-14.031722068786621,-10.914534568786621,-0.00047183825518004596,-7.703597068786621,4,4,0.75
154,-11.512925464970229,-11.512925464970229,-11.512925464970229,-11.512925464970229,-11.512925464970229,2,-1,0.1785714285714285
155,-10.786050796508789,-9.137613296508789,-3.16886305809021,-0.04386317357420921,-7.231363296508789,2,4,0.2857142857142857
156,-7.716279983520508,-8.692842483520508,-4.005342483520508,-1.520967721939087,-0.2709676921367645,5,5,0.9
157,-13.121420860290527,-11.363608360290527,-5.629232883453369,-0.004233090206980705,-7.394857883453369,4,4,0.75
158,-6.251974582672119,-0.001974420389160514,-10.033224105834961,-14.306661605834961,-16.32228660583496,3,2,0.5
159,-11.512925464970229,-11.512925464970229,-11.512925464970229,-11.512925464970229,-11.512925464970229,1,-1,0.0
160,-13.086893081665039,-11.696268081665039,-0.0009551253751851618,-6.969705104827881,-12.813455581665039,5,3,0.9285714285714286
161,-13.610128402709961,-13.891378402709961,-7.938253402709961,-0.03200327977538109,-3.469503164291382,3,4,0.5416666666666666
162,-7.205362319946289,-0.0022374375257641077,-6.517862319946289,-11.291299819946289,-14.135049819946289,2,2,0.3333333333333333
163,-12.914073944091797,-15.312511444091797,-13.882823944091797,-12.242198944091797,-1.156323378381785e-05,4,5,0.7916666666666666
164,-12.651280403137207,-12.174717903137207,-7.776280403137207,-0.010655414313077927,-4.588780403137207,4,4,0.8214285714285714
165,-7.8974432945251465,-0.03806815296411514,-3.3036930561065674,-8.397442817687988,-12.749005317687988,3,2,0.4375
166,-18.218751907348633,-17.203126907348633,-13.875001907348633,-1.5497195136049413e-06,-14.898439407348633,4,4,0.84375
167,-12.664102554321289,-13.968790054321289,-12.125040054321289,-10.406290054321289,-4.017272294731811e-05,5,5,0.9166666666666666
168,-6.347331523895264,-7.159831523895264,-2.9567062854766846,-1.7067062854766846,-0.26920631527900696,1,5,0.0
169,-15.140724182128906,-14.461036682128906,-11.156349182128906,-9.893881360767409e-05,-9.390724182128906,3,4,0.5714285714285714
170,-12.556342124938965,-11.415717124938965,-6.361029148101807,-0.03290422633290291,-3.4860291481018066,5,4,0.9375
171,-10.570930480957031,-11.016242980957031,-8.734992980957031,-4.141242980957031,-0.01624302566051483,4,5,0.84375
172,-11.512925464970229,-11.512925464970229,-11.512925464970229,-11.512925464970229,-11.512925464970229,4,-1,0.75
173,-11.512925464970229,-11.512925464970229,-11.512925464970229,-11.512925464970229,-11.512925464970229,4,-1,0.78125
174,-18.898439407348633,-18.554689407348633,-13.890626907348633,-1.5497195136049413e-06,-14.968751907348633,1,4,0.0
175,-5.960462772236497e-07,-16.203125,-16.3125,-17.8125,-16.0234375,4,1,0.7
176,-11.512925464970229,-11.512925464970229,-11.512925464970229,-11.512925464970229,-11.512925464970229,2,-1,0.34375
177,-11.512925464970229,-11.512925464970229,-11.512925464970229,-11.512925464970229,-11.512925464970229,4,-1,0.7857142857142857
178,-12.14694881439209,-7.514135837554932,-0.09226106107234955,-2.4360110759735107,-9.61569881439209,3,3,0.5625
179,-12.273538589477539,-13.101663589477539,-11.093851089477539,-9.484476089477539,-0.00010084597306558862,5,5,1.0
180,-9.597576141357422,-9.441326141357422,-5.253826141357422,-2.6132009029388428,-0.08195098489522934,5,5,0.875
181,-11.512925464970229,-11.512925464970229,-11.512925464970229,-11.512925464970229,-11.512925464970229,5,-1,0.8928571428571429
182,-11.512925464970229,-11.512925464970229,-11.512925464970229,-11.512925464970229,-11.512925464970229,4,-1,0.75
183,-11.519272804260254,-10.261460304260254,-3.9567723274230957,-0.05052237585186958,-3.5036473274230957,1,4,0.0
184,-11.512925464970229,-11.512925464970229,-11.512925464970229,-11.512925464970229,-11.512925464970229,3,-1,0.45
185,-13.534456253051758,-12.042268753051758,-4.526643753051758,-0.01101885735988617,-8.948518753051758,5,4,0.875
186,-12.77790355682373,-11.76227855682373,-7.1763410568237305,-0.02009112387895584,-3.9575910568237305,4,4,0.7916666666666666
187,-7.658886909484863,-8.268261909484863,-3.6588869094848633,-1.6901367902755737,-0.23701179027557373,1,5,0.0
188,-11.512925464970229,-11.512925464970229,-11.512925464970229,-11.512925464970229,-11.512925464970229,5,-1,0.90625
189,-10.270626068115234,-8.653438568115234,-3.7550015449523926,-0.051876503974199295,-3.6143765449523926,1,4,0.0
190,-11.512925464970229,-11.512925464970229,-11.512925464970229,-11.512925464970229,-11.512925464970229,4,-1,0.84375
191,-11.512925464970229,-11.512925464970229,-11.512925464970229,-11.512925464970229,-11.512925464970229,1,-1,0.0
192,-11.512925464970229,-11.512925464970229,-11.512925464970229,-11.512925464970229,-11.512925464970229,2,-1,0.3571428571428571
193,-11.512925464970229,-11.512925464970229,-11.512925464970229,-11.512925464970229,-11.512925464970229,4,-1,0.8125
194,-12.14694881439209,-7.514135837554932,-0.09226106107234955,-2.4360110759735107,-9.61569881439209,1,3,0.0
195,-16.179819107055664,-15.203255653381348,-9.047005653381348,-0.00013076403411105275,-11.328255653381348,5,4,0.875
196,-12.282073020935059,-14.032073020935059,-10.750823020935059,-7.1414475440979,-0.0008226824575103819,3,5,0.4583333333333333
197,-11.030168533325195,-5.256731033325195,-0.006731215864419937,-6.522356033325195,-11.998918533325195,2,3,0.2083333333333333
198,-3.9124724864959717,-0.02184741012752056,-6.443722248077393,-10.83434772491455,-13.04528522491455,2,2,0.2142857142857142
199,-12.281421661376953,-13.765796661376953,-11.562671661376953,-8.765796661376953,-0.0001720042055239901,2,5,0.3333333333333333
200,-7.478270053863525,-5.150145053863525,-1.5720200538635254,-0.24389499425888062,-6.025145053863525,3,4,0.3928571428571428
201,-14.83597469329834,-10.75003719329834,-3.683499380713329e-05,-11.18753719329834,-14.45316219329834,3,3,0.5833333333333334
202,-8.771012306213379,-9.411637306213379,-5.583512306213379,-2.786637306213379,-0.06788728386163712,1,5,0.0
203,-5.960462772236497e-07,-16.5703125,-16.984375,-18.15625,-15.859375953674316,1,1,0.0
204,-7.3806962966918945,-7.7713212966918945,-4.7713212966918945,-3.1775715351104736,-0.052571430802345276,3,5,0.625
205,-8.690168380737305,-9.018293380737305,-7.440168857574463,-6.330793857574463,-0.00266875047236681,3,5,0.5
206,-8.038688659667969,-9.085563659667969,-5.319938659667969,-2.398063898086548,-0.10118886828422546,5,5,0.8928571428571429
207,-14.847161293029785,-7.808098793029785,-0.08934891223907471,-2.464348793029785,-13.315911293029785,3,3,0.625
208,-8.121023178100586,-8.058523178100586,-4.371023178100586,-1.714773178100586,-0.21477322280406952,3,5,0.5416666666666666
209,-11.512925464970229,-11.512925464970229,-11.512925464970229,-11.512925464970229,-11.512925464970229,2,-1,0.25
210,-12.826298713684082,-9.240361213684082,-0.00598602369427681,-5.146611213684082,-9.974736213684082,1,3,0.0
211,-12.15688419342041,-13.39125919342041,-10.61000919342041,-7.42250919342041,-0.000634111522231251,3,5,0.3928571428571428
212,-19.375003814697266,-19.539066314697266,-15.367191314697266,-14.296878814697266,-3.6954811548639555e-06,1,5,0.0
213,-11.512925464970229,-11.512925464970229,-11.512925464970229,-11.512925464970229,-11.512925464970229,3,-1,0.45
214,-11.512925464970229,-11.512925464970229,-11.512925464970229,-11.512925464970229,-11.512925464970229,4,-1,0.7
215,-6.465489864349365,-6.731114864349365,-4.215489864349365,-2.1998651027679443,-0.13736501336097717,3,5,0.5
216,-11.512925464970229,-11.512925464970229,-11.512925464970229,-11.512925464970229,-11.512925464970229,3,-1,0.6
217,-11.929122924804688,-10.983810424804688,-5.0697479248046875,-0.02287302166223526,-4.1166229248046875,4,4,0.75
218,-15.757820129394531,-14.414070129394531,-12.156257629394531,-7.510157047363464e-06,-13.789070129394531,1,4,0.0
219,-13.812528610229492,-12.867216110229492,-2.90866428258596e-05,-10.710966110229492,-13.773466110229492,5,3,0.9375
220,-6.127647876739502,-0.0026480630040168762,-7.690147876739502,-12.93233585357666,-15.54952335357666,1,2,0.0
221,-13.430608749389648,-12.789983749389648,-8.313421249389648,-0.0009210634743794799,-7.313421249389648,5,4,0.9
222,-12.023191452026367,-10.429441452026367,-5.429440975189209,-0.0075660101138055325,-5.773190975189209,3,4,0.5
223,-5.085921764373779,-7.093734264373779,-2.2577967643737793,-2.3984217643737793,-0.2265467643737793,2,5,0.25
224,-13.95441722869873,-12.04035472869873,-9.07941722869873,-6.751292705535889,-0.00129270413890481,3,5,0.5714285714285714
225,-10.431794166564941,-9.033356666564941,-2.6427319049835205,-0.09585689753293991,-3.9083569049835205,4,4,0.7142857142857143
226,-11.078814506530762,-14.797564506530762,-10.594439506530762,-7.34443998336792,-0.0006897454150021076,2,5,0.1875
227,-9.369945526123047,-6.682445526123047,-0.0730707198381424,-2.713695764541626,-5.869945526123047,3,3,0.5416666666666666
228,-15.472793579101562,-8.933731079101562,-0.2774811387062073,-1.4181060791015625,-12.222793579101562,1,3,0.0
229,-11.512925464970229,-11.512925464970229,-11.512925464970229,-11.512925464970229,-11.512925464970229,3,-1,0.59375
230,-13.032469749450684,-11.235594749450684,-4.790282726287842,-0.009032579138875008,-7.321532726287842,4,4,0.7083333333333334
231,-11.455175399780273,-0.017675500363111496,-4.048925399780273,-9.673925399780273,-14.798925399780273,5,2,0.9583333333333334
232,-13.64772891998291,-7.44460391998291,-0.007104136515408754,-5.03835391998291,-12.03054141998291,3,3,0.5714285714285714
233,-10.8849458694458,-12.6974458694458,-9.7833833694458,-6.189633369445801,-0.002133595058694482,4,5,0.75
234,-11.512925464970229,-11.512925464970229,-11.512925464970229,-11.512925464970229,-11.512925464970229,3,-1,0.46875
235,-9.373404502868652,-8.131217002868652,-2.0765295028686523,-0.13902950286865234,-5.514029502868652,3,4,0.3928571428571428
236,-9.44660758972168,-8.79817008972168,-4.4466071128845215,-1.1809821128845215,-0.3841071128845215,1,5,0.0
237,-10.747746467590332,-11.278996467590332,-6.224308967590332,-1.614933967590332,-0.2243090271949768,5,5,0.875
238,-7.2129716873168945,-7.2129716873168945,-4.3379716873168945,-2.4785966873168945,-0.10359668731689453,3,5,0.5357142857142857
239,-9.390271186828613,-9.226208686828613,-6.4371466636657715,-1.859021544456482,-0.17152154445648193,4,5,0.75
240,-8.781182289123535,-7.859306812286377,-2.312432050704956,-0.18743203580379486,-2.640557050704956,4,4,0.6785714285714286
241,-16.320323944091797,-15.976574897766113,-13.750012397766113,-11.437512397766113,-1.2397689715726301e-05,2,5,0.2
242,-12.368853569030762,-7.3922905921936035,-0.0016656348016113043,-6.8766655921936035,-11.556353569030762,3,3,0.5416666666666666
243,-11.512925464970229,-11.512925464970229,-11.512925464970229,-11.512925464970229,-11.512925464970229,5,-1,0.875
244,-10.188384056091309,-12.500884056091309,-10.079009056091309,-7.141509056091309,-0.0008842610404826701,4,5,0.8333333333333334
245,-8.705883026123047,-7.916820049285889,-2.8777577877044678,-0.3933826982975006,-1.3152576684951782,4,4,0.7916666666666666
246,-11.512925464970229,-11.512925464970229,-11.512925464970229,-11.512925464970229,-11.512925464970229,5,-1,0.8928571428571429
247,-7.869767665863037,-7.072892665863037,-3.791642427444458,-2.151017427444458,-0.15101751685142517,3,5,0.5833333333333334
248,-10.833351135253906,-5.130226135253906,-0.020851099863648415,-4.223976135253906,-9.809913635253906,3,3,0.5714285714285714
249,-15.645730018615723,-15.137917518615723,-5.4738545417785645,-0.005104604177176952,-7.0207295417785645,3,4,0.59375
250,-11.512925464970229,-11.512925464970229,-11.512925464970229,-11.512925464970229,-11.512925464970229,4,-1,0.7142857142857143
251,-12.653823852539062,-11.646011352539062,-6.8803863525390625,-0.0053864819929003716,-5.4428863525390625,5,4,0.9166666666666666
252,-7.690979957580566,-0.8003548979759216,-0.5972298979759216,-10.425354957580566,-13.667542457580566,1,3,0.0
253,-8.528244972229004,-9.098557472229004,-4.661057949066162,-1.9735578298568726,-0.16105787456035614,5,5,0.90625
254,-11.512925464970229,-11.512925464970229,-11.512925464970229,-11.512925464970229,-11.512925464970229,1,-1,0.0
255,-12.420705795288086,-11.608205795288086,-7.147268295288086,-0.006643352098762989,-5.147268295288086,1,4,0.0
256,-11.512925464970229,-11.512925464970229,-11.512925464970229,-11.512925464970229,-11.512925464970229,1,-1,0.0
257,-11.512925464970229,-11.512925464970229,-11.512925464970229,-11.512925464970229,-11.512925464970229,1,-1,0.0
258,-10.148125648498535,-3.788750171661377,-0.023125242441892624,-8.570000648498535,-12.968438148498535,3,3,0.5833333333333334
259,-16.101564407348633,-16.531251907348633,-14.078125953674316,-14.734375953674316,-1.4305104514278355e-06,1,5,0.0
260,-16.058094024658203,-15.925281524658203,-10.761219024658203,-0.003406200557947159,-5.690906047821045,1,4,0.0
261,-11.512925464970229,-11.512925464970229,-11.512925464970229,-11.512925464970229,-11.512925464970229,2,-1,0.1875
262,-11.512925464970229,-11.512925464970229,-11.512925464970229,-11.512925464970229,-11.512925464970229,1,-1,0.0
263,-16.757814407348633,-17.164064407348633,-14.640625953674316,-14.781250953674316,-1.0728830375228426e-06,5,5,0.9166666666666666
264,-10.609484672546387,-14.007922172546387,-10.867297172546387,-9.734484672546387,-0.00011014331539627165,2,5,0.25
265,-10.600503921508789,-6.545816421508789,-0.030191656202077866,-3.577066659927368,-8.061441421508789,4,3,0.71875
266,-11.005988121032715,-9.216925621032715,-3.2169253826141357,-0.04505040869116783,-5.560675621032715,5,4,1.0
267,-11.512925464970229,-11.512925464970229,-11.512925464970229,-11.512925464970229,-11.512925464970229,3,-1,0.5625
268,-8.956780433654785,-6.152092933654785,-0.0583430752158165,-3.0114681720733643,-5.261467933654785,1,3,0.0
269,-12.093555450439453,-8.116992950439453,-1.148242712020874,-0.38261768221855164,-7.788867473602295,4,4,0.75
270,-11.512925464970229,-11.512925464970229,-11.512925464970229,-11.512925464970229,-11.512925464970229,1,-1,0.0
271,-11.52452278137207,-9.70421028137207,-4.2979607582092285,-0.016710545867681503,-5.8448357582092285,1,4,0.0
272,-11.512925464970229,-11.512925464970229,-11.512925464970229,-11.512925464970229,-11.512925464970229,2,-1,0.35
273,-11.512925464970229,-11.512925464970229,-11.512925464970229,-11.512925464970229,-11.512925464970229,3,-1,0.625
274,-11.512925464970229,-11.512925464970229,-11.512925464970229,-11.512925464970229,-11.512925464970229,3,-1,0.40625
275,-11.512925464970229,-11.512925464970229,-11.512925464970229,-11.512925464970229,-11.512925464970229,2,-1,0.25
276,-10.955903053283691,-8.682465553283691,-2.5418407917022705,-0.08871585130691528,-5.11996603012085,2,4,0.25
277,-11.512925464970229,-11.512925464970229,-11.512925464970229,-11.512925464970229,-11.512925464970229,1,-1,0.0
278,-11.512925464970229,-11.512925464970229,-11.512925464970229,-11.512925464970229,-11.512925464970229,5,-1,0.9285714285714286
279,-4.23371696472168,-0.014967167750000954,-7.96809196472168,-12.04621696472168,-14.24934196472168,1,2,0.0
280,-12.054739952087402,-14.093802452087402,-12.515677452087402,-10.218802452087402,-5.23315102327615e-05,5,5,0.875
281,-14.454338073730469,-9.282463073730469,-0.001213529147207737,-6.798088550567627,-13.212150573730469,1,3,0.0
282,-13.563958168029785,-13.017083168029785,-8.407708168029785,-0.0014577010879293084,-6.704582691192627,5,4,0.875
283,-5.774320602416992,-7.352445602416992,-2.8211958408355713,-2.1649458408355713,-0.1961958408355713,4,5,0.75
284,-11.905675888061523,-7.077550888061523,-0.01505101565271616,-4.265050888061523,-10.358800888061523,3,3,0.5714285714285714
285,-11.512925464970229,-11.512925464970229,-11.512925464970229,-11.512925464970229,-11.512925464970229,2,-1,0.25
286,-9.035566329956055,-9.019941329956055,-5.504316806793213,-2.035566806793213,-0.1449417620897293,3,5,0.375
287,-8.130021095275879,-9.497208595275879,-3.364396095275879,-2.442521095275879,-0.13002115488052368,3,5,0.4583333333333333
288,-12.343806266784668,-6.30474328994751,-0.007868366315960884,-5.11724328994751,-11.500056266784668,1,3,0.0
289,-9.686338424682617,-8.780088424682617,-3.3347764015197754,-0.069151371717453,-3.4754014015197754,4,4,0.7916666666666666
290,-11.512925464970229,-11.512925464970229,-11.512925464970229,-11.512925464970229,-11.512925464970229,4,-1,0.7142857142857143
291,-13.233695983886719,-11.514945983886719,-5.007133960723877,-0.007133845705538988,-7.819633960723877,3,4,0.5
292,-10.287599563598633,-6.693850040435791,-0.021974999457597733,-3.912600040435791,-7.662600040435791,3,3,0.5416666666666666
293,-8.532788276672363,-9.032788276672363,-6.3296637535095215,-3.5015385150909424,-0.03278852254152298,4,5,0.6785714285714286
294,-11.512925464970229,-11.512925464970229,-11.512925464970229,-11.512925464970229,-11.512925464970229,5,-1,0.90625
295,-10.955862998962402,-8.971487998962402,-3.1511757373809814,-0.057425711303949356,-4.354300498962402,5,4,0.9
296,-11.42977237701416,-13.02352237701416,-11.00008487701416,-9.89070987701416,-8.535020606359467e-05,5,5,0.875
297,-15.680976867675781,-9.266914367675781,-0.0012888943310827017,-6.735663890838623,-13.938789367675781,5,3,0.875
298,-12.605168342590332,-11.800480842590332,-5.847355365753174,-0.003605414880439639,-7.269230365753174,3,4,0.5833333333333334
299,-11.512925464970229,-11.512925464970229,-11.512925464970229,-11.512925464970229,-11.512925464970229,3,-1,0.5625
300,-8.529173851013184,-8.497923851013184,-3.8026111125946045,-1.224486231803894,-0.38073620200157166,1,5,0.0
301,-0.8499595522880554,-0.5687095522880554,-5.068709373474121,-11.451521873474121,-14.717146873474121,1,2,0.0
302,-6.044036388397217,-6.731536388397217,-3.184661388397217,-1.3252863883972168,-0.3721613585948944,2,5,0.25
303,-9.636032104492188,-9.432907104492188,-5.7844696044921875,-2.0344693660736084,-0.14384442567825317,5,5,0.9375
304,-12.3328218460083,-11.2390718460083,-5.059384346008301,-0.012509454041719437,-5.106259346008301,3,4,0.59375
305,-7.2129716873168945,-7.2129716873168945,-4.3379716873168945,-2.4785966873168945,-0.10359668731689453,1,5,0.0
306,-11.512925464970229,-11.512925464970229,-11.512925464970229,-11.512925464970229,-11.512925464970229,3,-1,0.4375
307,-11.512925464970229,-11.512925464970229,-11.512925464970229,-11.512925464970229,-11.512925464970229,5,-1,0.9166666666666666
308,-15.940376281738281,-11.331001281738281,-0.07318839430809021,-2.651313304901123,-13.198188781738281,2,3,0.25
309,-9.250101089477539,-9.601663589477539,-6.578226089477539,-4.265726089477539,-0.015726236626505852,5,5,0.875
310,-9.493083953857422,-7.313395977020264,-0.9696460962295532,-0.4852711260318756,-5.407145977020264,4,4,0.7
311,-8.458609580993652,-0.005484533961862326,-5.255484580993652,-10.294547080993652,-13.646109580993652,2,2,0.25
312,-12.355265617370605,-7.613078594207764,-0.00370352272875607,-5.753703594207764,-10.644328117370605,5,3,0.875
313,-16.01569938659668,-9.96882438659668,-7.426462980220094e-05,-10.53132438659668,-15.41413688659668,4,3,0.75
314,-11.812566757202148,-10.437566757202148,-4.117254257202148,-0.023504210636019707,-4.976629257202148,5,4,0.9
315,-16.148740768432617,-9.3128023147583,-0.00030250742565840483,-8.4690523147583,-15.5237398147583,2,3,0.2083333333333333
316,-0.007282852195203304,-4.944782733917236,-9.038533210754395,-11.436970710754395,-12.843220710754395,1,1,0.0
317,-11.512925464970229,-11.512925464970229,-11.512925464970229,-11.512925464970229,-11.512925464970229,4,-1,0.8571428571428571
318,-12.773672103881836,-9.695547103881836,-2.031484842300415,-0.14085981249809265,-8.640859603881836,1,4,0.0
319,-11.621116638183594,-10.949241638183594,-5.410179138183594,-0.16017921268939972,-1.9414292573928833,5,4,0.9166666666666666
320,-9.333332061767578,-6.872394561767578,-0.1536446362733841,-1.9661446809768677,-6.653644561767578,4,3,0.75
321,-11.512925464970229,-11.512925464970229,-11.512925464970229,-11.512925464970229,-11.512925464970229,1,-1,0.0
322,-9.968456268310547,-9.265331268310547,-3.218456268310547,-0.04658128693699837,-5.234081268310547,4,4,0.6428571428571429
323,-4.2914423829643056e-05,-10.234417915344238,-13.726605415344238,-14.851605415344238,-12.328167915344238,4,1,0.7083333333333334
324,-14.343764305114746,-14.414076805114746,-13.101576805114746,-11.718764305114746,-1.4185804502631072e-05,5,5,0.875
325,-13.018117904663086,-12.564992904663086,-8.369680404663086,-0.010305761359632015,-4.604055881500244,5,4,0.9166666666666666
326,-7.8288445472717285,-8.36009407043457,-4.4538445472717285,-1.9225943088531494,-0.172594353556633,5,5,0.875
327,-13.179712295532227,-14.617212295532227,-12.453149795532227,-10.953149795532227,-2.5152843591058627e-05,1,5,0.0
328,-17.179718017578125,-17.164093017578125,-14.250029563903809,-3.0040289857424796e-05,-10.437529563903809,1,4,0.0
329,-13.206735610961914,-12.300485610961914,-7.034860610961914,-0.0036104037426412106,-5.909860610961914,1,4,0.0
330,-11.512925464970229,-11.512925464970229,-11.512925464970229,-11.512925464970229,-11.512925464970229,2,-1,0.25
331,-19.984411239624023,-17.906286239624023,-10.546910285949707,-3.564294092939235e-05,-15.554722785949707,5,4,0.875
332,-9.17692756652832,-7.051927089691162,-0.11442726105451584,-2.239427328109741,-7.395677089691162,3,3,0.5625
333,-15.891690254211426,-9.985440254211426,-0.001065282616764307,-6.891690254211426,-13.985440254211426,3,3,0.6
334,-9.194830894470215,-6.265142917633057,-0.1088930070400238,-2.2963929176330566,-7.530767917633057,1,3,0.0
335,-11.512925464970229,-11.512925464970229,-11.512925464970229,-11.512925464970229,-11.512925464970229,3,-1,0.5
336,-10.874524116516113,-8.772961616516113,-3.0073366165161133,-0.0542115680873394,-5.757336616516113,4,4,0.75
337,-11.110886573791504,-7.642136096954346,-2.1421360969543457,-0.12651121616363525,-6.985886096954346,3,4,0.6
338,-10.988216400146484,-7.785091400146484,-0.05071661248803139,-3.0194666385650635,-8.581966400146484,3,3,0.5833333333333334
339,-7.953100204467773,-2.8593504428863525,-0.06247539073228836,-5.859350204467773,-9.953100204467773,3,3,0.625
340,-11.512925464970229,-11.512925464970229,-11.512925464970229,-11.512925464970229,-11.512925464970229,4,-1,0.6666666666666666
341,-10.688000679016113,-8.906750679016113,-3.1255009174346924,-0.04737597703933716,-6.1255011558532715,1,4,0.0
342,-9.598579406738281,-11.184516906738281,-6.356391906738281,-2.4657671451568604,-0.09076712280511856,4,5,0.7916666666666666
343,-9.17591381072998,-9.98841381072998,-7.9884138107299805,-5.6446638107299805,-0.004038987681269646,5,5,0.875
344,-9.578842163085938,-9.672592163085938,-6.922591686248779,-2.5944669246673584,-0.07884182035923004,4,5,0.7916666666666666
345,-12.133249282836914,-10.562936782836914,-3.976999044418335,-0.0238740723580122,-5.336374282836914,5,4,0.875
346,-12.100045204162598,-12.912545204162598,-8.795357704162598,-4.2797322273254395,-0.014107384718954563,5,5,0.9642857142857144
347,-12.0371732711792,-10.9746732711792,-5.185611248016357,-0.013736243359744549,-4.826236248016357,5,4,0.9166666666666666
348,-11.512925464970229,-11.512925464970229,-11.512925464970229,-11.512925464970229,-11.512925464970229,3,-1,0.45
349,-11.512925464970229,-11.512925464970229,-11.512925464970229,-11.512925464970229,-11.512925464970229,1,-1,0.0
350,-8.441059112548828,-9.425434112548828,-7.456684112548828,-5.925434112548828,-0.0035590894985944033,3,5,0.5416666666666666
351,-0.00033468366018496454,-8.047209739685059,-11.734709739685059,-13.469084739685059,-13.023772239685059,2,1,0.2857142857142857
352,-12.37783432006836,-6.924709320068359,-0.11220908910036087,-2.2528340816497803,-9.93252182006836,1,3,0.0
353,-8.812540054321289,-2.81253981590271,-0.06253978610038757,-7.796914577484131,-11.796915054321289,4,3,0.75
354,-10.281628608703613,-6.726941108703613,-0.008191205561161041,-4.992566108703613,-8.930066108703613,3,3,0.5833333333333334
355,-10.706870079040527,-7.902182102203369,-0.01155717484652996,-4.527182102203369,-8.167807579040527,1,3,0.0
356,-0.017206087708473206,-4.095331192016602,-7.907831192016602,-10.415643692016602,-11.782831192016602,2,1,0.25
357,-10.844961166381836,-12.790273666381836,-9.048086166381836,-6.844961166381836,-0.001211028778925538,4,5,0.7
358,-11.153377532958984,-9.465877532958984,-4.512752532958984,-0.012752413749694824,-6.434627532958984,5,4,0.90625
359,-10.620706558227539,-10.503519058227539,-7.316019535064697,-1.8316444158554077,-0.1753944456577301,1,5,0.0
360,-12.568726539611816,-11.154664039611816,-3.8812265396118164,-0.021851608529686928,-6.943726539611816,4,4,0.75
361,-11.276237487792969,-9.198112487792969,-2.3934247493743896,-0.09654974937438965,-7.424674987792969,4,4,0.6666666666666666
362,-0.0008287570672109723,-7.235203742980957,-10.391453742980957,-11.664891242980957,-10.688328742980957,3,1,0.6
363,-13.421507835388184,-0.11682073771953583,-11.780882835388184,-14.655882835388184,-15.194945335388184,4,2,0.78125
364,-15.164085388183594,-13.578147888183594,-10.796897888183594,-2.2649508537142538e-05,-14.578147888183594,4,4,0.7916666666666666
365,-11.512925464970229,-11.512925464970229,-11.512925464970229,-11.512925464970229,-11.512925464970229,5,-1,0.90625
366,-19.312515258789062,-16.921890258789062,-11.078140258789062,-1.5735502529423684e-05,-15.273452758789062,1,4,0.0
367,-12.15137767791748,-11.49512767791748,-7.1045026779174805,-0.010752478614449501,-4.6201276779174805,5,4,0.9375
368,-11.512925464970229,-11.512925464970229,-11.512925464970229,-11.512925464970229,-11.512925464970229,5,-1,0.9
369,-12.864602088928223,-9.239602088928223,-3.3333523273468018,-0.036477282643318176,-10.177102088928223,4,4,0.7142857142857143
370,-11.512925464970229,-11.512925464970229,-11.512925464970229,-11.512925464970229,-11.512925464970229,5,-1,0.9166666666666666
371,-11.163031578063965,-9.084906578063965,-2.436469316482544,-0.09271935373544693,-6.967719554901123,1,4,0.0
372,-12.221078872680664,-9.619516372680664,-2.9163918495178223,-0.057016823440790176,-6.713266849517822,4,4,0.6666666666666666
373,-11.512925464970229,-11.512925464970229,-11.512925464970229,-11.512925464970229,-11.512925464970229,4,-1,0.75
374,-10.5620756149292,-8.3355131149292,-2.5542635917663574,-0.08551353961229324,-5.538638591766357,5,4,0.875
375,-11.512925464970229,-11.512925464970229,-11.512925464970229,-11.512925464970229,-11.512925464970229,2,-1,0.25
376,-13.627251625061035,-12.931939125061035,-7.971002101898193,-0.0022520674392580986,-6.267877101898193,4,4,0.6666666666666666
377,-0.04416946694254875,-3.1535444259643555,-7.6379194259643555,-11.012919425964355,-12.200419425964355,2,1,0.2142857142857142
378,-8.39816665649414,-9.17160415649414,-5.741916656494141,-3.0075416564941406,-0.0544167198240757,5,5,0.875
379,-5.631672382354736,-7.444172382354736,-3.2879226207733154,-2.3504226207733154,-0.14729754626750946,5,5,0.875
380,-12.4921293258667,-11.9374418258667,-7.914003849029541,-0.0077538699842989445,-4.914003849029541,3,4,0.4166666666666667
381,-11.512925464970229,-11.512925464970229,-11.512925464970229,-11.512925464970229,-11.512925464970229,3,-1,0.53125
382,-7.888824939727783,-8.560699462890625,-4.873199939727783,-2.982574701309204,-0.060699790716171265,3,5,0.5
383,-11.512925464970229,-11.512925464970229,-11.512925464970229,-11.512925464970229,-11.512925464970229,4,-1,0.75
384,-11.512925464970229,-11.512925464970229,-11.512925464970229,-11.512925464970229,-11.512925464970229,3,-1,0.4583333333333333
385,-11.512925464970229,-11.512925464970229,-11.512925464970229,-11.512925464970229,-11.512925464970229,1,-1,0.0
386,-11.512925464970229,-11.512925464970229,-11.512925464970229,-11.512925464970229,-11.512925464970229,1,-1,0.0
387,-9.659235954284668,-8.534235954284668,-3.229548454284668,-0.07329852133989334,-3.479548454284668,1,4,0.0
388,-8.580974578857422,-8.534099578857422,-5.815349578857422,-2.815349817276001,-0.06534972041845322,4,5,0.8125
389,-15.984375953674316,-17.125001907348633,-14.429688453674316,-15.007813453674316,-1.1920922133867862e-06,4,5,0.71875
390,-5.147118091583252,-6.147118091583252,-2.412743330001831,-1.6783682107925415,-0.3346182405948639,4,5,0.7142857142857143
391,-13.87047004699707,-14.52672004699707,-10.63609504699707,-0.16734470427036285,-1.8704696893692017,5,4,0.8928571428571429
392,-11.760093688964844,-10.096031188964844,-3.4554061889648438,-0.03353119269013405,-6.611656188964844,2,4,0.1785714285714285
393,-11.302934646606445,-10.490434646606445,-5.341996669769287,-0.013871807605028152,-4.716996669769287,5,4,0.875
394,-9.469968795776367,-7.454343795776367,-2.610593557357788,-0.07934363931417465,-6.157468795776367,2,4,0.34375
395,-11.512925464970229,-11.512925464970229,-11.512925464970229,-11.512925464970229,-11.512925464970229,2,-1,0.2083333333333333
396,-12.22836685180664,-8.90805435180664,-0.0018045108299702406,-6.408054351806641,-11.32211685180664,3,3,0.5625
397,-11.13749885559082,-9.64531135559082,-4.75468635559082,-0.020311573520302773,-4.47343635559082,1,4,0.0
398,-10.529512405395508,-9.084199905395508,-2.6232621669769287,-0.07638716697692871,-7.107637405395508,5,4,0.875
399,-10.888465881347656,-7.591590881347656,-0.013465648517012596,-4.357215881347656,-10.286903381347656,3,3,0.375
400,-8.943061828613281,-8.989936828613281,-5.864936828613281,-3.0368120670318604,-0.052437055855989456,4,5,0.65
401,-11.512925464970229,-11.512925464970229,-11.512925464970229,-11.512925464970229,-11.512925464970229,1,-1,0.0
402,-10.236808776855469,-10.603996276855469,-4.713371753692627,-1.6977466344833374,-0.2133716344833374,3,5,0.5714285714285714
403,-11.512925464970229,-11.512925464970229,-11.512925464970229,-11.512925464970229,-11.512925464970229,5,-1,0.9
404,-22.101587295532227,-18.593774795532227,-2.396077979938127e-05,-13.20314884185791,-17.515649795532227,4,3,0.75
405,-11.512925464970229,-11.512925464970229,-11.512925464970229,-11.512925464970229,-11.512925464970229,3,-1,0.5
406,-12.7156400680542,-11.6375150680542,-7.067202568054199,-0.004702342674136162,-5.567202568054199,1,4,0.0
407,-8.003168106079102,-9.081293106079102,-7.190667629241943,-6.237542629241943,-0.003167851595208049,3,5,0.5416666666666666
408,-8.597392082214355,-6.706767559051514,-1.3317674398422241,-0.3317674696445465,-4.081767559051514,4,4,0.75
409,-11.371675491333008,-9.215425491333008,-2.3091752529144287,-0.10605029761791229,-6.762300491333008,1,4,0.0
410,-8.166044235229492,-7.884794235229492,-2.384794235229492,-0.822294294834137,-0.759794294834137,5,5,0.9166666666666666
411,-20.179697036743164,-19.257822036743164,-12.953134536743164,-9.894321920000948e-06,-11.796884536743164,2,4,0.3125
412,-11.319714546203613,-8.804089546203613,-0.7337774634361267,-0.6556524634361267,-7.3744025230407715,4,4,0.8333333333333334
413,-11.512925464970229,-11.512925464970229,-11.512925464970229,-11.512925464970229,-11.512925464970229,3,-1,0.5
414,-8.358014106750488,-8.373639106750488,-5.5455145835876465,-3.6861393451690674,-0.029889380559325218,1,5,0.0
415,-11.634807586669922,-5.986370086669922,-0.01762021891772747,-4.205120086669922,-10.845745086669922,4,3,0.8125
416,-11.512925464970229,-11.512925464970229,-11.512925464970229,-11.512925464970229,-11.512925464970229,3,-1,0.5
417,-6.978854656219482,-7.924167156219482,-3.3382296562194824,-2.1507296562194824,-0.16635467112064362,5,5,0.875
418,-11.512925464970229,-11.512925464970229,-11.512925464970229,-11.512925464970229,-11.512925464970229,1,-1,0.0
419,-7.244635105133057,-8.244634628295898,-4.291510105133057,-3.1977598667144775,-0.05713493749499321,4,5,0.65
420,-12.510063171386719,-10.072563171386719,-2.3928756713867188,-0.09600072354078293,-9.056938171386719,1,4,0.0
421,-11.943865776062012,-9.342303276062012,-3.3657405376434326,-0.03761545196175575,-6.0844902992248535,4,4,0.75
422,-11.512925464970229,-11.512925464970229,-11.512925464970229,-11.512925464970229,-11.512925464970229,1,-1,0.0
423,-11.157068252563477,-10.086755752563477,-4.266442775726318,-0.032067932188510895,-4.047692775726318,5,4,0.875
424,-10.45802116394043,-7.04395866394043,-0.04395843669772148,-3.1689584255218506,-9.88770866394043,2,3,0.3333333333333333
425,-8.61335277557373,-3.9571027755737305,-0.019602738320827484,-9.19147777557373,-11.87116527557373,2,3,0.2916666666666667
426,-11.512925464970229,-11.512925464970229,-11.512925464970229,-11.512925464970229,-11.512925464970229,4,-1,0.7083333333333334
427,-12.597105026245117,-9.862730026245117,-3.6361680030822754,-0.02679288573563099,-10.628355026245117,1,4,0.0
428,-10.738994598388672,-12.184307098388672,-8.621807098388672,-2.535869836807251,-0.08274484425783157,1,5,0.0
429,-0.0777440220117569,-2.5933690071105957,-10.671494483947754,-13.390244483947754,-13.866806983947754,5,1,0.875
430,-10.830707550048828,-13.315082550048828,-10.049457550048828,-5.98695707321167,-0.002582193585112691,4,5,0.8214285714285714
431,-0.12584692239761353,-2.1414718627929688,-7.235221862792969,-10.578971862792969,-11.024284362792969,4,1,0.7083333333333334
432,-5.663695335388184,-0.007445444352924824,-5.569945335388184,-8.960570335388184,-12.335570335388184,1,2,0.0
433,-11.512925464970229,-11.512925464970229,-11.512925464970229,-11.512925464970229,-11.512925464970229,5,-1,0.9
434,-13.183450698852539,-12.120950698852539,-6.191262722015381,-0.003762905253097415,-6.378762722015381,5,4,0.8928571428571429
435,-16.50000762939453,-13.046881675720215,-6.794906312279636e-06,-12.296881675720215,-17.39844512939453,4,3,0.8333333333333334
436,-11.512925464970229,-11.512925464970229,-11.512925464970229,-11.512925464970229,-11.512925464970229,4,-1,0.6785714285714286
437,-9.252270698547363,-9.314770698547363,-4.1741461753845215,-0.8772711157798767,-0.5647711157798767,5,5,0.875
438,-12.500670433044434,-10.602232933044434,-4.188170433044434,-0.016295569017529488,-6.953795433044434,3,4,0.5833333333333334
439,-11.294382095336914,-10.169382095336914,-5.552194118499756,-0.06781934201717377,-2.786569356918335,4,4,0.71875
440,-16.109394073486328,-11.359394073486328,-1.9430925021879375e-05,-11.890644073486328,-16.140644073486328,1,3,0.0
441,-11.29801082611084,-10.26676082611084,-5.82926082611084,-0.5011359453201294,-0.9386359453201294,5,4,0.875
442,-13.06251049041748,-15.46876049041748,-13.43751049041748,-12.37501049041748,-1.0490362910786644e-05,1,5,0.0
443,-6.868693828582764,-0.009318903088569641,-4.806193828582764,-9.884319305419922,-13.212444305419922,3,2,0.5416666666666666
444,-0.0015254301251843572,-6.517150402069092,-10.40777587890625,-12.41558837890625,-11.85308837890625,2,1,0.1875
445,-15.867204666137695,-13.609392166137695,-11.218767166137695,-13.531267166137695,-1.680836794548668e-05,4,5,0.6428571428571429
446,-19.039087295532227,-15.500024795532227,-10.656274795532227,-2.4437606043647975e-05,-14.359399795532227,4,4,0.75
447,-9.882288932800293,-8.405726432800293,-4.530725955963135,-0.04635096341371536,-3.3744759559631348,3,4,0.5416666666666666
448,-13.12902545928955,-11.58215045928955,-6.254025936126709,-0.004025808535516262,-6.175900936126709,5,4,0.9166666666666666
449,-8.891621589660645,-8.735371589660645,-5.391622066497803,-3.1728720664978027,-0.047872014343738556,5,5,0.875
450,-10.812207221984863,-9.374707221984863,-3.210644483566284,-0.054394591599702835,-4.382519721984863,5,4,0.9642857142857144
451,-11.512925464970229,-11.512925464970229,-11.512925464970229,-11.512925464970229,-11.512925464970229,3,-1,0.625
452,-9.827417373657227,-5.264917850494385,-0.10866782814264297,-2.3274178504943848,-8.569604873657227,3,3,0.625
453,-11.512925464970229,-11.512925464970229,-11.512925464970229,-11.512925464970229,-11.512925464970229,1,-1,0.0
454,-11.034197807312012,-9.268572807312012,-3.0498223304748535,-0.04982239380478859,-6.7998223304748535,3,4,0.625
455,-11.087495803833008,-13.595308303833008,-9.704683303833008,-6.517183303833008,-0.0015585192013531923,4,5,0.7
456,-12.890653610229492,-14.679716110229492,-11.656278610229492,-11.148466110229492,-2.8967437174287625e-05,2,5,0.15
457,-8.90501880645752,-8.66283130645752,-5.4440813064575195,-2.1315815448760986,-0.13158148527145386,2,5,0.3333333333333333
458,-9.460532188415527,-9.241782188415527,-6.898032188415527,-3.3042819499969482,-0.03865702450275421,1,5,0.0
459,-12.948410987854004,-10.745285987854004,-4.589035987854004,-0.010911205783486366,-7.323410987854004,2,4,0.3
460,-17.234376907348633,-14.640626907348633,-2.0265558760002023e-06,-13.468751907348633,-16.132814407348633,1,3,0.0
461,-10.332894325256348,-8.340706825256348,-2.9500815868377686,-0.05945664271712303,-5.278206825256348,1,4,0.0
462,-1.7919093370437622,-0.1825343668460846,-8.635659217834473,-11.487221717834473,-12.291909217834473,5,2,0.9375
463,-15.468092918395996,-13.132155418395996,-4.944655895233154,-0.00715574249625206,-12.163405418395996,1,4,0.0
464,-0.0001787979417713359,-8.828303337097168,-10.687678337097168,-12.218928337097168,-12.672053337097168,3,1,0.625
465,-9.822235107421875,-8.869110107421875,-3.580047130584717,-0.6112971305847168,-0.8456721305847168,1,4,0.0
466,-14.29809284210205,-7.360593318939209,-0.0012181727215647697,-7.454343318939209,-13.76684284210205,3,3,0.5833333333333334
467,-9.141633987426758,-9.602571487426758,-6.219759464263916,-3.110384464263916,-0.04788440093398094,1,5,0.0
468,-7.488002300262451,-7.909877300262451,-5.488002300262451,-4.269252300262451,-0.019252223894000053,1,5,0.0
469,-11.518625259399414,-9.323312759399414,-3.2295632362365723,-0.042063213884830475,-6.495188236236572,5,4,0.9
470,-10.633099555969238,-13.109662055969238,-10.726849555969238,-8.375287055969238,-0.0002873722987715155,3,5,0.59375
471,-7.791085720062256,-8.439522743225098,-4.947335720062256,-2.025460720062256,-0.15046069025993347,4,5,0.71875
472,-11.512925464970229,-11.512925464970229,-11.512925464970229,-11.512925464970229,-11.512925464970229,1,-1,0.0
473,-11.512925464970229,-11.512925464970229,-11.512925464970229,-11.512925464970229,-11.512925464970229,4,-1,0.8333333333333334
474,-7.152555099310121e-07,-16.1796875,-16.3828125,-17.0546875,-15.414063453674316,5,1,0.875
475,-14.610636711120605,-13.610636711120605,-9.141886711120605,-0.001261987374164164,-6.766887187957764,5,4,0.875
476,-11.512925464970229,-11.512925464970229,-11.512925464970229,-11.512925464970229,-11.512925464970229,4,-1,0.6666666666666666
477,-10.54624080657959,-4.37436580657959,-0.01499089039862156,-6.10874080657959,-10.42905330657959,2,3,0.3
478,-11.512925464970229,-11.512925464970229,-11.512925464970229,-11.512925464970229,-11.512925464970229,3,-1,0.53125
479,-13.33134937286377,-12.01884937286377,-5.893848896026611,-0.0032239388674497604,-7.706348896026611,4,4,0.85
480,-13.020208358764648,-12.426458358764648,-8.113958358764648,-0.004583329893648624,-5.457708358764648,5,4,0.9166666666666666
481,-11.48692798614502,-7.830678462982178,-0.09630337357521057,-2.3931784629821777,-9.75255298614502,4,3,0.8214285714285714
482,-10.614285469055176,-5.911160469055176,-0.004910314455628395,-6.145535469055176,-10.895535469055176,3,3,0.4583333333333333
483,-13.336625099182129,-13.446000099182129,-8.219437599182129,-2.797562837600708,-0.06318772584199905,4,5,0.75
484,-7.091623306274414,-7.771310806274414,-3.575998067855835,-1.9666231870651245,-0.18537317216396332,1,5,0.0
485,-11.512925464970229,-11.512925464970229,-11.512925464970229,-11.512925464970229,-11.512925464970229,5,-1,0.9
486,-11.282737731933594,-9.688987731933594,-4.243675708770752,-0.024925515055656433,-4.587425708770752,5,4,0.875
487,-10.174469947814941,-8.338532447814941,-3.5260329246520996,-0.05728286877274513,-3.6510329246520996,1,4,0.0
488,-11.512925464970229,-11.512925464970229,-11.512925464970229,-11.512925464970229,-11.512925464970229,5,-1,0.875
489,-12.851591110229492,-15.484403610229492,-13.007841110229492,-10.921903610229492,-2.8490614567999728e-05,1,5,0.0
490,-7.09857177734375,-7.61419677734375,-4.50482177734375,-3.77044677734375,-0.036071691662073135,2,5,0.3125
491,-11.512925464970229,-11.512925464970229,-11.512925464970229,-11.512925464970229,-11.512925464970229,4,-1,0.8214285714285714
492,-12.574581146240234,-8.582393646240234,-1.3480191230773926,-0.3011440932750702,-9.473018646240234,1,4,0.0
493,-15.242226600646973,-10.312539100646973,-3.8742269680369645e-05,-12.359414100646973,-15.000039100646973,1,3,0.0
494,-15.968780517578125,-10.562530517578125,-3.0278701160568744e-05,-12.625030517578125,-15.796905517578125,1,3,0.0
495,-10.191568374633789,-5.660318374633789,-0.004068313166499138,-7.566568374633789,-10.785318374633789,3,3,0.4166666666666667
496,-13.51692008972168,-13.10285758972168,-8.40754508972168,-0.0012954423436895013,-6.845045566558838,1,4,0.0
497,-11.512925464970229,-11.512925464970229,-11.512925464970229,-11.512925464970229,-11.512925464970229,3,-1,0.5625
498,-12.207136154174805,-8.839948654174805,-1.0040111541748047,-0.4571360945701599,-7.988386154174805,4,4,0.75
499,-0.0024591225665062666,-6.0337090492248535,-10.033709526062012,-12.088397026062012,-11.979022026062012,3,1,0.5
500,-11.512925464970229,-11.512925464970229,-11.512925464970229,-11.512925464970229,-11.512925464970229,5,-1,0.875
501,-11.512925464970229,-11.512925464970229,-11.512925464970229,-11.512925464970229,-11.512925464970229,1,-1,0.0
502,-8.26928424835205,-0.003659577341750264,-5.691159725189209,-10.95678424835205,-14.27709674835205,2,2,0.3
503,-10.599472999572754,-10.927597999572754,-8.247910499572754,-3.560410261154175,-0.029160212725400925,3,5,0.4166666666666667
504,-11.512925464970229,-11.512925464970229,-11.512925464970229,-11.512925464970229,-11.512925464970229,5,-1,0.9285714285714286
505,-11.323966979980469,-9.980216979980469,-4.659904479980469,-0.06615452468395233,-2.9099044799804688,2,4,0.2916666666666667
506,-13.1871976852417,-12.9293851852417,-9.2028226852417,-2.5934479236602783,-0.07782299071550369,1,5,0.0
507,-9.072678565979004,-7.994554042816162,-3.096116542816162,-0.09611649066209793,-3.080491542816162,1,4,0.0
508,-9.664814949035645,-3.2741904258728027,-0.039815399795770645,-6.805440425872803,-11.407002449035645,3,3,0.4166666666666667
509,-8.556222915649414,-8.853097915649414,-5.884347915649414,-3.306222915649414,-0.04059797152876854,4,5,0.8571428571428571
510,-17.07840919494629,-16.49247169494629,-8.469033241271973,-0.0002836778585333377,-9.547158241271973,5,4,0.875
511,-11.512925464970229,-11.512925464970229,-11.512925464970229,-11.512925464970229,-11.512925464970229,1,-1,0.0
512,-10.84385871887207,-12.87510871887207,-10.90635871887207,-9.62510871887207,-0.00010871296399272978,3,5,0.6
513,-16.0480899810791,-10.110589981079102,-0.001214600750245154,-6.751214504241943,-14.579339981079102,2,3,0.15625
514,-8.800546646118164,-9.284921646118164,-6.222422122955322,-4.081797122955322,-0.01929689384996891,1,5,0.0
515,-11.512925464970229,-11.512925464970229,-11.512925464970229,-11.512925464970229,-11.512925464970229,2,-1,0.3571428571428571
516,-11.512925464970229,-11.512925464970229,-11.512925464970229,-11.512925464970229,-11.512925464970229,4,-1,0.84375
517,-7.421231746673584,-6.952481746673584,-2.264981746673584,-0.13998186588287354,-3.686856746673584,4,4,0.71875
518,-13.664575576782227,-11.477075576782227,-4.820825576782227,-0.008325513452291489,-8.445825576782227,5,4,0.9166666666666666
519,-5.245195097813848e-06,-14.023442268371582,-15.132817268371582,-16.7968807220459,-12.406254768371582,1,1,0.0
520,-11.512925464970229,-11.512925464970229,-11.512925464970229,-11.512925464970229,-11.512925464970229,1,-1,0.0
521,-8.568765640258789,-4.084390640258789,-0.03751544654369354,-3.92814040184021,-9.131265640258789,3,3,0.46875
522,-8.256694793701172,-8.623882293701172,-5.20982027053833,-2.58482027053833,-0.0848202258348465,4,5,0.7142857142857143
523,-11.573334693908691,-0.48739731311798096,-0.956147313117981,-6.581147193908691,-13.323334693908691,5,2,0.96875
524,-11.512925464970229,-11.512925464970229,-11.512925464970229,-11.512925464970229,-11.512925464970229,2,-1,0.1785714285714285
525,-12.935925483703613,-7.209362983703613,-0.006238155532628298,-5.209362983703613,-11.693737983703613,5,3,0.875
526,-11.89649772644043,-10.56056022644043,-5.80274772644043,-0.02149791643023491,-4.00587272644043,1,4,0.0
527,-15.22677230834961,-15.35958480834961,-11.60177230834961,-0.00021026308240834624,-8.51583480834961,2,4,0.3333333333333333
528,-11.512925464970229,-11.512925464970229,-11.512925464970229,-11.512925464970229,-11.512925464970229,1,-1,0.0
529,-16.157081604003906,-15.383645057678223,-8.813332557678223,-0.0008320921915583313,-7.2977070808410645,5,4,0.90625
530,-12.204565048217773,-10.517065048217773,-3.7514402866363525,-0.032690227031707764,-4.751440048217773,1,4,0.0
531,-9.068199157714844,-4.7088236808776855,-0.021323706954717636,-4.4431986808776855,-8.505699157714844,3,3,0.3928571428571428
532,-11.512925464970229,-11.512925464970229,-11.512925464970229,-11.512925464970229,-11.512925464970229,5,-1,0.9285714285714286
533,-5.6940765380859375,-0.006576560903340578,-5.7722015380859375,-9.569076538085938,-13.084701538085938,5,2,0.8928571428571429
534,-15.868830680847168,-12.861018180847168,-0.9547685384750366,-0.486018568277359,-10.861018180847168,1,4,0.0
535,-11.815357208251953,-9.221607208251953,-2.182544708251953,-0.12004482001066208,-8.291919708251953,4,4,0.6428571428571429
536,-11.512925464970229,-11.512925464970229,-11.512925464970229,-11.512925464970229,-11.512925464970229,2,-1,0.2916666666666667
537,-8.161879539489746,-8.685317039489746,-4.177504062652588,-1.8337541818618774,-0.19312921166419983,3,5,0.6071428571428571
538,-15.140724182128906,-14.461036682128906,-11.156349182128906,-9.893881360767409e-05,-9.390724182128906,2,4,0.3333333333333333
539,-16.15702247619629,-14.524209976196289,-7.172647476196289,-0.0007725353352725506,-12.586709976196289,4,4,0.7857142857142857
540,-11.804472923278809,-9.202910423278809,-3.4997851848602295,-0.03103506937623024,-8.343535423278809,4,4,0.8
541,-11.424787521362305,-6.768537998199463,-0.049787912517786026,-3.049787998199463,-10.260725021362305,1,3,0.0
542,-15.86123275756836,-14.04092025756836,-6.298732757568359,-0.001857937895692885,-11.25185775756836,4,4,0.75
543,-9.786620140075684,-9.630370140075684,-6.677245140075684,-3.3647451400756836,-0.036620255559682846,4,5,0.75
544,-11.512925464970229,-11.512925464970229,-11.512925464970229,-11.512925464970229,-11.512925464970229,5,-1,0.9
545,-11.512925464970229,-11.512925464970229,-11.512925464970229,-11.512925464970229,-11.512925464970229,3,-1,0.5357142857142857
546,-10.8849458694458,-12.6974458694458,-9.7833833694458,-6.189633369445801,-0.002133595058694482,4,5,0.75
547,-6.836409091949463,-6.195784091949463,-0.05515918508172035,-3.008284091949463,-6.773909091949463,3,3,0.625
548,-11.512925464970229,-11.512925464970229,-11.512925464970229,-11.512925464970229,-11.512925464970229,5,-1,0.9375
549,-8.951520919799805,-8.998395919799805,-4.037458419799805,-1.4124584197998047,-0.30308347940444946,4,5,0.65
550,-11.18990421295166,-9.56490421295166,-3.4555296897888184,-0.03365464508533478,-6.549279689788818,1,4,0.0
551,-9.73577880859375,-8.15765380859375,-2.548278331756592,-0.09515337646007538,-4.407653331756592,2,4,0.2142857142857142
552,-9.626410484313965,-11.626410484313965,-7.556097984313965,-4.759222984313965,-0.009222880005836487,4,5,0.6666666666666666
553,-11.512925464970229,-11.512925464970229,-11.512925464970229,-11.512925464970229,-11.512925464970229,5,-1,0.8928571428571429
554,-9.28139877319336,-0.00014852374442853034,-9.98452377319336,-11.95327377319336,-14.19546127319336,5,2,0.9166666666666666
555,-11.22675609588623,-12.60956859588623,-10.35956859588623,-8.85956859588623,-0.00019405389321036637,5,5,0.9285714285714286
556,-11.727217674255371,-9.125655174255371,-2.141279697418213,-0.12565475702285767,-7.703779697418213,1,4,0.0
557,-6.802031993865967,-0.005156906321644783,-5.520781993865967,-10.591094017028809,-13.989531517028809,2,2,0.3333333333333333
558,-11.512925464970229,-11.512925464970229,-11.512925464970229,-11.512925464970229,-11.512925464970229,2,-1,0.3333333333333333
559,-13.907591819763184,-6.985716819763184,-0.01696702092885971,-4.141966819763184,-12.516966819763184,4,3,0.6785714285714286
560,-0.0026741004548966885,-5.971424102783203,-10.330799102783203,-12.440174102783203,-11.330799102783203,3,1,0.4166666666666667
561,-13.35117244720459,-13.00742244720459,-8.22617244720459,-0.007422488648444414,-4.94492244720459,5,4,0.875
562,-10.49522876739502,-8.14366626739502,-2.1046037673950195,-0.13585366308689117,-5.3389787673950195,5,4,0.9583333333333334
563,-11.650121688842773,-10.345434188842773,-4.454809665679932,-0.01730966567993164,-5.204809665679932,1,4,0.0
564,-9.856470108032227,-9.036157608032227,-3.3955330848693848,-0.03615804389119148,-6.317408084869385,4,4,0.75
565,-8.54238224029541,-8.26894474029541,-3.2533199787139893,-0.06581995636224747,-3.7064449787139893,4,4,0.6666666666666666
566,-12.796303749084473,-11.835366249084473,-6.8041157722473145,-0.0072408393025398254,-5.1009907722473145,5,4,0.875
567,-10.716660499572754,-9.333847999572754,-3.888535499572754,-0.04478542134165764,-3.763535499572754,4,4,0.6785714285714286
568,-9.842001914978027,-4.3732523918151855,-0.013877215795218945,-6.8107523918151855,-11.396689414978027,4,3,0.65
569,-11.423397064208984,-8.392147064208984,-2.1968348026275635,-0.11870978772640228,-7.540584564208984,5,4,0.8928571428571429
570,-0.0002087136817863211,-8.562708854675293,-11.773646354675293,-13.148646354675293,-12.203333854675293,2,1,0.1666666666666666
571,-11.512925464970229,-11.512925464970229,-11.512925464970229,-11.512925464970229,-11.512925464970229,4,-1,0.78125
572,-10.872002601623535,-8.989190101623535,-3.1298153400421143,-0.05169041454792023,-5.036065578460693,2,4,0.3333333333333333
573,-9.664814949035645,-3.2741904258728027,-0.039815399795770645,-6.805440425872803,-11.407002449035645,2,3,0.3
574,-13.929861068725586,-13.789236068725586,-11.023611068725586,-0.00017355366435367614,-8.797048568725586,3,4,0.625
575,-5.907894611358643,-4.626644611358643,-0.7047697305679321,-0.8766447305679321,-2.5641446113586426,5,3,0.875
576,-12.776996612548828,-11.800434112548828,-6.878559112548828,-0.0035590894985944033,-5.987934112548828,5,4,0.9166666666666666
577,-9.970489501953125,-12.275177001953125,-8.954864501953125,-6.470489501953125,-0.0017392997397109866,4,5,0.7857142857142857
578,-13.909072875976562,-12.416885375976562,-5.9090728759765625,-0.0028229409363120794,-9.252822875976562,5,4,0.875
579,-7.102451324462891,-7.899326324462891,-4.008701324462891,-3.0087013244628906,-0.0712013989686966,1,5,0.0
580,-11.512925464970229,-11.512925464970229,-11.512925464970229,-11.512925464970229,-11.512925464970229,1,-1,0.0
581,-11.512925464970229,-11.512925464970229,-11.512925464970229,-11.512925464970229,-11.512925464970229,3,-1,0.4642857142857143
582,-13.078147888183594,-14.750022888183594,-12.984397888183594,-11.218772888183594,-2.253030106658116e-05,2,5,0.25
583,-9.576995849609375,-7.147308349609375,-2.131683111190796,-0.13168317079544067,-5.553558349609375,3,4,0.5833333333333334
584,-12.419888496398926,-11.466763496398926,-7.333950519561768,-0.0058256834745407104,-5.271450519561768,3,4,0.5416666666666666
585,-9.050860404968262,-9.644610404968262,-7.175860404968262,-5.800860404968262,-0.0039854394271969795,1,5,0.0
586,-11.512925464970229,-11.512925464970229,-11.512925464970229,-11.512925464970229,-11.512925464970229,4,-1,0.7142857142857143
587,-11.544512748718262,-6.32576322555542,-0.013263095170259476,-4.48201322555542,-9.685137748718262,4,3,0.6428571428571429
588,-15.324300765991211,-10.089925765991211,-0.011800955049693584,-4.449300765991211,-13.386800765991211,2,3,0.3333333333333333
589,-12.149106979370117,-10.547544479370117,-5.320981979370117,-0.00848214328289032,-5.649106979370117,5,4,0.875
590,-13.337959289550781,-11.244209289550781,-3.4238967895507812,-0.033271897584199905,-9.041084289550781,1,4,0.0
591,-11.139936447143555,-8.757123947143555,-2.3586859703063965,-0.10868600755929947,-4.7961859703063965,2,4,0.28125
592,-11.512925464970229,-11.512925464970229,-11.512925464970229,-11.512925464970229,-11.512925464970229,4,-1,0.6428571428571429
593,-13.360450744628906,-12.704200744628906,-8.297950744628906,-0.0010761191369965672,-7.1104512214660645,5,4,0.9166666666666666
594,-11.494356155395508,-9.377168655395508,-2.4787306785583496,-0.08810574561357498,-7.86935567855835,2,4,0.2916666666666667
595,-7.032901763916016,-7.532901763916016,-2.7047765254974365,-1.548526644706726,-0.3297766149044037,5,5,0.90625
596,-11.049906730651855,-8.245219230651855,-0.21396949887275696,-1.6514694690704346,-7.463969707489014,2,3,0.25
597,-5.4458184242248535,-7.5708184242248535,-3.0864431858062744,-3.0708181858062744,-0.10206826031208038,5,5,0.875
598,-12.341729164123535,-7.287041187286377,-0.03704124316573143,-3.333916187286377,-10.896416664123535,4,3,0.6730769230769231
599,-11.512925464970229,-11.512925464970229,-11.512925464970229,-11.512925464970229,-11.512925464970229,2,-1,0.25
600,-11.949151039123535,-8.816338539123535,-1.714775562286377,-0.19915062189102173,-7.808525562286377,4,4,0.75
601,-4.805243015289307,-0.00836783554404974,-8.883367538452148,-12.414617538452148,-14.094305038452148,2,2,0.3333333333333333
602,-11.042428970336914,-7.097116947174072,-0.034616868942976,-3.4096169471740723,-9.018991470336914,5,3,0.875
603,-11.649235725402832,-7.625797748565674,-0.11017275601625443,-2.266422748565674,-8.907048225402832,5,3,0.9
604,-11.512925464970229,-11.512925464970229,-11.512925464970229,-11.512925464970229,-11.512925464970229,1,-1,0.0
605,-15.593750953674316,-14.906250953674316,-1.1920922133867862e-06,-14.804688453674316,-15.492188453674316,1,3,0.0
606,-13.945972442626953,-9.953784942626953,-1.9772229194641113,-0.14909790456295013,-11.531909942626953,3,4,0.4
607,-5.960938453674316,-6.148438453674316,-1.9296884536743164,-0.9453134536743164,-0.7734384536743164,5,5,0.9166666666666666
608,-11.720758438110352,-10.087945938110352,-4.345757961273193,-0.04888298362493515,-3.3613829612731934,2,4,0.1666666666666666
609,-11.512925464970229,-11.512925464970229,-11.512925464970229,-11.512925464970229,-11.512925464970229,1,-1,0.0
610,-12.911347389221191,-11.395722389221191,-4.387909889221191,-0.012910117395222187,-7.872284889221191,4,4,0.7
611,-10.60892391204834,-7.29642391204834,-0.07767409831285477,-2.655799150466919,-5.57767391204834,3,3,0.5625
612,-11.537503242492676,-0.20156584680080414,-1.7015658617019653,-8.904690742492676,-13.810940742492676,5,2,0.875
613,-17.702396392822266,-13.803958892822266,-2.4211461544036865,-0.09302114695310593,-13.358646392822266,1,4,0.0
614,-11.512925464970229,-11.512925464970229,-11.512925464970229,-11.512925464970229,-11.512925464970229,1,-1,0.0
615,-11.042607307434082,-10.980107307434082,-7.441044330596924,-0.034794535487890244,-3.394169569015503,5,4,0.8928571428571429
616,-17.33595085144043,-15.44532585144043,-11.43751335144043,-1.2993727978027891e-05,-13.42970085144043,5,4,0.875
617,-0.02885889820754528,-3.5601089000701904,-11.69292163848877,-14.91167163848877,-15.59135913848877,2,1,0.3125
618,-11.017889022827148,-6.853826522827148,-0.04132674261927605,-3.2600767612457275,-6.885076522827148,2,3,0.25
619,-6.51917839050293,-0.0035536254290491343,-6.20667839050293,-9.87855339050293,-13.24574089050293,3,2,0.5
620,-11.65833854675293,-9.95521354675293,-2.322401285171509,-0.10365128517150879,-7.93177604675293,5,4,0.875
621,-9.476019859313965,-9.601019859313965,-7.022894382476807,-3.8353946208953857,-0.02289457619190216,3,5,0.53125
622,-10.835306167602539,-9.358743667602539,-3.42124342918396,-0.04624340683221817,-4.389993190765381,5,4,0.875
623,-16.813779830932617,-11.3294038772583,-0.001279250718653202,-6.673154354095459,-14.6887788772583,4,3,0.8
624,-11.512925464970229,-11.512925464970229,-11.512925464970229,-11.512925464970229,-11.512925464970229,4,-1,0.7321428571428571
625,-11.512925464970229,-11.512925464970229,-11.512925464970229,-11.512925464970229,-11.512925464970229,4,-1,0.6785714285714286
626,-13.093940734863281,-12.023628234863281,-0.00019047829846385866,-8.625190734863281,-13.625190734863281,3,3,0.5357142857142857
627,-11.105870246887207,-9.441807746887207,-3.699620485305786,-0.027745380997657776,-5.980870246887207,4,4,0.8333333333333334
628,-11.512925464970229,-11.512925464970229,-11.512925464970229,-11.512925464970229,-11.512925464970229,3,-1,0.4
629,-11.512925464970229,-11.512925464970229,-11.512925464970229,-11.512925464970229,-11.512925464970229,3,-1,0.6071428571428571
630,-9.83171272277832,-8.26921272277832,-2.5348377227783203,-0.09733762592077255,-4.33171272277832,5,4,0.8928571428571429
631,-9.243401527404785,-8.704339027404785,-3.798088550567627,-0.04808858036994934,-3.719963550567627,5,4,0.875
632,-7.98364782333374,-8.843023300170898,-5.93677282333374,-4.45239782333374,-0.014897993765771389,2,5,0.2916666666666667
633,-7.881341934204102,-8.428216934204102,-6.350091934204102,-3.9438416957855225,-0.02196671813726425,1,5,0.0
634,-12.100554466247559,-11.131804466247559,-6.4989914894104,-0.045866698026657104,-3.1396167278289795,3,4,0.59375
635,-0.0026144154835492373,-5.971364498138428,-9.97136402130127,-12.21355152130127,-12.29167652130127,3,1,0.625
636,-21.65625762939453,-18.50000762939453,-7.867782187531702e-06,-14.046882629394531,-15.367195129394531,3,3,0.5416666666666666
637,-10.23223876953125,-10.45098876953125,-7.591614246368408,-2.622864007949829,-0.07598905265331268,5,5,0.8928571428571429
638,-6.215202331542969,-6.683952331542969,-4.215202331542969,-2.496452569961548,-0.10582748055458069,3,5,0.5833333333333334
639,-12.468805313110352,-14.179742813110352,-12.203180313110352,-10.046930313110352,-5.543078441405669e-05,3,5,0.3928571428571428
640,-6.569531440734863,-7.491406440734863,-4.975781440734863,-4.303906440734863,-0.022656399756669998,3,5,0.45
641,-9.130034446716309,-5.770659446716309,-0.0519096665084362,-3.1612846851348877,-5.301909446716309,4,3,0.7083333333333334
642,-0.023046379908919334,-3.7886714935302734,-9.062108993530273,-10.608983993530273,-11.921483993530273,4,1,0.75
643,-12.960549354553223,-9.085549354553223,-0.9839872717857361,-0.4683622717857361,-10.358986854553223,5,4,0.9
644,-21.96875762939453,-19.13282012939453,-7.152531907195225e-06,-15.500006675720215,-16.92969512939453,3,3,0.625
645,-10.674007415771484,-8.408382415771484,-3.0646324157714844,-0.04900739714503288,-7.017757415771484,2,4,0.34375
646,-11.631921768188477,-9.217859268188477,-2.2959845066070557,-0.1084844246506691,-6.202234268188477,3,4,0.5416666666666666
647,-14.543048858642578,-13.746173858642578,-10.214923858642578,-0.011798834428191185,-4.449298858642578,4,4,0.6875
648,-10.842408180236816,-5.834595203399658,-0.490845263004303,-0.959595263004303,-6.272095203399658,1,3,0.0
649,-10.229323387145996,-8.791823387145996,-2.901198625564575,-0.05744855850934982,-7.307448387145996,5,4,1.0
650,-0.0382673516869545,-3.2882673740386963,-8.569517135620117,-11.132017135620117,-11.007017135620117,2,1,0.15625
651,-9.515815734863281,-9.679878234863281,-5.8517537117004395,-2.3673787117004395,-0.10175368189811707,5,5,0.875
652,-11.512925464970229,-11.512925464970229,-11.512925464970229,-11.512925464970229,-11.512925464970229,5,-1,0.875
653,-7.837266445159912,-7.384141445159912,-3.024766445159912,-0.16539154946804047,-2.274766445159912,3,4,0.5
654,-11.449028015136719,-9.613090515136719,-3.761528491973877,-0.027153411880135536,-5.667778491973877,5,4,0.875
655,-9.56247615814209,-5.93747615814209,-0.015601368620991707,-4.37497615814209,-8.64060115814209,4,3,0.6428571428571429
656,-15.63074016571045,-10.34167766571045,-0.09167726337909698,-2.435427188873291,-12.91980266571045,3,3,0.625
657,-10.471685409545898,-6.104497909545898,-0.010748115368187428,-4.791997909545898,-8.948247909545898,3,3,0.625
658,-11.512925464970229,-11.512925464970229,-11.512925464970229,-11.512925464970229,-11.512925464970229,4,-1,0.6785714285714286
659,-11.512925464970229,-11.512925464970229,-11.512925464970229,-11.512925464970229,-11.512925464970229,3,-1,0.5
660,-11.484776496887207,-12.203526496887207,-10.234776496887207,-7.969151496887207,-0.00040165462996810675,4,5,0.6428571428571429
661,-13.46960163116455,-12.37585163116455,-7.328976631164551,-0.0008517451351508498,-8.59460163116455,5,4,0.9285714285714286
662,-11.512925464970229,-11.512925464970229,-11.512925464970229,-11.512925464970229,-11.512925464970229,1,-1,0.0
663,-5.846933364868164,-0.003183418419212103,-8.175058364868164,-12.128183364868164,-14.698495864868164,2,2,0.35
664,-16.765668869018555,-15.687544822692871,-10.531294822692871,-4.446407547220588e-05,-10.953169822692871,1,4,0.0
665,-20.722673416137695,-19.179704666137695,-11.265643119812012,-1.7762025890988298e-05,-16.117204666137695,5,4,0.875
666,-5.125986263010418e-06,-14.062504768371582,-14.843754768371582,-16.8437557220459,-12.453129768371582,3,1,0.625
667,-11.055713653564453,-7.165088176727295,-0.9463382959365845,-0.4932132959365845,-7.899463176727295,5,4,0.9166666666666666
668,-11.512925464970229,-11.512925464970229,-11.512925464970229,-11.512925464970229,-11.512925464970229,2,-1,0.28125
669,-20.62503433227539,-18.49222183227539,-10.515660285949707,-3.528532761265524e-05,-16.08597183227539,2,4,0.35
670,-9.83833122253418,-4.9008307456970215,-0.010205939412117004,-5.9477057456970215,-10.01020622253418,3,3,0.5357142857142857
671,-11.512925464970229,-11.512925464970229,-11.512925464970229,-11.512925464970229,-11.512925464970229,4,-1,0.6785714285714286
672,-18.601564407348633,-18.000001907348633,-14.531250953674316,-15.234375953674316,-1.0728830375228426e-06,5,5,0.9285714285714286
673,-13.68317699432373,-12.01130199432373,-5.7222394943237305,-0.003489716211333871,-8.51911449432373,3,4,0.5833333333333334
674,-10.745190620422363,-9.151440620422363,-3.448315382003784,-0.042065270245075226,-4.682690143585205,5,4,0.875
675,-8.03042984008789,-8.81167984008789,-6.124179363250732,-4.421054363250732,-0.014804384671151638,4,5,0.8125
676,-11.512925464970229,-11.512925464970229,-11.512925464970229,-11.512925464970229,-11.512925464970229,1,-1,0.0
677,-12.80342960357666,-11.20186710357666,-5.490930080413818,-0.006555006839334965,-6.037805080413818,1,4,0.0
678,-10.061201095581055,-6.4283881187438965,-0.037763312458992004,-3.3658883571624756,-7.0533881187438965,3,3,0.5
679,-13.439977645874023,-12.275915145874023,-6.096227645874023,-0.002477435627952218,-8.455602645874023,1,4,0.0
680,-11.512925464970229,-11.512925464970229,-11.512925464970229,-11.512925464970229,-11.512925464970229,1,-1,0.0
681,-0.007282852195203304,-4.944782733917236,-9.038533210754395,-11.436970710754395,-12.843220710754395,5,1,1.0
682,-11.512925464970229,-11.512925464970229,-11.512925464970229,-11.512925464970229,-11.512925464970229,1,-1,0.0
683,-11.512925464970229,-11.512925464970229,-11.512925464970229,-11.512925464970229,-11.512925464970229,4,-1,0.65
684,-16.546876907348633,-16.179689407348633,-14.23437786102295,-13.60937786102295,-2.7418097943154862e-06,2,5,0.3214285714285714
685,-9.770716667175293,-9.723841667175293,-5.755091667175293,-2.255091667175293,-0.11446670442819595,3,5,0.6071428571428571
686,-11.512925464970229,-11.512925464970229,-11.512925464970229,-11.512925464970229,-11.512925464970229,4,-1,0.6875
687,-10.5841703414917,-6.662295341491699,-0.02167057804763317,-3.9279205799102783,-7.724795341491699,4,3,0.7083333333333334
688,-11.512925464970229,-11.512925464970229,-11.512925464970229,-11.512925464970229,-11.512925464970229,4,-1,0.6875
689,-11.317375183105469,-6.075188159942627,-0.028313014656305313,-3.668937921524048,-9.262687683105469,3,3,0.375
690,-12.978729248046875,-13.705291748046875,-8.025604248046875,-0.15841682255268097,-1.9240418672561646,5,4,0.875
691,-13.349620819091797,-9.044933319091797,-0.01368285994976759,-4.310557842254639,-10.091808319091797,3,3,0.59375
692,-11.602904319763184,-5.571654319763184,-0.00915413536131382,-5.243529319763184,-11.204466819763184,4,3,0.7142857142857143
693,-15.72683048248291,-14.86745548248291,-8.67214298248291,-0.0002681849291548133,-9.25026798248291,1,4,0.0
694,-16.945314407348633,-17.632814407348633,-14.671875953674316,-14.070313453674316,-1.4305104514278355e-06,2,5,0.34375
695,-11.512925464970229,-11.512925464970229,-11.512925464970229,-11.512925464970229,-11.512925464970229,2,-1,0.35
696,-10.424121856689453,-4.869434356689453,-0.02568415179848671,-4.041309356689453,-9.564746856689453,2,3,0.1666666666666666
697,-12.968762397766113,-15.375012397766113,-12.992199897766113,-12.656262397766113,-1.2874520507466514e-05,3,5,0.4583333333333333
698,-6.554298400878906,-7.819923400878906,-3.257423162460327,-1.8199232816696167,-0.2261732667684555,4,5,0.6666666666666666
699,-11.512925464970229,-11.512925464970229,-11.512925464970229,-11.512925464970229,-11.512925464970229,4,-1,0.75
700,-2.1526498794555664,-0.1370248645544052,-4.433899879455566,-12.269837379455566,-15.605774879455566,5,2,0.90625
701,-0.008200190961360931,-4.820700168609619,-9.320700645446777,-11.797263145446777,-12.094138145446777,2,1,0.25
702,-7.689102649688721,-8.220352172851562,-3.7047276496887207,-2.9703526496887207,-0.07972753793001175,1,5,0.0
703,-10.307114601135254,-8.830552101135254,-2.932114362716675,-0.05711444467306137,-6.197739601135254,2,4,0.3333333333333333
704,-11.512925464970229,-11.512925464970229,-11.512925464970229,-11.512925464970229,-11.512925464970229,3,-1,0.5833333333333334
705,-10.395203590393066,-8.856141090393066,-3.6295783519744873,-0.035828351974487305,-4.770203590393066,3,4,0.625
706,-6.594255447387695,-7.063005447387695,-3.1255054473876953,-1.8130053281784058,-0.23488032817840576,1,5,0.0
707,-11.512925464970229,-11.512925464970229,-11.512925464970229,-11.512925464970229,-11.512925464970229,4,-1,0.75
708,-12.305015563964844,-12.976890563964844,-11.125328063964844,-8.125328063964844,-0.00032824851223267615,4,5,0.6666666666666666
709,-10.027900695800781,-9.121650695800781,-3.6685259342193604,-0.05915083736181259,-3.4497759342193604,3,4,0.53125
710,-9.664814949035645,-3.2741904258728027,-0.039815399795770645,-6.805440425872803,-11.407002449035645,2,3,0.1875
711,-9.253751754760742,-8.925626754760742,-4.6287522315979,-1.2225021123886108,-0.3631271421909332,5,5,0.875
712,-8.883164405822754,-10.570664405822754,-2.726914167404175,-1.8987890481948853,-0.24253907799720764,1,5,0.0
713,-12.501105308532715,-11.368292808532715,-6.415167808532715,-0.008917625062167645,-4.930792808532715,4,4,0.75
714,-0.27475705742836,-1.8997570276260376,-2.477882146835327,-5.306006908416748,-6.352881908416748,3,1,0.5357142857142857
715,-0.05425165221095085,-2.9448766708374023,-8.632376670837402,-11.515189170837402,-12.296439170837402,2,1,0.28125
716,-6.733654022216797,-7.436779022216797,-4.639904022216797,-3.983654022216797,-0.030528990551829338,3,5,0.5416666666666666
717,-11.512925464970229,-11.512925464970229,-11.512925464970229,-11.512925464970229,-11.512925464970229,4,-1,0.7307692307692307
718,-11.512925464970229,-11.512925464970229,-11.512925464970229,-11.512925464970229,-11.512925464970229,1,-1,0.0
719,-5.915317058563232,-7.462192058563232,-3.3684420585632324,-2.2903170585632324,-0.1496921330690384,1,5,0.0
720,-8.558075904846191,-0.026825496926903725,-3.651825428009033,-8.026825904846191,-12.714325904846191,3,2,0.5
721,-11.962767601013184,-12.142455101013184,-6.228392601013184,-1.3846427202224731,-0.29089272022247314,5,5,0.875
722,-10.193211555480957,-4.451023578643799,-0.013523630797863007,-6.372898578643799,-10.982274055480957,2,3,0.1428571428571428
723,-11.512925464970229,-11.512925464970229,-11.512925464970229,-11.512925464970229,-11.512925464970229,3,-1,0.4375
724,-15.609550476074219,-10.656425476074219,-0.00017593742813915014,-8.797050476074219,-14.734550476074219,1,3,0.0
725,-10.957964897155762,-6.879839897155762,-0.09859011322259903,-2.379840135574341,-8.223589897155762,4,3,0.75
726,-8.47689437866211,-9.08626937866211,-6.914394855499268,-4.992519855499268,-0.008144618943333626,3,5,0.5625
727,-14.79651165008545,-14.70276165008545,-9.65588665008545,-0.03869888558983803,-3.27307391166687,5,4,0.9
728,-10.136260032653809,-6.292510032653809,-0.011260057799518108,-4.683135032653809,-9.831572532653809,1,3,0.0
729,-1.5497195136049413e-06,-16.406251907348633,-17.609376907348633,-17.125001907348633,-17.070314407348633,3,1,0.625
730,-8.134722709655762,-9.806597709655762,-4.705035209655762,-1.3456602096557617,-0.3144102096557617,1,5,0.0
731,-8.41148567199707,-8.94273567199707,-6.333360195159912,-3.989610433578491,-0.020860323682427406,3,5,0.5625
732,-11.512925464970229,-11.512925464970229,-11.512925464970229,-11.512925464970229,-11.512925464970229,5,-1,0.8928571428571429
733,-7.609777927398682,-7.953527927398682,-2.9691529273986816,-1.344152808189392,-0.3754028081893921,1,5,0.0
734,-16.07573890686035,-11.599176406860352,-0.02886410988867283,-3.5601141452789307,-13.450738906860352,1,3,0.0
735,-11.399325370788574,-9.657137870788574,-3.516512632369995,-0.032137658447027206,-6.297762870788574,1,4,0.0
736,-11.512925464970229,-11.512925464970229,-11.512925464970229,-11.512925464970229,-11.512925464970229,2,-1,0.3125
737,-3.242440288886428e-05,-10.750032424926758,-12.335969924926758,-12.906282424926758,-12.531282424926758,3,1,0.5
738,-9.650131225585938,-7.212630748748779,-0.10325582325458527,-2.3376307487487793,-7.212630748748779,4,3,0.6666666666666666
739,-11.512925464970229,-11.512925464970229,-11.512925464970229,-11.512925464970229,-11.512925464970229,4,-1,0.8125
740,-9.194830894470215,-6.265142917633057,-0.1088930070400238,-2.2963929176330566,-7.530767917633057,3,3,0.5
741,-13.66146183013916,-12.70052433013916,-7.73958683013916,-0.005212052259594202,-5.34896183013916,4,4,0.75
742,-0.010180451907217503,-4.603930473327637,-9.197680473327637,-11.853930473327637,-12.221117973327637,1,1,0.0
743,-11.512925464970229,-11.512925464970229,-11.512925464970229,-11.512925464970229,-11.512925464970229,4,-1,0.8571428571428571
744,-11.512925464970229,-11.512925464970229,-11.512925464970229,-11.512925464970229,-11.512925464970229,1,-1,0.0
745,-9.664814949035645,-3.2741904258728027,-0.039815399795770645,-6.805440425872803,-11.407002449035645,2,3,0.35
746,-15.160772323608398,-14.106084823608398,-4.317022323608398,-0.020147554576396942,-5.020147323608398,1,4,0.0
747,-14.031624794006348,-8.094124794006348,-0.00037448544753715396,-9.625374794006348,-14.265999794006348,2,3,0.35
748,-18.2187557220459,-16.6093807220459,-12.117193222045898,-6.198863957251888e-06,-15.039068222045898,1,4,0.0
749,-7.622158527374268,-0.01278348546475172,-4.419033527374268,-8.73153305053711,-13.20028305053711,2,2,0.2916666666666667
750,-11.370872497558594,-10.644309997558594,-6.698997497558594,-0.01149754598736763,-4.589622497558594,2,4,0.1458333333333333
751,-19.5703125,-16.7578125,-1.1920928244535389e-07,-16.046875,-18.5078125,3,3,0.6
752,-9.413139343261719,-7.6084513664245605,-2.7022013664245605,-0.07720145583152771,-5.0147013664245605,2,4,0.34375
753,-11.512925464970229,-11.512925464970229,-11.512925464970229,-11.512925464970229,-11.512925464970229,4,-1,0.8125
754,-12.231978416442871,-7.692915916442871,-0.005415886640548706,-5.317915916442871,-10.271040916442871,1,3,0.0
755,-9.678693771362305,-8.045881271362305,-2.655256509780884,-0.07713159918785095,-5.639631748199463,2,4,0.3125
756,-11.929122924804688,-10.983810424804688,-5.0697479248046875,-0.02287302166223526,-4.1166229248046875,2,4,0.25
757,-11.512925464970229,-11.512925464970229,-11.512925464970229,-11.512925464970229,-11.512925464970229,1,-1,0.0
758,-12.491806983947754,-11.007431983947754,-5.413682460784912,-0.007432428188621998,-5.835557460784912,4,4,0.65
759,-11.15990924835205,-7.605221271514893,-0.07397142052650452,-2.6833465099334717,-6.011471271514893,4,3,0.8333333333333334
760,-12.713530540466309,-8.971343040466309,-0.033843085169792175,-3.4088430404663086,-9.674468040466309,5,3,0.9166666666666666
761,-15.40673828125,-11.89111328125,-0.00048792376765049994,-7.641112804412842,-15.18798828125,1,3,0.0
762,-16.74094581604004,-13.365946769714355,-0.02219654805958271,-3.8190715312957764,-14.076884269714355,3,3,0.625
763,-0.024885166436433792,-3.7123851776123047,-8.868635177612305,-11.610822677612305,-12.353010177612305,3,1,0.3928571428571428
764,-8.853543281555176,-7.986356258392334,-2.697293758392334,-0.15041863918304443,-2.634793758392334,5,4,0.9166666666666666
765,-8.469300270080566,-8.969300270080566,-4.531799793243408,-1.3130497932434082,-0.3286748230457306,5,5,0.875
766,-16.390628814697266,-15.820316314697266,-13.078128814697266,-13.656253814697266,-3.576272320060525e-06,5,5,0.875
767,-11.55871295928955,-10.28527545928955,-4.097774982452393,-0.019650079309940338,-5.879024982452393,5,4,1.0
768,-17.984386444091797,-16.171886444091797,-11.492198944091797,-1.168244216387393e-05,-14.289073944091797,5,4,0.9
769,-11.297990798950195,-10.094865798950195,-3.258928060531616,-0.04017813503742218,-7.024553298950195,4,4,0.7857142857142857
770,-12.562031745910645,-8.163594245910645,-0.007344626355916262,-4.960469722747803,-11.007344245910645,3,3,0.5833333333333334
771,-17.06256675720215,-15.929753303527832,-11.859440803527832,-12.796940803527832,-6.627816765103489e-05,3,5,0.5625
772,-1.924424409866333,-4.533799648284912,-1.361924409866333,-3.158799409866333,-0.6119244694709778,4,5,0.84375
773,-7.420694351196289,-8.076944351196289,-5.936319351196289,-4.530069351196289,-0.014444547705352306,3,5,0.4375
774,-12.756455421447754,-11.959580421447754,-7.272080421447754,-0.006455520633608103,-5.162705421447754,5,4,0.875
775,-1.4662635294371285e-05,-14.179701805114746,-14.070326805114746,-15.328139305114746,-12.625014305114746,3,1,0.625
776,-11.7813081741333,-13.2422456741333,-11.5625581741333,-10.2656831741333,-5.8410845667822286e-05,4,5,0.78125
777,-12.851020812988281,-10.991645812988281,-5.132270812988281,-0.007271017879247665,-6.632270812988281,4,4,0.6666666666666666
778,-11.512925464970229,-11.512925464970229,-11.512925464970229,-11.512925464970229,-11.512925464970229,1,-1,0.0
779,-12.631627082824707,-11.241002082824707,-4.576940059661865,-0.014439848251640797,-5.514440059661865,3,4,0.625
780,-9.664814949035645,-3.2741904258728027,-0.039815399795770645,-6.805440425872803,-11.407002449035645,3,3,0.375
781,-1.1801649634435307e-05,-11.687511444091797,-13.304698944091797,-14.781261444091797,-14.000011444091797,3,1,0.5
782,-11.512925464970229,-11.512925464970229,-11.512925464970229,-11.512925464970229,-11.512925464970229,1,-1,0.0
783,-13.547453880310059,-12.695891380310059,-8.359953880310059,-0.0005785936955362558,-8.000578880310059,5,4,0.875
784,-11.512925464970229,-11.512925464970229,-11.512925464970229,-11.512925464970229,-11.512925464970229,1,-1,0.0
785,-0.018567562103271484,-4.0185675621032715,-7.8779425621032715,-10.72950553894043,-11.29200553894043,3,1,0.5
786,-11.512925464970229,-11.512925464970229,-11.512925464970229,-11.512925464970229,-11.512925464970229,3,-1,0.5416666666666666
787,-11.69847297668457,-8.10472297668457,-0.04222344607114792,-3.1984734535217285,-8.49534797668457,1,3,0.0
788,-11.512925464970229,-11.512925464970229,-11.512925464970229,-11.512925464970229,-11.512925464970229,3,-1,0.53125
789,-11.512925464970229,-11.512925464970229,-11.512925464970229,-11.512925464970229,-11.512925464970229,2,-1,0.3125
790,-9.536738616588991e-07,-15.789063453674316,-16.8515625,-19.2578125,-14.125000953674316,1,1,0.0
791,-10.160284042358398,-10.441534042358398,-8.300909042358398,-5.597784519195557,-0.004034475889056921,3,5,0.6071428571428571
792,-13.38284683227539,-11.82815933227539,-4.976596832275391,-0.007846840657293797,-7.007846832275391,5,4,0.875
793,-11.380239486694336,-8.786489486694336,-2.255239963531494,-0.11461489647626877,-5.723989963531494,4,4,0.65625
794,-11.512925464970229,-11.512925464970229,-11.512925464970229,-11.512925464970229,-11.512925464970229,2,-1,0.15625
795,-8.28801155090332,-9.41301155090332,-7.30363655090332,-5.16301155090332,-0.006761646829545498,5,5,0.875
796,-8.954644203186035,-0.03276902809739113,-3.454643964767456,-7.595269203186035,-13.032769203186035,5,2,0.9583333333333334
797,-9.902719497680664,-7.551156997680664,-2.566781997680664,-0.11365699023008347,-3.504281997680664,2,4,0.34375
798,-11.512925464970229,-11.512925464970229,-11.512925464970229,-11.512925464970229,-11.512925464970229,2,-1,0.34375
799,-0.9493407011032104,-18.3302001953125,-15.4298095703125,-15.2266845703125,-15.5587158203125,1,1,0.0
800,-11.512925464970229,-11.512925464970229,-11.512925464970229,-11.512925464970229,-11.512925464970229,3,-1,0.6071428571428571
801,-13.015655517578125,-14.554718017578125,-12.203155517578125,-10.781280517578125,-3.099393507000059e-05,5,5,0.875
802,-13.059718132019043,-12.114405632019043,-6.520655632019043,-0.005030593369156122,-5.645655632019043,4,4,0.8333333333333334
803,-11.220588684082031,-9.244026184082031,-1.6815259456634521,-0.21277600526809692,-5.212776184082031,5,4,1.0
804,-9.104942321777344,-8.948692321777344,-5.1752543449401855,-1.7846293449401855,-0.19087937474250793,4,5,0.6666666666666666
805,-10.462972640991211,-10.408285140991211,-8.025472640991211,-4.666098117828369,-0.009848102927207947,5,5,0.9
806,-9.244912147521973,-9.877724647521973,-7.588662147521973,-3.6824121475219727,-0.02616226114332676,4,5,0.75
807,-11.512925464970229,-11.512925464970229,-11.512925464970229,-11.512925464970229,-11.512925464970229,3,-1,0.59375
808,-9.153356552124023,-9.309606552124023,-5.606482028961182,-2.9189820289611816,-0.059606924653053284,4,5,0.75
809,-6.209467887878418,-0.006343112327158451,-5.459467887878418,-9.873530387878418,-13.365717887878418,3,2,0.5714285714285714
810,-13.035748481750488,-11.332623481750488,-5.629498481750488,-0.004498481284826994,-7.035748481750488,5,4,0.9375
811,-11.512925464970229,-11.512925464970229,-11.512925464970229,-11.512925464970229,-11.512925464970229,2,-1,0.3214285714285714
812,-8.85786247253418,-8.76411247253418,-5.49848747253418,-2.904737710952759,-0.060987625271081924,4,5,0.8125
813,-10.260918617248535,-9.651543617248535,-3.6749815940856934,-0.14373157918453217,-2.2218565940856934,4,4,0.75
814,-12.488105773925781,-12.511543273925781,-4.0662312507629395,-0.1599811315536499,-2.0349812507629395,5,4,0.875
815,-11.512925464970229,-11.512925464970229,-11.512925464970229,-11.512925464970229,-11.512925464970229,5,-1,0.875
816,-7.414785861968994,-7.914785861968994,-5.727285861968994,-3.930410861968994,-0.024160949513316154,3,5,0.5357142857142857
817,-13.712974548339844,-11.978599548339844,-6.283287048339844,-0.0020368797704577446,-8.767662048339844,4,4,0.7857142857142857
818,-10.193211555480957,-4.451023578643799,-0.013523630797863007,-6.372898578643799,-10.982274055480957,1,3,0.0
819,-11.512925464970229,-11.512925464970229,-11.512925464970229,-11.512925464970229,-11.512925464970229,1,-1,0.0
820,-11.512925464970229,-11.512925464970229,-11.512925464970229,-11.512925464970229,-11.512925464970229,5,-1,0.875
821,-11.718637466430664,-9.976449966430664,-4.312387466430664,-0.015512285754084587,-6.249887466430664,1,4,0.0
822,-10.165728569030762,-10.111041069030762,-7.087603569030762,-2.1969785690307617,-0.11885365098714828,2,5,0.2916666666666667
823,-15.836055755615234,-14.968868255615234,-9.093868255615234,-0.00011824862303910777,-12.351680755615234,3,4,0.5625
824,-11.512925464970229,-11.512925464970229,-11.512925464970229,-11.512925464970229,-11.512925464970229,2,-1,0.34375
825,-9.578978538513184,-2.336791515350342,-0.10241642594337463,-7.368041515350342,-12.500853538513184,3,3,0.4583333333333333
826,-5.876175880432129,-4.829300880432129,-1.485551118850708,-0.3293010890483856,-3.141801118850708,3,4,0.625
827,-11.975345611572266,-11.084720611572266,-6.842533111572266,-0.014407887123525143,-4.326908111572266,5,4,0.875
828,-7.734090328216553,-0.015340317040681839,-4.218465328216553,-9.734089851379395,-13.382527351379395,2,2,0.3571428571428571
829,-11.961429595947266,-13.016117095947266,-11.281742095947266,-7.687992572784424,-0.0004924515378661454,4,5,0.75
830,-12.133249282836914,-10.562936782836914,-3.976999044418335,-0.0238740723580122,-5.336374282836914,1,4,0.0
831,-11.512925464970229,-11.512925464970229,-11.512925464970229,-11.512925464970229,-11.512925464970229,2,-1,0.3571428571428571
832,-5.753708839416504,-7.300583839416504,-2.784959077835083,-1.7693339586257935,-0.26933398842811584,1,5,0.0
833,-14.000007629394531,-15.984382629394531,-14.109382629394531,-12.203132629394531,-7.986990567587782e-06,4,5,0.85
834,-11.512925464970229,-11.512925464970229,-11.512925464970229,-11.512925464970229,-11.512925464970229,5,-1,0.875
835,-15.754999160766602,-11.645624160766602,-2.3643743991851807,-0.0987493172287941,-11.950311660766602,5,4,0.875
836,-12.840767860412598,-10.590767860412598,-2.4501430988311768,-0.09076810628175735,-7.700143337249756,5,4,0.9166666666666666
837,-11.512925464970229,-11.512925464970229,-11.512925464970229,-11.512925464970229,-11.512925464970229,5,-1,0.8928571428571429
838,-10.733158111572266,-7.881595611572266,-1.9128458499908447,-0.16284580528736115,-6.115970611572266,3,4,0.59375
839,-8.399794578552246,-8.290419578552246,-4.384170055389404,-3.1810450553894043,-0.0560450404882431,4,5,0.75
840,-6.6930742263793945,-6.9743242263793945,-3.2868242263793945,-2.2086992263793945,-0.1618243306875229,2,5,0.3333333333333333
841,-13.66586685180664,-12.54867935180664,-6.751804351806641,-0.0018043918535113335,-7.376804351806641,5,4,0.9166666666666666
842,-12.276180267333984,-0.010555037297308445,-4.557430267333984,-12.658992767333984,-16.502742767333984,5,2,0.875
843,-8.021066665649414,-8.583566665649414,-5.927316665649414,-4.036691665649414,-0.021066829562187195,3,5,0.59375
844,-0.01624877378344536,-4.75062370300293,-5.12562370300293,-7.57874870300293,-6.96937370300293,3,1,0.5357142857142857
845,-7.721013069152832,-7.799138069152832,-2.900700569152832,-1.0413256883621216,-0.5257006883621216,1,5,0.0
846,-8.216913223266602,-9.873163223266602,-5.529412746429443,-2.3262877464294434,-0.10753775388002396,2,5,0.15625
847,-5.9185309410095215,-7.1372809410095215,-4.5122809410095215,-4.3404059410095215,-0.02790607139468193,2,5,0.3333333333333333
848,-12.005287170410156,-10.013099670410156,-4.419349670410156,-0.013099564239382744,-6.997474670410156,5,4,0.875
849,-8.97559642791748,-7.4755964279174805,-2.2099716663360596,-0.1318465918302536,-4.3349714279174805,1,4,0.0
850,-11.512925464970229,-11.512925464970229,-11.512925464970229,-11.512925464970229,-11.512925464970229,3,-1,0.6
851,-12.700931549072266,-11.466556549072266,-6.677494049072266,-0.00561920553445816,-5.443119049072266,1,4,0.0
852,-12.40636920928955,-11.50011920928955,-6.820432186126709,-0.007931996136903763,-4.992307186126709,2,4,0.1666666666666666
853,-10.377467155456543,-10.049342155456543,-7.604030132293701,-2.900905132293701,-0.05715508759021759,5,5,0.90625
854,-12.771307945251465,-11.450995445251465,-6.302557945251465,-0.005683097522705793,-5.568182945251465,5,4,0.9
855,-17.02412223815918,-15.461621284484863,-7.2975592613220215,-0.0006841464783065021,-12.406933784484863,5,4,0.875
856,-12.422183990478516,-10.859683990478516,-4.219058990478516,-0.015934158116579056,-6.844058990478516,5,4,0.875
857,-9.569586753845215,-9.374274253845215,-6.460212230682373,-2.725836992263794,-0.06958702206611633,4,5,0.6785714285714286
858,-9.525984764099121,-9.713484764099121,-6.885359287261963,-3.229109287261963,-0.04160934314131737,2,5,0.25
859,-4.029192859889008e-05,-10.218790054321289,-13.726602554321289,-15.484415054321289,-14.710977554321289,3,1,0.5
860,-11.681241989135742,-9.532804489135742,-3.087491512298584,-0.05624159052968025,-4.712491512298584,4,4,0.6666666666666666
861,-8.764789581298828,-8.530414581298828,-3.569476842880249,-1.022601842880249,-0.4913519024848938,1,5,0.0
862,-11.512925464970229,-11.512925464970229,-11.512925464970229,-11.512925464970229,-11.512925464970229,1,-1,0.0
863,-15.546883583068848,-14.960946083068848,-12.031258583068848,-13.390633583068848,-8.4638240878121e-06,3,5,0.5
864,-11.203499794006348,-7.640999794006348,-0.04724965617060661,-3.1253745555877686,-6.359749794006348,2,3,0.3333333333333333
865,-11.512925464970229,-11.512925464970229,-11.512925464970229,-11.512925464970229,-11.512925464970229,4,-1,0.8571428571428571
866,-7.337324142456055,-8.462324142456055,-4.056074142456055,-2.368574380874634,-0.11857438087463379,5,5,0.875
867,-5.725571155548096,-6.913071155548096,-2.4755709171295166,-1.5224459171295166,-0.3661959767341614,4,5,0.6875
868,-10.09470272064209,-5.430639743804932,-0.008764843456447124,-5.461889743804932,-9.79001522064209,3,3,0.5625
869,-15.166396141052246,-13.478896141052246,-6.205459117889404,-0.0023340145125985146,-8.096083641052246,1,4,0.0
870,-7.653597354888916,-9.755159378051758,-4.997347354888916,-2.528597354888916,-0.09109725803136826,3,5,0.4375
871,-21.703125,-19.5546875,-14.953125,-4.768370445162873e-07,-16.5390625,4,4,0.7142857142857143
872,-21.890626907348633,-19.921876907348633,-2.50339189733495e-06,-14.01562786102295,-18.085939407348633,3,3,0.5625
873,-12.10616683959961,-11.16085433959961,-6.129604339599609,-0.035854462534189224,-3.4108545780181885,4,4,0.8333333333333334
874,-10.728357315063477,-7.001794815063477,-0.09554480016231537,-2.4080448150634766,-8.564294815063477,1,3,0.0
875,-15.187557220458984,-9.906307220458984,-5.757642793469131e-05,-11.906307220458984,-15.476619720458984,4,3,0.65
876,-12.335978507995605,-14.460978507995605,-12.320353507995605,-10.609416007995605,-4.076874756719917e-05,2,5,0.3125
877,-12.171019554138184,-9.108519554138184,-1.8975824117660522,-0.16320745646953583,-7.538207530975342,1,4,0.0
878,-7.441246509552002,-8.949058532714844,-5.222496509552002,-3.566246509552002,-0.034996457397937775,5,5,0.9
879,-7.340394020080566,-8.082581520080566,-3.2466437816619873,-1.7935187816619873,-0.2310187965631485,5,5,0.9
880,-8.591075897216797,-9.270763397216797,-4.919201374053955,-1.8254512548446655,-0.18482622504234314,5,5,0.9166666666666666
881,-13.515631675720215,-16.2890682220459,-13.585944175720215,-12.835944175720215,-6.437280717364047e-06,3,5,0.5416666666666666
882,-11.512925464970229,-11.512925464970229,-11.512925464970229,-11.512925464970229,-11.512925464970229,5,-1,1.0
883,-12.364557266235352,-11.106744766235352,-6.17705774307251,-0.005182522814720869,-5.78643274307251,4,4,0.7083333333333334
884,-7.095073699951172,-0.03257369250059128,-3.470073699951172,-9.220073699951172,-13.274761199951172,2,2,0.25
885,-8.764083862304688,-8.615646362304688,-4.756270885467529,-2.6312708854675293,-0.08439598232507706,5,5,0.9
886,-11.512925464970229,-11.512925464970229,-11.512925464970229,-11.512925464970229,-11.512925464970229,4,-1,0.75
887,-10.946388244628906,-8.126075744628906,-1.8448257446289062,-0.17295069992542267,-7.719825744628906,5,4,0.9166666666666666
888,-11.512925464970229,-11.512925464970229,-11.512925464970229,-11.512925464970229,-11.512925464970229,1,-1,0.0
889,-12.097461700439453,-12.199024200439453,-5.152149677276611,-0.13652466237545013,-2.1052746772766113,5,4,0.8928571428571429
890,-10.134002685546875,-6.727752685546875,-0.00900245364755392,-4.899627685546875,-8.212127685546875,1,3,0.0
891,-11.512925464970229,-11.512925464970229,-11.512925464970229,-11.512925464970229,-11.512925464970229,4,-1,0.7
892,-12.701675415039062,-8.576675415039062,-0.12355051189661026,-2.1548004150390625,-9.217300415039062,3,3,0.4375
893,-11.017302513122559,-8.962615013122559,-4.142302513122559,-0.01730228401720524,-6.798552513122559,1,4,0.0
894,-11.512925464970229,-11.512925464970229,-11.512925464970229,-11.512925464970229,-11.512925464970229,1,-1,0.0
895,-4.0531076592742465e-06,-14.218753814697266,-16.375003814697266,-18.210941314697266,-16.320316314697266,4,1,0.6666666666666666
896,-11.512925464970229,-11.512925464970229,-11.512925464970229,-11.512925464970229,-11.512925464970229,1,-1,0.0
897,-14.664278984069824,-13.781466484069824,-9.672091484069824,-0.0002169373765354976,-8.797091484069824,2,4,0.3333333333333333
898,-11.512925464970229,-11.512925464970229,-11.512925464970229,-11.512925464970229,-11.512925464970229,1,-1,0.0
899,-12.6289701461792,-9.0430326461792,-0.05865778401494026,-2.8711578845977783,-8.4649076461792,1,3,0.0
900,-14.015898704528809,-14.101836204528809,-11.398711204528809,-0.00027378625236451626,-8.265898704528809,3,4,0.5833333333333334
901,-12.360320091247559,-7.469695091247559,-0.0478200800716877,-3.0790700912475586,-9.079070091247559,4,3,0.7916666666666666
902,-10.563941955566406,-8.978004455566406,-3.5483169555664062,-0.032691843807697296,-5.735816955566406,3,4,0.5
903,-13.118743896484375,-11.970306396484375,-6.767180919647217,-0.0015561387408524752,-7.845305919647217,4,4,0.75
904,-11.512925464970229,-11.512925464970229,-11.512925464970229,-11.512925464970229,-11.512925464970229,3,-1,0.5
905,-9.149964332580566,-9.384339332580566,-4.212464332580566,-1.6030893325805664,-0.2437143176794052,1,5,0.0
906,-11.512925464970229,-11.512925464970229,-11.512925464970229,-11.512925464970229,-11.512925464970229,5,-1,0.9285714285714286
907,-13.204588890075684,-11.165526390075684,-4.774901866912842,-0.009276739321649075,-7.165526866912842,5,4,0.875
908,-10.625337600708008,-0.00033742457162588835,-8.078462600708008,-13.148775100708008,-15.226900100708008,2,2,0.25
909,-11.140966415405273,-10.226903915405273,-5.008154392242432,-0.008154196664690971,-6.586279392242432,1,4,0.0
910,-8.5835599899292,-7.653872013092041,-2.98199725151062,-0.06012218818068504,-4.966372013092041,4,4,0.84375
911,-11.512925464970229,-11.512925464970229,-11.512925464970229,-11.512925464970229,-11.512925464970229,5,-1,0.90625
912,-8.920816421508789,-8.389566421508789,-4.733315944671631,-2.733315944671631,-0.07706604897975922,4,5,0.6875
913,-11.522675514221191,-9.280488014221191,-2.7101759910583496,-0.06955088675022125,-7.50705099105835,4,4,0.7083333333333334
914,-11.512925464970229,-11.512925464970229,-11.512925464970229,-11.512925464970229,-11.512925464970229,1,-1,0.0
915,-13.337959289550781,-11.244209289550781,-3.4238967895507812,-0.033271897584199905,-9.041084289550781,4,4,0.7916666666666666
916,-11.512925464970229,-11.512925464970229,-11.512925464970229,-11.512925464970229,-11.512925464970229,4,-1,0.75
917,-12.262774467468262,-8.583086967468262,-2.4502742290496826,-0.09089916944503784,-7.7783989906311035,5,4,0.9375
918,-11.512925464970229,-11.512925464970229,-11.512925464970229,-11.512925464970229,-11.512925464970229,3,-1,0.45
919,-11.72687816619873,-9.95344066619873,-3.2190661430358887,-0.04719109460711479,-5.109691143035889,1,4,0.0
920,-7.866884708404541,-8.616884231567383,-6.663759708404541,-5.179384708404541,-0.007509692572057247,3,5,0.5
921,-11.512925464970229,-11.512925464970229,-11.512925464970229,-11.512925464970229,-11.512925464970229,5,-1,0.8928571428571429
922,-9.664814949035645,-3.2741904258728027,-0.039815399795770645,-6.805440425872803,-11.407002449035645,2,3,0.2916666666666667
923,-11.205477714538574,-5.853915214538574,-0.010165346786379814,-4.932040214538574,-11.025790214538574,3,3,0.5833333333333334
